#v_mps,w_radps,dt_s,cmd_v,cmd_w
0.059,-0.011,0.043024539947509766,0.12682406268708543,-0.010815129779067638
0.076,-0.001,0.043024539947509766,0.12682406268708543,-0.010815129779067638
0.085,0.005,2.002716064453125e-05,0.12682406268708543,-0.010815129779067638
0.093,0.007,0.0438382625579834,0.20539891381147374,-0.011476241736725828
0.101,0.009,7.62939453125e-06,0.20539891381147374,-0.011476241736725828
0.106,0.008,0.04401969909667969,0.20539891381147374,-0.011476241736725828
0.106,0.008,9.775161743164062e-06,0.20539891381147374,-0.011476241736725828
0.114,-0.001,0.04398345947265625,0.20539891381147374,-0.011476241736725828
0.122,-0.002,1.0728836059570312e-05,0.20539891381147374,-0.011476241736725828
0.137,-0.009,0.04401516914367676,0.2323386855552388,-0.00784991497927771
0.137,-0.009,1.049041748046875e-05,0.2323386855552388,-0.00784991497927771
0.144,0.006,0.0440058708190918,0.2323386855552388,-0.00784991497927771
0.183,-0.007,2.3365020751953125e-05,0.2323386855552388,-0.00784991497927771
0.196,0.0,1.3113021850585938e-05,0.2323386855552388,-0.00784991497927771
0.203,-0.001,0.04395461082458496,0.28501499109084666,-0.008173945368023513
0.211,0.0,1.4066696166992188e-05,0.28501499109084666,-0.008173945368023513
0.219,-0.004,0.013046979904174805,0.28501499109084666,-0.008173945368023513
0.219,-0.004,0.020204544067382812,0.28501499109084666,-0.008173945368023513
0.224,-0.01,0.042673587799072266,0.28501499109084666,-0.008173945368023513
0.237,-0.014,6.4373016357421875e-06,0.28501499109084666,-0.008173945368023513
0.247,-0.014,0.0440220832824707,0.31579627498950225,-0.009871507453992104
0.266,-0.012,8.821487426757812e-06,0.31579627498950225,-0.009871507453992104
0.266,-0.012,0.04400968551635742,0.31579627498950225,-0.009871507453992104
0.285,-0.013,1.239776611328125e-05,0.31579627498950225,-0.009871507453992104
0.285,-0.013,0.04397416114807129,0.3738649318637581,-0.009404664705782752
0.302,-0.013,8.58306884765625e-06,0.3738649318637581,-0.009404664705782752
0.31,-0.009,0.04397416114807129,0.3738649318637581,-0.009404664705782752
0.315,-0.01,9.775161743164062e-06,0.3738649318637581,-0.009404664705782752
0.327,-0.009,0.0440673828125,0.4028429474407572,-0.003369181714147582
0.336,-0.009,2.0742416381835938e-05,0.4028429474407572,-0.003369181714147582
0.342,-0.005,2.8371810913085938e-05,0.4028429474407572,-0.003369181714147582
0.35,-0.001,0.047960519790649414,0.4028429474407572,-0.003369181714147582
0.352,-0.003,2.7179718017578125e-05,0.4028429474407572,-0.003369181714147582
0.368,-0.006,0.009025812149047852,0.4028429474407572,-0.003369181714147582
0.375,-0.014,0.020192384719848633,0.4028429474407572,-0.003369181714147582
0.383,-0.012,0.04266238212585449,0.4337667735126889,-0.002826923449791096
0.391,-0.003,1.1205673217773438e-05,0.4337667735126889,-0.002826923449791096
0.391,-0.003,0.043992042541503906,0.4337667735126889,-0.002826923449791096
0.386,0.002,1.0967254638671875e-05,0.4337667735126889,-0.002826923449791096
0.391,0.009,0.04802393913269043,0.46305197952716737,-0.006985539438855886
0.396,0.008,1.3589859008789062e-05,0.46305197952716737,-0.006985539438855886
0.404,0.0,0.048017263412475586,0.46305197952716737,-0.006985539438855886
0.404,0.0,3.075599670410156e-05,0.46305197952716737,-0.006985539438855886
0.416,0.0,1.1920928955078125e-05,0.46305197952716737,-0.006985539438855886
0.422,0.003,0.047891855239868164,0.48080659624568645,-0.002380610279563821
0.422,0.003,8.106231689453125e-06,0.48080659624568645,-0.002380610279563821
0.431,0.003,0.009306192398071289,0.48080659624568645,-0.002380610279563821
0.436,0.004,0.019899606704711914,0.48080659624568645,-0.002380610279563821
0.448,0.009,0.042824745178222656,0.48080659624568645,-0.002380610279563821
0.454,0.009,1.1444091796875e-05,0.48080659624568645,-0.002380610279563821
0.458,0.014,0.04398226737976074,0.5102516381421585,0.0016111974543009987
0.467,0.004,1.2636184692382812e-05,0.5102516381421585,0.0016111974543009987
0.48,0.002,0.044042348861694336,0.5102516381421585,0.0016111974543009987
0.492,-0.009,1.8358230590820312e-05,0.5102516381421585,0.0016111974543009987
0.495,-0.005,0.04390454292297363,0.556272485264857,-0.003986855915199057
0.494,0.001,1.0251998901367188e-05,0.556272485264857,-0.003986855915199057
0.5,0.003,0.04398393630981445,0.556272485264857,-0.003986855915199057
0.515,0.0,1.2874603271484375e-05,0.556272485264857,-0.003986855915199057
0.515,0.0,0.04401087760925293,0.5813861541761113,0.006972156014140695
0.529,-0.006,1.1444091796875e-05,0.5813861541761113,0.006972156014140695
0.541,-0.004,1.3589859008789062e-05,0.5813861541761113,0.006972156014140695
0.541,-0.004,0.04407978057861328,0.5813861541761113,0.006972156014140695
0.552,-0.008,2.5272369384765625e-05,0.5813861541761113,0.006972156014140695
0.564,-0.005,0.013028383255004883,0.5813861541761113,0.006972156014140695
0.565,0.0,0.020074844360351562,0.5813861541761113,0.006972156014140695
0.565,-0.003,0.042752981185913086,0.6114916129782649,0.0023286886606101575
0.568,0.006,8.58306884765625e-06,0.6114916129782649,0.0023286886606101575
0.573,0.003,0.04400014877319336,0.6114916129782649,0.0023286886606101575
0.586,-0.004,1.1682510375976562e-05,0.6114916129782649,0.0023286886606101575
0.588,-0.004,0.043979644775390625,0.6409184060604337,0.004413844460019794
0.588,0.0,1.0251998901367188e-05,0.6409184060604337,0.004413844460019794
0.593,0.002,0.04399847984313965,0.6409184060604337,0.004413844460019794
0.593,0.002,8.58306884765625e-06,0.6409184060604337,0.004413844460019794
0.601,-0.002,0.04399371147155762,0.6437744229793024,-0.004968473519563181
0.611,0.0,1.2636184692382812e-05,0.6437744229793024,-0.004968473519563181
0.614,0.001,0.043998003005981445,0.6437744229793024,-0.004968473519563181
0.62,-0.005,1.2159347534179688e-05,0.6437744229793024,-0.004968473519563181
0.625,0.006,8.58306884765625e-06,0.6437744229793024,-0.004968473519563181
0.63,0.0,0.05710458755493164,0.6729273840693979,-0.0003410543628927005
0.635,-0.008,0.020185232162475586,0.6729273840693979,-0.0003410543628927005
0.631,-0.008,0.042670488357543945,0.6729273840693979,-0.0003410543628927005
0.635,0.0,1.2874603271484375e-05,0.6729273840693979,-0.0003410543628927005
0.643,0.006,0.04400062561035156,0.6821004252111372,0.0007332026045982302
0.647,-0.004,8.344650268554688e-06,0.6821004252111372,0.0007332026045982302
0.649,-0.003,0.048018693923950195,0.6821004252111372,0.0007332026045982302
0.652,0.005,1.8835067749023438e-05,0.6821004252111372,0.0007332026045982302
0.667,0.006,0.04400515556335449,0.696639924588474,0.0007442179312323837
0.669,-0.001,2.4557113647460938e-05,0.696639924588474,0.0007442179312323837
0.668,0.004,0.043913841247558594,0.696639924588474,0.0007442179312323837
0.673,0.001,9.775161743164062e-06,0.696639924588474,0.0007442179312323837
0.675,-0.012,4.76837158203125e-06,0.696639924588474,0.0007442179312323837
0.681,-0.004,0.04398798942565918,0.696639924588474,0.0007442179312323837
0.675,0.009,1.1444091796875e-05,0.696639924588474,0.0007442179312323837
0.679,0.003,0.013112783432006836,0.7196306344120885,0.008566127083737019
0.688,-0.002,0.019958972930908203,0.7196306344120885,0.008566127083737019
0.691,0.0,0.04288673400878906,0.7196306344120885,0.008566127083737019
0.697,0.008,5.9604644775390625e-06,0.7196306344120885,0.008566127083737019
0.697,0.008,0.04403233528137207,0.7392269283195341,0.012038203344582003
0.697,0.008,2.4557113647460938e-05,0.7392269283195341,0.012038203344582003
0.701,-0.001,0.04392409324645996,0.7392269283195341,0.012038203344582003
0.701,0.01,9.775161743164062e-06,0.7392269283195341,0.012038203344582003
0.7,0.009,0.044026851654052734,0.741434543331612,0.009178293065308976
0.7,0.009,1.1682510375976562e-05,0.741434543331612,0.009178293065308976
0.713,0.01,0.04407334327697754,0.741434543331612,0.009178293065308976
0.716,0.016,2.7179718017578125e-05,0.741434543331612,0.009178293065308976
0.725,0.013,0.04390096664428711,0.741434543331612,0.009178293065308976
0.735,0.008,1.2874603271484375e-05,0.741434543331612,0.009178293065308976
0.728,0.015,5.0067901611328125e-06,0.741434543331612,0.009178293065308976
0.728,0.009,0.04396176338195801,0.7563993293106763,0.014377211811621056
0.74,0.0,8.344650268554688e-06,0.7563993293106763,0.014377211811621056
0.734,0.006,0.013170003890991211,0.7563993293106763,0.014377211811621056
0.74,0.009,0.02005934715270996,0.7563993293106763,0.014377211811621056
0.745,0.0,0.042755126953125,0.7745787178136461,0.010072359043736441
0.745,0.0,7.867813110351562e-06,0.7745787178136461,0.010072359043736441
0.745,0.01,0.04444432258605957,0.7745787178136461,0.010072359043736441
0.754,0.002,2.1219253540039062e-05,0.7745787178136461,0.010072359043736441
0.759,-0.001,0.0475916862487793,0.7877133152761093,0.012044106656665474
0.755,0.011,1.239776611328125e-05,0.7877133152761093,0.012044106656665474
0.755,0.011,0.04398846626281738,0.7877133152761093,0.012044106656665474
0.76,0.006,2.1219253540039062e-05,0.7877133152761093,0.012044106656665474
0.766,-0.004,0.04393506050109863,0.7877133152761093,0.012044106656665474
0.774,-0.001,8.344650268554688e-06,0.7877133152761093,0.012044106656665474
0.771,0.005,7.3909759521484375e-06,0.7877133152761093,0.012044106656665474
0.776,0.002,0.04802131652832031,0.7926665042525076,0.013072215596149232
0.774,0.008,1.5020370483398438e-05,0.7926665042525076,0.013072215596149232
0.772,0.013,0.009233236312866211,0.7926665042525076,0.013072215596149232
0.777,0.003,0.02002549171447754,0.7926665042525076,0.013072215596149232
0.776,0.001,0.04270601272583008,0.8081402593595048,0.014792304207754865
0.773,0.017,8.106231689453125e-06,0.8081402593595048,0.014792304207754865
0.773,0.017,0.04402041435241699,0.8081402593595048,0.014792304207754865
0.785,0.0,1.5735626220703125e-05,0.8081402593595048,0.014792304207754865
0.785,0.0,0.04393744468688965,0.8154886716815408,0.016739196863029104
0.783,0.007,8.821487426757812e-06,0.8154886716815408,0.016739196863029104
0.787,0.009,0.04399752616882324,0.8154886716815408,0.016739196863029104
0.789,0.009,1.4066696166992188e-05,0.8154886716815408,0.016739196863029104
0.794,0.01,0.04399394989013672,0.8154886716815408,0.016739196863029104
0.801,0.0,1.5497207641601562e-05,0.8154886716815408,0.016739196863029104
0.801,0.017,0.043975114822387695,0.8183126814889636,0.01636229156895365
0.801,0.017,1.5974044799804688e-05,0.8183126814889636,0.01636229156895365
0.801,0.017,1.0967254638671875e-05,0.8183126814889636,0.01636229156895365
0.807,0.009,0.0440218448638916,0.8183126814889636,0.01636229156895365
0.805,0.006,2.3126602172851562e-05,0.8183126814889636,0.01636229156895365
0.806,0.013,0.013701438903808594,0.8183126814889636,0.01636229156895365
0.812,-0.003,0.019365787506103516,0.8328151738985594,0.01660752266431419
0.81,0.005,0.04298686981201172,0.8328151738985594,0.01660752266431419
0.812,0.006,4.553794860839844e-05,0.8328151738985594,0.01660752266431419
0.812,0.006,0.04779505729675293,0.8397493495719058,0.02012894930710483
0.819,0.01,1.049041748046875e-05,0.8397493495719058,0.02012894930710483
0.827,0.013,0.044031381607055664,0.8397493495719058,0.02012894930710483
0.822,0.007,1.4543533325195312e-05,0.8397493495719058,0.02012894930710483
0.822,0.007,0.04396843910217285,0.8397493495719058,0.02012894930710483
0.825,0.01,1.2636184692382812e-05,0.8397493495719058,0.02012894930710483
0.827,0.011,0.04399991035461426,0.8504342847713037,0.024234495528631696
0.827,0.011,1.0728836059570312e-05,0.8504342847713037,0.024234495528631696
0.831,0.013,1.0728836059570312e-05,0.8504342847713037,0.024234495528631696
0.828,0.013,0.043935298919677734,0.8504342847713037,0.024234495528631696
0.833,0.011,8.58306884765625e-06,0.8504342847713037,0.024234495528631696
0.829,0.013,0.013269424438476562,0.8504342847713037,0.024234495528631696
0.829,0.013,0.01988387107849121,0.859702205146427,0.022513067899689536
0.829,0.013,0.04288506507873535,0.859702205146427,0.022513067899689536
0.838,0.013,2.9802322387695312e-05,0.859702205146427,0.022513067899689536
0.838,0.013,0.0479428768157959,0.8614872467325628,0.018070066246311904
0.842,0.012,7.62939453125e-06,0.8614872467325628,0.018070066246311904
0.842,0.012,0.048078298568725586,0.8614872467325628,0.018070066246311904
0.843,0.016,3.743171691894531e-05,0.8614872467325628,0.018070066246311904
0.848,0.014,0.043889760971069336,0.8614872467325628,0.018070066246311904
0.846,0.01,9.059906005859375e-06,0.8614872467325628,0.018070066246311904
0.846,0.01,9.775161743164062e-06,0.8614872467325628,0.018070066246311904
0.849,0.009,0.044060707092285156,0.8667064430331017,0.020367866704612974
0.848,0.005,2.5987625122070312e-05,0.8667064430331017,0.020367866704612974
0.847,0.009,0.013205289840698242,0.8667064430331017,0.020367866704612974
0.85,0.008,0.01982259750366211,0.8667064430331017,0.020367866704612974
0.853,0.013,0.04284048080444336,0.8751934329323161,0.02303039292379242
0.851,0.015,1.2159347534179688e-05,0.8751934329323161,0.02303039292379242
0.856,0.01,0.04807138442993164,0.8751934329323161,0.02303039292379242
0.852,0.013,2.002716064453125e-05,0.8751934329323161,0.02303039292379242
0.864,0.02,0.04396557807922363,0.8760425591352975,0.020923539599886562
0.862,0.013,2.1696090698242188e-05,0.8760425591352975,0.020923539599886562
0.864,0.022,0.04396772384643555,0.8760425591352975,0.020923539599886562
0.87,0.02,1.2874603271484375e-05,0.8760425591352975,0.020923539599886562
0.87,0.02,0.04393887519836426,0.8760425591352975,0.020923539599886562
0.869,0.023,1.1444091796875e-05,0.8760425591352975,0.020923539599886562
0.869,0.024,1.049041748046875e-05,0.8760425591352975,0.020923539599886562
0.872,0.014,0.04400992393493652,0.8905457158335461,0.019582855868223496
0.875,0.025,1.4543533325195312e-05,0.8905457158335461,0.019582855868223496
0.875,0.017,0.013373851776123047,0.8905457158335461,0.019582855868223496
0.879,0.021,0.019812822341918945,0.8905457158335461,0.019582855868223496
0.876,0.014,0.04277348518371582,0.8957094338098641,0.018461953298388577
0.879,0.02,8.344650268554688e-06,0.8957094338098641,0.018461953298388577
0.878,0.006,0.044043540954589844,0.8957094338098641,0.018461953298388577
0.884,0.019,1.2159347534179688e-05,0.8957094338098641,0.018461953298388577
0.884,0.019,0.043936967849731445,0.9038250237558714,0.01897457840768409
0.886,0.016,8.58306884765625e-06,0.9038250237558714,0.01897457840768409
0.88,0.019,0.044095754623413086,0.9038250237558714,0.01897457840768409
0.897,0.036,0.00040435791015625,0.9038250237558714,0.01897457840768409
0.889,0.023,0.04762148857116699,0.9038250237558714,0.01897457840768409
0.889,0.023,3.62396240234375e-05,0.9038250237558714,0.01897457840768409
0.89,0.018,1.4781951904296875e-05,0.9038250237558714,0.01897457840768409
0.889,0.012,0.043825387954711914,0.9075242516351223,0.01714390372921508
0.903,0.0,1.2636184692382812e-05,0.9075242516351223,0.01714390372921508
0.903,0.0,0.01324462890625,0.9075242516351223,0.01714390372921508
0.897,0.01,0.019865751266479492,0.9075242516351223,0.01714390372921508
0.897,0.01,0.04285407066345215,0.9197785442191041,0.015975315279782253
0.868,0.016,8.344650268554688e-06,0.9197785442191041,0.015975315279782253
0.892,0.012,0.04806780815124512,0.9197785442191041,0.015975315279782253
0.892,0.012,1.4543533325195312e-05,0.9197785442191041,0.015975315279782253
0.9,0.017,0.04396796226501465,0.910480503516489,0.016751814874304743
0.903,0.013,2.0742416381835938e-05,0.910480503516489,0.016751814874304743
0.906,0.012,0.043987274169921875,0.910480503516489,0.016751814874304743
0.906,0.012,1.5735626220703125e-05,0.910480503516489,0.016751814874304743
0.91,0.013,0.04789996147155762,0.9272951879540149,0.01834807625633213
0.91,0.019,6.198883056640625e-06,0.9272951879540149,0.01834807625633213
0.91,0.019,9.5367431640625e-06,0.9272951879540149,0.01834807625633213
0.911,0.023,0.04402017593383789,0.9272951879540149,0.01834807625633213
0.908,0.019,1.2874603271484375e-05,0.9272951879540149,0.01834807625633213
0.908,0.019,0.012998104095458984,0.9272951879540149,0.01834807625633213
0.907,0.024,0.016138315200805664,0.9272951879540149,0.01834807625633213
0.903,0.017,0.04695630073547363,0.9240821443298075,0.014400569519933744
0.918,0.024,3.075599670410156e-05,0.9240821443298075,0.014400569519933744
0.913,0.019,0.04385256767272949,0.9240821443298075,0.014400569519933744
0.917,0.022,9.5367431640625e-06,0.9240821443298075,0.014400569519933744
0.917,0.022,0.0439913272857666,0.9396383098395876,0.02618105851688636
0.912,0.016,1.0251998901367188e-05,0.9396383098395876,0.02618105851688636
0.919,0.019,0.04402279853820801,0.9396383098395876,0.02618105851688636
0.917,0.009,1.3828277587890625e-05,0.9396383098395876,0.02618105851688636
0.915,0.017,0.04395699501037598,0.9396383098395876,0.02618105851688636
0.922,0.015,1.0013580322265625e-05,0.9396383098395876,0.02618105851688636
0.92,0.013,6.9141387939453125e-06,0.9396383098395876,0.02618105851688636
0.922,0.016,0.04399824142456055,0.9377736516967706,0.018049383574906812
0.922,0.016,1.33514404296875e-05,0.9377736516967706,0.018049383574906812
0.923,0.017,0.013186454772949219,0.9377736516967706,0.018049383574906812
0.924,0.022,0.02001357078552246,0.9377736516967706,0.018049383574906812
0.924,0.013,0.0427701473236084,0.940789328930809,0.02020457231280246
0.929,0.018,8.58306884765625e-06,0.940789328930809,0.02020457231280246
0.927,0.015,0.04402518272399902,0.940789328930809,0.02020457231280246
0.931,0.018,1.33514404296875e-05,0.940789328930809,0.02020457231280246
0.928,0.017,0.04793858528137207,0.9427550582990315,0.018431433642403898
0.928,0.014,8.106231689453125e-06,0.9427550582990315,0.018431433642403898
0.928,0.014,0.04416036605834961,0.9427550582990315,0.018431433642403898
0.927,0.015,4.220008850097656e-05,0.9427550582990315,0.018431433642403898
0.933,0.023,0.043819427490234375,0.9427550582990315,0.018431433642403898
0.933,0.023,1.3828277587890625e-05,0.9427550582990315,0.018431433642403898
0.928,0.013,1.1682510375976562e-05,0.9427550582990315,0.018431433642403898
0.933,0.026,0.043944358825683594,0.9484728758852028,0.01767834653235849
0.928,0.014,7.62939453125e-06,0.9484728758852028,0.01767834653235849
0.928,0.011,0.013465404510498047,0.9484728758852028,0.01767834653235849
0.928,0.011,0.019650936126708984,0.9484728758852028,0.01767834653235849
0.932,0.014,0.04297494888305664,0.9460943855136227,0.020922436862725314
0.939,0.015,2.6941299438476562e-05,0.9460943855136227,0.020922436862725314
0.939,0.015,0.04390978813171387,0.9460943855136227,0.020922436862725314
0.946,0.019,1.5020370483398438e-05,0.9460943855136227,0.020922436862725314
0.942,0.014,0.04799079895019531,0.9557740985798749,0.020616746612024953
0.943,0.011,1.0251998901367188e-05,0.9557740985798749,0.020616746612024953
0.941,0.012,0.043996572494506836,0.9557740985798749,0.020616746612024953
0.941,0.007,1.2159347534179688e-05,0.9557740985798749,0.020616746612024953
0.942,0.012,0.043961524963378906,0.9557740985798749,0.020616746612024953
0.939,0.013,1.049041748046875e-05,0.9557740985798749,0.020616746612024953
0.947,0.009,1.1205673217773438e-05,0.9557740985798749,0.020616746612024953
0.941,0.014,0.0441286563873291,0.9545735742223342,0.0182509879417054
0.943,0.015,0.0001227855682373047,0.9545735742223342,0.0182509879417054
0.944,0.014,0.012892961502075195,0.9545735742223342,0.0182509879417054
0.943,0.007,0.02006244659423828,0.9545735742223342,0.0182509879417054
0.943,0.007,0.04681706428527832,0.9589275989854104,0.01661199475487836
0.946,0.023,1.4066696166992188e-05,0.9589275989854104,0.01661199475487836
0.948,0.013,0.043933868408203125,0.9589275989854104,0.01661199475487836
0.948,0.024,7.62939453125e-06,0.9589275989854104,0.01661199475487836
0.948,0.024,0.0439913272857666,0.96373771899004,0.01904047295030969
0.945,0.007,9.5367431640625e-06,0.96373771899004,0.01904047295030969
0.95,0.021,0.04406452178955078,0.96373771899004,0.01904047295030969
0.948,0.02,1.71661376953125e-05,0.96373771899004,0.01904047295030969
0.948,0.019,0.04396224021911621,0.96373771899004,0.01904047295030969
0.954,0.016,2.1457672119140625e-05,0.96373771899004,0.01904047295030969
0.951,0.019,1.33514404296875e-05,0.96373771899004,0.01904047295030969
0.954,0.018,0.043894290924072266,0.9682355602937651,0.016816289821058754
0.953,0.011,7.62939453125e-06,0.9682355602937651,0.016816289821058754
0.964,0.019,0.013264894485473633,0.9682355602937651,0.016816289821058754
0.957,0.016,0.019876480102539062,0.9682355602937651,0.016816289821058754
0.96,0.015,0.04291963577270508,0.9762902903824514,0.014974518485657659
0.96,0.015,2.2411346435546875e-05,0.9762902903824514,0.014974518485657659
0.959,0.011,0.04801368713378906,0.9762902903824514,0.014974518485657659
0.962,0.014,2.288818359375e-05,0.9762902903824514,0.014974518485657659
0.964,0.007,0.04390263557434082,0.9717718499470062,0.013909589982563099
0.964,0.007,1.7404556274414062e-05,0.9717718499470062,0.013909589982563099
0.963,0.009,0.04404401779174805,0.9717718499470062,0.013909589982563099
0.968,0.0,1.4781951904296875e-05,0.9717718499470062,0.013909589982563099
0.968,0.0,0.047963857650756836,0.9717718499470062,0.013909589982563099
0.975,0.009,2.2411346435546875e-05,0.9717718499470062,0.013909589982563099
0.964,0.004,7.3909759521484375e-06,0.9717718499470062,0.013909589982563099
0.969,0.015,0.04400944709777832,0.9877597608964022,0.016840269156736486
0.961,0.009,2.193450927734375e-05,0.9877597608964022,0.016840269156736486
0.962,0.007,0.00925445556640625,0.9877597608964022,0.016840269156736486
0.97,0.009,0.01981353759765625,0.9877597608964022,0.016840269156736486
0.97,0.009,0.04280209541320801,0.9773268177084471,0.01708878490255312
0.972,0.017,7.3909759521484375e-06,0.9773268177084471,0.01708878490255312
0.973,0.012,0.04800772666931152,0.9773268177084471,0.01708878490255312
0.975,0.019,8.58306884765625e-06,0.9773268177084471,0.01708878490255312
0.973,0.014,0.04409480094909668,0.9877009316732726,0.013870294271335296
0.975,0.012,1.71661376953125e-05,0.9877009316732726,0.013870294271335296
0.977,0.02,0.04391670227050781,0.9877009316732726,0.013870294271335296
0.967,0.011,1.6689300537109375e-05,0.9877009316732726,0.013870294271335296
0.971,0.019,0.047931671142578125,0.9845053025897047,0.015631793726230574
0.97,0.011,8.821487426757812e-06,0.9845053025897047,0.015631793726230574
0.965,0.01,1.1444091796875e-05,0.9845053025897047,0.015631793726230574
0.965,0.01,0.04398155212402344,0.9845053025897047,0.015631793726230574
0.965,0.01,6.4373016357421875e-06,0.9845053025897047,0.015631793726230574
0.97,0.012,0.009534835815429688,0.9845053025897047,0.015631793726230574
0.97,0.012,0.019844770431518555,0.9845053025897047,0.015631793726230574
0.976,0.012,0.042695045471191406,0.9833505804835548,0.01250976100160725
0.976,0.012,1.6689300537109375e-05,0.9833505804835548,0.01250976100160725
0.976,0.016,0.04791760444641113,0.9833505804835548,0.01250976100160725
0.976,0.016,6.9141387939453125e-06,0.9833505804835548,0.01250976100160725
0.974,0.013,0.04397988319396973,0.9880897817384199,0.011164107164819715
0.975,0.003,1.1205673217773438e-05,0.9880897817384199,0.011164107164819715
0.97,0.002,0.044135093688964844,0.9880897817384199,0.011164107164819715
0.98,0.006,3.4809112548828125e-05,0.9880897817384199,0.011164107164819715
0.975,0.009,0.047809600830078125,0.9937087594319736,0.011646606438497867
0.982,0.013,8.58306884765625e-06,0.9937087594319736,0.011646606438497867
0.98,0.015,1.0728836059570312e-05,0.9937087594319736,0.011646606438497867
0.977,0.006,0.044129133224487305,0.9937087594319736,0.011646606438497867
0.983,0.016,3.647804260253906e-05,0.9937087594319736,0.011646606438497867
0.978,0.008,0.009119272232055664,0.9937087594319736,0.011646606438497867
0.985,0.021,0.01982283592224121,0.9937087594319736,0.011646606438497867
0.979,0.014,0.04292631149291992,0.9910862687365042,0.01038084150282196
0.978,0.006,1.6450881958007812e-05,0.9910862687365042,0.01038084150282196
0.978,0.006,0.04409027099609375,0.9910862687365042,0.01038084150282196
0.991,0.013,3.0517578125e-05,0.9910862687365042,0.01038084150282196
0.988,0.003,0.04392218589782715,1.0,0.009073415102395567
0.991,0.01,1.811981201171875e-05,1.0,0.009073415102395567
0.988,0.017,0.04394102096557617,1.0,0.009073415102395567
0.982,0.002,1.6927719116210938e-05,1.0,0.009073415102395567
0.99,0.016,0.043924570083618164,1.0,0.009073415102395567
0.99,0.016,8.58306884765625e-06,1.0,0.009073415102395567
0.984,0.013,0.04398989677429199,1.0,0.009225906362116001
0.984,0.003,8.821487426757812e-06,1.0,0.009225906362116001
0.982,-0.005,6.4373016357421875e-06,1.0,0.009225906362116001
0.982,-0.005,0.04408669471740723,1.0,0.009225906362116001
0.983,0.0,2.7179718017578125e-05,1.0,0.009225906362116001
0.988,0.002,0.013049840927124023,1.0,0.009225906362116001
0.99,0.009,0.02016305923461914,0.9932981843376538,0.005960456544161918
0.984,0.001,0.04265856742858887,0.9932981843376538,0.005960456544161918
0.995,0.011,8.106231689453125e-06,0.9932981843376538,0.005960456544161918
0.989,0.003,0.04798769950866699,0.9979254865623468,0.007716917021197118
0.989,0.011,8.106231689453125e-06,0.9979254865623468,0.007716917021197118
0.989,0.01,0.04401135444641113,0.9979254865623468,0.007716917021197118
0.989,0.01,1.33514404296875e-05,0.9979254865623468,0.007716917021197118
0.985,-0.001,0.04404115676879883,0.9979254865623468,0.007716917021197118
0.995,0.009,6.389617919921875e-05,0.9979254865623468,0.007716917021197118
0.987,0.007,0.048001766204833984,1.0,0.006414921784057541
0.996,0.006,4.553794860839844e-05,1.0,0.006414921784057541
0.996,0.006,2.765655517578125e-05,1.0,0.006414921784057541
0.987,0.009,0.043802499771118164,1.0,0.006414921784057541
0.995,0.014,1.1205673217773438e-05,1.0,0.006414921784057541
0.985,0.004,0.009204626083374023,1.0,0.006414921784057541
0.982,0.01,0.019870758056640625,0.9993971841449418,0.004830304070949124
0.981,0.006,0.04301929473876953,0.9993971841449418,0.004830304070949124
0.983,0.002,3.123283386230469e-05,0.9993971841449418,0.004830304070949124
0.988,0.004,0.04795360565185547,0.9942639226439232,0.00394221135544589
0.986,0.001,2.7179718017578125e-05,0.9942639226439232,0.00394221135544589
0.986,0.001,0.043890953063964844,0.9942639226439232,0.00394221135544589
0.99,0.005,9.059906005859375e-06,0.9942639226439232,0.00394221135544589
0.987,-0.001,0.04398822784423828,0.9942639226439232,0.00394221135544589
0.988,0.002,7.3909759521484375e-06,0.9942639226439232,0.00394221135544589
0.988,0.002,0.04398036003112793,1.0,0.0036223024586307453
0.98,-0.003,8.58306884765625e-06,1.0,0.0036223024586307453
0.98,-0.003,1.0967254638671875e-05,1.0,0.0036223024586307453
0.98,-0.003,0.04798531532287598,1.0,0.0036223024586307453
0.984,-0.002,1.049041748046875e-05,1.0,0.0036223024586307453
0.993,0.002,0.009150266647338867,1.0,0.0036223024586307453
0.988,0.0,0.020471811294555664,0.993815309774427,0.0036427585714350627
0.99,0.0,0.04242897033691406,0.993815309774427,0.0036427585714350627
0.992,0.005,8.106231689453125e-06,0.993815309774427,0.0036427585714350627
0.992,0.005,0.043947458267211914,1.0,0.0016900381792321105
0.997,0.007,7.152557373046875e-06,1.0,0.0016900381792321105
0.992,0.001,0.04396867752075195,1.0,0.0016900381792321105
0.988,0.009,9.775161743164062e-06,1.0,0.0016900381792321105
0.988,0.009,0.0440363883972168,1.0,0.0016900381792321105
0.989,0.0,9.298324584960938e-06,1.0,0.0016900381792321105
0.999,0.014,0.04394221305847168,1.0,0.0005181188607945527
0.99,0.003,8.821487426757812e-06,1.0,0.0005181188607945527
0.99,0.003,0.04407525062561035,1.0,0.0005181188607945527
0.997,0.02,1.9550323486328125e-05,1.0,0.0005181188607945527
0.99,0.0,2.0742416381835938e-05,1.0,0.0005181188607945527
0.995,0.009,0.04391884803771973,1.0,-0.0022067144261293564
0.985,-0.002,1.4066696166992188e-05,1.0,-0.0022067144261293564
0.984,0.0,0.013064861297607422,1.0,-0.0022067144261293564
0.984,0.0,0.020260334014892578,1.0,-0.0022067144261293564
0.986,-0.001,0.042604684829711914,1.0,-0.0022067144261293564
0.987,-0.004,8.344650268554688e-06,1.0,-0.0022067144261293564
0.99,0.0,0.04404592514038086,0.9954008104514089,-0.001959988597089585
0.983,-0.006,1.2636184692382812e-05,0.9954008104514089,-0.001959988597089585
0.983,-0.013,0.04403495788574219,0.9954008104514089,-0.001959988597089585
0.986,0.002,2.6702880859375e-05,0.9954008104514089,-0.001959988597089585
0.983,-0.006,0.043942928314208984,0.9964595473123541,-0.003632888507961646
0.987,0.0,4.124641418457031e-05,0.9964595473123541,-0.003632888507961646
0.987,-0.004,0.043929100036621094,0.9964595473123541,-0.003632888507961646
0.979,-0.002,6.9141387939453125e-06,0.9964595473123541,-0.003632888507961646
0.979,-0.002,0.04405999183654785,0.9903251512845758,-0.004286645911886444
0.989,0.0,4.00543212890625e-05,0.9903251512845758,-0.004286645911886444
0.991,-0.002,2.7418136596679688e-05,0.9903251512845758,-0.004286645911886444
0.985,0.001,0.04383516311645508,0.9903251512845758,-0.004286645911886444
0.985,0.001,8.821487426757812e-06,0.9903251512845758,-0.004286645911886444
0.99,0.009,0.013077735900878906,0.9903251512845758,-0.004286645911886444
0.986,-0.001,0.020229578018188477,0.9903251512845758,-0.004286645911886444
0.991,0.004,0.04275226593017578,0.9957958576137023,-0.006309473926881849
0.988,-0.005,1.0728836059570312e-05,0.9957958576137023,-0.006309473926881849
0.988,-0.005,0.0439143180847168,0.9957958576137023,-0.006309473926881849
0.986,-0.001,7.867813110351562e-06,0.9957958576137023,-0.006309473926881849
0.986,-0.001,0.04406404495239258,0.9950075340236679,-0.007524447640289346
0.988,-0.003,1.7404556274414062e-05,0.9950075340236679,-0.007524447640289346
0.993,-0.002,0.04392647743225098,0.9950075340236679,-0.007524447640289346
0.993,-0.002,1.0251998901367188e-05,0.9950075340236679,-0.007524447640289346
0.986,-0.006,0.047997474670410156,1.0,-0.00938569395506008
0.989,0.003,2.2172927856445312e-05,1.0,-0.00938569395506008
0.989,0.003,4.76837158203125e-06,1.0,-0.00938569395506008
0.993,0.001,0.044060468673706055,1.0,-0.00938569395506008
0.988,-0.004,4.935264587402344e-05,1.0,-0.00938569395506008
0.983,-0.01,0.013025045394897461,1.0,-0.00938569395506008
0.985,-0.013,0.019902944564819336,1.0,-0.00938569395506008
0.984,-0.011,0.04294896125793457,0.9919253896347333,-0.011018368580179981
0.995,-0.003,8.58306884765625e-06,0.9919253896347333,-0.011018368580179981
0.988,-0.007,0.04797172546386719,0.9919253896347333,-0.011018368580179981
0.989,-0.007,1.0728836059570312e-05,0.9919253896347333,-0.011018368580179981
0.994,0.0,0.044023990631103516,0.9954996034932174,-0.013015951333598244
0.991,-0.004,1.3113021850585938e-05,0.9954996034932174,-0.013015951333598244
0.993,0.002,0.04395651817321777,0.9954996034932174,-0.013015951333598244
0.993,0.002,7.3909759521484375e-06,0.9954996034932174,-0.013015951333598244
0.989,-0.006,0.044028282165527344,0.994866436295027,-0.01635901630151356
0.989,-0.006,1.4066696166992188e-05,0.994866436295027,-0.01635901630151356
0.996,-0.005,1.4066696166992188e-05,0.994866436295027,-0.01635901630151356
0.987,-0.008,0.04407525062561035,0.994866436295027,-0.01635901630151356
1.007,0.007,3.3855438232421875e-05,0.994866436295027,-0.01635901630151356
0.994,-0.002,0.012944459915161133,0.994866436295027,-0.01635901630151356
0.991,-0.006,0.02000284194946289,0.994866436295027,-0.01635901630151356
1.003,0.012,0.042862892150878906,0.999467923174548,-0.01633636553755152
0.99,-0.008,9.059906005859375e-06,0.999467923174548,-0.01633636553755152
0.993,-0.002,0.04402780532836914,0.999467923174548,-0.01633636553755152
0.991,-0.016,9.059906005859375e-06,0.999467923174548,-0.01633636553755152
0.991,-0.016,0.04802274703979492,0.9981715455117174,-0.017147422746796353
0.991,-0.022,3.0994415283203125e-05,0.9981715455117174,-0.017147422746796353
0.991,-0.022,0.04393935203552246,0.9981715455117174,-0.017147422746796353
0.993,-0.016,1.1920928955078125e-05,0.9981715455117174,-0.017147422746796353
0.985,-0.016,0.043976783752441406,0.9974017322572974,-0.01905199410252679
0.985,-0.016,8.58306884765625e-06,0.9974017322572974,-0.01905199410252679
0.988,-0.016,1.0251998901367188e-05,0.9974017322572974,-0.01905199410252679
0.983,-0.026,0.044008493423461914,0.9974017322572974,-0.01905199410252679
0.985,-0.015,1.5497207641601562e-05,0.9974017322572974,-0.01905199410252679
0.985,-0.015,0.013235330581665039,0.9974017322572974,-0.01905199410252679
0.985,-0.015,0.01979517936706543,0.9974017322572974,-0.01905199410252679
0.981,-0.024,0.04299616813659668,0.9898926441432053,-0.020551985530112903
0.988,-0.019,6.246566772460938e-05,0.9898926441432053,-0.020551985530112903
0.988,-0.019,0.043871164321899414,0.9898926441432053,-0.020551985530112903
0.991,-0.013,9.5367431640625e-06,0.9898926441432053,-0.020551985530112903
0.98,-0.013,0.04393434524536133,0.9913075535784545,-0.023231829557959043
0.981,-0.013,8.344650268554688e-06,0.9913075535784545,-0.023231829557959043
0.981,-0.013,0.04412508010864258,0.9913075535784545,-0.023231829557959043
0.977,-0.016,1.430511474609375e-05,0.9913075535784545,-0.023231829557959043
0.977,-0.016,0.04788970947265625,0.9849567641168713,-0.024073148437525768
0.987,-0.017,1.1920928955078125e-05,0.9849567641168713,-0.024073148437525768
0.981,-0.012,5.7220458984375e-06,0.9849567641168713,-0.024073148437525768
0.984,-0.023,0.0440983772277832,0.9849567641168713,-0.024073148437525768
0.975,-0.027,3.62396240234375e-05,0.9849567641168713,-0.024073148437525768
0.977,-0.021,0.013096332550048828,0.9849567641168713,-0.024073148437525768
0.977,-0.025,0.02014327049255371,0.9849567641168713,-0.024073148437525768
0.972,-0.023,0.042710065841674805,0.9805376606504606,-0.026040182395762224
0.976,-0.011,2.193450927734375e-05,0.9805376606504606,-0.026040182395762224
0.979,-0.016,0.043860673904418945,0.9805376606504606,-0.026040182395762224
0.966,-0.018,8.106231689453125e-06,0.9805376606504606,-0.026040182395762224
0.966,-0.018,0.04400944709777832,0.9813013171641564,-0.028580138802583935
0.967,-0.013,8.821487426757812e-06,0.9813013171641564,-0.028580138802583935
0.969,-0.025,0.044037580490112305,0.9813013171641564,-0.028580138802583935
0.969,-0.025,2.47955322265625e-05,0.9813013171641564,-0.028580138802583935
0.964,-0.019,0.043953657150268555,0.9723808249353262,-0.02905904140786823
0.969,-0.013,2.193450927734375e-05,0.9723808249353262,-0.02905904140786823
0.977,-0.008,0.0439603328704834,0.9723808249353262,-0.02905904140786823
0.97,-0.015,0.000141143798828125,0.9723808249353262,-0.02905904140786823
0.977,-0.009,1.5497207641601562e-05,0.9723808249353262,-0.02905904140786823
0.978,-0.006,0.04393148422241211,0.9723808249353262,-0.02905904140786823
0.971,-0.012,2.9802322387695312e-05,0.9723808249353262,-0.02905904140786823
0.982,-0.015,0.01312565803527832,0.9787086050462088,-0.03303970204360257
0.98,0.004,0.01986861228942871,0.9787086050462088,-0.03303970204360257
0.977,-0.016,0.04287838935852051,0.9787086050462088,-0.03303970204360257
0.988,0.0,1.0013580322265625e-05,0.9787086050462088,-0.03303970204360257
0.988,0.0,0.043984413146972656,0.9777611568715999,-0.033226116344601236
0.994,-0.001,8.344650268554688e-06,0.9777611568715999,-0.033226116344601236
0.994,-0.001,0.04401564598083496,0.9777611568715999,-0.033226116344601236
0.986,-0.007,7.62939453125e-06,0.9777611568715999,-0.033226116344601236
0.996,0.0,0.04400157928466797,0.9922732984147317,-0.03332292946165504
0.976,-0.026,1.049041748046875e-05,0.9922732984147317,-0.03332292946165504
0.976,-0.026,0.044013023376464844,0.9922732984147317,-0.03332292946165504
0.976,-0.026,2.1219253540039062e-05,0.9922732984147317,-0.03332292946165504
0.971,-0.021,0.0439145565032959,0.9922732984147317,-0.03332292946165504
0.977,-0.028,8.58306884765625e-06,0.9922732984147317,-0.03332292946165504
0.981,-0.018,1.1920928955078125e-05,0.9922732984147317,-0.03332292946165504
0.981,-0.018,0.044161319732666016,0.9766922102388548,-0.03534017037520049
0.984,-0.015,4.649162292480469e-05,0.9766922102388548,-0.03534017037520049
0.973,-0.017,0.012925148010253906,0.9766922102388548,-0.03534017037520049
0.967,-0.027,0.02003169059753418,0.9766922102388548,-0.03534017037520049
0.967,-0.027,0.04284191131591797,0.9732310046447684,-0.03512267359508708
0.971,-0.016,1.2874603271484375e-05,0.9732310046447684,-0.03512267359508708
0.985,-0.018,0.04398036003112793,0.9732310046447684,-0.03512267359508708
0.977,-0.016,1.1682510375976562e-05,0.9732310046447684,-0.03512267359508708
0.979,-0.031,0.04401278495788574,0.9835432173241039,-0.03507994155906771
0.986,0.0,1.8596649169921875e-05,0.9835432173241039,-0.03507994155906771
0.986,0.0,0.04401969909667969,0.9835432173241039,-0.03507994155906771
0.987,-0.016,2.0265579223632812e-05,0.9835432173241039,-0.03507994155906771
0.976,-0.013,0.044029951095581055,0.9835432173241039,-0.03507994155906771
0.98,-0.017,1.8358230590820312e-05,0.9835432173241039,-0.03507994155906771
0.98,-0.017,0.04383254051208496,0.9789142134117361,-0.03596190881626972
0.983,-0.013,6.4373016357421875e-06,0.9789142134117361,-0.03596190881626972
0.98,-0.02,9.775161743164062e-06,0.9789142134117361,-0.03596190881626972
0.98,-0.02,0.0440213680267334,0.9789142134117361,-0.03596190881626972
0.974,-0.018,1.52587890625e-05,0.9789142134117361,-0.03596190881626972
0.981,-0.019,0.01312112808227539,0.9789142134117361,-0.03596190881626972
0.979,-0.009,0.01992321014404297,0.9789122809844635,-0.0352316339480446
0.975,-0.022,0.042999267578125,0.9789122809844635,-0.0352316339480446
0.975,-0.022,3.457069396972656e-05,0.9789122809844635,-0.0352316339480446
0.967,-0.017,0.04402732849121094,0.9789122809844635,-0.0352316339480446
0.971,-0.022,1.8596649169921875e-05,0.9789122809844635,-0.0352316339480446
0.986,-0.009,0.04384970664978027,0.9747467947431891,-0.034017346670777465
0.979,-0.019,9.5367431640625e-06,0.9747467947431891,-0.034017346670777465
0.975,-0.028,0.043992042541503906,0.9747467947431891,-0.034017346670777465
0.968,-0.02,9.5367431640625e-06,0.9747467947431891,-0.034017346670777465
0.973,-0.033,0.04401206970214844,0.9684543035833926,-0.03455440951649414
0.963,-0.022,1.2874603271484375e-05,0.9684543035833926,-0.03455440951649414
0.963,-0.022,0.04398679733276367,0.9684543035833926,-0.03455440951649414
0.968,-0.027,1.4543533325195312e-05,0.9684543035833926,-0.03455440951649414
0.975,-0.012,1.3828277587890625e-05,0.9684543035833926,-0.03455440951649414
0.963,-0.033,0.04399251937866211,0.9688756501052291,-0.03261347972812164
0.975,-0.018,1.4543533325195312e-05,0.9688756501052291,-0.03261347972812164
0.975,-0.018,0.013080358505249023,0.9688756501052291,-0.03261347972812164
0.971,-0.021,0.020015478134155273,0.9688756501052291,-0.03261347972812164
0.976,-0.022,0.042845726013183594,0.9688756501052291,-0.03261347972812164
0.976,-0.006,1.1444091796875e-05,0.9688756501052291,-0.03261347972812164
0.968,-0.025,0.04400801658630371,0.9752532097755794,-0.03130995429718425
0.973,-0.009,1.5020370483398438e-05,0.9752532097755794,-0.03130995429718425
0.969,-0.02,0.04395270347595215,0.9752532097755794,-0.03130995429718425
0.979,-0.015,8.106231689453125e-06,0.9752532097755794,-0.03130995429718425
0.971,-0.009,0.04399991035461426,0.9790028361325026,-0.030025053965261804
0.977,-0.021,1.1444091796875e-05,0.9790028361325026,-0.030025053965261804
0.983,-0.012,0.04408621788024902,0.9790028361325026,-0.030025053965261804
0.985,-0.012,0.0002186298370361328,0.9790028361325026,-0.030025053965261804
0.976,-0.02,0.04370236396789551,0.9843187661686525,-0.0299998725473473
0.976,-0.02,1.2159347534179688e-05,0.9843187661686525,-0.0299998725473473
0.973,-0.021,6.198883056640625e-06,0.9843187661686525,-0.0299998725473473
0.942,-0.05,0.04403996467590332,0.9843187661686525,-0.0299998725473473
0.963,-0.031,1.5974044799804688e-05,0.9843187661686525,-0.0299998725473473
0.957,-0.043,0.013116836547851562,0.9843187661686525,-0.0299998725473473
0.968,-0.017,0.019848108291625977,0.9843187661686525,-0.0299998725473473
0.968,-0.017,0.04299211502075195,0.9599833554504488,-0.028554192891362462
0.962,-0.036,3.814697265625e-05,0.9599833554504488,-0.028554192891362462
0.962,-0.036,0.043946027755737305,0.9599833554504488,-0.028554192891362462
0.962,-0.029,2.3603439331054688e-05,0.9599833554504488,-0.028554192891362462
0.975,-0.014,0.04397082328796387,0.9647855492959726,-0.026489776894682678
0.941,-0.041,1.239776611328125e-05,0.9647855492959726,-0.026489776894682678
0.941,-0.041,0.04400634765625,0.9647855492959726,-0.026489776894682678
0.953,-0.009,1.2636184692382812e-05,0.9647855492959726,-0.026489776894682678
0.953,-0.009,0.043998003005981445,0.957417518406951,-0.023597463611059417
0.94,-0.061,1.0251998901367188e-05,0.957417518406951,-0.023597463611059417
0.94,-0.061,0.04397130012512207,0.957417518406951,-0.023597463611059417
0.938,-0.046,1.3113021850585938e-05,0.957417518406951,-0.023597463611059417
0.933,-0.066,5.9604644775390625e-06,0.957417518406951,-0.023597463611059417
0.97,0.008,0.0439608097076416,0.957417518406951,-0.023597463611059417
0.943,-0.041,1.1920928955078125e-05,0.957417518406951,-0.023597463611059417
0.93,-0.037,0.013071060180664062,0.9726681608105202,-0.021738611242331923
0.93,-0.037,0.020014047622680664,0.9726681608105202,-0.021738611242331923
0.937,-0.015,0.04289126396179199,0.9726681608105202,-0.021738611242331923
0.95,0.0,1.0013580322265625e-05,0.9726681608105202,-0.021738611242331923
0.916,-0.06,0.044052839279174805,0.955734370474253,-0.017434544285051767
0.976,0.044,1.3589859008789062e-05,0.955734370474253,-0.017434544285051767
0.935,-0.032,0.043939828872680664,0.955734370474253,-0.017434544285051767
0.935,-0.032,1.71661376953125e-05,0.955734370474253,-0.017434544285051767
0.935,-0.032,0.04393792152404785,0.9427341442456263,-0.015803994741150764
0.959,0.017,9.298324584960938e-06,0.9427341442456263,-0.015803994741150764
0.959,0.017,0.04412508010864258,0.9427341442456263,-0.015803994741150764
0.936,-0.023,3.600120544433594e-05,0.9427341442456263,-0.015803994741150764
0.956,-0.009,0.04394245147705078,0.9427341442456263,-0.015803994741150764
0.929,-0.054,2.8133392333984375e-05,0.9427341442456263,-0.015803994741150764
0.929,-0.054,8.58306884765625e-06,0.9427341442456263,-0.015803994741150764
0.95,-0.012,0.04791903495788574,0.9378597242999258,-0.012947651133862679
0.934,-0.045,6.175041198730469e-05,0.9378597242999258,-0.012947651133862679
0.948,-0.032,0.009084701538085938,0.9378597242999258,-0.012947651133862679
0.979,0.03,0.020306825637817383,0.9378597242999258,-0.012947651133862679
0.922,-0.06,0.04250049591064453,0.9821315388191749,-0.008776329966682204
0.955,0.0,8.344650268554688e-06,0.9821315388191749,-0.008776329966682204
0.926,-0.04,0.04402899742126465,0.9821315388191749,-0.008776329966682204
0.948,0.008,1.1444091796875e-05,0.9821315388191749,-0.008776329966682204
0.949,-0.018,0.04801774024963379,0.9549931920106599,-0.007528314529325521
0.956,0.014,1.1444091796875e-05,0.9549931920106599,-0.007528314529325521
0.938,-0.023,0.04399394989013672,0.9549931920106599,-0.007528314529325521
0.95,-0.01,1.3828277587890625e-05,0.9549931920106599,-0.007528314529325521
0.962,0.006,0.043888092041015625,0.9549931920106599,-0.007528314529325521
0.962,0.006,8.821487426757812e-06,0.9549931920106599,-0.007528314529325521
0.962,0.006,4.5299530029296875e-06,0.9549931920106599,-0.007528314529325521
0.982,0.04,0.04399728775024414,0.9570307399062072,-0.0049511313510584775
0.922,-0.05,6.4373016357421875e-06,0.9570307399062072,-0.0049511313510584775
0.942,-0.029,0.013537168502807617,0.9570307399062072,-0.0049511313510584775
0.932,-0.014,0.01973128318786621,0.9570307399062072,-0.0049511313510584775
0.932,-0.014,0.04282569885253906,0.9414686212834071,-0.002848492659973724
0.923,-0.033,1.7404556274414062e-05,0.9414686212834071,-0.002848492659973724
0.937,-0.007,0.043912649154663086,0.9414686212834071,-0.002848492659973724
0.953,0.011,1.2159347534179688e-05,0.9414686212834071,-0.002848492659973724
0.912,-0.022,0.043961524963378906,0.95999674606509,-0.0012099458631147275
0.912,-0.022,7.62939453125e-06,0.95999674606509,-0.0012099458631147275
0.953,0.017,0.04405069351196289,0.95999674606509,-0.0012099458631147275
0.909,-0.033,9.298324584960938e-06,0.95999674606509,-0.0012099458631147275
0.937,-0.015,0.04396486282348633,0.95999674606509,-0.0012099458631147275
0.954,0.014,8.821487426757812e-06,0.95999674606509,-0.0012099458631147275
0.943,0.006,0.043973684310913086,0.9612865011234801,0.003925202207467611
0.937,-0.013,1.1682510375976562e-05,0.9612865011234801,0.003925202207467611
0.928,-0.007,5.9604644775390625e-06,0.9612865011234801,0.003925202207467611
0.946,0.004,0.044031381607055664,0.9612865011234801,0.003925202207467611
0.94,-0.006,9.298324584960938e-06,0.9612865011234801,0.003925202207467611
0.94,-0.006,0.013299226760864258,0.9612865011234801,0.003925202207467611
0.94,-0.006,0.01979374885559082,0.9541132409204225,0.0031971328753008913
0.963,0.003,0.04298996925354004,0.9541132409204225,0.0031971328753008913
0.941,-0.027,3.5762786865234375e-05,0.9541132409204225,0.0031971328753008913
0.941,-0.027,0.04381537437438965,0.9498738944162357,0.005178390144755302
0.963,0.015,6.198883056640625e-06,0.9498738944162357,0.005178390144755302
0.952,0.02,0.04399847984313965,0.9498738944162357,0.005178390144755302
0.952,0.02,8.344650268554688e-06,0.9498738944162357,0.005178390144755302
0.939,0.0,0.04800057411193848,0.9498738944162357,0.005178390144755302
0.948,0.008,1.33514404296875e-05,0.9498738944162357,0.005178390144755302
0.948,0.008,0.04799675941467285,0.9560910169660128,0.006903410603948113
0.943,0.003,9.298324584960938e-06,0.9560910169660128,0.006903410603948113
0.95,0.002,9.059906005859375e-06,0.9560910169660128,0.006903410603948113
0.944,-0.011,0.04401659965515137,0.9560910169660128,0.006903410603948113
0.944,-0.011,1.2159347534179688e-05,0.9560910169660128,0.006903410603948113
0.961,0.007,0.008993864059448242,0.9560910169660128,0.006903410603948113
0.968,0.04,0.02018904685974121,0.9526575010559714,0.008276053355833085
0.918,-0.049,0.04277777671813965,0.9526575010559714,0.008276053355833085
0.949,-0.003,9.775161743164062e-06,0.9526575010559714,0.008276053355833085
0.952,0.022,0.04395127296447754,0.9598859246646317,0.010464392943425336
0.952,0.022,8.106231689453125e-06,0.9598859246646317,0.010464392943425336
0.924,-0.036,0.044080257415771484,0.9598859246646317,0.010464392943425336
0.933,-0.009,1.6927719116210938e-05,0.9598859246646317,0.010464392943425336
0.96,0.016,0.0480499267578125,0.9598859246646317,0.010464392943425336
0.921,-0.036,3.981590270996094e-05,0.9598859246646317,0.010464392943425336
0.95,0.0,0.04381251335144043,0.9327778853901053,0.011778989410784913
0.958,0.019,1.1920928955078125e-05,0.9327778853901053,0.011778989410784913
0.97,0.03,5.9604644775390625e-06,0.9327778853901053,0.011778989410784913
0.97,0.03,0.04397916793823242,0.9327778853901053,0.011778989410784913
0.941,-0.011,8.821487426757812e-06,0.9327778853901053,0.011778989410784913
0.961,0.035,0.013434648513793945,0.9327778853901053,0.011778989410784913
0.901,-0.049,0.0196535587310791,0.9758353216990755,0.013314531418984109
0.901,-0.049,0.04301285743713379,0.9758353216990755,0.013314531418984109
0.933,0.0,2.2649765014648438e-05,0.9758353216990755,0.013314531418984109
0.965,0.027,0.0878756046295166,0.9318099860095513,0.013904046695336014
0.955,-0.006,1.049041748046875e-05,0.9318099860095513,0.013904046695336014
0.927,-0.029,0.044014930725097656,0.9318099860095513,0.013904046695336014
0.948,0.021,0.00038051605224609375,0.9318099860095513,0.013904046695336014
0.952,0.017,0.043601036071777344,0.9566560451908134,0.016059908986480104
0.952,0.017,8.106231689453125e-06,0.9566560451908134,0.016059908986480104
0.906,-0.024,0.04407072067260742,0.9566560451908134,0.016059908986480104
0.944,0.023,1.7642974853515625e-05,0.9566560451908134,0.016059908986480104
0.924,0.004,8.58306884765625e-06,0.9566560451908134,0.016059908986480104
0.903,-0.034,0.04386639595031738,0.9530414111970775,0.014344358969067226
0.903,-0.034,7.152557373046875e-06,0.9530414111970775,0.014344358969067226
0.933,0.014,0.013104438781738281,0.9530414111970775,0.014344358969067226
0.945,0.014,0.020339250564575195,0.9530414111970775,0.014344358969067226
0.921,-0.035,0.04257798194885254,0.9530414111970775,0.014344358969067226
0.957,0.035,1.2159347534179688e-05,0.9530414111970775,0.014344358969067226
0.932,-0.015,0.04400515556335449,0.9330879926734834,0.01580434923309374
0.935,-0.005,1.2874603271484375e-05,0.9330879926734834,0.01580434923309374
0.945,0.016,0.04400372505187988,0.9330879926734834,0.01580434923309374
0.971,0.043,1.2636184692382812e-05,0.9330879926734834,0.01580434923309374
0.932,-0.003,0.04393625259399414,0.9770936743618012,0.017188461440277494
0.94,-0.006,8.58306884765625e-06,0.9770936743618012,0.017188461440277494
0.977,0.054,0.044025421142578125,0.9770936743618012,0.017188461440277494
0.967,0.041,9.298324584960938e-06,0.9770936743618012,0.017188461440277494
0.967,0.041,0.043997764587402344,0.9738374959522511,0.016328732228677326
0.967,0.046,1.1444091796875e-05,0.9738374959522511,0.016328732228677326
0.967,0.046,8.821487426757812e-06,0.9738374959522511,0.016328732228677326
0.957,0.024,0.04398989677429199,0.9738374959522511,0.016328732228677326
0.948,-0.001,2.4318695068359375e-05,0.9738374959522511,0.016328732228677326
0.95,-0.004,0.013256549835205078,0.9738374959522511,0.016328732228677326
0.966,0.025,0.020057201385498047,0.9738374959522511,0.016328732228677326
0.966,0.025,0.042604684829711914,0.957366431773029,0.017413110382333917
0.948,0.0,7.62939453125e-06,0.957366431773029,0.017413110382333917
0.948,0.0,0.04401850700378418,0.957366431773029,0.017413110382333917
0.973,0.046,8.106231689453125e-06,0.957366431773029,0.017413110382333917
0.973,0.046,0.04406571388244629,0.9796074275008416,0.01920066043173029
0.953,0.007,1.9788742065429688e-05,0.9796074275008416,0.01920066043173029
0.971,0.047,0.043951988220214844,0.9796074275008416,0.01920066043173029
0.92,-0.025,1.621246337890625e-05,0.9796074275008416,0.01920066043173029
0.95,0.012,0.043935298919677734,0.9332082231033587,0.017504902110999664
0.95,0.007,1.1205673217773438e-05,0.9332082231033587,0.017504902110999664
0.933,-0.04,0.04413747787475586,0.9332082231033587,0.017504902110999664
0.954,0.0,3.6716461181640625e-05,0.9332082231033587,0.017504902110999664
0.983,0.026,1.430511474609375e-05,0.9332082231033587,0.017504902110999664
0.984,0.053,0.043807268142700195,0.9894209345532868,0.01917655724182348
0.984,0.053,1.0967254638671875e-05,0.9894209345532868,0.01917655724182348
0.954,0.015,0.013109207153320312,0.9894209345532868,0.01917655724182348
0.954,0.015,0.020296812057495117,0.9894209345532868,0.01917655724182348
0.95,0.022,0.042627811431884766,0.9894209345532868,0.01917655724182348
0.93,-0.003,6.532669067382812e-05,0.9894209345532868,0.01917655724182348
0.935,-0.002,0.04387402534484863,0.94233760484759,0.01962524497969138
0.965,0.036,1.1682510375976562e-05,0.94233760484759,0.01962524497969138
0.946,0.0,0.04405355453491211,0.94233760484759,0.01962524497969138
0.938,-0.012,1.4781951904296875e-05,0.94233760484759,0.01962524497969138
0.959,0.018,0.04392242431640625,0.9495765153978841,0.018399596226972258
0.975,0.056,1.0013580322265625e-05,0.9495765153978841,0.018399596226972258
0.942,0.007,0.0440826416015625,0.9495765153978841,0.018399596226972258
0.919,-0.021,2.9802322387695312e-05,0.9495765153978841,0.018399596226972258
0.956,0.042,0.043898582458496094,0.9495765153978841,0.018399596226972258
0.931,0.005,9.5367431640625e-06,0.9495765153978841,0.018399596226972258
0.921,0.0,5.9604644775390625e-06,0.9495765153978841,0.018399596226972258
0.955,0.036,0.04798769950866699,0.9655361278527579,0.020164688687617296
0.955,0.036,8.58306884765625e-06,0.9655361278527579,0.020164688687617296
0.92,-0.028,0.009367704391479492,0.9655361278527579,0.020164688687617296
0.92,-0.028,0.01983809471130371,0.9655361278527579,0.020164688687617296
0.953,0.012,0.042740583419799805,0.9342123442221553,0.020443324812329376
0.944,0.007,6.4373016357421875e-06,0.9342123442221553,0.020443324812329376
0.91,-0.063,0.04404878616333008,0.9342123442221553,0.020443324812329376
0.91,-0.063,9.775161743164062e-06,0.9342123442221553,0.020443324812329376
0.952,0.02,0.04398369789123535,0.9260488818470836,0.021497995237658187
0.942,0.018,1.1205673217773438e-05,0.9260488818470836,0.021497995237658187
0.91,-0.033,0.043953657150268555,0.9260488818470836,0.021497995237658187
0.97,0.07,9.5367431640625e-06,0.9260488818470836,0.021497995237658187
0.918,-0.003,0.04803609848022461,0.9260488818470836,0.021497995237658187
0.915,-0.001,1.3589859008789062e-05,0.9260488818470836,0.021497995237658187
0.952,0.057,5.7220458984375e-06,0.9260488818470836,0.021497995237658187
0.938,0.05,0.043946266174316406,0.9791656885094537,0.022603182198186376
0.938,0.05,9.298324584960938e-06,0.9791656885094537,0.022603182198186376
0.918,0.046,0.013169288635253906,0.9791656885094537,0.022603182198186376
0.946,0.053,0.02003002166748047,0.9791656885094537,0.022603182198186376
0.946,0.053,0.04278135299682617,0.9580314504952644,0.019988563613516957
0.933,0.01,7.152557373046875e-06,0.9580314504952644,0.019988563613516957
0.956,0.029,0.04410266876220703,0.9580314504952644,0.019988563613516957
0.935,-0.019,2.8371810913085938e-05,0.9580314504952644,0.019988563613516957
0.947,0.003,0.04390883445739746,0.948600585303106,0.020845328418679844
0.965,0.029,7.867813110351562e-06,0.948600585303106,0.020845328418679844
0.963,0.041,0.0439610481262207,0.948600585303106,0.020845328418679844
0.963,0.041,7.62939453125e-06,0.948600585303106,0.020845328418679844
0.972,0.046,0.04399991035461426,0.948600585303106,0.020845328418679844
0.972,0.046,8.821487426757812e-06,0.948600585303106,0.020845328418679844
0.962,0.044,0.04411959648132324,0.9736326961544381,0.02125679595428217
0.962,0.044,2.6226043701171875e-05,0.9736326961544381,0.02125679595428217
0.944,0.022,2.47955322265625e-05,0.9736326961544381,0.02125679595428217
0.957,0.033,0.04387998580932617,0.9736326961544381,0.02125679595428217
0.936,-0.002,1.9550323486328125e-05,0.9736326961544381,0.02125679595428217
0.938,-0.006,0.013031005859375,0.9736326961544381,0.02125679595428217
0.938,-0.006,0.020021438598632812,0.9499701433958575,0.02137737254218669
0.973,0.044,0.04286026954650879,0.9499701433958575,0.02137737254218669
0.932,-0.021,1.0967254638671875e-05,0.9499701433958575,0.02137737254218669
0.958,0.025,0.04399371147155762,0.9468937638248577,0.021525082073226467
0.969,0.045,8.58306884765625e-06,0.9468937638248577,0.021525082073226467
0.927,-0.012,0.04400491714477539,0.9468937638248577,0.021525082073226467
0.951,0.028,1.2874603271484375e-05,0.9468937638248577,0.021525082073226467
0.963,0.049,0.043982505798339844,0.9468937638248577,0.021525082073226467
0.929,-0.006,1.1682510375976562e-05,0.9468937638248577,0.021525082073226467
0.959,0.046,0.043981075286865234,0.9638311077505769,0.021257234137006715
0.962,0.045,7.867813110351562e-06,0.9638311077505769,0.021257234137006715
0.972,0.068,0.04398775100708008,0.9638311077505769,0.021257234137006715
0.972,0.068,1.5974044799804688e-05,0.9638311077505769,0.021257234137006715
0.972,0.068,5.7220458984375e-06,0.9638311077505769,0.021257234137006715
0.954,0.03,0.043998003005981445,0.9825758065555202,0.021033721631402665
0.981,0.066,1.430511474609375e-05,0.9825758065555202,0.021033721631402665
0.932,-0.015,0.013084888458251953,0.9825758065555202,0.021033721631402665
0.932,-0.015,0.020018815994262695,0.9825758065555202,0.021033721631402665
0.98,0.06,0.0428466796875,0.9825758065555202,0.021033721631402665
0.942,-0.01,1.0967254638671875e-05,0.9825758065555202,0.021033721631402665
0.963,0.021,0.04399847984313965,0.9479885545552134,0.022712339792024923
0.983,0.042,1.1682510375976562e-05,0.9479885545552134,0.022712339792024923
0.979,0.031,0.04413914680480957,0.9479885545552134,0.022712339792024923
0.932,-0.027,0.00024271011352539062,0.9479885545552134,0.022712339792024923
0.946,0.005,0.0436091423034668,0.948144283202556,0.021797784770886
0.946,0.005,8.344650268554688e-06,0.948144283202556,0.021797784770886
0.917,-0.03,0.044039249420166016,0.948144283202556,0.021797784770886
0.946,0.024,1.6689300537109375e-05,0.948144283202556,0.021797784770886
0.977,0.064,0.0479276180267334,0.960743061251039,0.021575530813737295
0.977,0.064,9.059906005859375e-06,0.960743061251039,0.021575530813737295
0.951,0.023,1.1682510375976562e-05,0.960743061251039,0.021575530813737295
0.965,0.051,0.04794645309448242,0.960743061251039,0.021575530813737295
0.967,0.043,6.4373016357421875e-06,0.960743061251039,0.021575530813737295
0.967,0.043,0.0053479671478271484,0.960743061251039,0.021575530813737295
0.933,-0.006,0.019988059997558594,0.960743061251039,0.021575530813737295
0.952,0.013,0.04269218444824219,0.979119265384148,0.020466063922759944
0.977,0.053,1.2874603271484375e-05,0.979119265384148,0.020466063922759944
0.944,-0.003,0.04799842834472656,0.979119265384148,0.020466063922759944
0.953,0.0,1.2636184692382812e-05,0.979119265384148,0.020466063922759944
0.98,0.043,0.04398298263549805,0.9673987275738913,0.022284591599219555
0.98,0.043,1.1205673217773438e-05,0.9673987275738913,0.022284591599219555
0.961,0.0,0.0440211296081543,0.9673987275738913,0.022284591599219555
0.987,0.037,1.0013580322265625e-05,0.9673987275738913,0.022284591599219555
0.987,0.037,0.048043251037597656,0.997498937968725,0.02353245525060378
0.961,0.002,2.5272369384765625e-05,0.997498937968725,0.02353245525060378
0.951,0.0,2.384185791015625e-05,0.997498937968725,0.02353245525060378
0.969,0.035,0.04394030570983887,0.997498937968725,0.02353245525060378
0.939,-0.004,2.2411346435546875e-05,0.997498937968725,0.02353245525060378
0.939,-0.004,0.009227991104125977,0.997498937968725,0.02353245525060378
0.978,0.038,0.019815921783447266,0.997498937968725,0.02353245525060378
0.945,-0.031,0.04290509223937988,0.9551869352221931,0.02106710696703603
0.96,-0.006,3.123283386230469e-05,0.9551869352221931,0.02106710696703603
0.96,-0.006,0.04395580291748047,0.9551869352221931,0.02106710696703603
0.974,0.011,2.288818359375e-05,0.9551869352221931,0.02106710696703603
0.974,0.011,0.04395890235900879,0.986007261766235,0.018849730139907192
0.958,0.0,1.1682510375976562e-05,0.986007261766235,0.018849730139907192
0.951,0.001,0.04403853416442871,0.986007261766235,0.018849730139907192
0.951,0.001,2.3365020751953125e-05,0.986007261766235,0.018849730139907192
0.952,0.018,0.04394102096557617,0.9661362137738622,0.018959710561467346
0.96,0.019,6.67572021484375e-06,0.9661362137738622,0.018959710561467346
0.96,0.019,0.04402470588684082,0.9661362137738622,0.018959710561467346
0.933,-0.034,3.170967102050781e-05,0.9661362137738622,0.018959710561467346
0.965,0.012,7.3909759521484375e-06,0.9661362137738622,0.018959710561467346
0.965,0.012,0.04791593551635742,0.9782689730938975,0.018709719592996072
0.942,-0.017,2.8848648071289062e-05,0.9782689730938975,0.018709719592996072
0.973,0.027,0.009109020233154297,0.9782689730938975,0.018709719592996072
0.939,-0.017,0.019962072372436523,0.9782689730938975,0.018709719592996072
0.939,-0.017,0.042901039123535156,0.9782689730938975,0.018709719592996072
0.982,0.035,1.1920928955078125e-05,0.9782689730938975,0.018709719592996072
0.943,-0.015,0.048038482666015625,0.9932103990339245,0.01849337697011166
0.985,0.033,2.193450927734375e-05,0.9932103990339245,0.01849337697011166
0.977,0.022,0.0439450740814209,0.9932103990339245,0.01849337697011166
0.931,-0.036,1.1682510375976562e-05,0.9932103990339245,0.01849337697011166
0.993,0.038,0.043958187103271484,0.9486964259803808,0.016638272343640834
0.993,0.038,7.3909759521484375e-06,0.9486964259803808,0.016638272343640834
0.983,0.018,0.044019460678100586,0.9486964259803808,0.016638272343640834
0.987,0.017,1.6450881958007812e-05,0.9486964259803808,0.016638272343640834
0.987,0.017,8.106231689453125e-06,0.9486964259803808,0.016638272343640834
0.983,0.003,0.04393911361694336,0.9975941775582771,0.016327171911710504
0.967,0.006,9.5367431640625e-06,0.9975941775582771,0.016327171911710504
0.931,-0.031,0.013144969940185547,0.9975941775582771,0.016327171911710504
0.935,-0.005,0.020101547241210938,0.9975941775582771,0.016327171911710504
0.935,-0.005,0.04676675796508789,0.9975941775582771,0.016327171911710504
0.932,-0.025,1.5735626220703125e-05,0.9975941775582771,0.016327171911710504
0.974,0.037,0.04801034927368164,0.9496639372452719,0.014228724199007512
1.003,0.065,1.7642974853515625e-05,0.9496639372452719,0.014228724199007512
0.953,-0.016,0.04392671585083008,0.9496639372452719,0.014228724199007512
0.966,-0.007,1.239776611328125e-05,0.9496639372452719,0.014228724199007512
0.991,0.041,0.04400277137756348,0.9794893827721649,0.014077699980338445
0.96,0.0,1.239776611328125e-05,0.9794893827721649,0.014077699980338445
0.958,0.011,4.76837158203125e-06,0.9794893827721649,0.014077699980338445
0.979,0.046,0.044005393981933594,0.9794893827721649,0.014077699980338445
0.949,0.015,1.1682510375976562e-05,0.9794893827721649,0.014077699980338445
0.949,0.015,0.013715267181396484,0.9794893827721649,0.014077699980338445
0.97,0.032,0.019442319869995117,0.9794893827721649,0.014077699980338445
0.97,0.032,0.04281926155090332,0.9644582343965229,0.011197003303499922
0.986,0.048,9.775161743164062e-06,0.9644582343965229,0.011197003303499922
0.986,0.048,0.04399991035461426,0.9644582343965229,0.011197003303499922
0.974,0.018,1.2159347534179688e-05,0.9644582343965229,0.011197003303499922
0.987,0.043,0.04799056053161621,0.9865981192070996,0.012584484329064019
0.95,-0.01,1.1205673217773438e-05,0.9865981192070996,0.012584484329064019
0.965,0.009,0.04408693313598633,0.9865981192070996,0.012584484329064019
0.98,0.039,2.9802322387695312e-05,0.9865981192070996,0.012584484329064019
0.98,0.039,0.04388093948364258,0.9921201826350328,0.011647204839228282
0.962,0.0,1.7404556274414062e-05,0.9921201826350328,0.011647204839228282
0.971,0.01,2.288818359375e-05,0.9921201826350328,0.011647204839228282
0.983,0.031,0.04397988319396973,0.9921201826350328,0.011647204839228282
0.935,-0.047,1.8596649169921875e-05,0.9921201826350328,0.011647204839228282
0.973,0.0,0.013081550598144531,0.9921201826350328,0.011647204839228282
0.973,0.0,0.019968271255493164,0.9921201826350328,0.011647204839228282
0.964,-0.012,0.04286050796508789,0.98509263331576,0.008756525474966269
0.985,0.003,8.106231689453125e-06,0.98509263331576,0.008756525474966269
0.994,0.02,0.04801440238952637,0.98509263331576,0.008756525474966269
0.994,0.02,1.1682510375976562e-05,0.98509263331576,0.008756525474966269
1.005,0.05,0.044089555740356445,1.0,0.0077107112639286934
0.952,-0.044,2.0265579223632812e-05,1.0,0.0077107112639286934
0.952,-0.044,0.043913841247558594,1.0,0.0077107112639286934
1.004,0.05,1.4066696166992188e-05,1.0,0.0077107112639286934
1.004,0.05,0.043929100036621094,1.0,0.007559386061026312
0.977,0.007,9.775161743164062e-06,1.0,0.007559386061026312
0.977,0.007,3.814697265625e-06,1.0,0.007559386061026312
0.965,-0.021,0.04401993751525879,1.0,0.007559386061026312
0.993,0.01,1.9311904907226562e-05,1.0,0.007559386061026312
1.009,0.039,0.01314687728881836,1.0,0.007559386061026312
0.967,-0.034,0.01985621452331543,1.0,0.007559386061026312
1.003,0.022,0.047057151794433594,1.0,0.008274176156292983
1.001,0.02,1.52587890625e-05,1.0,0.008274176156292983
1.001,0.02,0.0439457893371582,1.0,0.008274176156292983
0.961,-0.039,3.337860107421875e-05,1.0,0.008274176156292983
0.988,0.006,0.047979116439819336,0.9750743826379848,0.006792293292602174
0.988,0.006,2.86102294921875e-05,0.9750743826379848,0.006792293292602174
0.961,-0.031,0.04394364356994629,0.9750743826379848,0.006792293292602174
0.983,-0.005,3.123283386230469e-05,0.9750743826379848,0.006792293292602174
0.995,0.026,9.059906005859375e-06,0.9750743826379848,0.006792293292602174
0.971,-0.016,0.04389619827270508,0.9940836467973679,0.0034956976477330368
0.984,0.019,8.821487426757812e-06,0.9940836467973679,0.0034956976477330368
0.984,0.019,0.013352632522583008,0.9940836467973679,0.0034956976477330368
0.984,0.019,0.01991415023803711,0.9940836467973679,0.0034956976477330368
1.001,0.037,0.042762041091918945,0.9940836467973679,0.0034956976477330368
0.958,-0.031,9.775161743164062e-06,0.9940836467973679,0.0034956976477330368
0.977,0.0,0.04400038719177246,0.9950337210698126,0.002700677264359877
0.977,0.0,1.33514404296875e-05,0.9950337210698126,0.002700677264359877
0.959,-0.036,0.04401254653930664,0.9950337210698126,0.002700677264359877
0.959,-0.036,1.5020370483398438e-05,0.9950337210698126,0.002700677264359877
1.01,0.037,0.04394388198852539,0.9728380896120067,0.004056224664821817
0.977,-0.024,1.1444091796875e-05,0.9728380896120067,0.004056224664821817
0.981,-0.009,0.04406929016113281,0.9728380896120067,0.004056224664821817
0.981,-0.009,2.86102294921875e-05,0.9728380896120067,0.004056224664821817
0.98,-0.002,0.04389595985412598,0.9917122252461232,0.001361452805721682
0.95,-0.039,1.2636184692382812e-05,0.9917122252461232,0.001361452805721682
0.978,0.017,9.298324584960938e-06,0.9917122252461232,0.001361452805721682
0.978,0.017,0.044019222259521484,0.9917122252461232,0.001361452805721682
0.937,-0.04,2.47955322265625e-05,0.9917122252461232,0.001361452805721682
0.982,0.01,0.013016462326049805,0.9917122252461232,0.001361452805721682
0.988,0.025,0.019962072372436523,0.9917122252461232,0.001361452805721682
0.962,-0.03,0.04696035385131836,0.9891882425471071,0.0001567454520786942
0.962,-0.03,1.2874603271484375e-05,0.9891882425471071,0.0001567454520786942
0.965,-0.029,0.043973684310913086,0.9891882425471071,0.0001567454520786942
0.965,-0.029,1.3589859008789062e-05,0.9891882425471071,0.0001567454520786942
0.999,0.025,0.04399466514587402,0.9779726533364439,0.002337317329468143
0.999,0.025,1.33514404296875e-05,0.9779726533364439,0.002337317329468143
0.967,-0.008,0.04403090476989746,0.9779726533364439,0.002337317329468143
0.998,0.029,1.239776611328125e-05,0.9779726533364439,0.002337317329468143
0.946,-0.043,0.04792046546936035,1.0,-0.0011225324124860072
0.946,-0.043,8.344650268554688e-06,1.0,-0.0011225324124860072
0.99,0.025,9.059906005859375e-06,1.0,-0.0011225324124860072
0.99,0.025,0.044066429138183594,1.0,-0.0011225324124860072
0.97,-0.008,2.9325485229492188e-05,1.0,-0.0011225324124860072
0.97,-0.008,0.009110450744628906,1.0,-0.0011225324124860072
0.967,-0.016,0.019912242889404297,1.0,-0.0011225324124860072
0.96,-0.043,0.04283785820007324,0.9987601772625885,-0.002047531915738073
0.975,-0.011,1.0967254638671875e-05,0.9987601772625885,-0.002047531915738073
0.975,-0.011,0.04401040077209473,0.9987601772625885,-0.002047531915738073
0.99,-0.002,6.9141387939453125e-06,0.9987601772625885,-0.002047531915738073
0.989,0.0,0.04403233528137207,0.9982781364695312,-0.004514438816580548
1.011,0.038,1.811981201171875e-05,0.9982781364695312,-0.004514438816580548
1.011,0.038,0.047951459884643555,0.9982781364695312,-0.004514438816580548
1.009,0.028,9.775161743164062e-06,0.9982781364695312,-0.004514438816580548
1.009,0.028,0.04400801658630371,1.0,-0.004692175659097768
1.003,0.024,1.1920928955078125e-05,1.0,-0.004692175659097768
1.009,0.034,3.5762786865234375e-06,1.0,-0.004692175659097768
0.971,-0.027,0.04797029495239258,1.0,-0.004692175659097768
0.977,-0.014,2.2649765014648438e-05,1.0,-0.004692175659097768
1.006,0.026,0.00925302505493164,1.0,-0.004692175659097768
0.955,-0.054,0.0197906494140625,1.0,-0.004692175659097768
0.989,-0.002,0.04305243492126465,0.9804618680347722,-0.008733224075549146
0.989,-0.002,2.47955322265625e-05,0.9804618680347722,-0.008733224075549146
0.96,-0.041,0.043860673904418945,0.9804618680347722,-0.008733224075549146
0.985,0.0,1.430511474609375e-05,0.9804618680347722,-0.008733224075549146
0.977,-0.01,0.043958187103271484,0.9928649141012925,-0.00904686889156129
1.001,0.03,8.106231689453125e-06,0.9928649141012925,-0.00904686889156129
1.001,0.03,0.044080257415771484,0.9928649141012925,-0.00904686889156129
0.976,0.003,1.3589859008789062e-05,0.9928649141012925,-0.00904686889156129
1.01,0.04,0.04390764236450195,0.9844669951208214,-0.01050273443985006
0.969,-0.03,1.7404556274414062e-05,0.9844669951208214,-0.01050273443985006
0.98,-0.013,0.04399228096008301,0.9844669951208214,-0.01050273443985006
0.98,-0.013,1.0251998901367188e-05,0.9844669951208214,-0.01050273443985006
0.948,-0.065,5.245208740234375e-06,0.9844669951208214,-0.01050273443985006
0.948,-0.065,0.047965288162231445,0.9873650710239036,-0.012682431614597079
0.991,0.01,1.1444091796875e-05,0.9873650710239036,-0.012682431614597079
1.004,0.027,0.009085655212402344,0.9873650710239036,-0.012682431614597079
0.991,0.013,0.02000141143798828,0.9873650710239036,-0.012682431614597079
0.957,-0.043,0.043045997619628906,0.9873650710239036,-0.012682431614597079
0.957,-0.043,3.147125244140625e-05,0.9873650710239036,-0.012682431614597079
0.999,0.025,0.04384446144104004,0.9657469850888439,-0.01675144761204946
0.954,-0.052,9.775161743164062e-06,0.9657469850888439,-0.01675144761204946
0.967,-0.022,0.043993234634399414,0.9657469850888439,-0.01675144761204946
0.993,0.028,1.4543533325195312e-05,0.9657469850888439,-0.01675144761204946
0.946,-0.047,0.04399752616882324,0.9969639250732639,-0.01753357315996199
0.946,-0.047,1.33514404296875e-05,0.9969639250732639,-0.01753357315996199
0.989,0.025,0.04420661926269531,0.9969639250732639,-0.01753357315996199
0.977,0.011,3.9577484130859375e-05,0.9969639250732639,-0.01753357315996199
0.949,-0.036,0.04372525215148926,0.9969639250732639,-0.01753357315996199
0.953,-0.03,1.621246337890625e-05,0.9969639250732639,-0.01753357315996199
0.953,-0.03,1.4781951904296875e-05,0.9969639250732639,-0.01753357315996199
0.958,-0.043,0.04396700859069824,0.9818698119051552,-0.02107014780441541
0.965,-0.033,1.1444091796875e-05,0.9818698119051552,-0.02107014780441541
0.965,-0.033,0.013242721557617188,0.9818698119051552,-0.02107014780441541
0.951,-0.063,0.019933223724365234,0.9818698119051552,-0.02107014780441541
0.951,-0.063,0.04286670684814453,0.9585358867098649,-0.022316482481502038
0.967,-0.024,1.33514404296875e-05,0.9585358867098649,-0.022316482481502038
0.969,-0.019,0.04401516914367676,0.9585358867098649,-0.022316482481502038
0.969,-0.019,1.621246337890625e-05,0.9585358867098649,-0.022316482481502038
0.958,-0.027,0.0438838005065918,0.9733723729477156,-0.02586505614872549
0.954,-0.023,7.3909759521484375e-06,0.9733723729477156,-0.02586505614872549
0.971,0.004,0.04408740997314453,0.9733723729477156,-0.02586505614872549
0.971,0.004,1.7404556274414062e-05,0.9733723729477156,-0.02586505614872549
0.955,-0.013,0.04391837120056152,0.9733723729477156,-0.02586505614872549
0.99,0.028,1.1444091796875e-05,0.9733723729477156,-0.02586505614872549
0.952,-0.025,0.04397892951965332,0.9732182910165632,-0.031238232590464057
0.958,-0.008,1.1682510375976562e-05,0.9732182910165632,-0.031238232590464057
0.971,0.002,5.7220458984375e-06,0.9732182910165632,-0.031238232590464057
0.972,0.011,0.04400014877319336,0.9732182910165632,-0.031238232590464057
0.946,-0.039,9.059906005859375e-06,0.9732182910165632,-0.031238232590464057
0.966,-0.006,0.013149499893188477,0.9732182910165632,-0.031238232590464057
0.973,0.0,0.019892215728759766,0.9507639236311239,-0.03237423080792297
0.955,-0.033,0.04301166534423828,0.9507639236311239,-0.03237423080792297
0.955,-0.033,2.0265579223632812e-05,0.9507639236311239,-0.03237423080792297
0.955,-0.033,0.043916940689086914,0.9507639236311239,-0.03237423080792297
0.954,-0.019,1.1444091796875e-05,0.9507639236311239,-0.03237423080792297
0.927,-0.054,0.043961524963378906,0.9578851823033405,-0.034361962276394625
0.935,-0.026,1.52587890625e-05,0.9578851823033405,-0.034361962276394625
0.928,-0.057,0.0440068244934082,0.9578851823033405,-0.034361962276394625
0.928,-0.057,1.1444091796875e-05,0.9578851823033405,-0.034361962276394625
0.943,-0.016,0.0439910888671875,0.9392118983080664,-0.03768481676343442
0.936,-0.037,1.1205673217773438e-05,0.9392118983080664,-0.03768481676343442
0.936,-0.037,0.04802989959716797,0.9392118983080664,-0.03768481676343442
0.972,0.017,1.9788742065429688e-05,0.9392118983080664,-0.03768481676343442
0.972,0.017,1.8835067749023438e-05,0.9392118983080664,-0.03768481676343442
0.95,-0.015,0.043886661529541016,0.9722777401934866,-0.03489755390745361
0.965,0.012,8.821487426757812e-06,0.9722777401934866,-0.03489755390745361
0.933,-0.045,0.009420633316040039,0.9722777401934866,-0.03489755390745361
0.94,-0.032,0.01973891258239746,0.9722777401934866,-0.03489755390745361
0.942,-0.023,0.04698753356933594,0.9722777401934866,-0.03489755390745361
0.952,-0.002,1.5497207641601562e-05,0.9722777401934866,-0.03489755390745361
0.952,-0.002,0.0438990592956543,0.9445894651348119,-0.03323600938162278
0.959,0.001,1.3828277587890625e-05,0.9445894651348119,-0.03323600938162278
0.95,-0.007,0.04393959045410156,0.9445894651348119,-0.03323600938162278
0.937,-0.026,1.0967254638671875e-05,0.9445894651348119,-0.03323600938162278
0.94,-0.015,0.04394984245300293,0.9667790392522939,-0.014928516299957261
0.94,-0.015,5.9604644775390625e-06,0.9667790392522939,-0.014928516299957261
0.944,-0.003,0.04401898384094238,0.9667790392522939,-0.014928516299957261
0.924,-0.045,8.344650268554688e-06,0.9667790392522939,-0.014928516299957261
0.924,-0.045,4.5299530029296875e-06,0.9667790392522939,-0.014928516299957261
0.944,-0.027,0.04806017875671387,0.936424333493346,-0.01284235676516877
0.962,0.02,4.553794860839844e-05,0.936424333493346,-0.01284235676516877
0.92,-0.062,0.009006500244140625,0.936424333493346,-0.01284235676516877
0.952,-0.016,0.020948410034179688,0.936424333493346,-0.01284235676516877
0.951,0.013,0.04594135284423828,0.936424333493346,-0.01284235676516877
0.951,0.013,9.5367431640625e-06,0.936424333493346,-0.01284235676516877
0.936,-0.014,0.043961286544799805,0.9610972341024703,-0.011636716117460097
0.961,0.0,7.62939453125e-06,0.9610972341024703,-0.011636716117460097
0.92,-0.046,0.04407024383544922,0.9610972341024703,-0.011636716117460097
0.929,-0.036,1.9788742065429688e-05,0.9610972341024703,-0.011636716117460097
0.929,-0.036,0.04406166076660156,0.9689129435511034,-0.010619460983265886
0.976,0.03,2.0265579223632812e-05,0.9689129435511034,-0.010619460983265886
0.929,-0.048,0.04387974739074707,0.9689129435511034,-0.010619460983265886
0.958,-0.019,1.4781951904296875e-05,0.9689129435511034,-0.010619460983265886
0.958,-0.019,1.7881393432617188e-05,0.9689129435511034,-0.010619460983265886
0.929,-0.056,0.04395437240600586,0.9662291618995237,-0.010157189618147005
0.955,-0.009,9.775161743164062e-06,0.9662291618995237,-0.010157189618147005
0.955,-0.009,0.013170003890991211,0.9662291618995237,-0.010157189618147005
0.987,0.03,0.019984006881713867,0.9662291618995237,-0.010157189618147005
0.924,-0.065,0.042974233627319336,0.9662291618995237,-0.010157189618147005
0.96,-0.005,1.9073486328125e-05,0.9662291618995237,-0.010157189618147005
0.952,-0.023,0.043976783752441406,0.9916035638575544,-0.009412308923678498
0.957,-0.009,1.9788742065429688e-05,0.9916035638575544,-0.009412308923678498
0.971,0.021,0.043839216232299805,0.9916035638575544,-0.009412308923678498
0.934,-0.058,5.9604644775390625e-06,0.9916035638575544,-0.009412308923678498
0.974,0.01,0.04402422904968262,0.9451478844400371,-0.008441401571573429
0.974,0.0,1.52587890625e-05,0.9451478844400371,-0.008441401571573429
0.94,-0.045,0.04398083686828613,0.9451478844400371,-0.008441401571573429
0.965,-0.016,1.8358230590820312e-05,0.9451478844400371,-0.008441401571573429
0.965,-0.016,0.04795074462890625,0.9721378973052329,-0.008611715522619575
0.964,-0.001,1.2636184692382812e-05,0.9721378973052329,-0.008611715522619575
0.952,-0.027,6.198883056640625e-06,0.9721378973052329,-0.008611715522619575
0.952,-0.035,0.04414629936218262,0.9721378973052329,-0.008611715522619575
0.952,-0.035,2.5033950805664062e-05,0.9721378973052329,-0.008611715522619575
0.935,-0.039,0.009025335311889648,0.9721378973052329,-0.008611715522619575
0.937,-0.046,0.02004528045654297,0.9721378973052329,-0.008611715522619575
0.981,0.019,0.04281210899353027,0.9426415289639294,-0.021006366048298725
0.981,0.019,2.5272369384765625e-05,0.9426415289639294,-0.021006366048298725
0.956,-0.026,0.043892621994018555,0.9426415289639294,-0.021006366048298725
0.943,-0.019,9.5367431640625e-06,0.9426415289639294,-0.021006366048298725
0.973,0.018,0.04395318031311035,0.9522413013206025,-0.008498559721473616
0.958,0.001,9.298324584960938e-06,0.9522413013206025,-0.008498559721473616
0.956,0.001,0.04413652420043945,0.9522413013206025,-0.008498559721473616
0.916,-0.058,2.47955322265625e-05,0.9522413013206025,-0.008498559721473616
0.963,0.025,0.04390096664428711,0.9282625300585103,-0.008294178177405279
0.929,-0.016,1.7404556274414062e-05,0.9282625300585103,-0.008294178177405279
0.903,-0.046,0.0439453125,0.9282625300585103,-0.008294178177405279
0.903,-0.046,1.2874603271484375e-05,0.9282625300585103,-0.008294178177405279
0.932,-0.013,5.4836273193359375e-06,0.9282625300585103,-0.008294178177405279
0.893,-0.038,0.04402613639831543,0.9282625300585103,-0.008294178177405279
0.893,-0.038,1.5974044799804688e-05,0.9282625300585103,-0.008294178177405279
0.933,0.004,0.013192892074584961,0.9421878669956297,-0.0076520127640152934
0.912,-0.008,0.019803762435913086,0.9421878669956297,-0.0076520127640152934
0.904,-0.039,0.0470273494720459,0.9421878669956297,-0.0076520127640152934
0.928,0.008,2.4318695068359375e-05,0.9421878669956297,-0.0076520127640152934
0.928,0.008,0.04392814636230469,0.938484380279684,-0.007657693602904627
0.933,0.015,9.775161743164062e-06,0.938484380279684,-0.007657693602904627
0.933,0.015,0.043977975845336914,0.938484380279684,-0.007657693602904627
0.918,-0.011,1.3828277587890625e-05,0.938484380279684,-0.007657693602904627
0.927,0.014,0.04795360565185547,0.9297503045086494,-0.00653869860416311
0.891,-0.071,8.58306884765625e-06,0.9297503045086494,-0.00653869860416311
0.954,0.038,7.62939453125e-06,0.9297503045086494,-0.00653869860416311
0.942,0.003,0.048093318939208984,0.9297503045086494,-0.00653869860416311
0.907,-0.034,2.1457672119140625e-05,0.9297503045086494,-0.00653869860416311
0.907,-0.034,0.009150266647338867,0.9297503045086494,-0.00653869860416311
0.952,0.014,0.019852638244628906,0.9297503045086494,-0.00653869860416311
0.911,-0.029,0.04286670684814453,0.9200702472380244,-0.0060034669315648615
0.911,-0.029,8.344650268554688e-06,0.9200702472380244,-0.0060034669315648615
0.945,0.016,0.04405093193054199,0.9200702472380244,-0.0060034669315648615
0.909,-0.033,2.3126602172851562e-05,0.9200702472380244,-0.0060034669315648615
0.909,-0.033,0.04393315315246582,0.921917306736719,-0.004669450715381532
0.95,0.032,1.1444091796875e-05,0.921917306736719,-0.004669450715381532
0.948,0.033,0.04800558090209961,0.921917306736719,-0.004669450715381532
0.91,-0.037,9.775161743164062e-06,0.921917306736719,-0.004669450715381532
0.925,0.0,0.04396843910217285,0.9226840175277397,-0.004756792274903107
0.925,0.0,8.821487426757812e-06,0.9226840175277397,-0.004756792274903107
0.906,-0.026,3.814697265625e-06,0.9226840175277397,-0.004756792274903107
0.93,0.024,0.04408144950866699,0.9226840175277397,-0.004756792274903107
0.93,0.024,3.0279159545898438e-05,0.9226840175277397,-0.004756792274903107
0.927,0.027,0.01324319839477539,0.9226840175277397,-0.004756792274903107
0.894,-0.03,0.019995927810668945,0.9226840175277397,-0.004756792274903107
0.912,0.008,0.042668819427490234,0.9377330733640312,-0.0036829887975255607
0.912,0.008,3.24249267578125e-05,0.9377330733640312,-0.0036829887975255607
0.91,0.017,0.04394817352294922,0.9377330733640312,-0.0036829887975255607
0.889,-0.025,9.775161743164062e-06,0.9377330733640312,-0.0036829887975255607
0.904,-0.009,0.0479733943939209,0.904333263279359,-0.0036162105211441625
0.903,-0.008,7.3909759521484375e-06,0.904333263279359,-0.0036162105211441625
0.885,-0.046,0.044031620025634766,0.904333263279359,-0.0036162105211441625
0.911,0.002,1.1444091796875e-05,0.904333263279359,-0.0036162105211441625
0.912,0.003,0.044019222259521484,0.9236968606141933,-0.0027127386418330014
0.883,-0.036,4.076957702636719e-05,0.9236968606141933,-0.0027127386418330014
0.942,0.051,2.9802322387695312e-05,0.9236968606141933,-0.0027127386418330014
0.942,0.051,0.04789161682128906,0.9236968606141933,-0.0027127386418330014
0.93,0.029,1.6927719116210938e-05,0.9236968606141933,-0.0027127386418330014
0.904,-0.009,0.009165525436401367,0.9236968606141933,-0.0027127386418330014
0.904,-0.009,0.02028799057006836,0.9236968606141933,-0.0027127386418330014
0.908,-0.029,0.042501211166381836,0.91809034568171,-0.00016547387822451911
0.919,-0.004,1.239776611328125e-05,0.91809034568171,-0.00016547387822451911
0.95,0.031,0.04399561882019043,0.91809034568171,-0.00016547387822451911
0.95,0.031,1.1444091796875e-05,0.91809034568171,-0.00016547387822451911
0.95,0.031,0.04396414756774902,0.9588308653692627,0.0014151096913745662
0.92,0.005,1.0013580322265625e-05,0.9588308653692627,0.0014151096913745662
0.925,0.016,0.04406142234802246,0.9588308653692627,0.0014151096913745662
0.889,-0.029,1.4543533325195312e-05,0.9588308653692627,0.0014151096913745662
0.886,-0.036,0.04394698143005371,0.9055357986310553,0.0023467260826590414
0.914,-0.009,8.106231689453125e-06,0.9055357986310553,0.0023467260826590414
0.931,0.02,0.044043540954589844,0.9055357986310553,0.0023467260826590414
0.91,-0.029,2.4080276489257812e-05,0.9055357986310553,0.0023467260826590414
0.919,-0.016,8.58306884765625e-06,0.9055357986310553,0.0023467260826590414
0.887,-0.06,0.05702924728393555,0.9319191378761569,0.0033450645472603855
0.914,0.0,0.02018260955810547,0.9319191378761569,0.0033450645472603855
0.888,-0.034,0.042665958404541016,0.9319191378761569,0.0033450645472603855
0.87,-0.053,8.821487426757812e-06,0.9319191378761569,0.0033450645472603855
0.933,0.033,0.04414224624633789,0.8894612193568278,0.005910249751334455
0.901,-0.029,5.602836608886719e-05,0.8894612193568278,0.005910249751334455
0.931,0.016,0.04379773139953613,0.8894612193568278,0.005910249751334455
0.924,0.008,8.58306884765625e-06,0.8894612193568278,0.005910249751334455
0.924,0.008,0.04403042793273926,0.9371531970762215,0.007955906383540785
0.905,-0.019,1.4066696166992188e-05,0.9371531970762215,0.007955906383540785
0.915,0.01,0.04406428337097168,0.9371531970762215,0.007955906383540785
0.915,0.01,2.8848648071289062e-05,0.9371531970762215,0.007955906383540785
0.882,-0.02,0.04386734962463379,0.9371531970762215,0.007955906383540785
0.912,0.004,9.5367431640625e-06,0.9371531970762215,0.007955906383540785
0.903,-0.009,4.291534423828125e-06,0.9371531970762215,0.007955906383540785
0.924,0.017,0.043966054916381836,0.9294171027435768,0.008759295830806426
0.892,-0.035,1.049041748046875e-05,0.9294171027435768,0.008759295830806426
0.907,-0.022,0.013302326202392578,0.9294171027435768,0.008759295830806426
0.907,-0.022,0.01988697052001953,0.9294171027435768,0.008759295830806426
0.897,-0.029,0.04287266731262207,0.9227524279232364,0.01003558801200054
0.913,-0.013,1.4781951904296875e-05,0.9227524279232364,0.01003558801200054
0.913,-0.013,0.04799818992614746,0.9227524279232364,0.01003558801200054
0.923,0.009,1.9073486328125e-05,0.9227524279232364,0.01003558801200054
0.898,-0.013,0.043915510177612305,0.9371425412314667,0.01192974964515052
0.918,0.009,9.059906005859375e-06,0.9371425412314667,0.01192974964515052
0.918,0.009,0.04401087760925293,0.9371425412314667,0.01192974964515052
0.892,-0.031,1.0251998901367188e-05,0.9371425412314667,0.01192974964515052
0.916,0.009,0.0439453125,0.9371425412314667,0.01192974964515052
0.913,0.004,9.5367431640625e-06,0.9371425412314667,0.01192974964515052
0.913,0.004,6.198883056640625e-06,0.9371425412314667,0.01192974964515052
0.896,-0.027,0.044065237045288086,0.910216965499373,0.011848473356404965
0.912,-0.005,1.71661376953125e-05,0.910216965499373,0.011848473356404965
0.912,-0.005,0.013260841369628906,0.910216965499373,0.011848473356404965
0.895,-0.027,0.01980876922607422,0.910216965499373,0.011848473356404965
0.908,-0.004,0.04694008827209473,0.9132566393229894,0.012771950954441143
0.912,0.013,2.2649765014648438e-05,0.9132566393229894,0.012771950954441143
0.93,0.038,0.04394984245300293,0.9132566393229894,0.012771950954441143
0.93,0.038,1.1682510375976562e-05,0.9132566393229894,0.012771950954441143
0.909,0.007,0.043965816497802734,0.9441167659441663,0.013467396012398266
0.932,0.04,1.2874603271484375e-05,0.9441167659441663,0.013467396012398266
0.889,-0.016,0.04398536682128906,0.9441167659441663,0.013467396012398266
0.91,0.01,8.58306884765625e-06,0.9441167659441663,0.013467396012398266
0.91,0.01,0.043984413146972656,0.9441167659441663,0.013467396012398266
0.894,-0.016,1.0251998901367188e-05,0.9441167659441663,0.013467396012398266
0.917,0.015,4.76837158203125e-06,0.9441167659441663,0.013467396012398266
0.911,-0.005,0.04395174980163574,0.9266044118670911,0.013526632407356933
0.911,-0.005,8.821487426757812e-06,0.9266044118670911,0.013526632407356933
0.893,-0.035,0.013485431671142578,0.9266044118670911,0.013526632407356933
0.895,-0.018,0.019676685333251953,0.9266044118670911,0.013526632407356933
0.895,-0.018,0.04293012619018555,0.9133962407963728,0.012702759684339768
0.922,0.027,2.0503997802734375e-05,0.9133962407963728,0.012702759684339768
0.896,-0.019,0.04390096664428711,0.9133962407963728,0.012702759684339768
0.895,-0.003,1.049041748046875e-05,0.9133962407963728,0.012702759684339768
0.92,0.023,0.04397988319396973,0.914021156439821,0.014570602984362385
0.88,-0.031,1.9788742065429688e-05,0.914021156439821,0.014570602984362385
0.907,0.013,0.04800248146057129,0.914021156439821,0.014570602984362385
0.907,0.013,1.7642974853515625e-05,0.914021156439821,0.014570602984362385
0.895,0.001,0.043927669525146484,0.914021156439821,0.014570602984362385
0.88,-0.015,5.4836273193359375e-06,0.914021156439821,0.014570602984362385
0.94,0.065,3.5762786865234375e-06,0.914021156439821,0.014570602984362385
0.87,-0.033,0.044107675552368164,0.9244958984725512,0.014006876595870759
0.87,-0.033,2.193450927734375e-05,0.9244958984725512,0.014006876595870759
0.882,-0.015,0.013224363327026367,0.9244958984725512,0.014006876595870759
0.881,-0.021,0.020022153854370117,0.9244958984725512,0.014006876595870759
0.903,0.0,0.042661190032958984,0.9038602598940239,0.017272100708368206
0.922,0.028,1.9311904907226562e-05,0.9038602598940239,0.017272100708368206
0.922,0.028,0.04799389839172363,0.9038602598940239,0.017272100708368206
0.906,0.0,9.5367431640625e-06,0.9038602598940239,0.017272100708368206
0.906,0.0,0.043968915939331055,0.9262972877253934,0.018093403159250045
0.916,0.025,9.5367431640625e-06,0.9262972877253934,0.018093403159250045
0.916,0.025,0.048093557357788086,0.9262972877253934,0.018093403159250045
0.895,-0.003,2.1219253540039062e-05,0.9262972877253934,0.018093403159250045
0.882,-0.023,2.86102294921875e-05,0.9262972877253934,0.018093403159250045
0.882,-0.023,0.04781341552734375,0.9163138559475925,0.01669214709921401
0.895,-0.01,1.1682510375976562e-05,0.9163138559475925,0.01669214709921401
0.895,-0.01,0.009648799896240234,0.9163138559475925,0.01669214709921401
0.887,-0.025,0.01960587501525879,0.9163138559475925,0.01669214709921401
0.888,-0.025,0.04277968406677246,0.9163138559475925,0.01669214709921401
0.914,0.003,1.621246337890625e-05,0.9163138559475925,0.01669214709921401
0.945,0.065,0.0439455509185791,0.9335127304090991,0.01792678167046945
0.945,0.065,8.106231689453125e-06,0.9335127304090991,0.01792678167046945
0.922,0.028,0.04405784606933594,0.9335127304090991,0.01792678167046945
0.908,0.006,2.3603439331054688e-05,0.9335127304090991,0.01792678167046945
0.894,-0.029,0.04792165756225586,0.928458879407859,0.01755973340832667
0.894,-0.029,1.1920928955078125e-05,0.928458879407859,0.01755973340832667
0.941,0.035,0.04405856132507324,0.928458879407859,0.01755973340832667
0.941,0.035,2.2411346435546875e-05,0.928458879407859,0.01755973340832667
0.929,0.014,1.71661376953125e-05,0.928458879407859,0.01755973340832667
0.906,-0.006,0.04398322105407715,0.928458879407859,0.01755973340832667
0.933,0.033,4.100799560546875e-05,0.9576217397904216,0.017628992678406737
0.896,-0.017,0.012980461120605469,0.9576217397904216,0.017628992678406737
0.896,-0.017,0.02003645896911621,0.9576217397904216,0.017628992678406737
0.91,0.0,0.04286074638366699,0.9576217397904216,0.017628992678406737
0.943,0.035,8.58306884765625e-06,0.9576217397904216,0.017628992678406737
0.907,-0.02,0.04398751258850098,0.9593037590465266,0.01609853703525674
0.924,0.0,1.0251998901367188e-05,0.9593037590465266,0.01609853703525674
0.924,0.0,0.043970584869384766,0.9593037590465266,0.01609853703525674
0.921,-0.015,9.298324584960938e-06,0.9593037590465266,0.01609853703525674
0.917,-0.029,0.044075965881347656,0.9404009314809533,0.0160495593819035
0.917,-0.029,2.8371810913085938e-05,0.9404009314809533,0.0160495593819035
0.942,0.005,0.043894052505493164,0.9404009314809533,0.0160495593819035
0.927,-0.012,1.1682510375976562e-05,0.9404009314809533,0.0160495593819035
0.933,0.0,0.04400229454040527,0.9404009314809533,0.0160495593819035
0.957,0.041,1.0728836059570312e-05,0.9404009314809533,0.0160495593819035
0.925,-0.003,8.821487426757812e-06,0.9404009314809533,0.0160495593819035
0.933,0.016,0.04396867752075195,0.944808162801829,0.013840099590881226
0.933,0.016,8.344650268554688e-06,0.944808162801829,0.013840099590881226
0.922,-0.004,0.013130903244018555,0.944808162801829,0.013840099590881226
0.901,-0.019,0.020014524459838867,0.944808162801829,0.013840099590881226
0.901,-0.019,0.0469059944152832,0.922473858382499,0.014255784216576566
0.938,0.009,2.7179718017578125e-05,0.922473858382499,0.014255784216576566
0.938,0.009,0.043967485427856445,0.922473858382499,0.014255784216576566
0.927,0.008,3.0040740966796875e-05,0.922473858382499,0.014255784216576566
0.92,-0.005,0.04793548583984375,0.9445615745996019,0.01193630948704408
0.92,-0.005,1.4543533325195312e-05,0.9445615745996019,0.01193630948704408
0.935,0.027,0.04797673225402832,0.9445615745996019,0.01193630948704408
0.889,-0.027,1.4066696166992188e-05,0.9445615745996019,0.01193630948704408
0.889,-0.027,9.059906005859375e-06,0.9445615745996019,0.01193630948704408
0.929,0.017,0.05307459831237793,0.9113609038304218,0.012265041364763364
0.931,0.019,0.020081281661987305,0.9113609038304218,0.012265041364763364
0.911,-0.013,0.04288005828857422,0.9113609038304218,0.012265041364763364
0.914,-0.003,2.8371810913085938e-05,0.9113609038304218,0.012265041364763364
0.914,-0.003,0.04389214515686035,0.9323555601983589,0.009570177355133583
0.875,-0.03,1.049041748046875e-05,0.9323555601983589,0.009570177355133583
0.914,0.024,0.048018455505371094,0.9323555601983589,0.009570177355133583
0.886,-0.01,1.1444091796875e-05,0.9323555601983589,0.009570177355133583
0.917,0.025,0.04402279853820801,0.9078631079606303,0.008525779699949205
0.917,0.013,1.52587890625e-05,0.9078631079606303,0.008525779699949205
0.937,0.04,0.043946027755737305,0.9078631079606303,0.008525779699949205
0.898,-0.033,1.2636184692382812e-05,0.9078631079606303,0.008525779699949205
0.898,-0.033,5.9604644775390625e-06,0.9078631079606303,0.008525779699949205
0.922,-0.006,0.04393815994262695,0.9078631079606303,0.008525779699949205
0.936,0.039,9.775161743164062e-06,0.9078631079606303,0.008525779699949205
0.897,-0.018,0.013124704360961914,0.9386069985584564,0.007038564657765266
0.924,0.019,0.019980907440185547,0.9386069985584564,0.007038564657765266
0.913,0.023,0.04293251037597656,0.9386069985584564,0.007038564657765266
0.909,0.003,2.47955322265625e-05,0.9386069985584564,0.007038564657765266
0.92,0.012,0.04404091835021973,0.9302731854064041,0.004819401533998398
0.907,-0.009,2.193450927734375e-05,0.9302731854064041,0.004819401533998398
0.945,0.041,0.04396462440490723,0.9302731854064041,0.004819401533998398
0.897,-0.044,8.821487426757812e-06,0.9302731854064041,0.004819401533998398
0.914,-0.017,0.043886423110961914,0.9309547993332826,0.0037365215852258097
0.945,0.023,7.152557373046875e-06,0.9309547993332826,0.0037365215852258097
0.945,0.023,0.04803776741027832,0.9309547993332826,0.0037365215852258097
0.927,-0.001,1.2159347534179688e-05,0.9309547993332826,0.0037365215852258097
0.921,-0.016,1.0728836059570312e-05,0.9309547993332826,0.0037365215852258097
0.896,-0.046,0.04797792434692383,0.9153896305880509,0.003909918157612448
0.939,0.006,1.33514404296875e-05,0.9153896305880509,0.003909918157612448
0.933,0.009,0.009150266647338867,0.9153896305880509,0.003909918157612448
0.919,-0.023,0.019898653030395508,0.9153896305880509,0.003909918157612448
0.919,-0.023,0.042977333068847656,0.9153896305880509,0.003909918157612448
0.919,-0.023,1.0728836059570312e-05,0.9153896305880509,0.003909918157612448
0.92,-0.003,0.043931007385253906,0.9354183564934829,0.003168537208130801
0.927,0.014,1.4781951904296875e-05,0.9354183564934829,0.003168537208130801
0.896,-0.026,0.044054269790649414,0.9354183564934829,0.003168537208130801
0.923,0.01,4.6253204345703125e-05,0.9354183564934829,0.003168537208130801
0.946,0.036,0.04392838478088379,0.938572236805828,0.0013335307876490457
0.946,0.036,3.147125244140625e-05,0.938572236805828,0.0013335307876490457
0.954,0.046,0.043976783752441406,0.938572236805828,0.0013335307876490457
0.931,0.002,1.6927719116210938e-05,0.938572236805828,0.0013335307876490457
0.902,-0.03,0.04393720626831055,0.938572236805828,0.0013335307876490457
0.92,0.001,1.1682510375976562e-05,0.938572236805828,0.0013335307876490457
0.92,0.001,1.1920928955078125e-05,0.938572236805828,0.0013335307876490457
0.896,-0.04,0.04396939277648926,0.9359534298890145,0.001352462868848087
0.931,0.009,1.2159347534179688e-05,0.9359534298890145,0.001352462868848087
0.918,-0.01,0.013367414474487305,0.9359534298890145,0.001352462868848087
0.918,-0.01,0.01998305320739746,0.9359534298890145,0.001352462868848087
0.952,0.03,0.04279518127441406,0.9342683673815121,0.00048774587563555797
0.914,-0.017,3.838539123535156e-05,0.9342683673815121,0.00048774587563555797
0.914,-0.017,0.04381871223449707,0.9342683673815121,0.00048774587563555797
0.935,0.009,1.3589859008789062e-05,0.9342683673815121,0.00048774587563555797
0.935,0.009,0.04397726058959961,0.9493643342160311,0.000850745051333213
0.936,0.014,1.0013580322265625e-05,0.9493643342160311,0.000850745051333213
0.921,-0.008,0.04402279853820801,0.9493643342160311,0.000850745051333213
0.931,0.0,2.1457672119140625e-05,0.9493643342160311,0.000850745051333213
0.931,0.0,0.04397892951965332,0.9493643342160311,0.000850745051333213
0.916,-0.018,1.1682510375976562e-05,0.9493643342160311,0.000850745051333213
0.934,-0.004,0.04795551300048828,0.9328796188119861,0.0007167797832150248
0.934,-0.004,9.298324584960938e-06,0.9328796188119861,0.0007167797832150248
0.933,-0.01,1.1682510375976562e-05,0.9328796188119861,0.0007167797832150248
0.918,-0.036,0.04400062561035156,0.9328796188119861,0.0007167797832150248
0.918,-0.036,1.6927719116210938e-05,0.9328796188119861,0.0007167797832150248
0.963,0.037,0.009425878524780273,0.9328796188119861,0.0007167797832150248
0.919,-0.031,0.019681692123413086,0.9344921594554197,0.00028852560370379283
0.945,0.013,0.042873382568359375,0.9344921594554197,0.00028852560370379283
0.955,0.041,1.33514404296875e-05,0.9344921594554197,0.00028852560370379283
0.928,-0.016,0.04398465156555176,0.9344921594554197,0.00028852560370379283
0.943,0.01,1.0013580322265625e-05,0.9344921594554197,0.00028852560370379283
0.949,0.026,0.044052839279174805,0.9432524430712907,0.00017097485531596232
0.925,-0.007,1.8596649169921875e-05,0.9432524430712907,0.00017097485531596232
0.911,-0.033,0.047899484634399414,0.9432524430712907,0.00017097485531596232
0.911,-0.033,9.059906005859375e-06,0.9432524430712907,0.00017097485531596232
0.931,0.005,0.04403185844421387,0.9287079202418186,0.0010552153192678094
0.959,0.046,1.3828277587890625e-05,0.9287079202418186,0.0010552153192678094
0.901,-0.039,5.245208740234375e-06,0.9287079202418186,0.0010552153192678094
0.901,-0.039,0.04394102096557617,0.9287079202418186,0.0010552153192678094
0.943,0.028,1.0728836059570312e-05,0.9287079202418186,0.0010552153192678094
0.891,-0.047,0.01315927505493164,0.9287079202418186,0.0010552153192678094
0.914,-0.009,0.01992964744567871,0.9200203503377089,0.0007070590434288506
0.914,-0.009,0.04693436622619629,0.9200203503377089,0.0007070590434288506
0.879,-0.055,8.821487426757812e-06,0.9200203503377089,0.0007070590434288506
0.879,-0.055,0.043943166732788086,0.9032523488321238,0.008219135706399339
0.908,-0.001,9.775161743164062e-06,0.9032523488321238,0.008219135706399339
0.921,0.016,0.044074296951293945,0.9032523488321238,0.008219135706399339
0.896,-0.026,2.765655517578125e-05,0.9032523488321238,0.008219135706399339
0.902,-0.009,0.0440065860748291,0.9032523488321238,0.008219135706399339
0.928,0.033,2.8848648071289062e-05,0.9032523488321238,0.008219135706399339
0.876,-0.044,0.043871164321899414,0.9487288363758203,0.01454858233869001
0.876,-0.044,1.049041748046875e-05,0.9487288363758203,0.01454858233869001
0.92,0.039,6.198883056640625e-06,0.9487288363758203,0.01454858233869001
0.889,-0.006,0.044020891189575195,0.9487288363758203,0.01454858233869001
0.889,-0.006,2.3603439331054688e-05,0.9487288363758203,0.01454858233869001
0.889,-0.006,0.013243675231933594,0.9487288363758203,0.01454858233869001
0.912,0.011,0.019785404205322266,0.9124912343558348,0.008628231667960833
0.912,0.011,0.04296541213989258,0.9124912343558348,0.008628231667960833
0.901,-0.021,1.621246337890625e-05,0.9124912343558348,0.008628231667960833
0.909,-0.007,0.04392051696777344,0.9124912343558348,0.008628231667960833
0.903,0.003,8.821487426757812e-06,0.9124912343558348,0.008628231667960833
0.89,-0.019,0.04798293113708496,0.9298015902404811,0.0007713043731588114
0.897,0.004,6.198883056640625e-06,0.9298015902404811,0.0007713043731588114
0.913,0.022,0.04400968551635742,0.9298015902404811,0.0007713043731588114
0.901,-0.013,9.775161743164062e-06,0.9298015902404811,0.0007713043731588114
0.885,-0.023,0.04401969909667969,0.9195381549824624,-0.0015808663133783918
0.905,0.0,1.6689300537109375e-05,0.9195381549824624,-0.0015808663133783918
0.935,0.036,1.7642974853515625e-05,0.9195381549824624,-0.0015808663133783918
0.886,-0.035,0.047968149185180664,0.9195381549824624,-0.0015808663133783918
0.912,-0.002,3.170967102050781e-05,0.9195381549824624,-0.0015808663133783918
0.943,0.037,0.009023189544677734,0.9195381549824624,-0.0015808663133783918
0.879,-0.039,0.020023107528686523,0.9072094615926806,0.00039511388176857065
0.92,0.003,0.04291701316833496,0.9072094615926806,0.00039511388176857065
0.916,0.007,2.0503997802734375e-05,0.9072094615926806,0.00039511388176857065
0.907,-0.006,0.09194016456604004,0.9393761923289573,0.006362065342992417
0.922,0.026,1.33514404296875e-05,0.9393761923289573,0.006362065342992417
0.927,0.026,0.04406595230102539,0.9393761923289573,0.006362065342992417
0.906,-0.011,3.0994415283203125e-05,0.9393761923289573,0.006362065342992417
0.917,0.007,0.04405856132507324,0.9226415811735339,-0.005001470683270883
0.917,0.007,3.0040740966796875e-05,0.9226415811735339,-0.005001470683270883
0.912,-0.021,1.2636184692382812e-05,0.9226415811735339,-0.005001470683270883
0.92,-0.003,0.04383540153503418,0.9226415811735339,-0.005001470683270883
0.94,0.025,1.3113021850585938e-05,0.9226415811735339,-0.005001470683270883
0.914,-0.003,0.013085603713989258,0.9226415811735339,-0.005001470683270883
0.902,-0.028,0.020004749298095703,0.9334745816554907,-0.008768536094114926
0.902,-0.028,0.04296159744262695,0.9334745816554907,-0.008768536094114926
0.924,0.012,3.457069396972656e-05,0.9334745816554907,-0.008768536094114926
0.916,-0.011,0.043847084045410156,0.9174451012084427,-0.009515644910597034
0.916,-0.011,9.298324584960938e-06,0.9174451012084427,-0.009515644910597034
0.933,0.012,0.04404163360595703,0.9174451012084427,-0.009515644910597034
0.933,0.012,1.4781951904296875e-05,0.9174451012084427,-0.009515644910597034
0.892,-0.057,0.04397416114807129,0.9174451012084427,-0.009515644910597034
0.948,0.038,1.3113021850585938e-05,0.9174451012084427,-0.009515644910597034
0.902,-0.028,0.04797863960266113,0.9571011180670818,-0.01163205166245546
0.902,-0.028,1.1682510375976562e-05,0.9571011180670818,-0.01163205166245546
0.879,-0.045,7.62939453125e-06,0.9571011180670818,-0.01163205166245546
0.913,-0.009,0.04398298263549805,0.9571011180670818,-0.01163205166245546
0.934,0.034,1.2159347534179688e-05,0.9571011180670818,-0.01163205166245546
0.882,-0.062,0.013055801391601562,0.9571011180670818,-0.01163205166245546
0.882,-0.062,0.02000904083251953,0.9264488776187401,-0.011389270331968588
0.943,0.026,0.04298520088195801,0.9264488776187401,-0.011389270331968588
0.941,0.009,2.0742416381835938e-05,0.9264488776187401,-0.011389270331968588
0.941,0.009,0.04389309883117676,0.952820495744947,-0.011824450355046926
0.949,0.02,6.9141387939453125e-06,0.952820495744947,-0.011824450355046926
0.949,0.02,0.04399251937866211,0.952820495744947,-0.011824450355046926
0.908,-0.031,2.4557113647460938e-05,0.952820495744947,-0.011824450355046926
0.917,-0.007,0.04420828819274902,0.952820495744947,-0.011824450355046926
0.958,0.025,4.744529724121094e-05,0.952820495744947,-0.011824450355046926
0.916,-0.026,0.04374575614929199,0.966306272321398,-0.010450033846632387
0.927,-0.021,1.430511474609375e-05,0.966306272321398,-0.010450033846632387
0.966,0.031,0.04799222946166992,0.966306272321398,-0.010450033846632387
0.966,0.031,9.298324584960938e-06,0.966306272321398,-0.010450033846632387
0.934,-0.011,9.775161743164062e-06,0.966306272321398,-0.010450033846632387
0.953,0.019,0.04799056053161621,0.9730410960451763,-0.010895420687470892
0.91,-0.046,1.1920928955078125e-05,0.9730410960451763,-0.010895420687470892
0.91,-0.046,0.005238056182861328,0.9730410960451763,-0.010895420687470892
0.941,-0.014,0.020006418228149414,0.9730410960451763,-0.010895420687470892
0.937,-0.016,0.04669451713562012,0.9242710396829599,-0.010234430684288394
0.937,-0.016,1.3828277587890625e-05,0.9242710396829599,-0.010234430684288394
0.948,-0.017,0.04407382011413574,0.9242710396829599,-0.010234430684288394
0.951,-0.008,3.0279159545898438e-05,0.9242710396829599,-0.010234430684288394
0.984,0.014,0.04389691352844238,0.9242710396829599,-0.010234430684288394
0.916,-0.053,9.059906005859375e-06,0.9242710396829599,-0.010234430684288394
0.916,-0.053,0.04398465156555176,0.9291460296957201,-0.011010134435874272
0.941,-0.015,7.62939453125e-06,0.9291460296957201,-0.011010134435874272
0.931,-0.013,0.044135332107543945,0.9291460296957201,-0.011010134435874272
0.949,0.012,2.193450927734375e-05,0.9291460296957201,-0.011010134435874272
0.926,-0.017,8.106231689453125e-06,0.9291460296957201,-0.011010134435874272
0.914,-0.03,0.043871402740478516,0.9581428932853323,-0.010071969582590748
0.952,0.028,8.106231689453125e-06,0.9581428932853323,-0.010071969582590748
0.921,-0.012,0.013047933578491211,0.9581428932853323,-0.010071969582590748
0.908,-0.037,0.02019500732421875,0.9581428932853323,-0.010071969582590748
0.951,0.023,0.0426945686340332,0.9581428932853323,-0.010071969582590748
0.913,-0.028,8.58306884765625e-06,0.9581428932853323,-0.010071969582590748
0.942,0.016,0.04413962364196777,0.9333562306415683,-0.010281657574656912
0.942,0.016,2.8848648071289062e-05,0.9333562306415683,-0.010281657574656912
0.953,0.03,0.04796242713928223,0.9333562306415683,-0.010281657574656912
0.933,-0.005,3.4332275390625e-05,0.9333562306415683,-0.010281657574656912
0.924,-0.013,0.043897390365600586,0.9440596355178236,-0.009272985088928761
0.929,-0.008,1.6689300537109375e-05,0.9440596355178236,-0.009272985088928761
0.933,-0.001,0.04398846626281738,0.9440596355178236,-0.009272985088928761
0.915,-0.023,2.288818359375e-05,0.9440596355178236,-0.009272985088928761
0.915,-0.023,1.239776611328125e-05,0.9440596355178236,-0.009272985088928761
0.937,0.013,0.04391145706176758,0.9279784041657302,-0.010379877529277954
0.912,-0.01,1.1920928955078125e-05,0.9279784041657302,-0.010379877529277954
0.912,-0.022,0.013051271438598633,0.9279784041657302,-0.010379877529277954
0.939,0.016,0.020123004913330078,0.9279784041657302,-0.010379877529277954
0.935,0.023,0.09081721305847168,0.9249661681489858,-0.011319947450853556
0.918,0.008,1.0251998901367188e-05,0.9249661681489858,-0.011319947450853556
0.907,-0.029,0.04802989959716797,0.9249661681489858,-0.011319947450853556
0.924,0.008,2.0742416381835938e-05,0.9249661681489858,-0.011319947450853556
0.924,0.009,0.0479733943939209,0.9355313114700632,-0.01057676287591042
0.917,-0.016,1.4781951904296875e-05,0.9355313114700632,-0.01057676287591042
0.921,0.003,5.9604644775390625e-06,0.9355313114700632,-0.01057676287591042
0.921,0.003,0.04806709289550781,0.9355313114700632,-0.01057676287591042
0.929,0.003,2.9087066650390625e-05,0.9355313114700632,-0.01057676287591042
0.948,0.035,0.004944562911987305,0.9355313114700632,-0.01057676287591042
0.948,0.035,0.0199434757232666,0.9328034325902226,-0.010680489418869232
0.921,-0.019,0.04302334785461426,0.9328034325902226,-0.010680489418869232
0.951,0.028,2.8371810913085938e-05,0.9328034325902226,-0.010680489418869232
0.901,-0.043,0.04388260841369629,0.9563792321533001,-0.0204994016607232
0.932,-0.013,6.9141387939453125e-06,0.9563792321533001,-0.0204994016607232
0.961,0.039,0.04811239242553711,0.9563792321533001,-0.0204994016607232
0.912,-0.044,2.5987625122070312e-05,0.9563792321533001,-0.0204994016607232
0.935,0.0,0.043871164321899414,0.9563792321533001,-0.0204994016607232
0.951,0.023,9.298324584960938e-06,0.9563792321533001,-0.0204994016607232
0.939,0.0,0.043979644775390625,0.9562601259678686,-0.02078630255343912
0.909,-0.027,7.3909759521484375e-06,0.9562601259678686,-0.02078630255343912
0.918,-0.02,8.821487426757812e-06,0.9562601259678686,-0.02078630255343912
0.918,-0.02,0.04400205612182617,0.9562601259678686,-0.02078630255343912
0.917,-0.033,1.430511474609375e-05,0.9562601259678686,-0.02078630255343912
0.933,-0.017,0.013127803802490234,0.9562601259678686,-0.02078630255343912
0.954,0.013,0.019953250885009766,0.9282488719651942,-0.016686985209074585
0.931,-0.011,0.046976327896118164,0.9282488719651942,-0.016686985209074585
0.931,-0.011,2.8848648071289062e-05,0.9282488719651942,-0.016686985209074585
0.929,-0.033,0.04799032211303711,0.9399003833385637,-0.015342608050087678
0.956,0.028,3.1948089599609375e-05,0.9399003833385637,-0.015342608050087678
0.956,0.014,0.0479130744934082,0.9399003833385637,-0.015342608050087678
0.916,-0.034,2.002716064453125e-05,0.9399003833385637,-0.015342608050087678
0.943,0.008,8.106231689453125e-06,0.9399003833385637,-0.015342608050087678
0.945,0.0,0.04390287399291992,0.952424120575037,-0.014221500506380165
0.945,0.0,6.9141387939453125e-06,0.952424120575037,-0.014221500506380165
0.902,-0.067,0.013088703155517578,0.952424120575037,-0.014221500506380165
0.902,-0.067,0.020458221435546875,0.952424120575037,-0.014221500506380165
0.932,-0.016,0.042491912841796875,0.952424120575037,-0.014221500506380165
0.915,-0.049,2.0265579223632812e-05,0.952424120575037,-0.014221500506380165
0.915,-0.049,0.04405474662780762,0.9414690331911685,-0.011687824649422692
0.907,-0.051,3.886222839355469e-05,0.9414690331911685,-0.011687824649422692
0.945,-0.005,0.047911882400512695,0.9414690331911685,-0.011687824649422692
0.913,-0.03,2.574920654296875e-05,0.9414690331911685,-0.011687824649422692
0.933,-0.004,0.043942928314208984,0.9252016965739914,-0.009390596406546414
0.927,-0.022,1.0251998901367188e-05,0.9252016965739914,-0.009390596406546414
0.91,-0.034,0.04396772384643555,0.9252016965739914,-0.009390596406546414
0.91,-0.034,8.106231689453125e-06,0.9252016965739914,-0.009390596406546414
0.924,-0.007,4.5299530029296875e-06,0.9252016965739914,-0.009390596406546414
0.931,0.001,0.05710744857788086,0.935084126910486,-0.007723239696700291
0.931,0.022,0.019969463348388672,0.935084126910486,-0.007723239696700291
0.915,-0.005,0.04302978515625,0.935084126910486,-0.007723239696700291
0.901,-0.046,2.8371810913085938e-05,0.935084126910486,-0.007723239696700291
0.935,0.018,0.04387021064758301,0.9274968980975615,-0.005983543141086313
0.933,0.004,8.821487426757812e-06,0.9274968980975615,-0.005983543141086313
0.933,0.004,0.04398989677429199,0.9274968980975615,-0.005983543141086313
0.932,0.013,8.344650268554688e-06,0.9274968980975615,-0.005983543141086313
0.932,0.013,0.04405784606933594,0.9437200207939658,-0.003301510868136769
0.897,-0.037,2.1696090698242188e-05,0.9437200207939658,-0.003301510868136769
0.897,-0.037,0.043982505798339844,0.9437200207939658,-0.003301510868136769
0.925,0.0,1.7881393432617188e-05,0.9437200207939658,-0.003301510868136769
0.929,0.019,0.04390692710876465,0.9437200207939658,-0.003301510868136769
0.929,0.019,1.0967254638671875e-05,0.9437200207939658,-0.003301510868136769
0.957,0.053,1.3113021850585938e-05,0.9437200207939658,-0.003301510868136769
0.912,-0.027,0.04397082328796387,0.9406267112253571,-0.001160216860608373
0.934,-0.01,1.0967254638671875e-05,0.9406267112253571,-0.001160216860608373
0.94,0.017,0.013494253158569336,0.9406267112253571,-0.001160216860608373
0.935,-0.01,0.01970672607421875,0.9406267112253571,-0.001160216860608373
0.935,-0.01,0.04279804229736328,0.9506349134644803,0.00040773333041580064
0.924,-0.019,1.4781951904296875e-05,0.9506349134644803,0.00040773333041580064
0.924,-0.019,0.04400944709777832,0.9506349134644803,0.00040773333041580064
0.961,0.035,1.7404556274414062e-05,0.9506349134644803,0.00040773333041580064
0.961,0.035,0.0439455509185791,0.9368669834793052,0.0018674087529937473
0.937,0.003,8.58306884765625e-06,0.9368669834793052,0.0018674087529937473
0.951,0.019,0.04407167434692383,0.9368669834793052,0.0018674087529937473
0.899,-0.041,1.5497207641601562e-05,0.9368669834793052,0.0018674087529937473
0.93,-0.014,0.04390311241149902,0.9368669834793052,0.0018674087529937473
0.937,0.019,8.58306884765625e-06,0.9368669834793052,0.0018674087529937473
0.937,0.019,0.043976545333862305,0.9477449259882061,0.0006285856946414193
0.927,-0.005,8.106231689453125e-06,0.9477449259882061,0.0006285856946414193
0.947,0.027,1.049041748046875e-05,0.9477449259882061,0.0006285856946414193
0.966,0.047,0.044060707092285156,0.9477449259882061,0.0006285856946414193
0.966,0.047,2.765655517578125e-05,0.9477449259882061,0.0006285856946414193
0.935,0.003,0.013077974319458008,0.9477449259882061,0.0006285856946414193
0.962,0.024,0.019929885864257812,0.9735890352625576,0.003173866889263523
0.962,0.024,0.04299640655517578,0.9735890352625576,0.003173866889263523
0.936,0.005,1.7881393432617188e-05,0.9735890352625576,0.003173866889263523
0.977,0.03,0.04390263557434082,0.9735890352625576,0.003173866889263523
0.977,0.03,8.821487426757812e-06,0.9735890352625576,0.003173866889263523
0.917,-0.043,0.043975114822387695,0.9696090233594321,0.001790190155513302
0.917,-0.043,9.5367431640625e-06,0.9696090233594321,0.001790190155513302
0.962,0.017,0.04801154136657715,0.9696090233594321,0.001790190155513302
0.965,0.018,1.1682510375976562e-05,0.9696090233594321,0.001790190155513302
0.935,-0.037,0.04399275779724121,0.9726406938191784,0.003658923300754708
0.935,-0.037,1.4543533325195312e-05,0.9726406938191784,0.003658923300754708
0.971,0.021,6.4373016357421875e-06,0.9726406938191784,0.003658923300754708
0.937,-0.039,0.04397296905517578,0.9726406938191784,0.003658923300754708
0.962,-0.003,1.5735626220703125e-05,0.9726406938191784,0.003658923300754708
0.981,0.027,0.01305532455444336,0.9726406938191784,0.003658923300754708
0.941,-0.029,0.02006363868713379,0.9476471960315076,0.0027136531576575037
0.964,-0.005,0.043025970458984375,0.9476471960315076,0.0027136531576575037
0.993,0.035,2.3365020751953125e-05,0.9476471960315076,0.0027136531576575037
0.993,0.035,0.04378771781921387,0.9969515248139712,0.0036408049975443666
0.953,-0.015,9.059906005859375e-06,0.9969515248139712,0.0036408049975443666
0.95,-0.01,0.04409217834472656,0.9969515248139712,0.0036408049975443666
0.95,-0.01,1.7881393432617188e-05,0.9969515248139712,0.0036408049975443666
0.953,0.006,0.04810833930969238,0.9969515248139712,0.0036408049975443666
0.978,0.033,1.6689300537109375e-05,0.9969515248139712,0.0036408049975443666
0.946,-0.021,0.04376387596130371,0.9616173090143638,0.003177267738647994
0.946,-0.021,1.3589859008789062e-05,0.9616173090143638,0.003177267738647994
0.948,-0.031,7.152557373046875e-06,0.9616173090143638,0.003177267738647994
0.948,-0.031,0.043990373611450195,0.9616173090143638,0.003177267738647994
0.978,0.023,3.0040740966796875e-05,0.9616173090143638,0.003177267738647994
0.967,0.012,0.01304173469543457,0.9616173090143638,0.003177267738647994
0.941,-0.03,0.019984006881713867,0.9839425285414357,0.004457190858076487
0.941,-0.03,0.043065547943115234,0.9839425285414357,0.004457190858076487
0.969,0.022,2.9802322387695312e-05,0.9839425285414357,0.004457190858076487
0.957,-0.023,0.04385113716125488,0.9839425285414357,0.004457190858076487
0.957,-0.023,1.71661376953125e-05,0.9839425285414357,0.004457190858076487
0.99,0.031,0.04395937919616699,0.9658550986034657,0.005874530419167945
0.958,-0.038,1.0728836059570312e-05,0.9658550986034657,0.005874530419167945
0.975,0.006,0.04400992393493652,0.9658550986034657,0.005874530419167945
0.996,0.025,1.049041748046875e-05,0.9658550986034657,0.005874530419167945
0.981,0.014,0.044042110443115234,0.9994620489204565,0.004301332044695318
0.963,-0.013,1.33514404296875e-05,0.9994620489204565,0.004301332044695318
0.963,-0.013,0.04406476020812988,0.9994620489204565,0.004301332044695318
0.984,0.03,2.193450927734375e-05,0.9994620489204565,0.004301332044695318
0.965,-0.017,1.0728836059570312e-05,0.9994620489204565,0.004301332044695318
0.958,-0.021,0.04382681846618652,0.9891792608968956,0.0055898619683819595
0.958,-0.021,9.298324584960938e-06,0.9891792608968956,0.0055898619683819595
0.98,0.025,0.013051033020019531,0.9891792608968956,0.0055898619683819595
0.98,0.025,0.020043134689331055,0.9891792608968956,0.0055898619683819595
0.958,-0.017,0.04288911819458008,0.9891792608968956,0.0055898619683819595
0.994,0.029,1.0967254638671875e-05,0.9891792608968956,0.0055898619683819595
0.986,0.025,0.04413604736328125,0.9661326741026984,0.003788592630969952
0.957,-0.014,2.384185791015625e-05,0.9661326741026984,0.003788592630969952
0.978,0.003,0.043883323669433594,0.9661326741026984,0.003788592630969952
0.978,0.02,1.621246337890625e-05,0.9661326741026984,0.003788592630969952
0.978,0.02,0.04397749900817871,0.9832647859038853,0.00298145173649734
0.964,-0.006,1.0967254638671875e-05,0.9832647859038853,0.00298145173649734
0.971,0.029,0.044103384017944336,0.9832647859038853,0.00298145173649734
0.952,-0.026,1.7404556274414062e-05,0.9832647859038853,0.00298145173649734
0.967,0.0,0.043877363204956055,0.9737712829967708,0.0035741625057327253
0.985,0.021,1.6450881958007812e-05,0.9737712829967708,0.0035741625057327253
0.985,0.021,5.245208740234375e-06,0.9737712829967708,0.0035741625057327253
0.954,-0.028,0.04399561882019043,0.9737712829967708,0.0035741625057327253
0.954,-0.028,4.267692565917969e-05,0.9737712829967708,0.0035741625057327253
0.987,0.011,0.01302027702331543,0.9737712829967708,0.0035741625057327253
0.987,0.011,0.02002573013305664,0.9737712829967708,0.0035741625057327253
0.971,0.003,0.04285073280334473,0.9915933083912517,0.00491486785311588
0.971,0.003,1.0728836059570312e-05,0.9915933083912517,0.00491486785311588
0.98,0.018,0.04405498504638672,0.9915933083912517,0.00491486785311588
0.961,-0.02,2.5272369384765625e-05,0.9915933083912517,0.00491486785311588
0.961,-0.02,0.043979644775390625,0.9850681371826931,0.003912980688960021
0.982,0.01,1.5735626220703125e-05,0.9850681371826931,0.003912980688960021
1.007,0.031,0.044095516204833984,0.9850681371826931,0.003912980688960021
0.959,-0.044,3.218650817871094e-05,0.9850681371826931,0.003912980688960021
0.974,-0.009,0.043813228607177734,0.9665535839135039,0.003947124607242765
0.992,0.019,8.106231689453125e-06,0.9665535839135039,0.003947124607242765
0.957,-0.02,0.04410076141357422,0.9665535839135039,0.003947124607242765
0.98,0.006,2.8848648071289062e-05,0.9665535839135039,0.003947124607242765
0.987,0.023,1.7404556274414062e-05,0.9665535839135039,0.003947124607242765
0.959,-0.015,0.043898820877075195,0.9665535839135039,0.003947124607242765
0.959,-0.015,1.7881393432617188e-05,0.9665535839135039,0.003947124607242765
0.968,0.013,0.013050317764282227,0.9665976638620519,0.003852685626628568
0.983,0.028,0.020160913467407227,0.9665976638620519,0.003852685626628568
0.935,-0.036,0.042710304260253906,0.9665976638620519,0.003852685626628568
0.963,0.006,9.775161743164062e-06,0.9665976638620519,0.003852685626628568
0.987,0.035,0.04396772384643555,0.9453641402466981,0.0028679469905967766
0.987,0.035,7.62939453125e-06,0.9453641402466981,0.0028679469905967766
0.968,0.009,0.044064998626708984,0.9453641402466981,0.0028679469905967766
0.968,0.009,2.2172927856445312e-05,0.9453641402466981,0.0028679469905967766
0.981,0.029,0.04391956329345703,0.9744785398344905,0.0038890018224218797
0.946,-0.013,1.049041748046875e-05,0.9744785398344905,0.0038890018224218797
0.957,-0.011,0.048131465911865234,0.9744785398344905,0.0038890018224218797
0.969,0.028,4.363059997558594e-05,0.9744785398344905,0.0038890018224218797
0.98,0.037,1.71661376953125e-05,0.9744785398344905,0.0038890018224218797
0.933,-0.033,0.04776597023010254,0.9437394267217767,0.0036040493037953277
0.952,-0.004,8.821487426757812e-06,0.9437394267217767,0.0036040493037953277
0.975,0.033,0.009119033813476562,0.9437394267217767,0.0036040493037953277
0.975,0.033,0.020016908645629883,0.9437394267217767,0.0036040493037953277
0.95,-0.005,0.04289698600769043,0.9437394267217767,0.0036040493037953277
0.95,-0.005,1.5497207641601562e-05,0.9437394267217767,0.0036040493037953277
0.902,-0.045,0.04791760444641113,0.9587474759509091,0.004239804731476859
0.902,-0.045,5.7220458984375e-06,0.9587474759509091,0.004239804731476859
0.942,0.025,0.04409503936767578,0.9587474759509091,0.004239804731476859
0.942,0.025,1.5497207641601562e-05,0.9587474759509091,0.004239804731476859
0.916,-0.026,0.04398965835571289,0.9517074035809037,0.00407832426285501
0.928,-0.001,1.621246337890625e-05,0.9517074035809037,0.00407832426285501
0.959,0.032,0.043921709060668945,0.9517074035809037,0.00407832426285501
0.959,0.032,8.58306884765625e-06,0.9517074035809037,0.00407832426285501
0.944,0.014,9.059906005859375e-06,0.9517074035809037,0.00407832426285501
0.944,0.014,0.048024892807006836,0.9534982612574057,0.004496479144561328
0.954,0.026,1.8358230590820312e-05,0.9534982612574057,0.004496479144561328
0.916,-0.029,0.009038209915161133,0.9534982612574057,0.004496479144561328
0.93,-0.008,0.02001357078552246,0.9534982612574057,0.004496479144561328
0.964,0.025,0.04297208786010742,0.9534982612574057,0.004496479144561328
0.964,0.025,2.384185791015625e-05,0.9534982612574057,0.004496479144561328
0.943,-0.007,0.04796767234802246,0.9710939694007306,0.004616596463790781
0.943,-0.007,3.0279159545898438e-05,0.9710939694007306,0.004616596463790781
0.942,0.0,0.04398632049560547,0.9710939694007306,0.004616596463790781
0.953,0.008,2.7179718017578125e-05,0.9710939694007306,0.004616596463790781
0.931,-0.024,0.04387164115905762,0.9520724110517298,0.006014860884421705
0.95,-0.005,8.58306884765625e-06,0.9520724110517298,0.006014860884421705
0.975,0.021,0.048158884048461914,0.9520724110517298,0.006014860884421705
0.922,-0.043,3.075599670410156e-05,0.9520724110517298,0.006014860884421705
0.949,-0.012,2.1696090698242188e-05,0.9520724110517298,0.006014860884421705
0.948,-0.007,0.04376363754272461,0.9572759308501972,0.006285137271254545
0.971,0.02,8.106231689453125e-06,0.9572759308501972,0.006285137271254545
0.954,-0.001,0.00926351547241211,0.9572759308501972,0.006285137271254545
0.956,0.0,0.020781993865966797,0.9572759308501972,0.006285137271254545
0.969,0.025,0.04198932647705078,0.9572759308501972,0.006285137271254545
0.969,0.025,8.821487426757812e-06,0.9572759308501972,0.006285137271254545
0.939,-0.005,0.04398322105407715,0.9758724011453331,0.007400716951094362
0.937,-0.005,1.239776611328125e-05,0.9758724011453331,0.007400716951094362
0.937,-0.005,0.044023990631103516,0.9758724011453331,0.007400716951094362
0.934,-0.02,2.2172927856445312e-05,0.9758724011453331,0.007400716951094362
0.951,-0.002,0.043941497802734375,0.9481227984226882,0.007875916419907458
0.951,-0.003,1.1682510375976562e-05,0.9481227984226882,0.007875916419907458
0.954,0.004,0.04399538040161133,0.9481227984226882,0.007875916419907458
0.954,0.004,1.5735626220703125e-05,0.9481227984226882,0.007875916419907458
0.978,0.029,0.0439603328704834,0.9481227984226882,0.007875916419907458
0.963,0.022,8.344650268554688e-06,0.9481227984226882,0.007875916419907458
0.937,-0.011,3.337860107421875e-06,0.9481227984226882,0.007875916419907458
0.937,-0.011,0.04403185844421387,0.9710500864864406,0.008178759662071168
0.97,0.04,1.9788742065429688e-05,0.9710500864864406,0.008178759662071168
0.97,0.04,0.015928268432617188,0.9710500864864406,0.008178759662071168
0.951,-0.005,0.01730060577392578,0.9710500864864406,0.008178759662071168
0.948,-0.007,0.04272961616516113,0.9775329331999887,0.00947888252485656
0.968,0.032,8.58306884765625e-06,0.9775329331999887,0.00947888252485656
0.944,-0.02,0.04404902458190918,0.9775329331999887,0.00947888252485656
0.956,-0.003,2.6702880859375e-05,0.9775329331999887,0.00947888252485656
0.956,-0.003,0.04390525817871094,0.9775329331999887,0.00947888252485656
0.977,0.018,9.5367431640625e-06,0.9775329331999887,0.00947888252485656
0.956,-0.021,0.04402351379394531,0.9654910928577716,0.010391028917071953
0.961,-0.001,1.4066696166992188e-05,0.9654910928577716,0.010391028917071953
0.975,0.013,0.048029184341430664,0.9654910928577716,0.010391028917071953
0.944,-0.021,2.5987625122070312e-05,0.9654910928577716,0.010391028917071953
0.953,-0.009,2.0742416381835938e-05,0.9654910928577716,0.010391028917071953
0.957,0.0,0.04386639595031738,0.9551676984791834,0.010412430738947027
0.963,0.024,9.775161743164062e-06,0.9551676984791834,0.010412430738947027
0.944,-0.009,0.013153076171875,0.9551676984791834,0.010412430738947027
0.956,0.006,0.020018339157104492,0.9551676984791834,0.010412430738947027
0.966,0.021,0.042819976806640625,0.9554990094252441,0.011289025517790739
0.952,0.0,9.059906005859375e-06,0.9554990094252441,0.011289025517790739
0.958,0.027,0.04407548904418945,0.9554990094252441,0.011289025517790739
0.956,0.01,2.6702880859375e-05,0.9554990094252441,0.011289025517790739
0.936,-0.012,0.043915510177612305,0.9489434034838129,0.013077058785622014
0.936,-0.012,1.2874603271484375e-05,0.9489434034838129,0.013077058785622014
0.905,-0.038,0.04396986961364746,0.9489434034838129,0.013077058785622014
0.979,0.051,1.0967254638671875e-05,0.9489434034838129,0.013077058785622014
0.979,0.051,0.04408097267150879,0.9489434034838129,0.013077058785622014
0.96,0.013,3.0994415283203125e-05,0.9489434034838129,0.013077058785622014
0.96,0.013,0.04389786720275879,0.9874397653415132,0.015222948258375469
0.936,0.0,1.5735626220703125e-05,0.9874397653415132,0.015222948258375469
0.92,-0.029,1.5974044799804688e-05,0.9874397653415132,0.015222948258375469
0.946,0.004,0.04399275779724121,0.9874397653415132,0.015222948258375469
0.939,0.003,2.384185791015625e-05,0.9874397653415132,0.015222948258375469
0.916,-0.036,0.012977361679077148,0.9874397653415132,0.015222948258375469
0.96,0.021,0.020106077194213867,0.9528952633019874,0.016274948733976054
0.986,0.049,0.04285144805908203,0.9528952633019874,0.016274948733976054
0.937,-0.032,8.58306884765625e-06,0.9528952633019874,0.016274948733976054
0.936,-0.015,0.043982744216918945,0.9502107021298809,0.01641663256203477
0.973,0.034,1.1444091796875e-05,0.9502107021298809,0.01641663256203477
0.946,-0.002,0.04402351379394531,0.9502107021298809,0.01641663256203477
0.937,-0.003,1.4781951904296875e-05,0.9502107021298809,0.01641663256203477
0.959,0.029,0.04393815994262695,0.9502107021298809,0.01641663256203477
0.929,-0.007,1.0967254638671875e-05,0.9502107021298809,0.01641663256203477
0.945,0.006,0.043975830078125,0.970985291133212,0.017600251277616788
0.966,0.044,1.1682510375976562e-05,0.970985291133212,0.017600251277616788
0.96,0.035,0.04413723945617676,0.970985291133212,0.017600251277616788
0.96,0.035,2.956390380859375e-05,0.970985291133212,0.017600251277616788
0.95,0.011,2.9087066650390625e-05,0.970985291133212,0.017600251277616788
0.95,0.011,0.04782223701477051,0.9628596671381834,0.016257687682335906
0.954,0.019,9.298324584960938e-06,0.9628596671381834,0.016257687682335906
0.954,0.019,0.009057998657226562,0.9628596671381834,0.016257687682335906
0.95,0.001,0.020056486129760742,0.9628596671381834,0.016257687682335906
0.96,0.018,0.042876482009887695,0.9628596671381834,0.016257687682335906
0.952,0.0,9.5367431640625e-06,0.9628596671381834,0.016257687682335906
0.95,0.007,0.04396796226501465,0.9726211606650145,0.017721865189661897
0.969,0.024,8.344650268554688e-06,0.9726211606650145,0.017721865189661897
0.978,0.052,0.04410243034362793,0.9726211606650145,0.017721865189661897
0.935,-0.026,4.2438507080078125e-05,0.9726211606650145,0.017721865189661897
0.95,0.005,0.043839216232299805,0.9879426443854199,0.016360767430981877
0.974,0.036,7.3909759521484375e-06,0.9879426443854199,0.016360767430981877
0.974,0.036,0.04401445388793945,0.9879426443854199,0.016360767430981877
0.958,0.001,9.5367431640625e-06,0.9879426443854199,0.016360767430981877
0.972,0.025,0.044091224670410156,0.9712249836329704,0.017759920887282468
0.965,0.006,2.47955322265625e-05,0.9712249836329704,0.017759920887282468
0.965,0.008,2.5033950805664062e-05,0.9712249836329704,0.017759920887282468
0.978,0.016,0.047899484634399414,0.9712249836329704,0.017759920887282468
0.991,0.047,1.6450881958007812e-05,0.9712249836329704,0.017759920887282468
0.928,-0.048,0.009051799774169922,0.9712249836329704,0.017759920887282468
0.928,-0.048,0.020116567611694336,0.9712249836329704,0.017759920887282468
