#v_mps,w_radps,dt_s,cmd_v,cmd_w
-0.061,0.075,1.0967254638671875e-05,-0.4087899725439075,0.21226386210638307
-0.08,0.09,1.0967254638671875e-05,-0.4087899725439075,0.21226386210638307
-0.115,0.112,0.012247085571289062,-0.4087899725439075,0.21226386210638307
-0.115,0.112,0.019993066787719727,-0.4087899725439075,0.21226386210638307
-0.153,0.139,0.04385662078857422,-0.3922102600664664,0.2137192298664755
-0.204,0.138,2.3126602172851562e-05,-0.3922102600664664,0.2137192298664755
-0.207,0.185,0.0439457893371582,-0.3922102600664664,0.2137192298664755
-0.232,0.211,1.8358230590820312e-05,-0.3922102600664664,0.2137192298664755
-0.304,0.159,0.04392647743225098,-0.4541624233268737,0.20691131951921177
-0.325,0.17,1.5497207641601562e-05,-0.4541624233268737,0.20691131951921177
-0.325,0.17,0.044002532958984375,-0.4040445733610023,0.21409467366030405
-0.363,0.221,2.09808349609375e-05,-0.4040445733610023,0.21409467366030405
-0.376,0.207,0.044034481048583984,-0.4040445733610023,0.21409467366030405
-0.404,0.162,2.2649765014648438e-05,-0.4040445733610023,0.21409467366030405
-0.404,0.162,0.0439610481262207,-0.35244881471116163,0.2504799284571646
-0.432,0.188,2.2649765014648438e-05,-0.35244881471116163,0.2504799284571646
-0.44,0.155,2.2411346435546875e-05,-0.35244881471116163,0.2504799284571646
-0.463,0.13,0.043946027755737305,-0.3318896838322929,0.20236408084619517
-0.423,0.218,3.981590270996094e-05,-0.3318896838322929,0.20236408084619517
-0.357,0.262,0.01230764389038086,-0.3318896838322929,0.20236408084619517
-0.34,0.293,0.01963353157043457,-0.3318896838322929,0.20236408084619517
-0.398,0.22,0.0440065860748291,-0.2772146104447729,0.19627602292900834
-0.404,0.222,2.1457672119140625e-05,-0.2772146104447729,0.19627602292900834
-0.365,0.27,0.043944597244262695,-0.2772146104447729,0.19627602292900834
-0.365,0.27,1.9550323486328125e-05,-0.2772146104447729,0.19627602292900834
-0.33,0.291,0.048018693923950195,-0.2820278915648043,0.199602235227143
-0.33,0.291,1.8835067749023438e-05,-0.2820278915648043,0.199602235227143
-0.317,0.251,0.04394721984863281,-0.26202742313514266,0.18619996781879183
-0.317,0.251,1.3828277587890625e-05,-0.26202742313514266,0.18619996781879183
-0.279,0.241,0.04395246505737305,-0.26202742313514266,0.18619996781879183
-0.275,0.223,1.4543533325195312e-05,-0.26202742313514266,0.18619996781879183
-0.267,0.203,1.7642974853515625e-05,-0.26202742313514266,0.18619996781879183
-0.261,0.187,0.047957420349121094,-0.24395840420006845,0.17382722820429583
-0.248,0.192,9.059906005859375e-06,-0.24395840420006845,0.17382722820429583
-0.24,0.183,0.008038997650146484,-0.27097538691351547,0.19014127814852516
-0.229,0.172,0.02002096176147461,-0.27097538691351547,0.19014127814852516
-0.226,0.169,0.043956756591796875,-0.27097538691351547,0.19014127814852516
-0.27,0.126,1.33514404296875e-05,-0.27097538691351547,0.19014127814852516
-0.27,0.126,0.0480656623840332,-0.19758182995217474,0.14068606627903296
-0.234,0.189,2.1696090698242188e-05,-0.19758182995217474,0.14068606627903296
-0.237,0.182,0.04389834403991699,-0.21381402207230277,0.15165408354081003
-0.237,0.182,1.2159347534179688e-05,-0.21381402207230277,0.15165408354081003
-0.229,0.203,0.04805445671081543,-0.21381402207230277,0.15165408354081003
-0.245,0.164,2.3365020751953125e-05,-0.21381402207230277,0.15165408354081003
-0.283,0.09,2.86102294921875e-05,-0.21381402207230277,0.15165408354081003
-0.283,0.09,0.043939828872680664,-0.20854275278906761,0.1480966721967646
-0.283,0.09,2.6464462280273438e-05,-0.20854275278906761,0.1480966721967646
-0.214,0.165,0.012114286422729492,-0.20854275278906761,0.1480966721967646
-0.175,0.212,0.019870996475219727,-0.20854275278906761,0.1480966721967646
-0.186,0.193,0.04402351379394531,0.5554336450438064,0.2277819441360325
-0.212,0.146,2.956390380859375e-05,0.5554336450438064,0.2277819441360325
-0.192,0.16,0.04395794868469238,1.0379738420080502,0.2340894949853464
-0.192,0.16,2.5033950805664062e-05,1.0379738420080502,0.2340894949853464
-0.179,0.175,0.04788541793823242,1.1206252735664182,0.24675976399509192
-0.179,0.175,1.1444091796875e-05,1.1206252735664182,0.24675976399509192
-0.16,0.198,0.048032522201538086,1.1206252735664182,0.24675976399509192
-0.138,0.209,2.47955322265625e-05,1.1206252735664182,0.24675976399509192
-0.122,0.205,2.9802322387695312e-05,1.1206252735664182,0.24675976399509192
-0.097,0.223,0.04791903495788574,1.0785696713939703,0.2385278742029104
-0.086,0.222,1.621246337890625e-05,1.0785696713939703,0.2385278742029104
-0.069,0.219,0.008098602294921875,1.0785696713939703,0.2385278742029104
0.059,0.232,0.15201640129089355,1.3003545051711092,0.22356618776537426
0.082,0.233,0.04392361640930176,1.3902477205428665,0.2277229527752945
0.103,0.228,2.6702880859375e-05,1.3902477205428665,0.2277229527752945
0.103,0.228,0.04425549507141113,1.073006917883123,0.18429570996415753
0.135,0.212,2.288818359375e-05,1.073006917883123,0.18429570996415753
0.157,0.226,0.04364824295043945,1.073006917883123,0.18429570996415753
0.172,0.218,1.9073486328125e-05,1.073006917883123,0.18429570996415753
0.198,0.212,6.198883056640625e-06,1.073006917883123,0.18429570996415753
0.198,0.212,0.04404115676879883,1.3460406064763148,0.19387850173329477
0.262,0.163,1.9550323486328125e-05,1.3460406064763148,0.19387850173329477
0.262,0.163,0.01205754280090332,1.3460406064763148,0.19387850173329477
0.315,0.131,0.02003026008605957,1.3897879305942897,0.17177317069721243
0.334,0.14,0.043817996978759766,1.3897879305942897,0.17177317069721243
0.334,0.14,4.7206878662109375e-05,1.3897879305942897,0.17177317069721243
0.284,0.237,0.04401564598083496,1.250740214065726,0.13664347717194658
0.425,0.063,2.6702880859375e-05,1.250740214065726,0.13664347717194658
0.412,0.123,0.04785966873168945,1.0577972054562708,0.13630214279595113
0.398,0.167,7.152557373046875e-06,1.0577972054562708,0.13630214279595113
0.473,0.078,0.04410243034362793,1.0577972054562708,0.13630214279595113
0.473,0.078,3.695487976074219e-05,1.0577972054562708,0.13630214279595113
0.473,0.078,0.04396653175354004,1.000320724243048,0.11193845318803002
0.482,0.099,3.528594970703125e-05,1.000320724243048,0.11193845318803002
0.482,0.099,2.86102294921875e-05,1.000320724243048,0.11193845318803002
0.518,0.082,0.04393649101257324,1.145037705653467,0.11888577418753783
0.552,0.075,2.5987625122070312e-05,1.145037705653467,0.11888577418753783
0.569,0.07,0.012125253677368164,1.145037705653467,0.11888577418753783
0.586,0.083,0.019942522048950195,1.145037705653467,0.11888577418753783
0.618,0.09,0.043851613998413086,1.1868620927024922,0.12132480291640967
0.618,0.09,1.3113021850585938e-05,1.1868620927024922,0.12132480291640967
0.668,0.08,0.048021554946899414,1.1868620927024922,0.12132480291640967
0.677,0.082,1.5974044799804688e-05,1.1868620927024922,0.12132480291640967
0.677,0.082,0.043966054916381836,1.1518702879736207,0.1164165681964607
0.71,0.068,1.6927719116210938e-05,1.1518702879736207,0.1164165681964607
0.723,0.073,0.0439455509185791,1.0940527357642644,0.10645857754284678
0.642,0.205,1.5974044799804688e-05,1.0940527357642644,0.10645857754284678
0.799,0.036,0.0479731559753418,1.0995195687918655,0.10639785127676353
0.754,0.109,9.059906005859375e-06,1.0995195687918655,0.10639785127676353
0.775,0.119,4.5299530029296875e-06,1.0995195687918655,0.10639785127676353
0.806,0.086,0.04407835006713867,1.0995195687918655,0.10639785127676353
0.806,0.086,3.814697265625e-05,1.0995195687918655,0.10639785127676353
0.851,0.074,0.008145809173583984,1.0995195687918655,0.10639785127676353
0.841,0.113,0.019901275634765625,0.9205129486273594,0.08717690181560861
0.875,0.093,0.043866634368896484,0.9205129486273594,0.08717690181560861
0.887,0.076,3.4332275390625e-05,0.9205129486273594,0.08717690181560861
0.874,0.108,0.04400491714477539,0.8978487498040847,0.0826087486871507
0.909,0.069,1.3589859008789062e-05,0.8978487498040847,0.0826087486871507
0.921,0.039,0.04390835762023926,1.4442664084572823,0.08226643101986744
0.899,0.108,1.1205673217773438e-05,1.4442664084572823,0.08226643101986744
0.922,0.09,0.04406142234802246,1.4442664084572823,0.08226643101986744
0.946,0.046,2.5987625122070312e-05,1.4442664084572823,0.08226643101986744
0.953,0.052,0.04793429374694824,1.3669002793982454,0.07425219211056161
0.963,0.042,1.621246337890625e-05,1.3669002793982454,0.07425219211056161
0.943,0.096,9.775161743164062e-06,1.3669002793982454,0.07425219211056161
0.978,0.019,0.04400134086608887,1.311181212013676,0.07072051493014189
0.97,0.05,2.0742416381835938e-05,1.311181212013676,0.07072051493014189
0.943,0.107,0.012153148651123047,1.311181212013676,0.07072051493014189
0.98,0.052,0.02006697654724121,1.311181212013676,0.07072051493014189
0.973,0.089,0.04370856285095215,1.3664261774074105,0.06336494200115833
0.968,0.105,1.0251998901367188e-05,1.3664261774074105,0.06336494200115833
1.016,0.048,0.04808473587036133,1.3664261774074105,0.06336494200115833
1.016,0.048,2.8371810913085938e-05,1.3664261774074105,0.06336494200115833
1.025,0.066,0.043947696685791016,1.1291724134141423,0.07165785130769207
1.018,0.071,3.0994415283203125e-05,1.1291724134141423,0.07165785130769207
1.027,0.099,0.048033714294433594,1.0160353481357898,0.06291181637569801
1.042,0.108,3.24249267578125e-05,1.0160353481357898,0.06291181637569801
1.067,0.064,1.0251998901367188e-05,1.0160353481357898,0.06291181637569801
1.085,0.101,0.04381394386291504,0.9301028723106047,0.06252678196148585
1.085,0.107,1.5497207641601562e-05,0.9301028723106047,0.06252678196148585
1.092,0.089,0.012195587158203125,0.9301028723106047,0.06252678196148585
1.111,0.062,0.019906997680664062,0.9301028723106047,0.06252678196148585
1.111,0.053,0.04388165473937988,0.9301028723106047,0.06252678196148585
1.102,0.048,1.2636184692382812e-05,0.9301028723106047,0.06252678196148585
1.102,0.048,0.04403853416442871,1.1817259226470826,0.052489827484005734
1.078,0.033,2.6702880859375e-05,1.1817259226470826,0.052489827484005734
1.078,0.012,0.04398536682128906,1.1166193760945473,0.02773012851640809
1.032,0.067,2.3126602172851562e-05,1.1166193760945473,0.02773012851640809
1.075,-0.009,0.04391288757324219,1.0842739481007824,0.031358606270537305
1.048,-0.002,9.5367431640625e-06,1.0842739481007824,0.031358606270537305
1.048,-0.002,0.044156789779663086,1.0842739481007824,0.031358606270537305
1.043,0.017,2.3126602172851562e-05,1.0842739481007824,0.031358606270537305
1.043,0.017,0.04382181167602539,0.7654884708080641,0.005212594303677492
0.992,0.081,1.4781951904296875e-05,0.7654884708080641,0.005212594303677492
1.056,-0.014,1.7881393432617188e-05,0.7654884708080641,0.005212594303677492
0.975,0.109,0.04396796226501465,0.7634264014356699,0.00426257226752791
0.997,0.082,1.7404556274414062e-05,0.7634264014356699,0.00426257226752791
0.997,0.082,0.012101411819458008,0.7634264014356699,0.00426257226752791
0.964,0.092,0.020093679428100586,0.7634264014356699,0.00426257226752791
0.956,0.062,0.04377174377441406,1.2385598444680843,-0.0525726879491139
0.956,0.062,9.298324584960938e-06,1.2385598444680843,-0.0525726879491139
0.93,0.069,0.044043779373168945,1.2385598444680843,-0.0525726879491139
0.93,0.069,1.5974044799804688e-05,1.2385598444680843,-0.0525726879491139
0.946,0.019,0.04397296905517578,1.104366904415396,-0.012579691301603383
0.954,0.002,2.4557113647460938e-05,1.104366904415396,-0.012579691301603383
0.954,0.002,0.043920278549194336,0.7647743213791623,-0.026438271973870105
0.94,0.002,9.5367431640625e-06,0.7647743213791623,-0.026438271973870105
0.945,0.002,0.04413938522338867,0.7647743213791623,-0.026438271973870105
0.938,0.039,4.220008850097656e-05,0.7647743213791623,-0.026438271973870105
0.929,0.044,0.04392123222351074,0.7650625452677268,-0.028224070573338682
0.948,0.021,2.384185791015625e-05,0.7650625452677268,-0.028224070573338682
0.936,0.019,2.8848648071289062e-05,0.7650625452677268,-0.028224070573338682
0.93,0.036,0.043888092041015625,0.7571775173548618,-0.04296630536458529
0.93,0.036,1.2636184692382812e-05,0.7571775173548618,-0.04296630536458529
0.929,0.014,0.012110710144042969,0.7571775173548618,-0.04296630536458529
0.924,-0.003,0.020185470581054688,0.7571775173548618,-0.04296630536458529
0.915,-0.008,0.043717145919799805,0.7589781690572234,-0.04331661049176272
0.891,-0.014,2.8133392333984375e-05,0.7589781690572234,-0.04331661049176272
0.886,-0.031,0.043972015380859375,0.7589781690572234,-0.04331661049176272
0.85,-0.032,3.0994415283203125e-05,0.7589781690572234,-0.04331661049176272
0.823,-0.026,0.04796481132507324,0.7591256998662632,-0.045224306824171424
0.813,-0.046,3.0517578125e-05,0.7591256998662632,-0.045224306824171424
0.771,-0.024,0.04403090476989746,0.910109709700383,-0.07261790929358804
0.765,-0.03,3.314018249511719e-05,0.910109709700383,-0.07261790929358804
0.763,-0.044,0.0478668212890625,0.9116876619496032,-0.06615246551400326
0.747,-0.029,1.811981201171875e-05,0.9116876619496032,-0.06615246551400326
0.73,-0.013,1.049041748046875e-05,0.9116876619496032,-0.06615246551400326
0.736,-0.014,0.04413580894470215,0.9116876619496032,-0.06615246551400326
0.746,-0.018,3.504753112792969e-05,0.9116876619496032,-0.06615246551400326
0.73,0.035,0.008087873458862305,0.9116876619496032,-0.06615246551400326
0.753,0.019,0.019839763641357422,0.979945434846209,-0.09528178988029579
0.77,0.025,0.04394221305847168,0.979945434846209,-0.09528178988029579
0.77,0.025,2.0265579223632812e-05,0.979945434846209,-0.09528178988029579
0.778,0.019,0.04396224021911621,1.0328481921562682,-0.12334964202548518
0.778,0.019,2.193450927734375e-05,1.0328481921562682,-0.12334964202548518
0.778,0.019,0.04393339157104492,0.9797764243849838,-0.11593747485225595
0.823,-0.021,3.0517578125e-05,0.9797764243849838,-0.11593747485225595
0.85,-0.066,0.04409313201904297,0.9797764243849838,-0.11593747485225595
0.887,-0.115,2.288818359375e-05,0.9797764243849838,-0.11593747485225595
0.914,-0.149,0.04391336441040039,0.9642211220179154,-0.13509670170519955
0.919,-0.17,3.24249267578125e-05,0.9642211220179154,-0.13509670170519955
0.919,-0.115,0.04388022422790527,1.006504463691526,-0.14562500358545719
0.919,-0.115,2.193450927734375e-05,1.006504463691526,-0.14562500358545719
0.922,-0.092,1.0013580322265625e-05,1.006504463691526,-0.14562500358545719
0.926,-0.079,0.04802966117858887,1.006504463691526,-0.14562500358545719
0.927,-0.06,1.9073486328125e-05,1.006504463691526,-0.14562500358545719
0.956,-0.071,0.008014678955078125,1.006504463691526,-0.14562500358545719
0.956,-0.071,0.020174503326416016,1.2206069070373862,-0.202974663365078
0.994,-0.071,0.043717145919799805,1.2206069070373862,-0.202974663365078
1.011,-0.08,7.3909759521484375e-06,1.2206069070373862,-0.202974663365078
1.011,-0.08,0.044045448303222656,1.3439264396146389,-0.2150312475369395
1.044,-0.09,1.7881393432617188e-05,1.3439264396146389,-0.2150312475369395
1.062,-0.108,0.04401230812072754,1.3745723020282015,-0.2657262488029591
1.062,-0.108,2.6702880859375e-05,1.3745723020282015,-0.2657262488029591
1.069,-0.135,0.04396677017211914,1.3745723020282015,-0.2657262488029591
1.084,-0.149,1.6927719116210938e-05,1.3745723020282015,-0.2657262488029591
1.084,-0.149,0.0439610481262207,1.1828774343237103,-0.26639027939121357
1.106,-0.187,2.1696090698242188e-05,1.1828774343237103,-0.26639027939121357
1.108,-0.2,0.04397320747375488,1.2590562318619587,-0.29523973996029224
1.129,-0.215,7.3909759521484375e-06,1.2590562318619587,-0.29523973996029224
1.129,-0.215,9.298324584960938e-06,1.2590562318619587,-0.29523973996029224
1.152,-0.218,0.044068098068237305,1.2590562318619587,-0.29523973996029224
1.156,-0.221,2.288818359375e-05,1.2590562318619587,-0.29523973996029224
1.167,-0.231,0.011937618255615234,1.210500408852701,-0.3248122777662818
1.199,-0.228,0.020192623138427734,1.210500408852701,-0.3248122777662818
1.254,-0.19,0.043802738189697266,1.0423100148542708,-0.34500312549301665
1.315,-0.108,2.384185791015625e-05,1.0423100148542708,-0.34500312549301665
1.355,-0.074,0.04394793510437012,1.0423100148542708,-0.34500312549301665
1.357,-0.059,2.1219253540039062e-05,1.0423100148542708,-0.34500312549301665
1.357,-0.059,0.0479731559753418,1.1890159880885818,-0.3516909484954874
1.394,-0.033,1.7404556274414062e-05,1.1890159880885818,-0.3516909484954874
1.359,-0.099,0.043932437896728516,1.2696027956554474,-0.3227927838012263
1.3,-0.208,1.4543533325195312e-05,1.2696027956554474,-0.3227927838012263
1.3,-0.208,0.04398179054260254,1.2696027956554474,-0.3227927838012263
1.324,-0.096,1.0967254638671875e-05,1.2696027956554474,-0.3227927838012263
1.324,-0.096,1.239776611328125e-05,1.2696027956554474,-0.3227927838012263
1.332,-0.056,0.04408407211303711,1.2457268837787803,-0.3002478053314468
1.293,-0.179,2.5033950805664062e-05,1.2457268837787803,-0.3002478053314468
1.277,-0.176,0.012072324752807617,1.2457268837787803,-0.3002478053314468
1.373,-0.05,0.019990205764770508,1.2457268837787803,-0.3002478053314468
1.291,-0.207,0.04388546943664551,1.3490616733296794,-0.316871685584404
1.301,-0.17,2.47955322265625e-05,1.3490616733296794,-0.316871685584404
1.329,-0.092,0.04397416114807129,1.3112862819242694,-0.33342951310455976
1.329,-0.092,1.7881393432617188e-05,1.3112862819242694,-0.33342951310455976
1.28,-0.158,0.04396796226501465,1.3112862819242694,-0.33342951310455976
1.32,-0.104,2.3126602172851562e-05,1.3112862819242694,-0.33342951310455976
1.314,-0.137,0.04397988319396973,1.080099334053788,-0.3351889656974737
1.258,-0.204,2.4318695068359375e-05,1.080099334053788,-0.3351889656974737
1.305,-0.169,0.04798460006713867,1.297886375597134,-0.3440444674047594
1.326,-0.148,2.1219253540039062e-05,1.297886375597134,-0.3440444674047594
1.263,-0.211,1.3589859008789062e-05,1.297886375597134,-0.3440444674047594
1.289,-0.192,0.04395413398742676,1.297886375597134,-0.3440444674047594
1.314,-0.118,1.9788742065429688e-05,1.297886375597134,-0.3440444674047594
1.275,-0.25,0.012142658233642578,1.297886375597134,-0.3440444674047594
1.275,-0.25,0.020051956176757812,1.0508930179595775,-0.3342056561200636
1.28,-0.219,0.04375028610229492,1.2293087901858528,-0.31564753253196387
1.28,-0.219,1.2636184692382812e-05,1.2293087901858528,-0.31564753253196387
1.337,-0.141,0.044036149978637695,1.2293087901858528,-0.31564753253196387
1.268,-0.178,2.3365020751953125e-05,1.2293087901858528,-0.31564753253196387
1.29,-0.164,0.043936967849731445,1.296728757492327,-0.2736161371692932
1.319,-0.119,1.0728836059570312e-05,1.296728757492327,-0.2736161371692932
1.319,-0.119,0.04798412322998047,1.3444544428485323,-0.30973556137072306
1.297,-0.204,1.8835067749023438e-05,1.3444544428485323,-0.30973556137072306
1.333,-0.145,0.043978214263916016,1.3444544428485323,-0.30973556137072306
1.3,-0.205,1.1444091796875e-05,1.3444544428485323,-0.30973556137072306
1.282,-0.179,2.0265579223632812e-05,1.3444544428485323,-0.30973556137072306
1.345,-0.115,0.04403352737426758,1.069799825429853,-0.3185989776445052
1.328,-0.111,7.534027099609375e-05,1.069799825429853,-0.3185989776445052
1.304,-0.183,0.012108325958251953,1.069799825429853,-0.3185989776445052
1.304,-0.183,0.019957780838012695,1.069799825429853,-0.3185989776445052
1.306,-0.141,0.04382824897766113,1.0729562687693743,-0.29944551925891777
1.282,-0.205,2.1219253540039062e-05,1.0729562687693743,-0.29944551925891777
1.269,-0.183,0.04396772384643555,1.1253028995227154,-0.2915376989082316
1.327,-0.124,1.7404556274414062e-05,1.1253028995227154,-0.2915376989082316
1.267,-0.195,0.043936967849731445,1.1096967259138943,-0.29755948812009936
1.279,-0.202,3.9577484130859375e-05,1.1096967259138943,-0.29755948812009936
1.279,-0.202,0.04402947425842285,1.1096967259138943,-0.29755948812009936
1.279,-0.202,2.1457672119140625e-05,1.1096967259138943,-0.29755948812009936
1.317,-0.067,0.04393768310546875,0.4517309891275363,-0.3197192719380373
1.317,-0.067,1.2874603271484375e-05,0.4517309891275363,-0.3197192719380373
1.246,-0.142,0.04405522346496582,0.4517309891275363,-0.3197192719380373
1.294,-0.083,2.7894973754882812e-05,0.4517309891275363,-0.3197192719380373
1.228,-0.145,2.7894973754882812e-05,0.4517309891275363,-0.3197192719380373
1.236,-0.139,0.04790854454040527,0.5057645566943572,-0.23982275216761612
1.278,-0.029,2.7894973754882812e-05,0.5057645566943572,-0.23982275216761612
1.212,-0.152,0.008110761642456055,0.5057645566943572,-0.23982275216761612
1.212,-0.152,0.01999521255493164,0.5057645566943572,-0.23982275216761612
1.255,-0.026,0.043836116790771484,0.41830024754636,-0.23163014933169973
1.255,-0.026,1.6927719116210938e-05,0.41830024754636,-0.23163014933169973
1.218,0.012,0.04399418830871582,0.4390401452518628,-0.23531645179946137
1.125,-0.035,2.09808349609375e-05,0.4390401452518628,-0.23531645179946137
1.145,0.035,0.04395127296447754,0.4390401452518628,-0.23531645179946137
0.927,-0.225,2.6702880859375e-05,0.4390401452518628,-0.23531645179946137
0.927,-0.225,0.043939828872680664,0.41172647723936595,-0.2652068517456321
0.687,-0.495,8.344650268554688e-06,0.41172647723936595,-0.2652068517456321
0.611,-0.543,0.04400324821472168,0.39845292557367296,-0.2191334164470937
0.611,-0.543,6.9141387939453125e-06,0.39845292557367296,-0.2191334164470937
0.736,-0.307,0.048070430755615234,0.39845292557367296,-0.2191334164470937
0.622,-0.436,2.8848648071289062e-05,0.39845292557367296,-0.2191334164470937
0.622,-0.436,3.528594970703125e-05,0.39845292557367296,-0.2191334164470937
0.732,-0.16,0.04390883445739746,0.39885901772699434,-0.21914395074973428
0.64,-0.227,2.3603439331054688e-05,0.39885901772699434,-0.21914395074973428
0.571,-0.268,0.008170843124389648,0.39885901772699434,-0.21914395074973428
0.571,-0.268,0.019939661026000977,0.42196520785529557,-0.30088778090047247
0.518,-0.288,0.043901681900024414,0.42196520785529557,-0.30088778090047247
0.597,-0.115,2.5033950805664062e-05,0.42196520785529557,-0.30088778090047247
0.538,-0.18,0.044008731842041016,0.5150296560665663,-0.22274220904693284
0.423,-0.324,2.7179718017578125e-05,0.5150296560665663,-0.22274220904693284
0.325,-0.455,0.04396390914916992,0.5057092793740116,-0.2226214384117799
0.325,-0.455,2.9325485229492188e-05,0.5057092793740116,-0.2226214384117799
0.362,-0.381,0.0439143180847168,0.5057092793740116,-0.2226214384117799
0.362,-0.381,2.5033950805664062e-05,0.5057092793740116,-0.2226214384117799
0.54,-0.04,0.04804587364196777,0.4442584958451278,-0.22468966830358902
0.519,-0.019,3.337860107421875e-05,0.4442584958451278,-0.22468966830358902
0.398,-0.179,1.430511474609375e-05,0.4442584958451278,-0.22468966830358902
0.336,-0.261,0.043852806091308594,0.47466963859596073,-0.23577717360338166
0.399,-0.189,1.8358230590820312e-05,0.47466963859596073,-0.23577717360338166
0.399,-0.189,0.012034416198730469,0.47466963859596073,-0.23577717360338166
0.592,0.071,0.02013874053955078,0.47466963859596073,-0.23577717360338166
0.598,-0.006,0.04376983642578125,0.5117682831513892,-0.24400129923991085
0.598,-0.006,9.775161743164062e-06,0.5117682831513892,-0.24400129923991085
0.437,-0.242,0.04398083686828613,0.5927690326852718,-0.21116007709282966
0.388,-0.338,9.298324584960938e-06,0.5927690326852718,-0.21116007709282966
0.53,-0.138,0.04404115676879883,0.5927690326852718,-0.21116007709282966
0.492,-0.222,1.4781951904296875e-05,0.5927690326852718,-0.21116007709282966
0.492,-0.222,0.044065237045288086,0.800364322221641,-0.21193362155723788
0.628,0.002,3.361701965332031e-05,0.800364322221641,-0.21193362155723788
0.467,-0.281,0.04390573501586914,0.800364322221641,-0.21193362155723788
0.482,-0.294,2.288818359375e-05,0.800364322221641,-0.21193362155723788
0.473,-0.306,0.04404020309448242,0.8054637327097492,-0.2133843459505734
0.6,-0.149,3.62396240234375e-05,0.8054637327097492,-0.2133843459505734
0.6,-0.149,2.5033950805664062e-05,0.8054637327097492,-0.2133843459505734
0.63,-0.141,0.047922372817993164,0.8610719514831173,-0.19183943152281863
0.553,-0.306,2.0265579223632812e-05,0.8610719514831173,-0.19183943152281863
0.758,-0.028,0.008189201354980469,0.8610719514831173,-0.19183943152281863
0.758,-0.028,0.019832134246826172,0.8610719514831173,-0.19183943152281863
0.636,-0.242,0.04396986961364746,1.1879849176931996,-0.236220497439194
0.771,-0.096,2.2172927856445312e-05,1.1879849176931996,-0.236220497439194
0.771,-0.096,0.04390692710876465,1.2673810445096552,-0.2507045771417361
0.771,-0.096,1.71661376953125e-05,1.2673810445096552,-0.2507045771417361
0.843,-0.026,0.04404425621032715,1.2673810445096552,-0.2507045771417361
0.802,-0.151,1.9550323486328125e-05,1.2673810445096552,-0.2507045771417361
0.786,-0.176,0.04397940635681152,1.287279723800241,-0.26199366878853
0.845,-0.118,2.6702880859375e-05,1.287279723800241,-0.26199366878853
0.895,-0.125,0.04388761520385742,1.2981307523490304,-0.25905962556859663
0.895,-0.125,1.0251998901367188e-05,1.2981307523490304,-0.25905962556859663
0.911,-0.186,0.04410672187805176,1.2981307523490304,-0.25905962556859663
0.954,-0.118,2.4557113647460938e-05,1.2981307523490304,-0.25905962556859663
0.911,-0.229,1.9550323486328125e-05,1.2981307523490304,-0.25905962556859663
1.012,-0.164,0.04385662078857422,1.3704679652061467,-0.25985844737568947
1.012,-0.164,1.8358230590820312e-05,1.3704679652061467,-0.25985844737568947
0.998,-0.203,0.012217521667480469,1.3704679652061467,-0.25985844737568947
0.994,-0.229,0.01996135711669922,1.3704679652061467,-0.25985844737568947
1.084,-0.162,0.04389691352844238,1.125763346192542,-0.21715071851036313
1.078,-0.154,2.8848648071289062e-05,1.125763346192542,-0.21715071851036313
1.071,-0.244,0.04393291473388672,1.1592150052671055,-0.18519379429859065
1.114,-0.175,2.1696090698242188e-05,1.1592150052671055,-0.18519379429859065
1.114,-0.175,0.043962955474853516,1.1592150052671055,-0.18519379429859065
1.114,-0.175,1.4066696166992188e-05,1.1592150052671055,-0.18519379429859065
1.085,-0.237,0.047989606857299805,1.1290225774583877,-0.19988448939005718
1.155,-0.164,1.9788742065429688e-05,1.1290225774583877,-0.19988448939005718
1.18,-0.117,0.04393362998962402,1.1070990562407745,-0.1834038923586324
1.197,-0.116,1.049041748046875e-05,1.1070990562407745,-0.1834038923586324
1.107,-0.258,8.821487426757812e-06,1.1070990562407745,-0.1834038923586324
1.188,-0.147,0.04406404495239258,1.1070990562407745,-0.1834038923586324
1.183,-0.162,2.2172927856445312e-05,1.1070990562407745,-0.1834038923586324
1.168,-0.231,0.012004852294921875,1.1070990562407745,-0.1834038923586324
1.161,-0.16,0.02000880241394043,0.9213218072789392,-0.14040579829114502
1.198,-0.115,0.043936729431152344,0.9213218072789392,-0.14040579829114502
1.171,-0.155,2.1696090698242188e-05,0.9213218072789392,-0.14040579829114502
1.175,-0.141,0.04400348663330078,1.0277156367795046,-0.16110798635261647
1.201,-0.051,3.719329833984375e-05,1.0277156367795046,-0.16110798635261647
1.19,-0.043,0.044000864028930664,0.9042545945540451,-0.12740446519206344
1.19,-0.043,2.5272369384765625e-05,0.9042545945540451,-0.12740446519206344
1.127,-0.087,0.04791712760925293,0.8082759758914633,-0.11183343398367736
1.136,-0.041,6.151199340820312e-05,0.8082759758914633,-0.11183343398367736
1.136,-0.041,0.043996572494506836,0.8082759758914633,-0.11183343398367736
1.122,-0.031,2.47955322265625e-05,0.8082759758914633,-0.11183343398367736
1.079,-0.065,2.9802322387695312e-05,0.8082759758914633,-0.11183343398367736
1.079,-0.065,0.0438992977142334,1.3159343752733765,-0.14506342866550065
1.05,-0.044,2.5272369384765625e-05,1.3159343752733765,-0.14506342866550065
1.041,-0.037,0.012020111083984375,1.3159343752733765,-0.14506342866550065
1.08,0.059,0.020084381103515625,1.3159343752733765,-0.14506342866550065
1.012,-0.006,0.04389786720275879,1.4328488788510145,-0.06540187796057917
1.012,-0.006,2.2411346435546875e-05,1.4328488788510145,-0.06540187796057917
0.991,-0.006,0.04386568069458008,1.451972874003496,-0.05701853228196943
0.964,-0.04,1.52587890625e-05,1.451972874003496,-0.05701853228196943
0.964,-0.04,0.04413175582885742,1.451972874003496,-0.05701853228196943
0.972,-0.001,2.384185791015625e-05,1.451972874003496,-0.05701853228196943
0.918,-0.089,0.04394388198852539,0.9302249124318354,-0.03192655975116944
0.96,-0.018,2.86102294921875e-05,0.9302249124318354,-0.03192655975116944
0.96,-0.018,0.0438847541809082,1.1692186693053022,-0.049752346310543545
0.986,0.015,2.5510787963867188e-05,1.1692186693053022,-0.049752346310543545
0.949,-0.03,0.04392051696777344,1.1692186693053022,-0.049752346310543545
0.902,-0.101,1.0013580322265625e-05,1.1692186693053022,-0.049752346310543545
0.93,-0.029,4.5299530029296875e-06,1.1692186693053022,-0.049752346310543545
0.957,-0.013,0.04406285285949707,1.135725039910689,-0.0738679262139008
0.912,-0.086,1.9073486328125e-05,1.135725039910689,-0.0738679262139008
0.912,-0.086,0.012158393859863281,1.135725039910689,-0.0738679262139008
0.912,-0.086,0.019881486892700195,1.135725039910689,-0.0738679262139008
0.977,-0.015,0.04395699501037598,1.1333957591335284,-0.07346439111696912
0.945,-0.092,3.4809112548828125e-05,1.1333957591335284,-0.07346439111696912
0.977,-0.071,0.048011064529418945,0.8815944081086483,-0.02294665426459084
1.012,-0.036,2.9802322387695312e-05,0.8815944081086483,-0.02294665426459084
1.02,-0.054,0.04389381408691406,0.8815944081086483,-0.02294665426459084
1.05,-0.047,1.5020370483398438e-05,0.8815944081086483,-0.02294665426459084
1.037,-0.068,0.048020124435424805,0.8082558988558931,-0.012122381493723869
1.044,-0.068,2.2649765014648438e-05,0.8082558988558931,-0.012122381493723869
1.047,-0.037,2.5033950805664062e-05,0.8082558988558931,-0.012122381493723869
1.054,-0.033,0.043938636779785156,0.9262516044096121,-0.08746116671826423
1.062,-0.001,2.0265579223632812e-05,0.9262516044096121,-0.08746116671826423
1.055,-0.01,0.012160301208496094,0.9262516044096121,-0.08746116671826423
1.023,-0.058,0.01993703842163086,0.9262516044096121,-0.08746116671826423
1.023,-0.058,0.04393815994262695,0.8561331427107256,-0.07544951757741412
1.003,-0.063,1.811981201171875e-05,0.8561331427107256,-0.07544951757741412
1.015,-0.005,0.043897390365600586,0.7836410488130179,-0.06212686622010224
0.981,-0.039,2.0265579223632812e-05,0.7836410488130179,-0.06212686622010224
0.976,-0.015,0.044001102447509766,0.7836410488130179,-0.06212686622010224
0.999,0.04,4.124641418457031e-05,0.7836410488130179,-0.06212686622010224
0.926,-0.024,0.04403543472290039,0.7836410438413034,-0.062126865214924755
0.926,-0.024,3.0279159545898438e-05,0.7836410438413034,-0.062126865214924755
0.928,0.023,0.04390382766723633,0.8065488921495885,0.020237134526883877
0.929,0.069,2.3365020751953125e-05,0.8065488921495885,0.020237134526883877
0.865,0.012,0.04398918151855469,0.8065488921495885,0.020237134526883877
0.876,0.059,2.2411346435546875e-05,0.8065488921495885,0.020237134526883877
0.842,0.021,2.09808349609375e-05,0.8065488921495885,0.020237134526883877
0.842,0.029,0.043920040130615234,0.8011160029450285,0.020416733252471703
0.828,0.022,2.9802322387695312e-05,0.8011160029450285,0.020416733252471703
0.764,-0.058,0.012217521667480469,0.8011160029450285,0.020416733252471703
0.764,-0.058,0.01992940902709961,0.8011160029450285,0.020416733252471703
0.777,-0.019,0.043883323669433594,0.9015264621632917,0.02308007574858651
0.774,-0.021,1.9788742065429688e-05,0.9015264621632917,0.02308007574858651
0.774,-0.021,0.04393148422241211,0.8409401591999509,0.021680440312628186
0.732,-0.075,2.7179718017578125e-05,0.8409401591999509,0.021680440312628186
0.732,-0.075,0.043946027755737305,0.8409401591999509,0.021680440312628186
0.755,-0.069,1.1205673217773438e-05,0.8409401591999509,0.021680440312628186
0.755,-0.069,0.04407978057861328,0.8545576013062117,-0.022816882253199985
0.75,-0.077,2.0265579223632812e-05,0.8545576013062117,-0.022816882253199985
0.742,-0.086,0.04390764236450195,0.8492759421887148,-0.02346516090593655
0.721,-0.089,9.5367431640625e-06,0.8492759421887148,-0.02346516090593655
0.721,-0.089,0.04398083686828613,0.8492759421887148,-0.02346516090593655
0.705,-0.094,1.6450881958007812e-05,0.8492759421887148,-0.02346516090593655
0.723,-0.069,1.7642974853515625e-05,0.8492759421887148,-0.02346516090593655
0.723,-0.069,0.047933101654052734,0.93011416651899,0.022243911288064466
0.737,-0.054,2.002716064453125e-05,0.93011416651899,0.022243911288064466
0.765,-0.051,0.008161067962646484,0.93011416651899,0.022243911288064466
0.791,-0.002,0.020010709762573242,0.93011416651899,0.022243911288064466
0.813,0.007,0.04384756088256836,0.9122264205222469,0.023797973343941584
0.813,0.007,1.9788742065429688e-05,0.9122264205222469,0.023797973343941584
0.861,0.02,0.04402899742126465,0.9281609361865236,0.024348744830091175
0.877,0.022,2.0265579223632812e-05,0.9281609361865236,0.024348744830091175
0.895,0.009,0.04400444030761719,0.9281609361865236,0.024348744830091175
0.899,0.018,2.2172927856445312e-05,0.9281609361865236,0.024348744830091175
0.911,0.004,0.043885231018066406,0.8833292060745631,0.024255701417888693
0.923,0.0,2.5033950805664062e-05,0.8833292060745631,0.024255701417888693
0.922,-0.001,0.04403114318847656,1.1009434379065195,-0.009337067471515333
0.922,-0.001,2.7179718017578125e-05,1.1009434379065195,-0.009337067471515333
0.918,-0.013,0.04396510124206543,1.1009434379065195,-0.009337067471515333
0.919,-0.02,2.09808349609375e-05,1.1009434379065195,-0.009337067471515333
0.919,-0.02,2.9325485229492188e-05,1.1009434379065195,-0.009337067471515333
0.923,-0.035,0.04394817352294922,1.108576966215052,0.030332415833937625
0.923,-0.035,2.3365020751953125e-05,1.108576966215052,0.030332415833937625
0.931,-0.023,0.01210165023803711,1.108576966215052,0.030332415833937625
0.94,-0.02,0.019922733306884766,0.7609726106934288,0.021800612709572037
0.948,0.0,0.04796147346496582,0.7609726106934288,0.021800612709572037
0.958,0.0,2.3603439331054688e-05,0.7609726106934288,0.021800612709572037
0.96,0.013,0.04398226737976074,0.7638008854218434,0.02825274400763306
0.952,0.02,2.002716064453125e-05,0.7638008854218434,0.02825274400763306
0.952,0.02,0.043906450271606445,0.7638009101059278,0.028252754672797024
0.93,0.019,1.0728836059570312e-05,0.7638009101059278,0.028252754672797024
0.91,0.006,0.04405498504638672,0.7638009101059278,0.028252754672797024
0.91,0.006,3.170967102050781e-05,0.7638009101059278,0.028252754672797024
0.872,0.026,0.04793143272399902,0.7651901103084356,0.03586708481192433
0.842,0.032,2.2411346435546875e-05,0.7651901103084356,0.03586708481192433
0.842,0.032,1.2159347534179688e-05,0.7651901103084356,0.03586708481192433
0.816,0.057,0.04399538040161133,0.7684512176826364,0.03184040984757323
0.808,0.079,2.0265579223632812e-05,0.7684512176826364,0.03184040984757323
0.808,0.079,0.008144617080688477,0.7684512176826364,0.03184040984757323
0.814,0.109,0.019991636276245117,0.7684512176826364,0.03184040984757323
0.797,0.079,0.04378533363342285,0.8699113255347544,0.03555420207096952
0.797,0.079,1.0728836059570312e-05,0.8699113255347544,0.03555420207096952
0.783,0.056,0.04401898384094238,0.8699113255347544,0.03555420207096952
0.783,0.056,1.7642974853515625e-05,0.8699113255347544,0.03555420207096952
0.782,0.055,0.047948598861694336,1.0050863182108791,-0.10180245059925819
0.782,0.055,2.288818359375e-05,1.0050863182108791,-0.10180245059925819
0.777,0.036,0.04407024383544922,1.0990882960254744,-0.09020946485818974
0.777,0.036,2.4557113647460938e-05,1.0990882960254744,-0.09020946485818974
0.775,-0.004,0.04396390914916992,1.0990882960254744,-0.09020946485818974
0.785,-0.062,2.8133392333984375e-05,1.0990882960254744,-0.09020946485818974
0.785,-0.062,1.1682510375976562e-05,1.0990882960254744,-0.09020946485818974
0.837,-0.101,0.04398679733276367,1.1052695043671443,-0.09025816038029966
0.84,-0.13,2.2649765014648438e-05,1.1052695043671443,-0.09025816038029966
0.84,-0.13,0.012063980102539062,1.1052695043671443,-0.09025816038029966
0.879,-0.144,0.019989967346191406,1.028108842324511,0.0644207466424804
0.914,-0.134,0.043811798095703125,1.028108842324511,0.0644207466424804
0.929,-0.116,1.1920928955078125e-05,1.028108842324511,0.0644207466424804
0.929,-0.116,0.04408907890319824,1.1370860081559018,0.037144845496920646
0.911,0.01,3.266334533691406e-05,1.1370860081559018,0.037144845496920646
0.903,0.07,0.04390597343444824,1.1506384433013583,0.03614988468152815
0.946,0.089,2.288818359375e-05,1.1506384433013583,0.03614988468152815
0.97,0.059,0.043990135192871094,1.1506384433013583,0.03614988468152815
0.97,0.059,2.0742416381835938e-05,1.1506384433013583,0.03614988468152815
0.97,0.059,0.044013261795043945,1.0286582796070576,-0.04015001663789391
1.003,0.02,3.409385681152344e-05,1.0286582796070576,-0.04015001663789391
1.028,-0.006,0.04387259483337402,0.8479610605964397,-0.04805262162652651
1.028,-0.006,1.1205673217773438e-05,0.8479610605964397,-0.04805262162652651
1.077,-0.012,8.58306884765625e-06,0.8479610605964397,-0.04805262162652651
1.095,-0.012,0.04408383369445801,0.8479610605964397,-0.04805262162652651
1.1,-0.026,3.266334533691406e-05,0.8479610605964397,-0.04805262162652651
1.1,-0.026,0.012186288833618164,0.8479610605964397,-0.04805262162652651
1.106,-0.059,0.019835948944091797,0.813781371493293,-0.029377621530809066
1.107,-0.069,0.043869972229003906,0.813781371493293,-0.029377621530809066
1.083,-0.085,1.4066696166992188e-05,0.813781371493293,-0.029377621530809066
1.083,-0.085,0.04410099983215332,1.4905062688202502,0.013230779523860212
1.041,-0.079,2.3603439331054688e-05,1.4905062688202502,0.013230779523860212
1.041,-0.079,0.04392576217651367,1.422560102043952,0.02908711099024972
0.962,-0.073,1.7881393432617188e-05,1.422560102043952,0.02908711099024972
0.934,-0.038,0.043924570083618164,1.422560102043952,0.02908711099024972
0.925,-0.012,1.7881393432617188e-05,1.422560102043952,0.02908711099024972
0.977,0.098,0.04400062561035156,1.4354588816401606,0.0280997277919921
0.977,0.098,2.2172927856445312e-05,1.4354588816401606,0.0280997277919921
1.009,0.102,0.04396200180053711,0.9963549747931133,0.04935142849967465
1.01,0.075,1.7642974853515625e-05,0.9963549747931133,0.04935142849967465
1.01,0.075,2.288818359375e-05,0.9963549747931133,0.04935142849967465
1.01,0.075,0.04398655891418457,0.9963549747931133,0.04935142849967465
1.09,0.076,2.3126602172851562e-05,0.9963549747931133,0.04935142849967465
1.09,0.076,0.012242317199707031,0.9963549747931133,0.04935142849967465
1.06,-0.005,0.01993536949157715,1.1310695810864662,0.11688435069918672
1.049,0.014,0.04380202293395996,1.1310695810864662,0.11688435069918672
1.039,0.016,2.0742416381835938e-05,1.1310695810864662,0.11688435069918672
1.018,0.005,0.0439753532409668,1.1456790809270267,0.11344645356068243
1.031,0.021,2.002716064453125e-05,1.1456790809270267,0.11344645356068243
1.006,0.019,0.04403877258300781,1.0273210745358208,0.11773352340625703
0.99,0.023,4.458427429199219e-05,1.0273210745358208,0.11773352340625703
0.99,0.037,0.04799842834472656,1.2443660180651699,0.18225164278368328
0.99,0.037,3.552436828613281e-05,1.2443660180651699,0.18225164278368328
0.988,0.066,0.04382729530334473,1.2443660180651699,0.18225164278368328
0.988,0.066,1.5020370483398438e-05,1.2443660180651699,0.18225164278368328
1.001,0.099,1.6689300537109375e-05,1.2443660180651699,0.18225164278368328
1.001,0.099,0.04404711723327637,1.2483197910820956,0.1832461951455014
1.043,0.175,3.361701965332031e-05,1.2483197910820956,0.1832461951455014
1.064,0.173,0.012155532836914062,1.2483197910820956,0.1832461951455014
1.074,0.157,0.019942522048950195,1.2483197910820956,0.1832461951455014
1.074,0.157,0.043875694274902344,1.1380011039316005,0.1452163931579726
1.076,0.114,2.7418136596679688e-05,1.1380011039316005,0.1452163931579726
1.076,0.114,0.043877363204956055,1.0914066590722389,0.17176030731713646
1.099,0.096,1.8358230590820312e-05,1.0914066590722389,0.17176030731713646
1.098,0.089,0.04397749900817871,1.0914066590722389,0.17176030731713646
1.109,0.092,1.2159347534179688e-05,1.0914066590722389,0.17176030731713646
1.096,0.098,0.04396986961364746,1.0957101294070075,0.17225741434721917
1.095,0.118,8.344650268554688e-06,1.0957101294070075,0.17225741434721917
1.075,0.122,0.04403495788574219,1.040318888842818,0.17873485938335107
1.075,0.119,2.2411346435546875e-05,1.040318888842818,0.17873485938335107
1.075,0.119,0.04402565956115723,1.040318888842818,0.17873485938335107
1.071,0.136,2.6226043701171875e-05,1.040318888842818,0.17873485938335107
1.081,0.149,1.811981201171875e-05,1.040318888842818,0.17873485938335107
1.081,0.149,0.043877363204956055,1.1118997597649813,0.18621616377754804
1.084,0.175,1.4543533325195312e-05,1.1118997597649813,0.18621616377754804
1.087,0.188,0.012212514877319336,1.1118997597649813,0.18621616377754804
1.087,0.188,0.01983046531677246,1.1118997597649813,0.18621616377754804
1.124,0.15,0.043975830078125,1.2509117425711291,0.2189253523986837
1.197,0.068,1.6927719116210938e-05,1.2509117425711291,0.2189253523986837
1.218,0.025,0.044016122817993164,1.2247532087997224,0.23254177568151976
1.203,0.07,2.9325485229492188e-05,1.2247532087997224,0.23254177568151976
1.203,0.07,0.0438992977142334,1.1658994558804598,0.233516196201393
1.203,0.07,1.3828277587890625e-05,1.1658994558804598,0.233516196201393
1.251,0.035,0.044042110443115234,1.1658994558804598,0.233516196201393
1.248,0.038,1.7642974853515625e-05,1.1658994558804598,0.233516196201393
1.248,0.066,0.04394936561584473,1.1665535343171003,0.23358462545323727
1.21,0.13,1.5020370483398438e-05,1.1665535343171003,0.23358462545323727
1.247,0.089,0.04399466514587402,1.1665535343171003,0.23358462545323727
1.199,0.148,1.9788742065429688e-05,1.1665535343171003,0.23358462545323727
1.212,0.137,1.0967254638671875e-05,1.1665535343171003,0.23358462545323727
1.253,0.066,0.04400634765625,1.2981040659989656,0.257584094513374
1.207,0.136,2.6702880859375e-05,1.2981040659989656,0.257584094513374
1.183,0.179,0.01219487190246582,1.2981040659989656,0.257584094513374
1.183,0.179,0.01988697052001953,1.2981040659989656,0.257584094513374
1.202,0.116,0.04394125938415527,1.3311474004576533,0.266245752564961
1.145,0.256,2.1219253540039062e-05,1.3311474004576533,0.266245752564961
1.244,0.136,0.04387092590332031,1.280101822824073,0.2742295352172057
1.251,0.14,0.0006544589996337891,1.280101822824073,0.2742295352172057
1.228,0.202,0.04341840744018555,1.280101822824073,0.2742295352172057
1.251,0.185,2.1219253540039062e-05,1.280101822824073,0.2742295352172057
1.234,0.193,0.04390525817871094,1.2969438110500293,0.2732546098122072
1.286,0.129,2.3603439331054688e-05,1.2969438110500293,0.2732546098122072
1.286,0.129,0.047965288162231445,1.0989740491799007,0.26155249653321955
1.236,0.215,1.0967254638671875e-05,1.0989740491799007,0.26155249653321955
1.211,0.281,5.7220458984375e-06,1.0989740491799007,0.26155249653321955
1.284,0.128,0.043964385986328125,1.2563522920953056,0.2734229545496561
1.228,0.199,8.58306884765625e-06,1.2563522920953056,0.2734229545496561
1.227,0.233,0.012059688568115234,1.2563522920953056,0.2734229545496561
1.227,0.233,0.020008563995361328,1.2563522920953056,0.2734229545496561
1.26,0.226,0.04398036003112793,1.3133724775007223,0.244645497545105
1.286,0.203,2.9802322387695312e-05,1.3133724775007223,0.244645497545105
1.261,0.255,0.04394388198852539,1.3133724775007223,0.244645497545105
1.313,0.153,1.430511474609375e-05,1.3133724775007223,0.244645497545105
1.294,0.195,0.04403185844421387,1.191602951385109,0.2377658835899567
1.27,0.235,2.6941299438476562e-05,1.191602951385109,0.2377658835899567
1.281,0.203,0.04389691352844238,1.1578254025268866,0.2333967542484024
1.292,0.188,7.62939453125e-06,1.1578254025268866,0.2333967542484024
1.281,0.222,0.04810523986816406,1.1578254025268866,0.2333967542484024
1.261,0.248,5.412101745605469e-05,1.1578254025268866,0.2333967542484024
1.261,0.248,3.0517578125e-05,1.1578254025268866,0.2333967542484024
1.253,0.237,0.043923139572143555,1.3117740331631325,0.2378032054109019
1.274,0.185,4.3392181396484375e-05,1.3117740331631325,0.2378032054109019
1.274,0.185,0.012045145034790039,1.3117740331631325,0.2378032054109019
1.22,0.234,0.01996922492980957,1.2697334638571363,0.21069210457223933
1.283,0.168,0.04390549659729004,1.2697334638571363,0.21069210457223933
1.278,0.152,1.8596649169921875e-05,1.2697334638571363,0.21069210457223933
1.322,0.099,0.04396629333496094,1.269387995071054,0.21200176236500254
1.322,0.099,2.765655517578125e-05,1.269387995071054,0.21200176236500254
1.297,0.112,0.04406595230102539,1.269387995071054,0.21200176236500254
1.242,0.19,3.24249267578125e-05,1.269387995071054,0.21200176236500254
1.246,0.172,0.047821998596191406,1.3165651265992726,0.19491751569414886
1.246,0.172,1.811981201171875e-05,1.3165651265992726,0.19491751569414886
1.246,0.172,0.044023990631103516,1.0768763928996028,0.17469135985279732
1.255,0.191,3.0279159545898438e-05,1.0768763928996028,0.17469135985279732
1.297,0.226,3.314018249511719e-05,1.0768763928996028,0.17469135985279732
1.295,0.166,0.04796552658081055,1.1342200157636053,0.17512637381189786
1.258,0.172,2.0503997802734375e-05,1.1342200157636053,0.17512637381189786
1.269,0.18,0.008083105087280273,1.1342200157636053,0.17512637381189786
1.269,0.18,0.020038843154907227,1.1342200157636053,0.17512637381189786
1.263,0.14,0.04377889633178711,0.9888457783403498,0.17142814155478975
1.261,0.132,2.0742416381835938e-05,0.9888457783403498,0.17142814155478975
1.249,0.155,0.04412674903869629,0.9888457783403498,0.17142814155478975
1.214,0.166,2.8848648071289062e-05,0.9888457783403498,0.17142814155478975
1.214,0.166,0.04394817352294922,1.0286968751108065,0.14954360093427757
1.168,0.262,2.3126602172851562e-05,1.0286968751108065,0.14954360093427757
1.232,0.13,0.04386138916015625,1.0357242697020226,0.14673197640371965
1.223,0.092,1.1444091796875e-05,1.0357242697020226,0.14673197640371965
1.112,0.214,0.04406881332397461,1.0357242697020226,0.14673197640371965
1.189,0.069,2.7418136596679688e-05,1.0357242697020226,0.14673197640371965
1.164,0.066,0.044014692306518555,1.0422146304318014,0.13779671455176365
1.101,0.122,2.1219253540039062e-05,1.0422146304318014,0.13779671455176365
1.115,0.061,2.47955322265625e-05,1.0422146304318014,0.13779671455176365
1.129,0.022,0.043862342834472656,1.1462426004570825,0.13280768831650316
1.108,0.044,1.811981201171875e-05,1.1462426004570825,0.13280768831650316
1.054,0.109,0.012060880661010742,1.1462426004570825,0.13280768831650316
1.061,0.087,0.02010369300842285,1.1462426004570825,0.13280768831650316
1.077,0.067,0.04379081726074219,1.1618326909172785,0.13305722117470986
1.052,0.092,1.7404556274414062e-05,1.1618326909172785,0.13305722117470986
1.061,0.078,0.04803919792175293,1.1618326909172785,0.13305722117470986
1.043,0.096,2.7418136596679688e-05,1.1618326909172785,0.13305722117470986
1.047,0.1,0.043916940689086914,0.9652973833607057,0.117810673205085
1.047,0.1,7.867813110351562e-06,0.9652973833607057,0.117810673205085
1.073,0.074,0.04404020309448242,0.8636478896612512,0.11864293528940065
1.073,0.074,1.9073486328125e-05,0.8636478896612512,0.11864293528940065
1.083,0.074,0.04399752616882324,0.8636478896612512,0.11864293528940065
1.075,0.108,2.0503997802734375e-05,0.8636478896612512,0.11864293528940065
1.084,0.092,1.5974044799804688e-05,0.8636478896612512,0.11864293528940065
1.063,0.088,0.04391598701477051,0.8759706159273158,0.11527311290134616
1.028,0.165,1.7642974853515625e-05,0.8759706159273158,0.11527311290134616
1.076,0.06,0.012134552001953125,0.8759706159273158,0.11527311290134616
1.048,0.078,0.019977569580078125,0.8501709714707824,0.11326614205356954
0.978,0.171,0.043910980224609375,0.8501709714707824,0.11326614205356954
1.041,0.053,2.4557113647460938e-05,0.8501709714707824,0.11326614205356954
1.029,0.022,0.04405617713928223,0.8967743659529405,0.09361008552237741
0.969,0.072,2.5510787963867188e-05,0.8967743659529405,0.09361008552237741
0.935,0.103,0.04381585121154785,0.8295892737760238,0.09382233013004107
1.0,-0.026,9.298324584960938e-06,0.8295892737760238,0.09382233013004107
0.962,0.003,0.04406571388244629,0.8295892737760238,0.09382233013004107
0.915,0.06,2.6464462280273438e-05,0.8295892737760238,0.09382233013004107
0.931,0.019,0.04404878616333008,0.6766234751150201,0.09711607599876991
0.935,-0.006,4.696846008300781e-05,0.6766234751150201,0.09711607599876991
0.884,0.046,0.043808698654174805,0.6766234751150201,0.09711607599876991
0.884,0.046,1.049041748046875e-05,0.6766234751150201,0.09711607599876991
0.888,-0.012,1.7881393432617188e-05,0.6766234751150201,0.09711607599876991
0.888,-0.012,0.04407191276550293,0.7354269769495829,0.07822149601993698
0.841,0.037,2.5272369384765625e-05,0.7354269769495829,0.07822149601993698
0.841,0.037,0.012124300003051758,0.7354269769495829,0.07822149601993698
0.804,0.032,0.019942760467529297,0.7227478145896562,0.08239249345903107
0.794,0.014,0.043877601623535156,0.7227478145896562,0.08239249345903107
0.775,0.034,1.6450881958007812e-05,0.7227478145896562,0.08239249345903107
0.775,0.034,0.043935537338256836,0.9006490950711369,0.083084691220364
0.74,0.054,1.52587890625e-05,0.9006490950711369,0.083084691220364
0.545,0.319,0.044019222259521484,0.8858432698875522,0.08347213328792388
0.681,0.117,3.62396240234375e-05,0.8858432698875522,0.08347213328792388
0.731,0.042,0.044010162353515625,0.8858432698875522,0.08347213328792388
0.732,0.046,3.886222839355469e-05,0.8858432698875522,0.08347213328792388
0.696,0.1,0.04391074180603027,1.0201188025585939,0.07858933302139051
0.751,0.022,1.9550323486328125e-05,1.0201188025585939,0.07858933302139051
0.724,0.046,0.04793500900268555,1.0459438236584544,0.07416540452488223
0.724,0.072,8.821487426757812e-06,1.0459438236584544,0.07416540452488223
0.724,0.072,8.821487426757812e-06,1.0459438236584544,0.07416540452488223
0.75,0.082,0.04412102699279785,1.0459438236584544,0.07416540452488223
0.802,0.112,4.5299530029296875e-05,1.0459438236584544,0.07416540452488223
0.803,0.125,0.007990837097167969,1.0459438236584544,0.07416540452488223
0.803,0.125,0.02002239227294922,1.0000108957654537,0.06490315291979044
0.84,0.119,0.047841787338256836,1.0000108957654537,0.06490315291979044
0.845,0.132,1.52587890625e-05,1.0000108957654537,0.06490315291979044
0.888,0.129,0.044037818908691406,0.9984884572065216,0.06508623818462275
0.903,0.111,1.9073486328125e-05,0.9984884572065216,0.06508623818462275
0.937,0.097,0.04393792152404785,1.102184813933015,0.035629054433887246
0.944,0.089,2.2411346435546875e-05,1.102184813933015,0.035629054433887246
0.966,0.1,0.04391145706176758,1.0405345435432265,-0.02020018028778813
0.973,0.073,9.5367431640625e-06,1.0405345435432265,-0.02020018028778813
0.986,0.07,0.0440678596496582,1.0405345435432265,-0.02020018028778813
1.006,0.069,2.1219253540039062e-05,1.0405345435432265,-0.02020018028778813
1.024,0.05,2.5272369384765625e-05,1.0405345435432265,-0.02020018028778813
1.044,0.046,0.04392552375793457,1.3505256205746845,-0.042783591266105106
1.045,0.023,2.0265579223632812e-05,1.3505256205746845,-0.042783591266105106
1.067,0.024,0.0121917724609375,1.3505256205746845,-0.042783591266105106
1.08,0.005,0.019957304000854492,1.3505256205746845,-0.042783591266105106
1.078,0.01,0.043828725814819336,1.4297336660116224,-0.1408150153191289
1.078,0.01,1.7404556274414062e-05,1.4297336660116224,-0.1408150153191289
1.095,0.006,0.043959856033325195,1.4377847015875207,-0.1376365418293017
1.095,0.006,1.1920928955078125e-05,1.4377847015875207,-0.1376365418293017
1.115,-0.005,0.04409909248352051,1.4377847015875207,-0.1376365418293017
1.115,-0.005,3.457069396972656e-05,1.4377847015875207,-0.1376365418293017
1.115,-0.005,0.04385089874267578,1.4128894733641746,-0.1333479560376764
1.104,-0.009,1.430511474609375e-05,1.4128894733641746,-0.1333479560376764
1.13,-0.033,0.04396224021911621,1.469983494578187,-0.0148473705263412
1.153,-0.057,1.2874603271484375e-05,1.469983494578187,-0.0148473705263412
1.17,-0.079,0.04402446746826172,1.469983494578187,-0.0148473705263412
1.193,-0.098,1.2159347534179688e-05,1.469983494578187,-0.0148473705263412
1.225,-0.119,1.2874603271484375e-05,1.469983494578187,-0.0148473705263412
1.225,-0.119,0.04405808448791504,1.5,0.009022330339234602
1.25,-0.124,3.0994415283203125e-05,1.5,0.009022330339234602
1.276,-0.098,0.012098312377929688,1.5,0.009022330339234602
1.291,-0.08,0.019979476928710938,1.5,0.009022330339234602
1.302,-0.078,0.043840885162353516,0.8388324826442418,0.05409323056615173
1.315,-0.069,2.1696090698242188e-05,0.8388324826442418,0.05409323056615173
1.337,-0.06,0.044000864028930664,1.5,-0.24001852735098653
1.324,-0.023,2.7418136596679688e-05,1.5,-0.24001852735098653
1.318,0.013,0.04397082328796387,1.5,-0.24001852735098653
1.317,0.025,2.09808349609375e-05,1.5,-0.24001852735098653
1.335,0.033,0.04402899742126465,1.4531950735784112,-0.20183417610528928
1.335,0.033,2.574920654296875e-05,1.4531950735784112,-0.20183417610528928
1.35,0.062,0.043921470642089844,1.456963315586818,-0.20251575781630507
1.35,0.062,2.5987625122070312e-05,1.456963315586818,-0.20251575781630507
1.377,0.03,0.04394030570983887,1.456963315586818,-0.20251575781630507
1.377,0.03,2.193450927734375e-05,1.456963315586818,-0.20251575781630507
1.417,-0.038,2.3365020751953125e-05,1.456963315586818,-0.20251575781630507
1.424,-0.059,0.04398202896118164,1.3830144046975728,-0.2494580203180408
1.451,-0.076,2.2411346435546875e-05,1.3830144046975728,-0.2494580203180408
1.453,-0.087,0.012043237686157227,1.3830144046975728,-0.2494580203180408
1.442,-0.092,0.02009725570678711,1.3541377681396882,-0.27805278541946027
1.442,-0.092,0.04376077651977539,1.3541377681396882,-0.27805278541946027
1.42,-0.132,1.0251998901367188e-05,1.3541377681396882,-0.27805278541946027
1.401,-0.179,0.048024892807006836,1.3786876759978426,-0.2741606253162607
1.401,-0.179,1.6927719116210938e-05,1.3786876759978426,-0.2741606253162607
1.354,-0.223,0.04407167434692383,1.3786876759978426,-0.2741606253162607
1.354,-0.223,2.7894973754882812e-05,1.3786876759978426,-0.2741606253162607
1.352,-0.271,0.04392361640930176,1.3416554879326354,-0.2773150787098338
1.356,-0.266,1.8596649169921875e-05,1.3416554879326354,-0.2773150787098338
1.356,-0.266,0.04396677017211914,1.360407698790333,-0.2728134189938687
1.389,-0.224,1.9550323486328125e-05,1.360407698790333,-0.2728134189938687
1.476,-0.104,2.09808349609375e-05,1.360407698790333,-0.2728134189938687
1.545,0.032,0.044002532958984375,1.360407698790333,-0.2728134189938687
1.545,0.032,2.9802322387695312e-05,1.360407698790333,-0.2728134189938687
1.49,-0.048,0.012051582336425781,1.3957687567832209,-0.2877652852889689
1.481,-0.074,0.02017068862915039,1.3957687567832209,-0.2877652852889689
1.481,-0.074,0.04366254806518555,1.3805717453478934,-0.2323806126307895
1.524,-0.019,1.1205673217773438e-05,1.3805717453478934,-0.2323806126307895
1.523,-0.035,0.044074296951293945,1.3805717453478934,-0.2323806126307895
1.447,-0.104,2.2172927856445312e-05,1.3805717453478934,-0.2323806126307895
1.515,-0.039,0.043955087661743164,1.3076646583506264,-0.2856179481453899
1.356,-0.228,2.9325485229492188e-05,1.3076646583506264,-0.2856179481453899
1.467,-0.057,0.04395294189453125,1.2450481549848573,-0.21423248192792532
1.424,-0.174,1.8596649169921875e-05,1.2450481549848573,-0.21423248192792532
1.337,-0.255,0.04394721984863281,1.2450481549848573,-0.21423248192792532
1.396,-0.157,1.6450881958007812e-05,1.2450481549848573,-0.21423248192792532
1.407,-0.145,0.044027090072631836,1.2088231957398503,-0.1983144762886425
1.407,-0.145,2.193450927734375e-05,1.2088231957398503,-0.1983144762886425
1.375,-0.152,9.5367431640625e-06,1.2088231957398503,-0.1983144762886425
1.395,-0.056,0.04389190673828125,1.1031181147788145,-0.1661258545819876
1.328,-0.116,8.58306884765625e-06,1.1031181147788145,-0.1661258545819876
1.328,-0.116,0.012194156646728516,1.1031181147788145,-0.1661258545819876
1.288,-0.152,0.020061731338500977,1.1031181147788145,-0.1661258545819876
1.289,-0.104,0.04385638236999512,0.9342989406111329,-0.1434515989918654
1.333,-0.025,1.811981201171875e-05,0.9342989406111329,-0.1434515989918654
1.333,-0.025,0.043950796127319336,0.9342989406111329,-0.1434515989918654
1.264,-0.085,2.7418136596679688e-05,0.9342989406111329,-0.1434515989918654
1.278,-0.001,0.043981075286865234,1.16438053508963,-0.22319140116898267
1.198,-0.072,3.3855438232421875e-05,1.16438053508963,-0.22319140116898267
1.175,-0.066,0.04393744468688965,0.9948199070769936,-0.2599520465738143
1.24,0.034,2.4080276489257812e-05,0.9948199070769936,-0.2599520465738143
1.124,-0.089,0.04399704933166504,0.9948199070769936,-0.2599520465738143
1.149,-0.087,2.956390380859375e-05,0.9948199070769936,-0.2599520465738143
1.174,-0.021,0.04400348663330078,1.015962368877937,-0.2593944246984285
1.145,-0.054,2.1457672119140625e-05,1.015962368877937,-0.2593944246984285
1.069,-0.154,1.2159347534179688e-05,1.015962368877937,-0.2593944246984285
1.109,-0.08,0.04387974739074707,1.1219350397952952,-0.17597024930637087
1.135,-0.033,1.7881393432617188e-05,1.1219350397952952,-0.17597024930637087
1.056,-0.135,0.012198925018310547,1.1219350397952952,-0.17597024930637087
1.08,-0.071,0.019865751266479492,1.1219350397952952,-0.17597024930637087
1.08,-0.071,0.04397106170654297,1.0232743037956895,-0.13553351478027992
1.071,-0.104,2.7894973754882812e-05,1.0232743037956895,-0.13553351478027992
1.064,-0.095,0.04396557807922363,1.025487754430924,-0.1363278798676297
1.064,-0.095,2.1457672119140625e-05,1.025487754430924,-0.1363278798676297
1.056,-0.086,0.04398846626281738,1.025487754430924,-0.1363278798676297
1.056,-0.086,2.6702880859375e-05,1.025487754430924,-0.1363278798676297
1.001,-0.173,0.04396986961364746,1.031204382433371,-0.1591788949642088
1.021,-0.137,1.7404556274414062e-05,1.031204382433371,-0.1591788949642088
1.021,-0.137,0.04392862319946289,1.3739414263611391,-0.25299235124582437
1.032,-0.093,2.1219253540039062e-05,1.3739414263611391,-0.25299235124582437
1.056,-0.087,0.04407072067260742,1.3739414263611391,-0.25299235124582437
1.073,-0.04,2.8371810913085938e-05,1.3739414263611391,-0.25299235124582437
1.045,-0.078,2.8371810913085938e-05,1.3739414263611391,-0.25299235124582437
1.066,-0.113,0.04391193389892578,1.3138129109013665,-0.2664520626251582
1.09,-0.07,1.621246337890625e-05,1.3138129109013665,-0.2664520626251582
1.098,-0.088,0.012049436569213867,1.3138129109013665,-0.2664520626251582
1.043,-0.193,0.01991438865661621,1.3138129109013665,-0.2664520626251582
1.099,-0.159,0.04791545867919922,1.3290287182730565,-0.21875836128539278
1.099,-0.159,1.0967254638671875e-05,1.3290287182730565,-0.21875836128539278
1.124,-0.143,0.0440065860748291,1.3813511022168945,-0.20279032108156206
1.124,-0.143,1.1444091796875e-05,1.3813511022168945,-0.20279032108156206
1.143,-0.172,0.044066667556762695,1.3813511022168945,-0.20279032108156206
1.199,-0.118,2.0265579223632812e-05,1.3813511022168945,-0.20279032108156206
1.193,-0.22,0.043996334075927734,1.2308168091156186,-0.21223276881112219
1.207,-0.18,2.765655517578125e-05,1.2308168091156186,-0.21223276881112219
1.207,-0.18,0.04398322105407715,1.151498728891299,-0.21587674300420007
1.23,-0.129,2.3365020751953125e-05,1.151498728891299,-0.21587674300420007
1.23,-0.129,2.8133392333984375e-05,1.151498728891299,-0.21587674300420007
1.194,-0.171,0.04390311241149902,1.151498728891299,-0.21587674300420007
1.194,-0.171,2.5510787963867188e-05,1.151498728891299,-0.21587674300420007
1.234,-0.142,0.012150287628173828,1.120973758715262,-0.2036362616732163
1.2,-0.244,0.02002716064453125,1.120973758715262,-0.2036362616732163
1.273,-0.117,0.04387521743774414,1.120973758715262,-0.2036362616732163
1.259,-0.108,2.6464462280273438e-05,1.120973758715262,-0.2036362616732163
1.259,-0.108,0.043917179107666016,1.1266620529712343,-0.20437797820065348
1.288,-0.075,1.9550323486328125e-05,1.1266620529712343,-0.20437797820065348
1.274,-0.063,0.04398322105407715,0.9920695321130476,-0.09249651061450957
1.2,-0.176,2.0265579223632812e-05,0.9920695321130476,-0.09249651061450957
1.193,-0.162,0.0439305305480957,0.9147767002196339,-0.08034876436479349
1.26,-0.055,1.7881393432617188e-05,0.9147767002196339,-0.08034876436479349
1.228,-0.063,0.044022321701049805,0.9147767002196339,-0.08034876436479349
1.148,-0.146,2.09808349609375e-05,0.9147767002196339,-0.08034876436479349
1.231,0.003,0.044019222259521484,0.9146286664082752,-0.08033914239318604
1.177,-0.02,2.6941299438476562e-05,0.9146286664082752,-0.08033914239318604
1.094,-0.122,3.4809112548828125e-05,0.9146286664082752,-0.08033914239318604
1.094,-0.122,0.043977975845336914,0.9146286664082752,-0.08033914239318604
1.094,-0.122,3.814697265625e-05,0.9146286664082752,-0.08033914239318604
1.118,0.008,0.011935710906982422,1.3424502288687834,-0.22944080303000247
1.073,-0.004,0.02023029327392578,1.3424502288687834,-0.22944080303000247
1.04,0.007,0.04368138313293457,1.3902439054326754,-0.1388585922379292
1.04,0.007,2.5272369384765625e-05,1.3902439054326754,-0.1388585922379292
1.05,0.051,0.04401516914367676,1.3902439054326754,-0.1388585922379292
0.961,-0.124,2.47955322265625e-05,1.3902439054326754,-0.1388585922379292
1.059,0.031,0.04394030570983887,1.440258649473063,-0.13127983077881128
1.006,-0.061,1.7642974853515625e-05,1.440258649473063,-0.13127983077881128
0.977,-0.126,0.044045209884643555,1.440258649473063,-0.13127983077881128
1.037,-0.021,3.981590270996094e-05,1.440258649473063,-0.13127983077881128
1.033,-0.036,0.04387211799621582,0.9899452286778857,-0.07409718779162362
0.945,-0.139,2.574920654296875e-05,0.9899452286778857,-0.07409718779162362
1.016,-0.047,0.04398226737976074,0.8961604394707258,-0.08658889241447515
0.979,-0.081,2.0503997802734375e-05,0.8961604394707258,-0.08658889241447515
0.975,-0.093,9.775161743164062e-06,0.8961604394707258,-0.08658889241447515
0.975,-0.093,0.04401445388793945,0.896997223560146,-0.08665406220863657
0.996,-0.069,2.288818359375e-05,0.896997223560146,-0.08665406220863657
1.003,-0.072,0.012138128280639648,0.896997223560146,-0.08665406220863657
1.005,-0.05,0.020055532455444336,0.896997223560146,-0.08665406220863657
1.005,-0.05,0.043740272521972656,1.1466275074859413,0.09947824592024679
1.005,-0.05,1.430511474609375e-05,1.1466275074859413,0.09947824592024679
0.935,-0.154,0.04399728775024414,1.1466275074859413,0.09947824592024679
1.015,-0.007,2.574920654296875e-05,1.1466275074859413,0.09947824592024679
0.986,-0.039,0.0439145565032959,-0.5987771017043978,-0.15408169553690457
0.983,-0.03,6.9141387939453125e-06,-0.5987771017043978,-0.15408169553690457
0.973,-0.038,0.04400062561035156,-0.5987771017043978,-0.15408169553690457
0.982,0.002,1.0251998901367188e-05,-0.5987771017043978,-0.15408169553690457
0.982,0.002,0.04407382011413574,-0.40168120904070864,-0.06787521093977558
0.998,0.055,2.3603439331054688e-05,-0.40168120904070864,-0.06787521093977558
0.931,-0.031,0.043970346450805664,0.8808760474418195,-0.013800909974158443
0.916,-0.042,2.6702880859375e-05,0.8808760474418195,-0.013800909974158443
0.916,-0.042,3.361701965332031e-05,0.8808760474418195,-0.013800909974158443
0.944,0.031,0.043882131576538086,0.7636828221733866,-0.0022780104456201614
0.898,-0.007,1.8358230590820312e-05,0.7636828221733866,-0.0022780104456201614
0.898,-0.007,0.012195825576782227,0.7636828221733866,-0.0022780104456201614
0.846,-0.018,0.0199582576751709,0.7636828221733866,-0.0022780104456201614
0.846,-0.018,0.043923377990722656,0.7636828221733866,-0.0022780104456201614
0.8,-0.026,2.86102294921875e-05,0.7636828221733866,-0.0022780104456201614
0.791,-0.016,0.04392409324645996,0.7636828221733866,-0.0022780104456201614
0.817,0.048,2.8848648071289062e-05,0.7636828221733866,-0.0022780104456201614
0.817,0.048,0.04397320747375488,0.7662480290554662,-0.021088660041776855
0.771,-0.006,2.288818359375e-05,0.7662480290554662,-0.021088660041776855
0.76,-0.002,0.043942928314208984,0.512964456711572,-0.13682252735774456
0.741,-0.032,1.71661376953125e-05,0.512964456711572,-0.13682252735774456
0.757,-0.001,0.04799842834472656,0.512964456711572,-0.13682252735774456
0.768,0.026,1.4066696166992188e-05,0.512964456711572,-0.13682252735774456
0.768,0.026,1.5497207641601562e-05,0.512964456711572,-0.13682252735774456
0.624,-0.192,0.04800081253051758,0.7447118114157583,-0.17373294676767304
0.624,-0.192,2.2649765014648438e-05,0.7447118114157583,-0.17373294676767304
0.539,-0.272,0.008156538009643555,0.7447118114157583,-0.17373294676767304
0.688,-0.07,0.02001023292541504,1.0169804642638929,-0.14927832908370592
0.708,-0.033,0.047803640365600586,1.0169804642638929,-0.14927832908370592
0.668,-0.094,2.0742416381835938e-05,1.0169804642638929,-0.14927832908370592
0.706,-0.047,0.044004201889038086,0.9951401002426593,-0.14894961746939164
0.7,-0.061,2.0742416381835938e-05,0.9951401002426593,-0.14894961746939164
0.727,-0.046,0.043897390365600586,1.0090744658821895,-0.14710427130624854
0.751,-0.061,1.4543533325195312e-05,1.0090744658821895,-0.14710427130624854
0.73,-0.117,0.04806995391845703,1.0090744658821895,-0.14710427130624854
0.748,-0.159,2.5987625122070312e-05,1.0090744658821895,-0.14710427130624854
0.748,-0.159,1.2874603271484375e-05,1.0090744658821895,-0.14710427130624854
0.748,-0.159,0.04387855529785156,0.9203517687939221,-0.12572556632380882
0.826,-0.146,1.3828277587890625e-05,0.9203517687939221,-0.12572556632380882
0.826,-0.146,0.012213945388793945,0.9203517687939221,-0.12572556632380882
0.861,-0.126,0.020006895065307617,1.3984240502309337,-0.15006242026148378
0.883,-0.1,0.0437777042388916,1.3984240502309337,-0.15006242026148378
0.914,-0.117,1.4066696166992188e-05,1.3984240502309337,-0.15006242026148378
0.914,-0.117,0.0440373420715332,1.2213998741753225,-0.14687320787755673
0.946,-0.097,1.5735626220703125e-05,1.2213998741753225,-0.14687320787755673
0.946,-0.097,0.04400372505187988,1.2213998741753225,-0.14687320787755673
0.989,-0.09,2.193450927734375e-05,1.2213998741753225,-0.14687320787755673
1.01,-0.119,0.04392099380493164,1.199841791236665,-0.13510418382662864
1.01,-0.119,2.5987625122070312e-05,1.199841791236665,-0.13510418382662864
1.058,-0.082,0.043997764587402344,1.1210490495830832,-0.11120115781254206
1.058,-0.082,2.5510787963867188e-05,1.1210490495830832,-0.11120115781254206
1.091,-0.072,0.04406023025512695,1.1210490495830832,-0.11120115781254206
1.122,-0.073,3.695487976074219e-05,1.1210490495830832,-0.11120115781254206
1.138,-0.076,1.4781951904296875e-05,1.1210490495830832,-0.11120115781254206
1.138,-0.078,0.04384803771972656,1.0085687879624423,-0.11956085592405649
1.138,-0.078,1.4781951904296875e-05,1.0085687879624423,-0.11956085592405649
1.169,-0.051,0.012112140655517578,1.0085687879624423,-0.11956085592405649
1.09,-0.147,0.02001667022705078,0.9267400719893415,-0.10803028833542239
1.09,-0.147,0.04384279251098633,0.9267400719893415,-0.10803028833542239
1.161,-0.038,1.239776611328125e-05,0.9267400719893415,-0.10803028833542239
1.161,-0.038,0.043992042541503906,0.8584329167350775,-0.10722597945284704
1.09,-0.142,1.621246337890625e-05,0.8584329167350775,-0.10722597945284704
1.117,-0.056,0.04393458366394043,1.4487314791131107,-0.12136084705624037
1.117,-0.056,1.0728836059570312e-05,1.4487314791131107,-0.12136084705624037
1.068,-0.056,0.044112443923950195,1.4487314791131107,-0.12136084705624037
1.039,-0.033,1.9073486328125e-05,1.4487314791131107,-0.12136084705624037
1.081,0.075,0.04388546943664551,1.309040963071909,-0.0008268250382690917
1.081,0.075,1.0251998901367188e-05,1.309040963071909,-0.0008268250382690917
1.021,0.026,0.044080495834350586,1.4515211805282378,0.03937815711412239
1.021,0.058,1.811981201171875e-05,1.4515211805282378,0.03937815711412239
0.972,-0.033,1.33514404296875e-05,1.4515211805282378,0.03937815711412239
0.947,-0.07,0.04396200180053711,1.4515211805282378,0.03937815711412239
0.947,-0.07,3.170967102050781e-05,1.4515211805282378,0.03937815711412239
0.981,-0.013,0.012110471725463867,1.4515211805282378,0.03937815711412239
1.002,0.014,0.019840240478515625,1.3410542794553366,0.03643510143856179
1.002,0.014,0.04397249221801758,1.3410542794553366,0.03643510143856179
0.939,-0.06,2.384185791015625e-05,1.3410542794553366,0.03643510143856179
0.956,-0.012,0.04401588439941406,1.4223059764328199,0.0931715786477092
0.956,-0.012,2.6941299438476562e-05,1.4223059764328199,0.0931715786477092
0.921,-0.077,0.043915748596191406,1.350829308327944,0.11745744475074879
0.931,-0.079,1.5497207641601562e-05,1.350829308327944,0.11745744475074879
0.941,-0.083,0.04405069351196289,1.350829308327944,0.11745744475074879
0.958,-0.056,2.2649765014648438e-05,1.350829308327944,0.11745744475074879
0.977,-0.08,0.043898582458496094,1.3963056482516893,0.11989257353301601
1.002,-0.041,1.621246337890625e-05,1.3963056482516893,0.11989257353301601
1.061,0.01,0.043999433517456055,0.805300443770648,0.08633210145076234
1.061,0.01,2.3365020751953125e-05,0.805300443770648,0.08633210145076234
1.162,0.083,1.2159347534179688e-05,0.805300443770648,0.08633210145076234
1.202,0.122,0.043942928314208984,0.805300443770648,0.08633210145076234
1.233,0.138,1.430511474609375e-05,0.805300443770648,0.08633210145076234
1.243,0.125,0.012063980102539062,0.8926783916217621,0.07360487091597515
1.251,0.11,0.020142793655395508,0.8926783916217621,0.07360487091597515
1.239,0.08,0.04778575897216797,0.9327662931405911,0.07385222919341923
1.238,0.036,1.52587890625e-05,0.9327662931405911,0.07385222919341923
1.221,0.021,0.044103145599365234,0.9327662931405911,0.07385222919341923
1.209,0.019,2.9087066650390625e-05,0.9327662931405911,0.07385222919341923
1.19,0.007,0.04391670227050781,1.1237946898785696,0.12201173306505667
1.19,0.007,1.6927719116210938e-05,1.1237946898785696,0.12201173306505667
1.172,0.003,0.04791522026062012,0.9927778473049182,0.09615065718933592
1.172,0.003,1.8358230590820312e-05,0.9927778473049182,0.09615065718933592
1.134,-0.006,1.2874603271484375e-05,0.9927778473049182,0.09615065718933592
1.134,-0.006,0.04402327537536621,0.9927778473049182,0.09615065718933592
1.094,0.036,2.6464462280273438e-05,0.9927778473049182,0.09615065718933592
1.053,0.059,0.012241363525390625,0.9927778473049182,0.09615065718933592
1.031,0.079,0.0197603702545166,1.001245477163162,0.09058721780416266
1.017,0.085,0.04399561882019043,1.001245477163162,0.09058721780416266
1.005,0.096,2.8848648071289062e-05,1.001245477163162,0.09058721780416266
1.001,0.092,0.04388570785522461,0.9541266490671451,0.09987108146741691
1.005,0.089,2.1457672119140625e-05,0.9541266490671451,0.09987108146741691
1.03,0.055,0.04397177696228027,0.8093356352753841,0.03621223739489343
1.085,-0.001,1.1205673217773438e-05,0.8093356352753841,0.03621223739489343
1.106,-0.024,0.04409956932067871,0.8093356352753841,0.03621223739489343
1.094,-0.004,2.5987625122070312e-05,0.8093356352753841,0.03621223739489343
1.094,-0.004,0.04394674301147461,0.8538840887889941,0.04670746034746395
1.051,0.012,2.5033950805664062e-05,0.8538840887889941,0.04670746034746395
1.062,-0.024,0.04396533966064453,0.8538840887889941,0.04670746034746395
1.037,-0.025,2.47955322265625e-05,0.8538840887889941,0.04670746034746395
0.993,-0.009,1.33514404296875e-05,0.8538840887889941,0.04670746034746395
0.957,0.036,0.048023223876953125,0.9804864103031633,0.08546385682892857
0.957,0.036,3.170967102050781e-05,0.9804864103031633,0.08546385682892857
0.957,0.036,0.008105278015136719,0.9804864103031633,0.08546385682892857
0.9,0.064,0.019916534423828125,0.773977402387916,0.056678085961991385
0.945,-0.003,0.04787278175354004,0.773977402387916,0.056678085961991385
0.915,0.01,2.0742416381835938e-05,0.773977402387916,0.056678085961991385
0.852,0.028,0.04399466514587402,1.0919861031928646,0.07545244753745665
0.852,0.028,2.574920654296875e-05,1.0919861031928646,0.07545244753745665
0.843,-0.031,0.04799699783325195,1.1040262505452583,0.11903687180760397
0.843,-0.031,2.8848648071289062e-05,1.1040262505452583,0.11903687180760397
0.807,0.016,0.04384922981262207,0.9932925712352045,0.09113292702930144
0.779,0.04,9.059906005859375e-06,0.9932925712352045,0.09113292702930144
0.779,0.04,2.7894973754882812e-05,0.9932925712352045,0.09113292702930144
0.759,0.119,0.04807400703430176,0.9932925712352045,0.09113292702930144
0.806,0.09,4.315376281738281e-05,0.9932925712352045,0.09113292702930144
0.826,0.127,0.008068323135375977,0.9932925712352045,0.09113292702930144
0.823,0.194,0.019865036010742188,0.9944802160939556,0.09120578421112631
0.823,0.194,0.04401206970214844,0.9944802160939556,0.09120578421112631
0.815,0.261,2.1696090698242188e-05,0.9944802160939556,0.09120578421112631
0.827,0.213,0.04393792152404785,0.9933325682308968,0.11646572463317963
0.827,0.213,2.384185791015625e-05,0.9933325682308968,0.11646572463317963
0.855,0.099,0.04393720626831055,0.9911152832115462,0.13214332476512994
0.855,0.099,1.0251998901367188e-05,0.9911152832115462,0.13214332476512994
0.855,0.099,0.04412984848022461,0.9911152832115462,0.13214332476512994
0.916,0.053,2.6464462280273438e-05,0.9911152832115462,0.13214332476512994
0.922,0.034,0.0439143180847168,0.9813355481001144,0.1304805245260096
0.922,0.034,2.8371810913085938e-05,0.9813355481001144,0.1304805245260096
0.955,0.063,0.04790520668029785,0.920420785334552,0.1194595581069013
0.955,0.063,2.3603439331054688e-05,0.920420785334552,0.1194595581069013
0.966,0.094,1.71661376953125e-05,0.920420785334552,0.1194595581069013
0.966,0.094,0.04395747184753418,0.920420785334552,0.1194595581069013
0.962,0.103,2.1696090698242188e-05,0.920420785334552,0.1194595581069013
0.971,0.123,0.008010387420654297,1.1792174698321938,0.15967471191407825
0.956,0.107,0.02007460594177246,1.1792174698321938,0.15967471191407825
0.956,0.107,0.04390907287597656,1.1792174698321938,0.15967471191407825
0.958,0.139,1.239776611328125e-05,1.1792174698321938,0.15967471191407825
0.96,0.161,0.04405641555786133,1.2611917219028548,0.1649090905445924
0.96,0.161,2.193450927734375e-05,1.2611917219028548,0.1649090905445924
0.993,0.191,0.04386496543884277,1.1429249225733402,0.15220870060532662
1.023,0.171,1.2636184692382812e-05,1.1429249225733402,0.15220870060532662
1.072,0.122,0.04807472229003906,1.1429249225733402,0.15220870060532662
1.151,0.024,2.9802322387695312e-05,1.1429249225733402,0.15220870060532662
1.151,0.024,0.048018693923950195,1.1717064645794144,0.2284446414439368
1.151,0.024,2.47955322265625e-05,1.1717064645794144,0.2284446414439368
1.134,0.08,1.3828277587890625e-05,1.1717064645794144,0.2284446414439368
1.134,0.08,0.04384875297546387,1.219524597483139,0.21164941416186
1.175,0.036,1.0251998901367188e-05,1.219524597483139,0.21164941416186
1.185,0.068,0.008060693740844727,1.219524597483139,0.21164941416186
1.175,0.08,0.020167827606201172,1.219524597483139,0.21164941416186
1.217,0.059,0.04786825180053711,1.150385530958303,0.2058871589146591
1.205,0.086,2.6941299438476562e-05,1.150385530958303,0.2058871589146591
1.212,0.098,0.04383349418640137,1.12328532488392,0.23169190550859847
1.218,0.097,7.867813110351562e-06,1.12328532488392,0.23169190550859847
1.223,0.076,0.04412436485290527,1.12328532488392,0.23169190550859847
1.223,0.076,3.147125244140625e-05,1.12328532488392,0.23169190550859847
1.247,0.083,0.043914079666137695,1.1922712038439027,0.22812929684953492
1.242,0.089,2.5272369384765625e-05,1.1922712038439027,0.22812929684953492
1.242,0.089,0.04401516914367676,1.1922712038439027,0.22812929684953492
1.238,0.1,2.86102294921875e-05,1.1922712038439027,0.22812929684953492
1.238,0.089,1.430511474609375e-05,1.1922712038439027,0.22812929684953492
1.21,0.119,0.043863773345947266,1.0948076260903978,0.21600581201470886
1.162,0.219,1.1205673217773438e-05,1.0948076260903978,0.21600581201470886
1.214,0.153,0.012088775634765625,1.0948076260903978,0.21600581201470886
1.214,0.153,0.01999044418334961,0.9559085487908053,0.17583071837915873
1.198,0.13,0.04397296905517578,0.9559085487908053,0.17583071837915873
1.165,0.181,2.3365020751953125e-05,0.9559085487908053,0.17583071837915873
1.165,0.181,0.04398012161254883,1.2359736925113634,0.18844731346541416
1.194,0.134,2.09808349609375e-05,1.2359736925113634,0.18844731346541416
1.115,0.187,0.044019222259521484,1.2643037083356081,0.22721419021536185
1.195,0.073,4.4345855712890625e-05,1.2643037083356081,0.22721419021536185
1.188,0.053,0.043866634368896484,1.2643037083356081,0.22721419021536185
1.141,0.134,9.775161743164062e-06,1.2643037083356081,0.22721419021536185
1.111,0.175,0.04405999183654785,1.3476083188529133,0.23365213606311952
1.166,0.085,2.1219253540039062e-05,1.3476083188529133,0.23365213606311952
1.117,0.141,0.04388999938964844,1.2461621830325653,0.23234985459985957
1.117,0.141,8.58306884765625e-06,1.2461621830325653,0.23234985459985957
1.131,0.12,1.1682510375976562e-05,1.2461621830325653,0.23234985459985957
1.124,0.182,0.04802513122558594,1.2461621830325653,0.23234985459985957
1.207,0.053,2.2172927856445312e-05,1.2461621830325653,0.23234985459985957
1.148,0.163,0.008096456527709961,1.2461621830325653,0.23234985459985957
1.146,0.201,0.019904613494873047,1.298842766852846,0.22673378308824885
1.206,0.189,0.04395699501037598,1.298842766852846,0.22673378308824885
1.204,0.204,1.2874603271484375e-05,1.298842766852846,0.22673378308824885
1.233,0.141,0.043933868408203125,0.5879257181688334,0.23329160179956332
1.233,0.141,6.9141387939453125e-06,0.5879257181688334,0.23329160179956332
1.216,0.245,0.04400062561035156,0.5494632218221274,0.23061433720795052
1.219,0.228,7.62939453125e-06,0.5494632218221274,0.23061433720795052
1.219,0.228,0.04412055015563965,0.5494632218221274,0.23061433720795052
1.238,0.176,2.2411346435546875e-05,0.5494632218221274,0.23061433720795052
1.283,0.134,0.04385828971862793,0.39449701593487574,0.2225943419286975
1.283,0.134,1.1682510375976562e-05,0.39449701593487574,0.2225943419286975
1.261,0.181,0.04407072067260742,1.302894557039162,0.2478580116325927
1.204,0.241,2.4318695068359375e-05,1.302894557039162,0.2478580116325927
1.24,0.159,2.3126602172851562e-05,1.302894557039162,0.2478580116325927
1.24,0.159,0.04385709762573242,1.302894557039162,0.2478580116325927
1.237,0.112,1.430511474609375e-05,1.302894557039162,0.2478580116325927
1.237,0.112,0.012065887451171875,0.7598979798518043,0.19491511301391148
1.163,0.221,0.02010488510131836,0.7598979798518043,0.19491511301391148
1.163,0.221,0.04382586479187012,0.7598979798518043,0.19491511301391148
1.194,0.151,1.0967254638671875e-05,0.7598979798518043,0.19491511301391148
1.177,0.154,0.04406452178955078,0.4546462488672309,0.20105927960036815
1.177,0.154,1.9311904907226562e-05,0.4546462488672309,0.20105927960036815
1.177,0.105,0.043962717056274414,0.3017920960059023,0.21713667856892893
1.177,0.105,1.4543533325195312e-05,0.3017920960059023,0.21713667856892893
1.177,0.105,0.04402446746826172,0.3017920960059023,0.21713667856892893
1.115,0.119,2.0503997802734375e-05,0.3017920960059023,0.21713667856892893
1.115,0.119,0.04391622543334961,0.32678604066204564,0.22039841678913136
1.108,0.092,2.002716064453125e-05,0.32678604066204564,0.22039841678913136
1.063,0.086,0.0439298152923584,0.2926959770597711,0.2098876594363011
1.073,0.079,1.9550323486328125e-05,0.2926959770597711,0.2098876594363011
1.051,0.048,9.5367431640625e-06,0.2926959770597711,0.2098876594363011
0.893,0.211,0.04396533966064453,0.3200596222643918,0.232332120019007
0.692,0.497,6.198883056640625e-06,0.3200596222643918,0.232332120019007
0.6,0.545,0.012181758880615234,0.3200596222643918,0.232332120019007
0.802,0.192,0.020027637481689453,0.3200596222643918,0.232332120019007
0.802,0.192,0.04377436637878418,0.32736242171564783,0.23628871001286947
0.723,0.227,5.245208740234375e-06,0.32736242171564783,0.23628871001286947
0.696,0.226,0.04413127899169922,0.32736242171564783,0.23628871001286947
0.701,0.177,2.7894973754882812e-05,0.32736242171564783,0.23628871001286947
0.701,0.177,0.04392433166503906,0.3637141197725006,0.2853537963361162
0.555,0.322,2.0503997802734375e-05,0.3637141197725006,0.2853537963361162
0.555,0.322,0.043898820877075195,0.35942167498245564,0.2882118176782119
0.441,0.403,6.4373016357421875e-06,0.35942167498245564,0.2882118176782119
0.544,0.205,0.04815793037414551,0.35942167498245564,0.2882118176782119
0.544,0.205,3.838539123535156e-05,0.35942167498245564,0.2882118176782119
0.544,0.205,1.2874603271484375e-05,0.35942167498245564,0.2882118176782119
0.426,0.301,0.043871164321899414,0.3615030304992744,0.2963610178240238
0.426,0.301,1.71661376953125e-05,0.3615030304992744,0.2963610178240238
0.387,0.309,0.01214456558227539,0.3615030304992744,0.2963610178240238
0.373,0.277,0.01990509033203125,0.3615030304992744,0.2963610178240238
0.334,0.289,0.0439450740814209,0.34061269868258154,0.28170067252236375
0.334,0.289,2.1457672119140625e-05,0.34061269868258154,0.28170067252236375
0.274,0.33,0.043940067291259766,0.3404169352758485,0.2863799494653731
0.276,0.3,1.239776611328125e-05,0.3404169352758485,0.2863799494653731
0.266,0.318,0.0439760684967041,0.3404169352758485,0.2863799494653731
0.266,0.303,1.0013580322265625e-05,0.3404169352758485,0.2863799494653731
0.294,0.269,0.04402422904968262,0.3389231584495121,0.2810472375137196
0.307,0.268,1.9788742065429688e-05,0.3389231584495121,0.2810472375137196
0.315,0.279,0.047939300537109375,0.23717479175185377,0.3587782863838093
0.32,0.281,1.0251998901367188e-05,0.23717479175185377,0.3587782863838093
0.32,0.281,3.814697265625e-06,0.23717479175185377,0.3587782863838093
0.385,0.179,0.04394888877868652,0.31689399432587795,0.27914894717006083
0.338,0.242,5.9604644775390625e-06,0.31689399432587795,0.27914894717006083
0.326,0.259,0.012106180191040039,0.31689399432587795,0.27914894717006083
0.299,0.305,0.02015089988708496,0.31689399432587795,0.27914894717006083
0.275,0.331,0.043756961822509766,0.32582843558031616,0.27187861385137513
0.275,0.331,7.867813110351562e-06,0.32582843558031616,0.27187861385137513
0.248,0.38,0.044092655181884766,0.32582843558031616,0.27187861385137513
0.275,0.355,2.0265579223632812e-05,0.32582843558031616,0.27187861385137513
0.275,0.355,0.04396677017211914,0.30054692825707957,0.24141561935049616
0.281,0.323,1.4781951904296875e-05,0.30054692825707957,0.24141561935049616
0.283,0.317,0.04391980171203613,0.24990596346392618,0.17981740189018577
0.283,0.317,1.0251998901367188e-05,0.24990596346392618,0.17981740189018577
0.308,0.262,0.044035911560058594,0.24990596346392618,0.17981740189018577
0.308,0.262,1.4781951904296875e-05,0.24990596346392618,0.17981740189018577
0.315,0.239,0.0440061092376709,0.31509540968718647,0.16515234905006035
0.315,0.239,2.0265579223632812e-05,0.31509540968718647,0.16515234905006035
0.288,0.194,3.838539123535156e-05,0.31509540968718647,0.16515234905006035
0.263,0.229,0.04384732246398926,0.31509540968718647,0.16515234905006035
0.268,0.21,8.106231689453125e-06,0.31509540968718647,0.16515234905006035
0.273,0.191,0.012152433395385742,1.4710266447652431,-0.18450789911800855
0.273,0.191,0.0199432373046875,1.4710266447652431,-0.18450789911800855
0.277,0.169,0.04392886161804199,1.5,-0.27404565675740394
0.27,0.171,1.52587890625e-05,1.5,-0.27404565675740394
0.33,0.073,0.04396796226501465,1.5,-0.27404565675740394
0.394,-0.025,1.2636184692382812e-05,1.5,-0.27404565675740394
0.394,-0.025,0.04403400421142578,1.4963947237137767,-0.2593151991978071
0.36,0.01,1.8596649169921875e-05,1.4963947237137767,-0.2593151991978071
0.36,0.01,0.043969154357910156,1.4421916023037273,-0.30547740689175296
0.405,-0.075,1.2636184692382812e-05,1.4421916023037273,-0.30547740689175296
0.415,-0.079,0.04397439956665039,1.4421916023037273,-0.30547740689175296
0.402,-0.033,1.049041748046875e-05,1.4421916023037273,-0.30547740689175296
0.406,-0.033,0.04401111602783203,1.5,-0.262920623444538
0.437,-0.078,2.193450927734375e-05,1.5,-0.262920623444538
0.476,-0.127,1.0251998901367188e-05,1.5,-0.262920623444538
0.527,-0.178,0.043927907943725586,1.5,-0.31041171283916413
0.556,-0.202,1.1205673217773438e-05,1.5,-0.31041171283916413
0.556,-0.202,0.0121612548828125,1.5,-0.31041171283916413
0.604,-0.24,0.020008087158203125,1.5,-0.31041171283916413
0.616,-0.263,0.04385113716125488,1.4148380729012524,-0.30258115418230286
0.616,-0.263,2.4080276489257812e-05,1.4148380729012524,-0.30258115418230286
0.63,-0.276,0.04394650459289551,1.3333404784459388,-0.3269180771245158
0.597,-0.219,1.1205673217773438e-05,1.3333404784459388,-0.3269180771245158
0.597,-0.219,0.04408693313598633,1.3333404784459388,-0.3269180771245158
0.615,-0.171,2.5510787963867188e-05,1.3333404784459388,-0.3269180771245158
0.615,-0.171,0.04395341873168945,1.4118542800043372,-0.328929983305833
0.695,-0.222,2.2649765014648438e-05,1.4118542800043372,-0.328929983305833
0.695,-0.222,0.04398179054260254,1.4118542800043372,-0.328929983305833
0.73,-0.245,3.170967102050781e-05,1.4118542800043372,-0.328929983305833
0.759,-0.266,0.04394125938415527,1.3905137212002057,-0.34152380211928507
0.795,-0.292,1.5974044799804688e-05,1.3905137212002057,-0.34152380211928507
0.795,-0.292,2.2411346435546875e-05,1.3905137212002057,-0.34152380211928507
0.831,-0.302,0.04399442672729492,1.3564160389820308,-0.32076027940515606
0.85,-0.297,2.4080276489257812e-05,1.3564160389820308,-0.32076027940515606
0.889,-0.335,0.012148618698120117,1.3564160389820308,-0.32076027940515606
0.882,-0.301,0.020102262496948242,1.3564160389820308,-0.32076027940515606
0.924,-0.327,0.04374074935913086,1.2651717874182056,-0.3244301814472785
0.941,-0.307,2.4318695068359375e-05,1.2651717874182056,-0.3244301814472785
0.965,-0.307,0.04389524459838867,1.2651717874182056,-0.3244301814472785
0.98,-0.304,1.1682510375976562e-05,1.2651717874182056,-0.3244301814472785
1.027,-0.331,0.04401755332946777,1.3560847943589385,-0.31224020629643173
1.027,-0.331,2.002716064453125e-05,1.3560847943589385,-0.31224020629643173
1.05,-0.268,0.04393720626831055,1.265708794439557,-0.3313086289420089
1.05,-0.268,1.430511474609375e-05,1.265708794439557,-0.3313086289420089
1.122,-0.182,0.04395413398742676,1.263054113100393,-0.3333115682172637
1.203,-0.069,8.821487426757812e-06,1.263054113100393,-0.3333115682172637
1.203,-0.069,0.0440828800201416,1.263054113100393,-0.3333115682172637
1.203,-0.069,2.288818359375e-05,1.263054113100393,-0.3333115682172637
1.236,-0.125,2.5987625122070312e-05,1.263054113100393,-0.3333115682172637
1.282,-0.115,0.0438840389251709,1.3070892212799754,-0.2898273746921685
1.278,-0.089,8.344650268554688e-06,1.3070892212799754,-0.2898273746921685
1.3,-0.106,0.012184619903564453,1.3070892212799754,-0.2898273746921685
1.299,-0.072,0.020096778869628906,1.3070892212799754,-0.2898273746921685
1.323,-0.085,0.043773651123046875,1.2226725058113868,-0.32140672037893964
1.286,-0.14,2.0503997802734375e-05,1.2226725058113868,-0.32140672037893964
1.353,-0.076,0.04387950897216797,1.2743418299705096,-0.3421918714850172
1.302,-0.14,6.198883056640625e-06,1.2743418299705096,-0.3421918714850172
1.239,-0.237,0.04410529136657715,1.2743418299705096,-0.3421918714850172
1.303,-0.179,1.8358230590820312e-05,1.2743418299705096,-0.3421918714850172
1.303,-0.179,0.04392719268798828,1.1218170154676,-0.3069309552773722
1.323,-0.182,1.049041748046875e-05,1.1218170154676,-0.3069309552773722
1.317,-0.212,0.04398036003112793,0.6010579523815416,-0.2055410490690867
1.346,-0.151,1.2636184692382812e-05,0.6010579523815416,-0.2055410490690867
1.346,-0.151,0.04405832290649414,0.6010579523815416,-0.2055410490690867
1.297,-0.189,2.09808349609375e-05,0.6010579523815416,-0.2055410490690867
1.297,-0.189,7.867813110351562e-06,0.6010579523815416,-0.2055410490690867
1.306,-0.17,0.04390525817871094,0.47304107535553613,-0.1965071784628007
1.217,-0.25,1.3828277587890625e-05,0.47304107535553613,-0.1965071784628007
1.217,-0.25,0.012219905853271484,0.47304107535553613,-0.1965071784628007
1.265,-0.122,0.019914865493774414,0.47304107535553613,-0.1965071784628007
1.295,-0.033,0.04388713836669922,0.48453794713909626,-0.13327957219784636
1.197,-0.153,1.4066696166992188e-05,0.48453794713909626,-0.13327957219784636
1.217,-0.067,0.043981313705444336,-0.2889521097679739,-0.20785759880202923
1.228,0.0,1.8835067749023438e-05,-0.2889521097679739,-0.20785759880202923
1.16,-0.046,0.043936967849731445,-0.2889521097679739,-0.20785759880202923
1.135,-0.011,1.0251998901367188e-05,-0.2889521097679739,-0.20785759880202923
1.135,-0.011,0.044051170349121094,-0.3406782499161703,-0.24201617020811056
1.109,0.024,2.3126602172851562e-05,-0.3406782499161703,-0.24201617020811056
1.026,-0.042,0.04793095588684082,-0.4188927674035783,-0.2573086220218705
0.809,-0.317,1.9073486328125e-05,-0.4188927674035783,-0.2573086220218705
0.545,-0.657,1.7881393432617188e-05,-0.4188927674035783,-0.2573086220218705
0.607,-0.523,0.04393124580383301,-0.4188927674035783,-0.2573086220218705
0.941,0.019,1.0728836059570312e-05,-0.4188927674035783,-0.2573086220218705
0.712,-0.303,0.012314319610595703,-0.3211792109356381,-0.23038726227143558
0.712,-0.303,0.01985335350036621,-0.3211792109356381,-0.23038726227143558
0.74,-0.204,0.043855905532836914,-0.3313308884131112,-0.23726589072471707
0.737,-0.145,1.0013580322265625e-05,-0.3313308884131112,-0.23726589072471707
0.563,-0.363,0.04405522346496582,-0.3313308884131112,-0.23726589072471707
0.563,-0.363,2.6702880859375e-05,-0.3313308884131112,-0.23726589072471707
0.563,-0.363,0.04390454292297363,-0.39489077775872544,-0.27943477696827485
0.491,-0.389,1.9550323486328125e-05,-0.39489077775872544,-0.27943477696827485
0.573,-0.198,0.043931007385253906,-0.4409088388182864,-0.2738417339957464
0.455,-0.335,6.67572021484375e-06,-0.4409088388182864,-0.2738417339957464
0.455,-0.335,0.044043779373168945,-0.4409088388182864,-0.2738417339957464
0.482,-0.241,1.6450881958007812e-05,-0.4409088388182864,-0.2738417339957464
0.395,-0.33,0.04404807090759277,-0.45761294563056204,-0.27156452296022726
0.342,-0.342,2.9325485229492188e-05,-0.45761294563056204,-0.27156452296022726
0.387,-0.206,1.3589859008789062e-05,-0.45761294563056204,-0.27156452296022726
0.296,-0.276,0.043859004974365234,-0.49054856331987307,-0.24936768902607065
0.296,-0.276,8.344650268554688e-06,-0.49054856331987307,-0.24936768902607065
0.239,-0.281,0.012232780456542969,-0.49054856331987307,-0.24936768902607065
0.223,-0.279,0.01995396614074707,-0.49054856331987307,-0.24936768902607065
0.214,-0.268,0.043821096420288086,-0.448398255604382,-0.2300097474859614
0.189,-0.271,1.3589859008789062e-05,-0.448398255604382,-0.2300097474859614
0.189,-0.271,0.04794502258300781,-0.5111800405803074,-0.23461749961752768
0.161,-0.251,6.67572021484375e-06,-0.5111800405803074,-0.23461749961752768
0.139,-0.24,0.04409217834472656,-0.5111800405803074,-0.23461749961752768
0.118,-0.231,2.6464462280273438e-05,-0.5111800405803074,-0.23461749961752768
0.093,-0.233,0.04389238357543945,-0.4618504725459396,-0.24903194788076888
0.093,-0.233,9.059906005859375e-06,-0.4618504725459396,-0.24903194788076888
0.073,-0.238,0.043979644775390625,-0.4826757072507509,-0.2359636389302558
0.073,-0.238,1.3828277587890625e-05,-0.4826757072507509,-0.2359636389302558
-0.067,-0.22,0.056389570236206055,-0.4826757072507509,-0.2359636389302558
-0.097,-0.221,0.019693851470947266,-0.49663745934532505,-0.24027039898833993
-0.133,-0.228,0.04399466514587402,-0.49663745934532505,-0.24027039898833993
-0.161,-0.231,1.71661376953125e-05,-0.49663745934532505,-0.24027039898833993
-0.194,-0.249,0.04400992393493652,-0.4951078889878658,-0.22865891591671372
-0.224,-0.221,1.9550323486328125e-05,-0.4951078889878658,-0.22865891591671372
-0.237,-0.217,0.04386782646179199,-0.5095386080309996,-0.21608627944277722
-0.318,-0.158,6.4373016357421875e-06,-0.5095386080309996,-0.21608627944277722
-0.288,-0.267,0.04409503936767578,-0.5095386080309996,-0.21608627944277722
-0.327,-0.274,2.0265579223632812e-05,-0.5095386080309996,-0.21608627944277722
-0.392,-0.196,0.043923139572143555,-0.5990436483068542,-0.24505574629271215
-0.392,-0.196,1.5735626220703125e-05,-0.5990436483068542,-0.24505574629271215
-0.417,-0.206,0.04400181770324707,-0.5990436483068542,-0.24505574629271215
-0.421,-0.241,1.7404556274414062e-05,-0.5990436483068542,-0.24505574629271215
-0.449,-0.241,1.7881393432617188e-05,-0.5990436483068542,-0.24505574629271215
-0.449,-0.241,0.0479588508605957,-0.8185211455735958,-0.08977856689454525
-0.449,-0.241,1.2874603271484375e-05,-0.8185211455735958,-0.08977856689454525
-0.529,-0.224,0.008044004440307617,-0.8185211455735958,-0.08977856689454525
-0.55,-0.21,0.02020430564880371,-0.6443197462738129,-0.197282813877034
-0.592,-0.211,0.04374861717224121,-0.6443197462738129,-0.197282813877034
-0.598,-0.177,1.5020370483398438e-05,-0.6443197462738129,-0.197282813877034
-0.618,-0.176,0.04400467872619629,-0.5343629774171975,-0.2052743121224661
-0.618,-0.176,2.5033950805664062e-05,-0.5343629774171975,-0.2052743121224661
-0.654,-0.135,0.04789853096008301,-0.5343629774171975,-0.2052743121224661
-0.698,-0.114,1.2874603271484375e-05,-0.5343629774171975,-0.2052743121224661
-0.686,-0.103,0.043984174728393555,-0.5670905862664611,-0.13300290645559393
-0.617,-0.229,8.58306884765625e-06,-0.5670905862664611,-0.13300290645559393
-0.617,-0.229,0.04413127899169922,-0.5703300039729202,-0.08692045326029765
-0.795,0.048,2.4080276489257812e-05,-0.5703300039729202,-0.08692045326029765
-0.634,-0.172,4.458427429199219e-05,-0.5703300039729202,-0.08692045326029765
-0.477,-0.384,0.04382967948913574,-0.5388288824945296,-0.08758334323641592
-0.477,-0.384,1.7881393432617188e-05,-0.5388288824945296,-0.08758334323641592
-0.655,-0.1,0.012232542037963867,-0.5388288824945296,-0.08758334323641592
-0.573,-0.211,0.020010948181152344,-0.5388288824945296,-0.08758334323641592
-0.588,-0.12,0.043697357177734375,-0.5852889704988067,-0.02024339253291512
-0.588,-0.12,7.867813110351562e-06,-0.5852889704988067,-0.02024339253291512
-0.554,-0.159,0.04797482490539551,-0.453960876089353,0.09265220038940108
-0.461,-0.278,7.62939453125e-06,-0.453960876089353,0.09265220038940108
-0.664,0.083,0.04417538642883301,-0.453960876089353,0.09265220038940108
-0.573,-0.037,3.170967102050781e-05,-0.453960876089353,0.09265220038940108
-0.566,-0.025,0.04388570785522461,-0.1989631857969952,0.1405803873191006
-0.478,-0.142,2.4080276489257812e-05,-0.1989631857969952,0.1405803873191006
-0.544,0.013,0.043904781341552734,-0.1989631857969952,0.1405803873191006
-0.554,0.056,1.1444091796875e-05,-0.1989631857969952,0.1405803873191006
-0.441,-0.087,1.0013580322265625e-05,-0.1989631857969952,0.1405803873191006
-0.61,0.181,0.04404163360595703,-0.7037482443649188,0.07406805153492152
-0.445,-0.039,2.5033950805664062e-05,-0.7037482443649188,0.07406805153492152
-0.501,0.082,0.012114524841308594,-0.7037482443649188,0.07406805153492152
-0.48,0.075,0.019852638244628906,-0.6702716567719271,0.06457714380033774
-0.446,-0.006,0.04401803016662598,-0.6702716567719271,0.06457714380033774
-0.437,-0.048,1.7881393432617188e-05,-0.6702716567719271,0.06457714380033774
-0.482,-0.016,0.04790234565734863,0.37736315629034783,-0.2832792653996323
-0.505,0.014,1.33514404296875e-05,0.37736315629034783,-0.2832792653996323
-0.505,0.014,0.048096656799316406,0.5298096549825754,-0.35980740887570306
-0.54,0.033,3.2901763916015625e-05,0.5298096549825754,-0.35980740887570306
-0.554,0.022,0.04387521743774414,0.5298096549825754,-0.35980740887570306
-0.554,0.022,1.1920928955078125e-05,0.5298096549825754,-0.35980740887570306
-0.558,0.019,5.4836273193359375e-06,0.5298096549825754,-0.35980740887570306
-0.558,0.019,0.048012733459472656,0.6307961805513312,-0.3528820063909143
-0.547,-0.026,2.0503997802734375e-05,0.6307961805513312,-0.3528820063909143
-0.531,-0.08,0.008191108703613281,0.6307961805513312,-0.3528820063909143
-0.511,-0.135,0.019822359085083008,0.6307961805513312,-0.3528820063909143
-0.511,-0.135,0.043909549713134766,0.8706853783250204,-0.22952274139427992
-0.548,-0.099,7.867813110351562e-06,0.8706853783250204,-0.22952274139427992
-0.618,-0.021,0.04400634765625,0.7253865212229568,-0.2856626036611234
-0.618,-0.021,7.867813110351562e-06,0.7253865212229568,-0.2856626036611234
-0.533,-0.165,0.044013261795043945,0.6892773087735936,-0.2791299514770092
-0.521,-0.137,1.5735626220703125e-05,0.6892773087735936,-0.2791299514770092
-0.521,-0.137,0.0440526008605957,0.6892773087735936,-0.2791299514770092
-0.449,-0.224,2.0503997802734375e-05,0.6892773087735936,-0.2791299514770092
-0.449,-0.224,0.043936729431152344,0.7590819320446011,-0.2974164493072842
-0.28,-0.392,2.3365020751953125e-05,0.7590819320446011,-0.2974164493072842
-0.28,-0.38,0.04807281494140625,0.7590819320446011,-0.2974164493072842
-0.277,-0.351,2.288818359375e-05,0.7590819320446011,-0.2974164493072842
-0.257,-0.338,2.002716064453125e-05,0.7590819320446011,-0.2974164493072842
-0.242,-0.294,0.04390072822570801,0.8528931208957803,-0.27378039239227536
-0.242,-0.294,1.5735626220703125e-05,0.8528931208957803,-0.27378039239227536
-0.219,-0.291,0.00794219970703125,0.8528931208957803,-0.27378039239227536
-0.197,-0.289,0.02003026008605957,1.0796902472139944,-0.270679448368779
-0.174,-0.272,0.04400300979614258,1.0796902472139944,-0.270679448368779
-0.174,-0.272,2.7179718017578125e-05,1.0796902472139944,-0.270679448368779
-0.151,-0.244,0.043967247009277344,1.0343396642800984,-0.2661064762139108
-0.151,-0.244,2.7179718017578125e-05,1.0343396642800984,-0.2661064762139108
-0.102,-0.248,0.04388236999511719,1.1324125825548232,-0.2709758309086296
-0.085,-0.241,7.152557373046875e-06,1.1324125825548232,-0.2709758309086296
-0.061,-0.25,0.044065237045288086,1.1324125825548232,-0.2709758309086296
0.067,-0.256,0.1320204734802246,1.0970185400893755,-0.24997958882095736
0.084,-0.262,2.384185791015625e-05,1.0970185400893755,-0.24997958882095736
0.104,-0.262,0.012151241302490234,1.0970185400893755,-0.24997958882095736
0.134,-0.266,0.019874095916748047,1.0095944148489389,-0.2515344685702773
0.165,-0.26,0.043843984603881836,0.97774509970381,-0.2757788486648193
0.165,-0.26,7.62939453125e-06,0.97774509970381,-0.2757788486648193
0.165,-0.26,0.04808688163757324,0.97774509970381,-0.2757788486648193
0.17,-0.239,3.24249267578125e-05,0.97774509970381,-0.2757788486648193
0.191,-0.242,0.04405570030212402,1.0625485507870225,-0.2625458466321453
0.216,-0.249,2.7894973754882812e-05,1.0625485507870225,-0.2625458466321453
0.216,-0.249,0.04385256767272949,1.0625485507870225,-0.2625458466321453
0.323,-0.168,9.059906005859375e-06,1.0625485507870225,-0.2625458466321453
0.323,-0.168,0.04406476020812988,1.1654996792874535,-0.2674819500891069
0.267,-0.291,3.4809112548828125e-05,1.1654996792874535,-0.2674819500891069
0.362,-0.217,4.6253204345703125e-05,1.1654996792874535,-0.2674819500891069
0.405,-0.161,0.043831825256347656,0.7068801864562755,-0.1932551706534394
0.34,-0.291,1.4781951904296875e-05,0.7068801864562755,-0.1932551706534394
0.371,-0.302,0.012135028839111328,0.7068801864562755,-0.1932551706534394
0.421,-0.252,0.020003795623779297,0.7068801864562755,-0.1932551706534394
0.421,-0.252,0.04385995864868164,1.0857011772219247,-0.26180865658054914
0.524,-0.155,1.8358230590820312e-05,1.0857011772219247,-0.26180865658054914
0.45,-0.252,0.04396510124206543,1.0857011772219247,-0.26180865658054914
0.458,-0.23,1.33514404296875e-05,1.0857011772219247,-0.26180865658054914
0.458,-0.23,0.047968149185180664,0.8514815406766694,-0.2803370216962061
0.484,-0.245,1.2636184692382812e-05,0.8514815406766694,-0.2803370216962061
0.484,-0.245,0.044072866439819336,1.0043488392728233,-0.2341417819820725
0.514,-0.27,2.4557113647460938e-05,1.0043488392728233,-0.2341417819820725
0.647,-0.129,0.04389214515686035,1.0528362836364213,-0.2477925426565226
0.57,-0.252,1.0251998901367188e-05,1.0528362836364213,-0.2477925426565226
0.57,-0.252,1.1205673217773438e-05,1.0528362836364213,-0.2477925426565226
0.606,-0.259,0.04402804374694824,1.0528362836364213,-0.2477925426565226
0.606,-0.259,2.1696090698242188e-05,1.0528362836364213,-0.2477925426565226
0.682,-0.267,0.012102842330932617,1.0528362836364213,-0.2477925426565226
0.653,-0.269,0.020062923431396484,1.1851304593483962,-0.2658324350238436
0.808,-0.113,0.043790578842163086,1.1851304593483962,-0.2658324350238436
0.708,-0.258,1.4781951904296875e-05,1.1851304593483962,-0.2658324350238436
0.708,-0.258,0.04399228096008301,1.1089186275516383,-0.16737384217639203
0.728,-0.265,1.3113021850585938e-05,1.1089186275516383,-0.16737384217639203
0.736,-0.289,0.04397773742675781,1.1192831648069914,-0.22669054542059774
0.874,-0.1,1.4781951904296875e-05,1.1192831648069914,-0.22669054542059774
0.874,-0.1,0.044001102447509766,1.1192831648069914,-0.22669054542059774
0.885,-0.15,2.09808349609375e-05,1.1192831648069914,-0.22669054542059774
0.897,-0.168,0.04397153854370117,0.7757998205595426,-0.2406608778488985
0.909,-0.202,1.52587890625e-05,0.7757998205595426,-0.2406608778488985
0.909,-0.202,0.04402470588684082,0.9029820963131809,-0.19963644323593152
0.962,-0.15,3.075599670410156e-05,0.9029820963131809,-0.19963644323593152
0.962,-0.15,1.1444091796875e-05,0.9029820963131809,-0.19963644323593152
0.962,-0.15,0.047858238220214844,0.8486446184274934,-0.21182094584639974
0.985,-0.146,6.67572021484375e-06,0.8486446184274934,-0.21182094584639974
0.992,-0.121,0.008242368698120117,0.8486446184274934,-0.21182094584639974
0.962,-0.165,0.019956111907958984,0.8486446184274934,-0.21182094584639974
0.964,-0.186,0.04383230209350586,0.677608487532476,-0.18240634145325468
0.964,-0.186,9.5367431640625e-06,0.677608487532476,-0.18240634145325468
0.974,-0.127,0.0439763069152832,0.677608487532476,-0.18240634145325468
0.958,-0.132,1.3589859008789062e-05,0.677608487532476,-0.18240634145325468
0.996,-0.037,0.04405546188354492,0.38601970023130766,-0.22728040200455094
0.874,-0.211,1.5497207641601562e-05,0.38601970023130766,-0.22728040200455094
0.778,-0.329,0.04404640197753906,0.39794251197651326,-0.22689590226698678
0.691,-0.462,2.6702880859375e-05,0.39794251197651326,-0.22689590226698678
0.819,-0.207,0.04791402816772461,0.39794251197651326,-0.22689590226698678
0.774,-0.23,2.09808349609375e-05,0.39794251197651326,-0.22689590226698678
0.782,-0.185,2.6941299438476562e-05,0.39794251197651326,-0.22689590226698678
0.782,-0.185,0.043908119201660156,0.42270535269587134,-0.23270359951454703
0.807,-0.07,1.9311904907226562e-05,0.42270535269587134,-0.23270359951454703
0.615,-0.3,0.012153148651123047,0.42270535269587134,-0.23270359951454703
0.522,-0.351,0.01985621452331543,0.42270535269587134,-0.23270359951454703
0.46,-0.384,0.04396247863769531,0.29365328146466096,-0.20859270385279843
0.46,-0.384,1.2636184692382812e-05,0.29365328146466096,-0.20859270385279843
0.461,-0.335,0.044036149978637695,0.28286919273161826,-0.20029674822234375
0.512,-0.208,1.5974044799804688e-05,0.28286919273161826,-0.20029674822234375
0.516,-0.144,0.04400372505187988,0.28286919273161826,-0.20029674822234375
0.494,-0.135,2.09808349609375e-05,0.28286919273161826,-0.20029674822234375
0.449,-0.156,0.04391598701477051,-0.39916539075592705,-0.2903868690638998
0.312,-0.29,1.33514404296875e-05,-0.39916539075592705,-0.2903868690638998
0.312,-0.29,0.04400825500488281,-0.43674649384310077,-0.3138542754851039
0.279,-0.24,1.9788742065429688e-05,-0.43674649384310077,-0.3138542754851039
0.272,-0.227,0.044039249420166016,-0.43674649384310077,-0.3138542754851039
0.226,-0.264,3.170967102050781e-05,-0.43674649384310077,-0.3138542754851039
0.226,-0.264,1.239776611328125e-05,-0.43674649384310077,-0.3138542754851039
0.201,-0.268,0.043914079666137695,-0.42356780012227374,-0.30830532860623966
0.201,-0.268,2.1457672119140625e-05,-0.42356780012227374,-0.30830532860623966
0.159,-0.261,0.0121917724609375,-0.42356780012227374,-0.30830532860623966
0.134,-0.276,0.020032644271850586,-0.42356780012227374,-0.30830532860623966
0.118,-0.282,0.04375505447387695,-0.4314659210207538,-0.3141438221603921
0.103,-0.276,2.5510787963867188e-05,-0.4314659210207538,-0.3141438221603921
0.061,-0.291,0.043950796127319336,-0.46211244720917805,-0.33355006380735885
-0.08,-0.321,0.13201212882995605,-0.4470499880908589,-0.33118815835023363
-0.111,-0.344,1.1682510375976562e-05,-0.4470499880908589,-0.33118815835023363
-0.134,-0.332,0.04396843910217285,-0.4470499880908589,-0.33118815835023363
-0.134,-0.332,1.5497207641601562e-05,-0.4470499880908589,-0.33118815835023363
-0.19,-0.32,6.198883056640625e-06,-0.4470499880908589,-0.33118815835023363
-0.213,-0.323,0.044027090072631836,-0.4380594942734612,-0.32144857435606367
-0.248,-0.343,3.24249267578125e-05,-0.4380594942734612,-0.32144857435606367
-0.277,-0.328,0.012022972106933594,-0.4380594942734612,-0.32144857435606367
-0.297,-0.33,0.019950151443481445,-0.43775435294709314,-0.3208911017715876
-0.347,-0.302,0.043962717056274414,-0.43775435294709314,-0.3208911017715876
-0.348,-0.341,2.2172927856445312e-05,-0.43775435294709314,-0.3208911017715876
-0.361,-0.326,0.04794025421142578,-0.41852419529883167,-0.3061683907903131
-0.376,-0.344,1.9788742065429688e-05,-0.41852419529883167,-0.3061683907903131
-0.376,-0.344,0.04399561882019043,-0.41024919450349767,-0.299238276833731
-0.404,-0.318,1.9311904907226562e-05,-0.41024919450349767,-0.299238276833731
-0.409,-0.34,0.044030189514160156,-0.41024919450349767,-0.299238276833731
-0.504,-0.217,2.288818359375e-05,-0.41024919450349767,-0.299238276833731
-0.504,-0.217,0.04399752616882324,-0.41455417122224836,-0.2975609051750197
-0.437,-0.271,2.2172927856445312e-05,-0.41455417122224836,-0.2975609051750197
-0.419,-0.293,9.059906005859375e-06,-0.41455417122224836,-0.2975609051750197
-0.447,-0.259,0.04787421226501465,-0.41455417122224836,-0.2975609051750197
-0.447,-0.259,1.0013580322265625e-05,-0.41455417122224836,-0.2975609051750197
-0.401,-0.333,0.008044958114624023,-0.34867730169082417,-0.2547508659955506
-0.401,-0.333,0.02021503448486328,-0.34867730169082417,-0.2547508659955506
-0.435,-0.266,0.043784379959106445,-0.3237136230993429,-0.23967693374640778
-0.397,-0.338,1.6927719116210938e-05,-0.3237136230993429,-0.23967693374640778
-0.376,-0.34,0.04397153854370117,-0.3237136230993429,-0.23967693374640778
-0.413,-0.242,1.1205673217773438e-05,-0.3237136230993429,-0.23967693374640778
-0.395,-0.249,0.043988943099975586,-0.3192683583777568,-0.2320441237329165
-0.395,-0.249,2.6702880859375e-05,-0.3192683583777568,-0.2320441237329165
-0.367,-0.248,0.04795241355895996,-0.25317759362440845,-0.1845074996056601
-0.306,-0.29,9.5367431640625e-06,-0.25317759362440845,-0.1845074996056601
-0.306,-0.29,0.04397392272949219,-0.25317759362440845,-0.1845074996056601
-0.285,-0.285,9.775161743164062e-06,-0.25317759362440845,-0.1845074996056601
-0.279,-0.272,1.1444091796875e-05,-0.25317759362440845,-0.1845074996056601
-0.303,-0.214,0.04403281211853027,-0.22721617083704865,-0.16497499510422903
-0.319,-0.155,2.5987625122070312e-05,-0.22721617083704865,-0.16497499510422903
-0.319,-0.155,0.012165069580078125,-0.22721617083704865,-0.16497499510422903
-0.269,-0.189,0.019797086715698242,-0.2273024930807819,-0.16503872569007622
-0.227,-0.215,0.04400968551635742,-0.2273024930807819,-0.16503872569007622
-0.226,-0.201,1.5974044799804688e-05,-0.2273024930807819,-0.16503872569007622
-0.226,-0.201,0.043929100036621094,-0.17723804345233954,-0.1282035364147872
-0.218,-0.183,1.4543533325195312e-05,-0.17723804345233954,-0.1282035364147872
-0.219,-0.174,0.04403829574584961,0.46418528728598457,-0.3356770489563213
-0.218,-0.161,2.0503997802734375e-05,0.46418528728598457,-0.3356770489563213
-0.207,-0.149,0.04405403137207031,0.46418528728598457,-0.3356770489563213
-0.201,-0.138,2.9802322387695312e-05,0.46418528728598457,-0.3356770489563213
-0.183,-0.152,0.043897151947021484,0.37603386334810973,-0.29596851452070505
-0.183,-0.152,1.7881393432617188e-05,0.37603386334810973,-0.29596851452070505
-0.165,-0.172,0.04400491714477539,0.37603386334810973,-0.29596851452070505
-0.165,-0.172,2.4318695068359375e-05,0.37603386334810973,-0.29596851452070505
-0.137,-0.219,2.5033950805664062e-05,0.37603386334810973,-0.29596851452070505
-0.124,-0.223,0.04793405532836914,0.43324026628444295,-0.31503629294971364
-0.091,-0.262,1.8596649169921875e-05,0.43324026628444295,-0.31503629294971364
-0.091,-0.262,0.008041858673095703,0.43324026628444295,-0.31503629294971364
0.076,-0.314,0.19987058639526367,0.3969876795446237,-0.27738773942626666
0.076,-0.314,1.0013580322265625e-05,0.3969876795446237,-0.27738773942626666
0.102,-0.297,0.04404807090759277,0.38804708777351404,-0.2792778914454477
0.102,-0.297,1.7404556274414062e-05,0.38804708777351404,-0.2792778914454477
0.144,-0.289,9.5367431640625e-06,0.38804708777351404,-0.2792778914454477
0.167,-0.271,0.04398751258850098,0.3766316822885853,-0.270514645130821
0.194,-0.282,2.6702880859375e-05,0.3766316822885853,-0.270514645130821
0.194,-0.282,0.01207113265991211,0.3766316822885853,-0.270514645130821
0.213,-0.272,0.020020723342895508,0.3766316822885853,-0.270514645130821
0.247,-0.272,0.04788517951965332,0.31288485701934565,-0.2408050129117719
0.247,-0.272,2.384185791015625e-05,0.31288485701934565,-0.2408050129117719
0.359,-0.175,0.04391980171203613,0.41330068062028663,-0.2773237103850822
0.301,-0.268,1.5020370483398438e-05,0.41330068062028663,-0.2773237103850822
0.31,-0.263,0.04409360885620117,0.41330068062028663,-0.2773237103850822
0.321,-0.293,3.409385681152344e-05,0.41330068062028663,-0.2773237103850822
0.329,-0.241,0.04388093948364258,0.6222313163087958,-0.2627237623264108
0.316,-0.248,2.1457672119140625e-05,0.6222313163087958,-0.2627237623264108
0.316,-0.248,0.04398226737976074,1.0699521598028658,-0.2930977221958393
0.34,-0.232,1.4066696166992188e-05,1.0699521598028658,-0.2930977221958393
0.34,-0.232,7.3909759521484375e-06,1.0699521598028658,-0.2930977221958393
0.357,-0.248,0.04406547546386719,1.0699521598028658,-0.2930977221958393
0.353,-0.259,2.6941299438476562e-05,1.0699521598028658,-0.2930977221958393
0.45,-0.152,0.01196146011352539,1.1435128117432332,-0.3101834250909943
0.415,-0.215,0.02008819580078125,1.1435128117432332,-0.3101834250909943
0.489,-0.143,0.04385209083557129,1.1435128117432332,-0.3101834250909943
0.403,-0.343,1.811981201171875e-05,1.1435128117432332,-0.3101834250909943
0.502,-0.195,0.04402875900268555,1.1663953387967132,-0.3074297839755803
0.429,-0.342,2.956390380859375e-05,1.1663953387967132,-0.3074297839755803
0.576,-0.194,0.04796576499938965,1.172187286299595,-0.3124190042223866
0.576,-0.194,5.435943603515625e-05,1.172187286299595,-0.3124190042223866
0.567,-0.22,0.0438840389251709,1.172187286299595,-0.3124190042223866
0.5,-0.407,1.621246337890625e-05,1.172187286299595,-0.3124190042223866
0.618,-0.232,0.04405379295349121,1.2870489479577043,-0.3121013855449188
0.55,-0.393,2.6464462280273438e-05,1.2870489479577043,-0.3121013855449188
0.644,-0.226,3.147125244140625e-05,1.2870489479577043,-0.3121013855449188
0.58,-0.414,0.04391288757324219,1.3517941937697893,-0.3030427444374508
0.734,-0.131,2.574920654296875e-05,1.3517941937697893,-0.3030427444374508
0.734,-0.131,0.01208043098449707,1.3517941937697893,-0.3030427444374508
0.734,-0.131,0.02001333236694336,1.3517941937697893,-0.3030427444374508
0.652,-0.362,0.047875165939331055,1.2221796679974197,-0.27629874490449674
0.781,-0.185,2.0503997802734375e-05,1.2221796679974197,-0.27629874490449674
0.781,-0.185,0.04399538040161133,1.1605693415797884,-0.33951609879671063
0.791,-0.249,2.0742416381835938e-05,1.1605693415797884,-0.33951609879671063
0.778,-0.249,0.044010162353515625,1.1605693415797884,-0.33951609879671063
0.778,-0.249,2.9802322387695312e-05,1.1605693415797884,-0.33951609879671063
0.859,-0.159,0.04385089874267578,1.253462096398703,-0.3457788774805967
0.859,-0.159,1.0251998901367188e-05,1.253462096398703,-0.3457788774805967
0.934,-0.209,0.04805183410644531,0.7829293144933908,-0.3081922314064554
0.91,-0.273,1.7404556274414062e-05,0.7829293144933908,-0.3081922314064554
0.938,-0.285,1.2636184692382812e-05,0.7829293144933908,-0.3081922314064554
0.938,-0.285,0.044005393981933594,0.7829293144933908,-0.3081922314064554
1.016,-0.254,2.288818359375e-05,0.7829293144933908,-0.3081922314064554
1.016,-0.254,0.00804448127746582,0.7245027966476233,-0.2768050947754235
1.03,-0.219,0.020037412643432617,0.7245027966476233,-0.2768050947754235
1.03,-0.219,0.04384016990661621,0.7245027966476233,-0.2768050947754235
1.015,-0.227,1.3589859008789062e-05,0.7245027966476233,-0.2768050947754235
0.772,-0.513,0.044007301330566406,0.7086969537599301,-0.2783851956533908
0.846,-0.4,2.288818359375e-05,0.7086969537599301,-0.2783851956533908
0.846,-0.4,0.04401826858520508,0.49342821758227695,-0.25156398500936866
0.846,-0.4,2.7894973754882812e-05,0.49342821758227695,-0.25156398500936866
0.721,-0.501,0.04396510124206543,0.5130967827343342,-0.2589442286816995
0.701,-0.54,2.3365020751953125e-05,0.5130967827343342,-0.2589442286816995
0.962,-0.081,0.04396557807922363,0.5130967827343342,-0.2589442286816995
0.747,-0.38,2.0503997802734375e-05,0.5130967827343342,-0.2589442286816995
0.683,-0.426,0.044095754623413086,0.5151939866792914,-0.2589438496889117
0.683,-0.426,3.3855438232421875e-05,0.5151939866792914,-0.2589438496889117
0.543,-0.517,1.2159347534179688e-05,0.5151939866792914,-0.2589438496889117
0.543,-0.517,0.04380607604980469,0.5151939866792914,-0.2589438496889117
0.662,-0.191,1.8358230590820312e-05,0.5151939866792914,-0.2589438496889117
0.532,-0.344,0.012103557586669922,0.42936629783585567,-0.2426970279162521
0.463,-0.404,0.02012944221496582,0.42936629783585567,-0.2426970279162521
0.566,-0.206,0.04369664192199707,0.35177908134817054,-0.2273969164647004
0.573,-0.15,1.0728836059570312e-05,0.35177908134817054,-0.2273969164647004
0.573,-0.15,0.044029951095581055,0.35177908134817054,-0.2273969164647004
0.488,-0.22,1.0967254638671875e-05,0.35177908134817054,-0.2273969164647004
0.529,-0.1,0.04801678657531738,0.3584471972409475,-0.22686125485665457
0.331,-0.358,2.574920654296875e-05,0.3584471972409475,-0.22686125485665457
0.363,-0.251,0.043961524963378906,0.3584471972409475,-0.22686125485665457
0.363,-0.251,2.574920654296875e-05,0.3584471972409475,-0.22686125485665457
0.372,-0.185,0.04395794868469238,0.3340366834846247,-0.21508254580382177
0.358,-0.18,1.430511474609375e-05,0.3340366834846247,-0.21508254580382177
0.314,-0.23,1.9311904907226562e-05,0.3340366834846247,-0.21508254580382177
0.292,-0.263,0.04797029495239258,0.39824541619251363,-0.21362887906310227
0.296,-0.225,1.621246337890625e-05,0.39824541619251363,-0.21362887906310227
0.296,-0.225,0.008250236511230469,0.39824541619251363,-0.21362887906310227
0.381,-0.088,0.02003955841064453,0.39824541619251363,-0.21362887906310227
0.356,-0.125,0.043698787689208984,0.4068878666314113,-0.21549928001544022
0.356,-0.125,1.4781951904296875e-05,0.4068878666314113,-0.21549928001544022
0.37,-0.128,0.043939828872680664,0.3637976829563457,-0.21385621021573992
0.307,-0.259,1.4543533325195312e-05,0.3637976829563457,-0.21385621021573992
0.307,-0.259,0.04414033889770508,0.3637976829563457,-0.21385621021573992
0.481,-0.026,2.7894973754882812e-05,0.3637976829563457,-0.21385621021573992
0.481,-0.026,0.043898582458496094,0.45453345151561214,-0.21794380940317062
0.353,-0.264,2.2411346435546875e-05,0.45453345151561214,-0.21794380940317062
0.346,-0.255,0.0439453125,0.4617329407040582,-0.21825277099019819
0.439,-0.118,2.0503997802734375e-05,0.4617329407040582,-0.21825277099019819
0.348,-0.274,0.044013261795043945,0.4617329407040582,-0.21825277099019819
0.348,-0.274,2.2172927856445312e-05,0.4617329407040582,-0.21825277099019819
0.476,-0.117,2.384185791015625e-05,0.4617329407040582,-0.21825277099019819
0.476,-0.117,0.04787087440490723,0.5517787098634318,-0.21338517181172964
0.373,-0.272,1.52587890625e-05,0.5517787098634318,-0.21338517181172964
0.373,-0.272,0.008238792419433594,0.5517787098634318,-0.21338517181172964
0.463,-0.162,0.019926071166992188,0.5622304607766277,-0.20827290223716052
0.418,-0.274,0.04392552375793457,0.5622304607766277,-0.20827290223716052
0.475,-0.179,2.6226043701171875e-05,0.5622304607766277,-0.20827290223716052
0.514,-0.119,0.043964385986328125,0.5778323583432408,-0.22244138434935282
0.473,-0.24,2.9325485229492188e-05,0.5778323583432408,-0.22244138434935282
0.428,-0.321,0.04398822784423828,0.5778323583432408,-0.22244138434935282
0.428,-0.321,2.1219253540039062e-05,0.5778323583432408,-0.22244138434935282
0.579,-0.149,0.04790949821472168,0.5926974283999663,-0.2146814187966765
0.498,-0.297,1.7881393432617188e-05,0.5926974283999663,-0.2146814187966765
0.596,-0.193,0.043955326080322266,0.60804024560647,-0.19936653264917384
0.596,-0.193,1.6689300537109375e-05,0.60804024560647,-0.19936653264917384
0.517,-0.29,1.811981201171875e-05,0.60804024560647,-0.19936653264917384
0.609,-0.182,0.04400897026062012,0.6151251680724756,-0.1938148226239985
0.62,-0.145,1.9073486328125e-05,0.6151251680724756,-0.1938148226239985
0.557,-0.279,0.012169361114501953,0.6151251680724756,-0.1938148226239985
0.529,-0.312,0.02000570297241211,0.6151251680724756,-0.1938148226239985
0.651,-0.138,0.04385018348693848,0.9235156584515705,-0.21575176059055226
0.651,-0.138,2.2172927856445312e-05,0.9235156584515705,-0.21575176059055226
0.662,-0.097,0.043947458267211914,0.9235156584515705,-0.21575176059055226
0.556,-0.295,2.3365020751953125e-05,0.9235156584515705,-0.21575176059055226
0.66,-0.147,0.04391288757324219,0.9614223257057343,-0.20938059495357
0.672,-0.118,1.1444091796875e-05,0.9614223257057343,-0.20938059495357
0.56,-0.313,0.044066429138183594,1.0428590297957492,-0.2191045510918749
0.678,-0.151,2.0742416381835938e-05,1.0428590297957492,-0.2191045510918749
0.713,-0.117,0.047965288162231445,1.0428590297957492,-0.2191045510918749
0.619,-0.29,3.0517578125e-05,1.0428590297957492,-0.2191045510918749
0.587,-0.342,1.5974044799804688e-05,1.0428590297957492,-0.2191045510918749
0.735,-0.137,0.04792308807373047,1.152273929865586,-0.21667249539183644
0.745,-0.146,3.0040740966796875e-05,1.152273929865586,-0.21667249539183644
0.745,-0.146,0.008060932159423828,1.152273929865586,-0.21667249539183644
0.848,-0.044,0.020110368728637695,1.165348471499261,-0.19347293712471597
0.746,-0.283,0.043817996978759766,1.165348471499261,-0.19347293712471597
0.746,-0.283,2.9087066650390625e-05,1.165348471499261,-0.19347293712471597
0.848,-0.162,0.04799795150756836,1.2073133712789894,-0.1972714453249038
0.842,-0.169,2.2649765014648438e-05,1.2073133712789894,-0.1972714453249038
0.903,-0.144,0.0439145565032959,1.155686149722652,-0.17711123317189742
0.903,-0.182,1.3113021850585938e-05,1.155686149722652,-0.17711123317189742
0.955,-0.139,0.044139862060546875,1.155686149722652,-0.17711123317189742
0.955,-0.139,2.3365020751953125e-05,1.155686149722652,-0.17711123317189742
0.979,-0.144,0.043840646743774414,1.125349885467936,-0.17941466900837635
0.975,-0.17,1.7404556274414062e-05,1.125349885467936,-0.17941466900837635
1.014,-0.116,2.1219253540039062e-05,1.125349885467936,-0.17941466900837635
1.014,-0.116,0.04792189598083496,1.1280206296320012,-0.17963330741075348
1.027,-0.162,1.3828277587890625e-05,1.1280206296320012,-0.17963330741075348
1.068,-0.145,0.008224725723266602,1.1280206296320012,-0.17963330741075348
1.083,-0.107,0.02001047134399414,1.1280206296320012,-0.17963330741075348
1.083,-0.107,0.04374194145202637,1.0164488110961047,-0.1660941173108403
1.131,-0.143,6.9141387939453125e-06,1.0164488110961047,-0.1660941173108403
1.13,-0.108,0.044104814529418945,1.0164488110961047,-0.1660941173108403
1.16,-0.099,3.314018249511719e-05,1.0164488110961047,-0.1660941173108403
1.116,-0.165,0.043952226638793945,0.9615283022767441,-0.16924092473492863
1.162,-0.084,1.6927719116210938e-05,0.9615283022767441,-0.16924092473492863
1.162,-0.084,0.04389762878417969,1.0116685054478305,-0.17244757577573616
1.155,-0.126,1.3113021850585938e-05,1.0116685054478305,-0.17244757577573616
1.141,-0.101,0.04401135444641113,1.0116685054478305,-0.17244757577573616
1.105,-0.145,1.71661376953125e-05,1.0116685054478305,-0.17244757577573616
1.151,-0.059,0.044022560119628906,0.9729985373868156,-0.15173824727287807
1.151,-0.059,2.4557113647460938e-05,0.9729985373868156,-0.15173824727287807
1.127,-0.045,2.2172927856445312e-05,0.9729985373868156,-0.15173824727287807
1.127,-0.045,0.0479741096496582,0.9373268286604296,-0.15196217909891718
1.053,-0.121,2.002716064453125e-05,0.9373268286604296,-0.15196217909891718
1.093,-0.036,0.008094072341918945,0.9373268286604296,-0.15196217909891718
1.099,-0.019,0.019938945770263672,0.9373268286604296,-0.15196217909891718
1.013,-0.086,0.04387044906616211,0.9373464854612127,-0.1519650920390809
1.013,-0.086,1.4543533325195312e-05,0.9373464854612127,-0.1519650920390809
1.045,-0.01,0.04401803016662598,0.9373464854612127,-0.1519650920390809
0.985,-0.078,2.193450927734375e-05,0.9373464854612127,-0.1519650920390809
1.016,-0.048,0.04396533966064453,0.8957707973060253,-0.1359603718582494
1.01,-0.027,1.9788742065429688e-05,0.8957707973060253,-0.1359603718582494
1.015,-0.014,0.043982505798339844,1.0054897685820843,-0.15212228886566784
0.924,-0.126,2.3603439331054688e-05,1.0054897685820843,-0.15212228886566784
0.986,-0.001,0.04400944709777832,1.0054897685820843,-0.15212228886566784
0.959,-0.052,2.7894973754882812e-05,1.0054897685820843,-0.15212228886566784
0.91,-0.109,0.043958187103271484,0.9925486222749483,-0.1510182539374798
0.989,0.014,1.9788742065429688e-05,0.9925486222749483,-0.1510182539374798
0.938,-0.071,1.1444091796875e-05,0.9925486222749483,-0.1510182539374798
0.907,-0.132,0.04393410682678223,0.9625377298457896,-0.15217553548967058
0.963,-0.072,1.9073486328125e-05,0.9625377298457896,-0.15217553548967058
0.957,-0.064,0.012112617492675781,0.9625377298457896,-0.15217553548967058
0.957,-0.064,0.020102262496948242,0.9625377298457896,-0.15217553548967058
0.941,-0.097,0.04380321502685547,0.9303447546209025,-0.13670518999031409
0.941,-0.097,2.0503997802734375e-05,0.9303447546209025,-0.13670518999031409
0.971,-0.066,0.043892621994018555,0.9303452431658837,-0.1367053714498452
0.968,-0.095,6.9141387939453125e-06,0.9303452431658837,-0.1367053714498452
0.909,-0.162,0.04407358169555664,0.9303452431658837,-0.1367053714498452
0.977,-0.073,2.765655517578125e-05,0.9303452431658837,-0.1367053714498452
0.994,-0.064,0.04398846626281738,0.8826635059331035,-0.13433314581008585
0.925,-0.165,2.09808349609375e-05,0.8826635059331035,-0.13433314581008585
0.981,-0.099,0.047968149185180664,0.858097967989928,-0.11942702440227172
0.981,-0.099,2.2411346435546875e-05,0.858097967989928,-0.11942702440227172
0.972,-0.101,2.9325485229492188e-05,0.858097967989928,-0.11942702440227172
0.932,-0.126,0.04396700859069824,0.858097967989928,-0.11942702440227172
0.932,-0.126,2.956390380859375e-05,0.858097967989928,-0.11942702440227172
0.958,-0.048,0.01217794418334961,0.858097967989928,-0.11942702440227172
0.94,-0.094,0.01994490623474121,0.8580984651509175,-0.11942723879281168
0.986,-0.006,0.04378843307495117,0.8580984651509175,-0.11942723879281168
0.96,-0.016,1.3113021850585938e-05,0.8580984651509175,-0.11942723879281168
0.907,-0.1,0.04800724983215332,0.9733534772392767,-0.121594355391833
0.919,-0.059,2.288818359375e-05,0.9733534772392767,-0.121594355391833
0.965,-0.005,0.04397773742675781,0.9240667017415859,-0.10581889090281754
0.965,-0.005,1.811981201171875e-05,0.9240667017415859,-0.10581889090281754
0.925,-0.053,0.04397320747375488,0.9240711694509206,-0.1058190983775123
0.889,-0.109,2.8371810913085938e-05,0.9240711694509206,-0.1058190983775123
0.982,0.005,0.04395246505737305,0.9240711694509206,-0.1058190983775123
0.897,-0.082,1.2636184692382812e-05,0.9240711694509206,-0.1058190983775123
0.904,-0.081,1.33514404296875e-05,0.9240711694509206,-0.1058190983775123
0.971,0.009,0.04398846626281738,0.8809539828328504,-0.08514305919978177
0.901,-0.087,2.0742416381835938e-05,0.8809539828328504,-0.08514305919978177
0.901,-0.087,0.012158632278442383,0.8809539828328504,-0.08514305919978177
0.928,-0.061,0.020021438598632812,0.8809539828328504,-0.08514305919978177
0.924,-0.054,0.04390096664428711,0.8248470001899729,-0.06833564759702782
0.901,-0.066,7.605552673339844e-05,0.8248470001899729,-0.06833564759702782
0.893,-0.072,0.04380488395690918,0.8248618736213928,-0.06833577913143553
0.902,-0.047,1.9788742065429688e-05,0.8248618736213928,-0.06833577913143553
0.907,-0.036,0.04404616355895996,0.8248618736213928,-0.06833577913143553
0.897,-0.027,2.765655517578125e-05,0.8248618736213928,-0.06833577913143553
0.895,-0.019,0.043965816497802734,0.8248062661890138,-0.0889539664785553
0.895,-0.019,1.6927719116210938e-05,0.8248062661890138,-0.0889539664785553
0.906,0.029,0.0439305305480957,0.5933818679111447,-0.11239774153489004
0.856,-0.054,1.71661376953125e-05,0.5933818679111447,-0.11239774153489004
0.856,-0.054,0.04407668113708496,0.5933818679111447,-0.11239774153489004
0.845,-0.038,2.3365020751953125e-05,0.5933818679111447,-0.11239774153489004
0.845,-0.038,2.2649765014648438e-05,0.5933818679111447,-0.11239774153489004
0.855,-0.023,0.043884992599487305,0.5933852825450802,-0.11239783358422169
0.867,0.013,1.5020370483398438e-05,0.5933852825450802,-0.11239783358422169
0.699,-0.204,0.012126922607421875,0.5933852825450802,-0.11239783358422169
0.642,-0.282,0.020015239715576172,0.5933852825450802,-0.11239783358422169
0.706,-0.136,0.04380178451538086,0.74973510281071,-0.07833027022185964
0.647,-0.197,1.1444091796875e-05,0.74973510281071,-0.07833027022185964
0.557,-0.298,0.04408764839172363,0.7027574934169318,-0.005757268589980196
0.557,-0.298,3.4332275390625e-05,0.7027574934169318,-0.005757268589980196
0.685,-0.066,0.043955087661743164,0.7027574934169318,-0.005757268589980196
0.554,-0.236,2.1219253540039062e-05,0.7027574934169318,-0.005757268589980196
0.665,-0.033,0.043970584869384766,0.7027574934169318,-0.005757268589980196
0.677,0.021,2.1219253540039062e-05,0.7027574934169318,-0.005757268589980196
0.697,0.056,0.04391622543334961,0.6901556577203952,0.001391357098398126
0.614,-0.072,2.193450927734375e-05,0.6901556577203952,0.001391357098398126
0.645,-0.021,0.04798412322998047,0.6901556577203952,0.001391357098398126
0.669,0.013,1.811981201171875e-05,0.6901556577203952,0.001391357098398126
0.669,0.013,7.62939453125e-06,0.6901556577203952,0.001391357098398126
0.65,-0.033,0.04405641555786133,0.6321284411849462,-0.039296595743894776
0.65,-0.033,3.409385681152344e-05,0.6321284411849462,-0.039296595743894776
0.657,-0.019,0.008082389831542969,0.6321284411849462,-0.039296595743894776
0.657,-0.019,0.020121097564697266,0.6321467753978347,-0.039297509619329284
0.668,-0.018,0.0437319278717041,0.6321467753978347,-0.039297509619329284
0.689,0.003,2.7179718017578125e-05,0.6321467753978347,-0.039297509619329284
0.663,-0.021,0.04390597343444824,0.6338878578724908,0.027091225114256306
0.668,-0.013,1.4543533325195312e-05,0.6338878578724908,0.027091225114256306
0.668,-0.013,0.04405379295349121,0.6338878578724908,0.027091225114256306
0.588,-0.132,2.6464462280273438e-05,0.6338878578724908,0.027091225114256306
0.632,-0.053,0.04397702217102051,0.3610968551344079,-0.09411583591010668
0.672,0.008,2.1696090698242188e-05,0.3610968551344079,-0.09411583591010668
0.539,-0.169,0.04393434524536133,0.36109770748980186,-0.09411585051253933
0.654,0.023,1.9073486328125e-05,0.36109770748980186,-0.09411585051253933
0.497,-0.189,0.04397749900817871,0.36109770748980186,-0.09411585051253933
0.622,0.0,1.5020370483398438e-05,0.36109770748980186,-0.09411585051253933
0.618,0.023,7.152557373046875e-06,0.36109770748980186,-0.09411585051253933
0.443,-0.189,0.04400038719177246,0.5875779277522237,0.07651080660880578
0.458,-0.138,2.86102294921875e-05,0.5875779277522237,0.07651080660880578
0.458,-0.138,0.012080669403076172,0.5875779277522237,0.07651080660880578
0.552,0.008,0.020021677017211914,0.2141372297446223,0.15445078953242627
0.552,0.008,0.0438542366027832,0.2141372297446223,0.15445078953242627
0.402,-0.19,1.8835067749023438e-05,0.2141372297446223,0.15445078953242627
0.366,-0.192,0.044104576110839844,0.21714957804893298,0.1565661643954029
0.643,0.268,2.288818359375e-05,0.21714957804893298,0.1565661643954029
0.643,0.268,0.043862104415893555,0.1908974486720892,0.138123010363538
0.339,-0.087,2.6226043701171875e-05,0.1908974486720892,0.138123010363538
0.542,0.246,0.04794478416442871,0.1908974486720892,0.138123010363538
0.335,-0.009,2.5272369384765625e-05,0.1908974486720892,0.138123010363538
0.335,-0.009,0.04403829574584961,0.16503096424547198,0.1179624097491066
0.41,0.181,2.47955322265625e-05,0.16503096424547198,0.1179624097491066
0.324,0.121,2.6702880859375e-05,0.16503096424547198,0.1179624097491066
0.296,0.116,0.04393744468688965,0.1650759947762731,0.11799472778520065
0.271,0.126,2.2649765014648438e-05,0.1650759947762731,0.11799472778520065
0.271,0.126,0.012201547622680664,0.1650759947762731,0.11799472778520065
0.179,0.079,0.020018577575683594,0.1650759947762731,0.11799472778520065
0.179,0.079,0.04373311996459961,0.153676864007476,0.10900741708625956
0.26,0.238,2.3365020751953125e-05,0.153676864007476,0.10900741708625956
0.141,0.06,0.043914794921875,0.11860713711263147,0.08352689128621804
0.141,0.06,9.775161743164062e-06,0.11860713711263147,0.08352689128621804
0.214,0.13,0.044080257415771484,0.11860713711263147,0.08352689128621804
0.199,0.142,2.0742416381835938e-05,0.11860713711263147,0.08352689128621804
0.199,0.142,0.04391145706176758,0.11860861119702093,0.08352793067433803
0.217,0.113,1.8596649169921875e-05,0.11860861119702093,0.08352793067433803
0.132,0.019,0.04802751541137695,0.11860861119702093,0.08352793067433803
0.144,0.02,2.765655517578125e-05,0.11860861119702093,0.08352793067433803
0.129,0.084,1.3828277587890625e-05,0.11860861119702093,0.08352793067433803
0.063,0.012,0.04395556449890137,0.17660560093885277,0.12893254608512122
0.057,0.016,2.1219253540039062e-05,0.17660560093885277,0.12893254608512122
0.057,0.016,0.012136220932006836,0.17660560093885277,0.12893254608512122
0.065,0.034,0.02005457878112793,0.22741984548341138,0.18128636539748869
0.086,0.058,0.043799638748168945,0.22741984548341138,0.18128636539748869
0.097,0.092,2.5033950805664062e-05,0.22741984548341138,0.18128636539748869
0.097,0.092,0.04390406608581543,0.21766428554118558,0.17564037594664608
0.156,0.157,9.5367431640625e-06,0.21766428554118558,0.17564037594664608
0.156,0.157,0.04403424263000488,0.21766428554118558,0.17564037594664608
0.186,0.186,2.09808349609375e-05,0.21766428554118558,0.17564037594664608
0.186,0.185,0.04797625541687012,0.21399108401805983,0.1951592046064717
0.186,0.185,3.218650817871094e-05,0.21399108401805983,0.1951592046064717
0.188,0.171,0.04396939277648926,0.18788620709750065,0.13743078810125245
0.165,0.124,2.0742416381835938e-05,0.18788620709750065,0.13743078810125245
0.146,0.097,2.288818359375e-05,0.18788620709750065,0.13743078810125245
0.168,0.129,0.0479426383972168,0.15674840055566466,0.11354960623856504
0.168,0.129,1.7881393432617188e-05,0.15674840055566466,0.11354960623856504
0.168,0.129,0.008252859115600586,0.15674840055566466,0.11354960623856504
0.168,0.128,0.019919633865356445,0.15674840055566466,0.11354960623856504
0.173,0.132,0.04387712478637695,0.21690157353756462,0.186707554807419
0.166,0.128,2.6941299438476562e-05,0.21690157353756462,0.186707554807419
0.166,0.128,0.043939828872680664,0.21690157353756462,0.186707554807419
0.169,0.111,2.4318695068359375e-05,0.21690157353756462,0.186707554807419
0.169,0.111,0.04400038719177246,0.18044984972798875,0.1344602911925521
0.212,0.104,2.6702880859375e-05,0.18044984972798875,0.1344602911925521
0.212,0.104,0.04390382766723633,0.18047594105875248,0.13449700801040754
0.27,0.056,1.2159347534179688e-05,0.18047594105875248,0.13449700801040754
0.209,0.162,0.04405570030212402,0.18047594105875248,0.13449700801040754
0.211,0.142,2.3603439331054688e-05,0.18047594105875248,0.13449700801040754
0.191,0.163,0.04402661323547363,0.11396853366407027,0.07985487596808284
0.192,0.162,2.8133392333984375e-05,0.11396853366407027,0.07985487596808284
0.198,0.148,2.7179718017578125e-05,0.11396853366407027,0.07985487596808284
0.197,0.142,0.04382443428039551,-0.33505334791036184,0.14545584217089483
0.166,0.125,1.1682510375976562e-05,-0.33505334791036184,0.14545584217089483
0.146,0.112,0.012197017669677734,-0.33505334791036184,0.14545584217089483
0.136,0.104,0.019872665405273438,-0.33505334791036184,0.14545584217089483
0.136,0.104,0.04393410682678223,-0.3350535544757065,0.1454558709667678
0.117,0.112,1.7642974853515625e-05,-0.3350535544757065,0.1454558709667678
0.086,0.119,0.047936201095581055,0.05,0.05
0.076,0.126,7.152557373046875e-06,0.05,0.05
0.076,0.126,0.04402279853820801,0.05,0.05
0.059,0.009,0.04400134086608887,0.05,-0.011823649906204933
0.059,0.009,2.1457672119140625e-05,0.05,-0.011823649906204933
0.052,0.003,0.25191831588745117,0.05,-0.011356900415157578
0.052,0.003,1.4543533325195312e-05,0.05,-0.011356900415157578
0.058,0.01,0.04406166076660156,0.05,-0.011282203634280662
0.051,-0.003,0.04391884803771973,0.05,-0.011282203634280662
0.053,-0.007,0.12005853652954102,0.05,-0.010996850124722993
0.053,-0.007,1.9788742065429688e-05,0.05,-0.010996850124722993
0.052,-0.003,0.25198793411254883,0.05,-0.013616062620351008
0.052,-0.003,2.7179718017578125e-05,0.05,-0.013616062620351008
0.051,-0.005,0.16400837898254395,0.05,-0.008378725863533963
0.054,-0.005,0.13599658012390137,0.05,-0.011903633220448396
0.054,-0.005,2.5987625122070312e-05,0.05,-0.011903633220448396
0.056,-0.023,0.044019460678100586,0.05,-0.011903633220448396
0.056,-0.023,0.012139320373535156,0.049999999999999996,-0.0035267516598270245
0.054,-0.024,0.08805489540100098,0.05,0.010554500185993177
0.052,0.004,0.07605528831481934,0.05000000000000001,0.002884166487614791
-0.088,-0.096,2.5510787963867188e-05,-0.9062097401203824,0.02420353142200896
-0.129,-0.099,0.01208639144897461,-0.9062097401203824,0.02420353142200896
-0.164,-0.081,0.019899845123291016,-0.8968265903993217,0.06308868766827146
-0.194,-0.067,0.0440220832824707,-0.8968265903993217,0.06308868766827146
-0.194,-0.067,2.9802322387695312e-05,-0.8968265903993217,0.06308868766827146
-0.243,-0.035,0.043901681900024414,-0.9101893659966763,0.08025417829014624
-0.243,-0.035,1.6689300537109375e-05,-0.9101893659966763,0.08025417829014624
-0.275,-0.021,0.04398298263549805,-0.9588419131769113,0.12482214896576044
-0.3,0.004,1.1205673217773438e-05,-0.9588419131769113,0.12482214896576044
-0.332,0.036,0.044149160385131836,-0.9588419131769113,0.12482214896576044
-0.332,0.036,3.933906555175781e-05,-0.9588419131769113,0.12482214896576044
-0.374,0.063,0.043843746185302734,-1.0211562381534618,0.1868592898469411
-0.422,0.091,1.52587890625e-05,-1.0211562381534618,0.1868592898469411
-0.461,0.105,0.04392075538635254,-0.9551054027593471,0.1691875231672746
-0.461,0.105,7.152557373046875e-06,-0.9551054027593471,0.1691875231672746
-0.517,0.092,1.6450881958007812e-05,-0.9551054027593471,0.1691875231672746
-0.517,0.092,0.0440676212310791,-0.9551054027593471,0.1691875231672746
-0.602,0.148,1.9550323486328125e-05,-0.9551054027593471,0.1691875231672746
-0.61,0.102,0.012012958526611328,-0.9551054027593471,0.1691875231672746
-0.645,0.115,0.020161867141723633,-1.3678898173428946,0.24997740978732308
-0.645,0.115,0.04373478889465332,-1.3678898173428946,0.24997740978732308
-0.697,0.129,9.775161743164062e-06,-1.3678898173428946,0.24997740978732308
-0.727,0.151,0.04405856132507324,-1.3710232769540462,0.25809558029359314
-0.758,0.176,2.1696090698242188e-05,-1.3710232769540462,0.25809558029359314
-0.791,0.198,0.04392504692077637,-1.2786157807561127,0.14114527637593213
-0.808,0.208,1.8596649169921875e-05,-1.2786157807561127,0.14114527637593213
-0.808,0.208,0.043976783752441406,-1.2786157807561127,0.14114527637593213
-0.838,0.229,8.821487426757812e-06,-1.2786157807561127,0.14114527637593213
-0.863,0.228,0.0440216064453125,-1.3244276341723704,0.15623622764162137
-0.893,0.229,1.7881393432617188e-05,-1.3244276341723704,0.15623622764162137
-0.932,0.228,0.04393124580383301,-1.4373352792679641,0.1448416366424932
-0.972,0.185,1.1682510375976562e-05,-1.4373352792679641,0.1448416366424932
-0.972,0.185,5.9604644775390625e-06,-1.4373352792679641,0.1448416366424932
-1.018,0.171,0.0439910888671875,-1.4373352792679641,0.1448416366424932
-1.062,0.148,1.4543533325195312e-05,-1.4373352792679641,0.1448416366424932
-1.062,0.148,0.012018442153930664,-1.4024023019633243,0.1553983288920464
-1.125,0.132,0.020175933837890625,-1.4024023019633243,0.1553983288920464
-1.163,0.093,0.04377484321594238,-1.4068736744183576,0.19173909677411327
-1.221,0.065,7.62939453125e-06,-1.4068736744183576,0.19173909677411327
-1.221,0.065,0.04409146308898926,-1.4068736744183576,0.19173909677411327
-1.249,0.069,2.9325485229492188e-05,-1.4068736744183576,0.19173909677411327
-1.256,0.104,0.04395461082458496,-1.3856038259779606,0.17944557834143673
-1.295,0.082,1.8835067749023438e-05,-1.3856038259779606,0.17944557834143673
-1.31,0.063,0.04390358924865723,-1.3856038259779606,0.17944557834143673
-1.31,0.063,1.2159347534179688e-05,-1.3856038259779606,0.17944557834143673
-1.336,0.079,0.04397869110107422,-1.0815392093356218,0.4035477420880047
-1.336,0.079,1.0967254638671875e-05,-1.0815392093356218,0.4035477420880047
-1.36,0.056,0.04399228096008301,-1.0815392093356218,0.4035477420880047
-1.36,0.056,7.62939453125e-06,-1.0815392093356218,0.4035477420880047
-1.383,0.043,7.152557373046875e-06,-1.0815392093356218,0.4035477420880047
-1.317,0.264,0.17200136184692383,-0.9477561895236855,0.1386008481399015
-1.331,0.261,1.0967254638671875e-05,-0.9477561895236855,0.1386008481399015
-1.384,0.165,0.047968149185180664,-0.9477561895236855,0.1386008481399015
-1.373,0.158,1.0013580322265625e-05,-0.9477561895236855,0.1386008481399015
-1.373,0.158,8.821487426757812e-06,-0.9477561895236855,0.1386008481399015
-1.012,0.031,9.775161743164062e-06,-0.2686484323008627,-0.1605040542847861
-0.971,0.091,0.043982505798339844,-0.2686484323008627,-0.1605040542847861
-0.984,0.079,1.2636184692382812e-05,-0.2686484323008627,-0.1605040542847861
-1.032,-0.009,4.5299530029296875e-06,-0.2686484323008627,-0.1605040542847861
-0.984,0.049,0.043968915939331055,1.0535414138410595,-0.15642788779545047
-0.952,0.075,9.775161743164062e-06,1.0535414138410595,-0.15642788779545047
-0.985,-0.026,0.012069940567016602,1.0535414138410595,-0.15642788779545047
-0.978,-0.044,0.02000260353088379,1.0312503227468994,-0.11322868312267682
-0.978,-0.044,0.04397225379943848,0.8415258940375344,-0.1232141441319622
-0.917,-0.026,1.4066696166992188e-05,0.8415258940375344,-0.1232141441319622
-0.894,-0.083,0.04391360282897949,0.7254088812476158,-0.14995663058502734
-0.849,-0.072,9.059906005859375e-06,0.7254088812476158,-0.14995663058502734
-0.829,-0.106,0.04408073425292969,0.7254088812476158,-0.14995663058502734
-0.84,-0.145,2.765655517578125e-05,0.7254088812476158,-0.14995663058502734
-0.84,-0.145,0.04396700859069824,0.7495667693347674,-0.14838621805793098
-0.784,-0.097,2.3603439331054688e-05,0.7495667693347674,-0.14838621805793098
-0.746,-0.068,0.043909549713134766,0.7495667693347674,-0.14838621805793098
-0.562,0.182,8.58306884765625e-06,0.7495667693347674,-0.14838621805793098
-0.562,0.182,0.043996334075927734,0.7316179656886372,-0.11282874207593993
-0.552,0.174,8.106231689453125e-06,0.7316179656886372,-0.11282874207593993
-0.437,0.304,8.344650268554688e-06,0.7316179656886372,-0.11282874207593993
-0.554,0.11,0.0439908504486084,0.9093464996482642,-0.11112287538315553
-0.554,0.11,1.0728836059570312e-05,0.9093464996482642,-0.11112287538315553
-0.616,-0.031,0.012260198593139648,0.9093464996482642,-0.11112287538315553
-0.493,0.129,0.019856691360473633,0.9093464996482642,-0.11112287538315553
-0.432,0.175,0.043912649154663086,0.900294959848944,-0.11720864676714082
-0.575,-0.088,1.6689300537109375e-05,0.900294959848944,-0.11720864676714082
-0.565,-0.094,0.04397296905517578,0.867031430909194,-0.13406201906108925
-0.387,0.136,2.0742416381835938e-05,0.867031430909194,-0.13406201906108925
-0.457,-0.003,0.04395604133605957,0.867031430909194,-0.13406201906108925
-0.382,0.087,1.2159347534179688e-05,0.867031430909194,-0.13406201906108925
-0.449,-0.04,0.04800605773925781,0.8923098011540164,-0.12367636392646958
-0.321,0.11,2.193450927734375e-05,0.8923098011540164,-0.12367636392646958
-0.354,0.023,0.04398179054260254,0.9122554770853976,-0.14317897324128112
-0.298,0.089,1.239776611328125e-05,0.9122554770853976,-0.14317897324128112
-0.298,0.089,1.3113021850585938e-05,0.9122554770853976,-0.14317897324128112
-0.278,0.072,0.04402494430541992,0.8679535276792592,-0.15380425885636057
-0.256,0.079,1.9788742065429688e-05,0.8679535276792592,-0.15380425885636057
-0.256,0.079,0.012002944946289062,0.8679535276792592,-0.15380425885636057
-0.223,0.086,0.020048141479492188,0.8679535276792592,-0.15380425885636057
-0.223,0.086,0.04385995864868164,0.9367356365747094,-0.12632259068378118
-0.188,0.095,1.5497207641601562e-05,0.9367356365747094,-0.12632259068378118
-0.186,0.06,0.04401206970214844,0.9367356365747094,-0.12632259068378118
-0.198,0.01,1.239776611328125e-05,0.9367356365747094,-0.12632259068378118
-0.189,-0.01,0.04799175262451172,1.1712450142769197,-0.054022055969594744
-0.133,0.035,1.5735626220703125e-05,1.1712450142769197,-0.054022055969594744
-0.103,0.048,0.04392647743225098,1.1236681840898748,-0.1088179213517252
-0.107,0.013,1.2159347534179688e-05,1.1236681840898748,-0.1088179213517252
-0.107,0.013,0.04404425621032715,1.1236681840898748,-0.1088179213517252
-0.071,0.02,2.6226043701171875e-05,1.1236681840898748,-0.1088179213517252
0.084,-0.018,0.04388236999511719,1.4325900192963017,0.01559766753201872
0.098,-0.03,1.049041748046875e-05,1.4325900192963017,0.01559766753201872
0.118,-0.028,0.048067331314086914,1.326102978054474,-0.004024021332475202
0.142,-0.018,3.0040740966796875e-05,1.326102978054474,-0.004024021332475202
0.163,-0.011,0.043947696685791016,1.156726739987067,-0.08358332758461104
0.18,-0.018,1.5735626220703125e-05,1.156726739987067,-0.08358332758461104
0.18,-0.018,1.811981201171875e-05,1.156726739987067,-0.08358332758461104
0.185,-0.036,0.048032522201538086,1.156726739987067,-0.08358332758461104
0.212,-0.026,2.7179718017578125e-05,1.156726739987067,-0.08358332758461104
0.236,-0.031,0.008062362670898438,1.434803477647413,0.014194096052973606
0.236,-0.031,0.01993417739868164,1.434803477647413,0.014194096052973606
0.285,-0.026,0.04392504692077637,1.4341155188975958,0.014369196501317669
0.303,-0.034,1.8835067749023438e-05,1.4341155188975958,0.014369196501317669
0.303,-0.034,0.04396510124206543,1.4341155188975958,0.014369196501317669
0.366,-0.009,5.1975250244140625e-05,1.4341155188975958,0.014369196501317669
0.389,0.006,0.04400777816772461,0.8875920642978652,0.02053483080746355
0.416,0.006,2.8133392333984375e-05,0.8875920642978652,0.02053483080746355
0.416,0.006,0.04383563995361328,0.8567238976187218,0.005650133377882832
0.442,0.008,9.5367431640625e-06,0.8567238976187218,0.005650133377882832
0.468,0.014,0.04407787322998047,0.8567238976187218,0.005650133377882832
0.49,0.016,2.193450927734375e-05,0.8567238976187218,0.005650133377882832
0.514,0.012,0.04800105094909668,1.4149810207291151,0.005781573407568897
0.536,0.019,4.0531158447265625e-05,1.4149810207291151,0.005781573407568897
0.556,0.022,1.9311904907226562e-05,1.4149810207291151,0.005781573407568897
0.576,0.009,0.043847084045410156,1.3033410557860274,0.10704200020102923
0.59,0.013,1.0728836059570312e-05,1.3033410557860274,0.10704200020102923
0.607,0.01,0.008298635482788086,1.3033410557860274,0.10704200020102923
0.622,-0.003,0.019761085510253906,1.3033410557860274,0.10704200020102923
0.637,0.002,0.04396653175354004,1.370582834469909,0.1007423563280964
0.637,0.002,1.5735626220703125e-05,1.370582834469909,0.1007423563280964
0.658,0.015,0.04401350021362305,1.370582834469909,0.1007423563280964
0.677,0.031,2.0503997802734375e-05,1.370582834469909,0.1007423563280964
0.689,0.042,0.04401421546936035,1.2586596296166208,0.11692515048262825
0.689,0.042,1.8596649169921875e-05,1.2586596296166208,0.11692515048262825
0.738,0.058,0.04391026496887207,1.4518860294625853,0.10739864852310972
0.755,0.059,1.4066696166992188e-05,1.4518860294625853,0.10739864852310972
0.77,0.085,0.04396390914916992,1.4518860294625853,0.10739864852310972
0.792,0.078,7.867813110351562e-06,1.4518860294625853,0.10739864852310972
0.792,0.078,0.044008731842041016,1.3068116343957452,0.15051861725693558
0.819,0.088,9.059906005859375e-06,1.3068116343957452,0.15051861725693558
0.819,0.088,1.0013580322265625e-05,1.3068116343957452,0.15051861725693558
0.864,0.092,0.04404807090759277,1.2267084754202804,0.08890455420586167
0.886,0.092,2.4557113647460938e-05,1.2267084754202804,0.08890455420586167
0.886,0.092,0.012121915817260742,1.2267084754202804,0.08890455420586167
0.93,0.113,0.02003169059753418,1.2267084754202804,0.08890455420586167
0.958,0.135,0.04384136199951172,1.3023860442671213,0.06999658064258266
0.973,0.112,3.910064697265625e-05,1.3023860442671213,0.06999658064258266
1.003,0.114,0.043906211853027344,1.3023860442671213,0.06999658064258266
1.024,0.124,1.7404556274414062e-05,1.3023860442671213,0.06999658064258266
1.052,0.093,0.043988704681396484,1.222795878451364,0.09007052062051908
1.052,0.093,1.6450881958007812e-05,1.222795878451364,0.09007052062051908
1.067,0.1,0.04392290115356445,1.144447085036958,0.09105868281024118
1.094,0.072,9.059906005859375e-06,1.144447085036958,0.09105868281024118
1.123,0.083,0.044077396392822266,1.144447085036958,0.09105868281024118
1.136,0.068,1.7642974853515625e-05,1.144447085036958,0.09105868281024118
1.157,0.077,0.04396557807922363,1.4574631474529385,0.004033097874870614
1.165,0.073,1.5735626220703125e-05,1.4574631474529385,0.004033097874870614
1.169,0.089,2.0503997802734375e-05,1.4574631474529385,0.004033097874870614
1.174,0.085,0.043976545333862305,1.4326671880144894,0.020152808269141773
1.174,0.085,1.7881393432617188e-05,1.4326671880144894,0.020152808269141773
1.193,0.07,0.012139081954956055,1.4326671880144894,0.020152808269141773
1.216,0.06,0.019971370697021484,1.4326671880144894,0.020152808269141773
1.216,0.06,0.04780387878417969,1.3180490189228846,0.062064727336586044
1.226,0.04,1.1920928955078125e-05,1.3180490189228846,0.062064727336586044
1.229,0.036,0.0440065860748291,1.0463327133002975,-0.005032812494650919
1.246,0.043,1.4066696166992188e-05,1.0463327133002975,-0.005032812494650919
1.266,0.027,0.04413962364196777,1.0463327133002975,-0.005032812494650919
1.259,0.035,3.0994415283203125e-05,1.0463327133002975,-0.005032812494650919
1.259,0.035,0.04387545585632324,0.9285880639059276,-0.023556794166067176
1.289,0.045,2.2411346435546875e-05,0.9285880639059276,-0.023556794166067176
1.289,0.045,0.043900489807128906,0.8627442684529415,-0.02208836156527773
1.281,0.046,9.298324584960938e-06,0.8627442684529415,-0.02208836156527773
1.281,0.046,8.58306884765625e-06,0.8627442684529415,-0.02208836156527773
1.263,0.029,0.04403090476989746,0.8627442684529415,-0.02208836156527773
1.249,0.027,1.71661376953125e-05,0.8627442684529415,-0.02208836156527773
1.222,0.017,0.012117862701416016,0.8627442684529415,-0.02208836156527773
1.196,0.022,0.020071744918823242,0.7621347169063275,-0.03153332720966552
1.196,0.022,0.043782711029052734,0.7621347169063275,-0.03153332720966552
1.177,-0.013,1.9311904907226562e-05,0.7621347169063275,-0.03153332720966552
1.154,-0.055,0.04398322105407715,0.8218942780933095,-0.04983716397852237
1.142,-0.085,2.47955322265625e-05,0.8218942780933095,-0.04983716397852237
1.142,-0.085,0.04398059844970703,0.776035318453857,-0.04468207537649319
1.081,-0.137,1.5974044799804688e-05,0.776035318453857,-0.04468207537649319
1.044,-0.142,0.04406166076660156,0.776035318453857,-0.04468207537649319
1.044,-0.142,3.528594970703125e-05,0.776035318453857,-0.04468207537649319
0.993,-0.182,0.04393935203552246,0.8580208514569702,-0.051113857444486974
0.98,-0.191,2.3365020751953125e-05,0.8580208514569702,-0.051113857444486974
0.946,-0.183,0.043860673904418945,0.9845975410567918,-0.0993562212867942
0.943,-0.192,7.867813110351562e-06,0.9845975410567918,-0.0993562212867942
0.884,-0.011,8.58306884765625e-06,0.9845975410567918,-0.0993562212867942
0.98,0.065,0.044096946716308594,0.9845975410567918,-0.0993562212867942
0.98,0.065,2.9087066650390625e-05,0.9845975410567918,-0.0993562212867942
0.98,0.065,0.012096166610717773,0.9845975410567918,-0.0993562212867942
0.923,0.032,0.02003026008605957,1.1595373326706362,-0.11183029400921536
0.909,-0.021,0.04380345344543457,1.1595373326706362,-0.11183029400921536
0.912,0.01,2.2649765014648438e-05,1.1595373326706362,-0.11183029400921536
0.909,0.019,0.047983646392822266,1.1211727770877056,-0.100330210532194
0.847,-0.017,2.5272369384765625e-05,1.1211727770877056,-0.100330210532194
0.807,-0.03,0.04406142234802246,0.9435472307698137,-0.0716637316421216
0.824,-0.011,4.100799560546875e-05,0.9435472307698137,-0.0716637316421216
0.81,-0.019,0.04380512237548828,0.9435472307698137,-0.0716637316421216
0.757,-0.02,1.621246337890625e-05,0.9435472307698137,-0.0716637316421216
0.757,-0.02,0.044062137603759766,1.1576406424214827,-0.08216916865477321
0.745,0.009,2.7179718017578125e-05,1.1576406424214827,-0.08216916865477321
0.778,-0.028,1.239776611328125e-05,1.1576406424214827,-0.08216916865477321
0.821,-0.049,0.04394078254699707,0.9193124942627092,-0.0686968499410633
0.821,-0.049,1.5974044799804688e-05,0.9193124942627092,-0.0686968499410633
0.903,-0.082,0.01198577880859375,0.9193124942627092,-0.0686968499410633
0.935,-0.081,0.02003002166748047,0.9193124942627092,-0.0686968499410633
0.947,-0.079,0.04401993751525879,0.9078846543203279,-0.06364481910516105
0.95,-0.07,3.910064697265625e-05,0.9078846543203279,-0.06364481910516105
0.95,-0.07,0.04394817352294922,0.9555385959136521,-0.06383460084779835
0.928,-0.056,2.1219253540039062e-05,0.9555385959136521,-0.06383460084779835
0.88,-0.008,0.044005393981933594,0.9555385959136521,-0.06383460084779835
0.88,-0.008,2.5510787963867188e-05,0.9555385959136521,-0.06383460084779835
0.825,0.023,0.04388618469238281,0.9016597299824538,-0.062303026192064466
0.838,-0.002,1.5735626220703125e-05,0.9016597299824538,-0.062303026192064466
0.838,-0.002,0.04400634765625,0.8863739725837707,-0.052576196416165184
0.873,-0.039,2.2411346435546875e-05,0.8863739725837707,-0.052576196416165184
0.891,-0.046,0.044002532958984375,0.8863739725837707,-0.052576196416165184
0.906,-0.069,2.86102294921875e-05,0.8863739725837707,-0.052576196416165184
0.912,-0.053,3.0279159545898438e-05,0.8863739725837707,-0.052576196416165184
0.915,-0.069,0.04393172264099121,0.8965728175584481,-0.0555413400323013
0.922,-0.052,4.76837158203125e-05,0.8965728175584481,-0.0555413400323013
0.927,-0.051,0.012026548385620117,0.8965728175584481,-0.0555413400323013
0.942,-0.072,0.020114898681640625,0.8965728175584481,-0.0555413400323013
0.942,-0.072,0.04373359680175781,0.8815287812699506,-0.048787627893905804
0.942,-0.09,1.1444091796875e-05,0.8815287812699506,-0.048787627893905804
0.934,-0.086,0.04407000541687012,0.912832594900306,-0.050057824822454064
0.918,-0.087,1.6450881958007812e-05,0.912832594900306,-0.050057824822454064
0.913,-0.087,0.04396343231201172,0.912832594900306,-0.050057824822454064
0.901,-0.083,1.7881393432617188e-05,0.912832594900306,-0.050057824822454064
0.901,-0.083,0.04398536682128906,0.8794568366016832,-0.05105858905696726
0.901,-0.079,2.0265579223632812e-05,0.8794568366016832,-0.05105858905696726
0.903,-0.081,0.04399466514587402,0.9783220484123571,-0.042596085678835834
0.89,-0.057,1.6450881958007812e-05,0.9783220484123571,-0.042596085678835834
0.895,-0.056,0.047930240631103516,0.9783220484123571,-0.042596085678835834
0.893,-0.036,1.049041748046875e-05,0.9783220484123571,-0.042596085678835834
0.899,-0.015,1.430511474609375e-05,0.9783220484123571,-0.042596085678835834
0.92,0.01,0.044027090072631836,0.9564019246356631,-0.03637748006886346
0.92,0.01,2.002716064453125e-05,0.9564019246356631,-0.03637748006886346
0.919,-0.017,0.00810384750366211,0.9564019246356631,-0.03637748006886346
0.919,-0.017,0.02004408836364746,0.9564019246356631,-0.03637748006886346
0.935,-0.028,0.04785490036010742,0.9683476110813093,-0.03684445908252966
0.933,-0.024,4.935264587402344e-05,0.9683476110813093,-0.03684445908252966
0.933,-0.024,0.04386401176452637,0.8821216142192208,-0.038967382421522825
0.936,-0.051,1.5735626220703125e-05,0.8821216142192208,-0.038967382421522825
0.936,-0.051,0.04400062561035156,0.9600290186433041,-0.036573589204178296
0.931,-0.055,1.6689300537109375e-05,0.9600290186433041,-0.036573589204178296
0.912,-0.028,0.04410839080810547,0.9600290186433041,-0.036573589204178296
0.912,-0.028,2.6941299438476562e-05,0.9600290186433041,-0.036573589204178296
0.879,-0.029,0.043840885162353516,0.9677022880974883,-0.03652170298688497
0.879,-0.029,1.0967254638671875e-05,0.9677022880974883,-0.03652170298688497
0.887,-0.018,4.76837158203125e-06,0.9677022880974883,-0.03652170298688497
0.887,-0.018,0.04396629333496094,0.9456272288062817,-0.040309656912341105
0.885,-0.026,1.1205673217773438e-05,0.9456272288062817,-0.040309656912341105
0.9,-0.018,0.012176275253295898,0.9456272288062817,-0.040309656912341105
0.9,-0.018,0.020000219345092773,0.9456272288062817,-0.040309656912341105
0.929,-0.019,0.043845415115356445,0.8643246153678289,-0.022380928016823353
0.918,-0.01,1.7881393432617188e-05,0.8643246153678289,-0.022380928016823353
0.927,-0.009,0.044004201889038086,0.8643246153678289,-0.022380928016823353
0.928,-0.019,3.24249267578125e-05,0.8643246153678289,-0.022380928016823353
0.922,-0.008,0.043970346450805664,0.8979765956024955,-0.02259928676869846
0.924,-0.031,2.5033950805664062e-05,0.8979765956024955,-0.02259928676869846
0.914,-0.019,0.0439150333404541,1.3792169055862074,-0.03348520772323727
0.919,-0.036,9.5367431640625e-06,1.3792169055862074,-0.03348520772323727
0.914,-0.04,0.0440676212310791,1.3792169055862074,-0.03348520772323727
0.915,-0.03,2.47955322265625e-05,1.3792169055862074,-0.03348520772323727
0.923,-0.019,0.043984413146972656,1.3749049423035515,-0.0171930286085891
0.931,-0.025,2.5510787963867188e-05,1.3749049423035515,-0.0171930286085891
0.939,-0.024,4.172325134277344e-05,1.3749049423035515,-0.0171930286085891
0.943,-0.023,0.04386591911315918,1.3749049423035515,-0.0171930286085891
0.953,-0.026,1.7642974853515625e-05,1.3749049423035515,-0.0171930286085891
0.953,-0.026,0.012201070785522461,1.4053629390150122,-0.03205139791383841
0.966,-0.029,0.02002716064453125,1.4053629390150122,-0.03205139791383841
0.966,-0.029,0.04379558563232422,0.9665946507332488,-0.027519005140112796
0.972,-0.008,1.5735626220703125e-05,0.9665946507332488,-0.027519005140112796
0.986,-0.02,0.04397130012512207,0.9665946507332488,-0.027519005140112796
0.994,-0.023,1.6689300537109375e-05,0.9665946507332488,-0.027519005140112796
1.01,-0.01,0.044016361236572266,0.7561874890667435,-0.017799760082749135
1.01,-0.01,2.288818359375e-05,0.7561874890667435,-0.017799760082749135
1.009,-0.01,0.04389047622680664,0.8068070442623351,-0.010053570853320388
0.999,-0.027,1.1682510375976562e-05,0.8068070442623351,-0.010053570853320388
0.999,-0.027,0.04406619071960449,0.8068070442623351,-0.010053570853320388
0.985,0.004,2.956390380859375e-05,0.8068070442623351,-0.010053570853320388
0.953,-0.026,0.04393649101257324,0.8147583378932907,0.012423347634464421
0.936,-0.01,4.649162292480469e-05,0.8147583378932907,0.012423347634464421
0.918,-0.024,2.2172927856445312e-05,0.8147583378932907,0.012423347634464421
0.896,-0.009,0.0438845157623291,0.7609236004935087,-0.016363042195947083
0.896,-0.009,1.2159347534179688e-05,0.7609236004935087,-0.016363042195947083
0.887,0.016,0.012150764465332031,0.7609236004935087,-0.016363042195947083
0.859,0.048,0.01996016502380371,0.7609236004935087,-0.016363042195947083
0.859,0.048,0.04786324501037598,0.7632635869439461,-0.01019067225873518
0.848,0.076,7.3909759521484375e-06,0.7632635869439461,-0.01019067225873518
0.852,0.105,0.04407763481140137,0.7632635869439461,-0.01019067225873518
0.834,0.102,2.9087066650390625e-05,0.7632635869439461,-0.01019067225873518
0.834,0.102,0.043909549713134766,0.7646488226804278,-0.03032984516812451
0.814,0.075,7.62939453125e-06,0.7646488226804278,-0.03032984516812451
0.778,0.037,0.044069766998291016,0.7617750865013528,-0.02743050269082781
0.81,0.069,2.3126602172851562e-05,0.7617750865013528,-0.02743050269082781
0.81,0.069,0.043891191482543945,0.7657846336942827,-0.03461816450597244
0.79,0.044,1.0728836059570312e-05,0.7657846336942827,-0.03461816450597244
0.773,0.008,8.106231689453125e-06,0.7657846336942827,-0.03461816450597244
0.773,0.008,0.04407000541687012,0.7657846336942827,-0.03461816450597244
0.763,-0.001,3.218650817871094e-05,0.7657846336942827,-0.03461816450597244
0.744,-0.031,0.012200355529785156,0.7657846336942827,-0.03461816450597244
0.744,-0.031,0.01996326446533203,1.4200208638211755,-0.1043246547176034
0.775,0.001,0.04377484321594238,1.4200208638211755,-0.1043246547176034
0.74,-0.065,2.5272369384765625e-05,1.4200208638211755,-0.1043246547176034
0.763,-0.074,0.043998003005981445,1.3932509253354848,-0.10622351449359521
0.777,-0.094,2.5033950805664062e-05,1.3932509253354848,-0.10622351449359521
0.754,-0.157,0.04394650459289551,1.0445932742131108,-0.07081646253030967
0.785,-0.168,1.9550323486328125e-05,1.0445932742131108,-0.07081646253030967
0.785,-0.168,0.04401516914367676,1.0445932742131108,-0.07081646253030967
0.783,-0.218,2.5033950805664062e-05,1.0445932742131108,-0.07081646253030967
0.783,-0.218,0.04393649101257324,0.9857134550842707,-0.09116073959960262
0.766,-0.158,5.745887756347656e-05,0.9857134550842707,-0.09116073959960262
0.757,-0.106,0.04392743110656738,0.9947543744353112,-0.1065844704354068
0.768,-0.064,1.9788742065429688e-05,0.9947543744353112,-0.1065844704354068
0.806,-0.043,1.0967254638671875e-05,0.9947543744353112,-0.1065844704354068
0.832,-0.059,0.048044443130493164,0.9947543744353112,-0.1065844704354068
0.877,-0.049,2.384185791015625e-05,0.9947543744353112,-0.1065844704354068
0.924,-0.076,0.007947206497192383,0.9947543744353112,-0.1065844704354068
0.943,-0.07,0.020169734954833984,1.1130908481327089,-0.11809654165796923
0.943,-0.07,0.043830156326293945,1.1130908481327089,-0.11809654165796923
0.996,-0.124,1.811981201171875e-05,1.1130908481327089,-0.11809654165796923
0.994,-0.097,0.04801607131958008,1.374220420819281,-0.176483890089075
1.016,-0.113,3.123283386230469e-05,1.374220420819281,-0.176483890089075
1.015,-0.089,0.04388093948364258,0.7669309382745585,-0.13761265973658302
1.046,-0.117,2.4318695068359375e-05,0.7669309382745585,-0.13761265973658302
1.078,-0.134,0.043965816497802734,0.7669309382745585,-0.13761265973658302
1.106,-0.143,1.0013580322265625e-05,0.7669309382745585,-0.13761265973658302
1.105,-0.141,0.044062137603759766,1.305738891310438,-0.24281671341507136
1.128,-0.155,2.6702880859375e-05,1.305738891310438,-0.24281671341507136
1.121,-0.134,1.8596649169921875e-05,1.305738891310438,-0.24281671341507136
1.121,-0.134,0.04387998580932617,1.4407756175721604,-0.2295324937113091
1.148,-0.099,1.4543533325195312e-05,1.4407756175721604,-0.2295324937113091
1.159,-0.085,0.012282848358154297,1.4407756175721604,-0.2295324937113091
1.159,-0.085,0.019847631454467773,1.4407756175721604,-0.2295324937113091
1.184,-0.097,0.0439610481262207,1.4053778989723535,-0.3097428066211775
1.268,0.014,2.7894973754882812e-05,1.4053778989723535,-0.3097428066211775
1.258,-0.017,0.04784536361694336,1.4456146472369455,-0.28370209211913344
1.253,-0.046,1.3589859008789062e-05,1.4456146472369455,-0.28370209211913344
1.253,-0.046,0.04406142234802246,1.4456146472369455,-0.28370209211913344
1.265,-0.078,2.1219253540039062e-05,1.4456146472369455,-0.28370209211913344
1.239,-0.081,0.043977975845336914,1.329015444284749,-0.3360104927130613
1.239,-0.081,2.6941299438476562e-05,1.329015444284749,-0.3360104927130613
1.272,-0.097,0.04394364356994629,1.4487073951632319,-0.30919088355749225
1.246,-0.198,1.52587890625e-05,1.4487073951632319,-0.30919088355749225
1.25,-0.177,7.867813110351562e-06,1.4487073951632319,-0.30919088355749225
1.303,-0.103,0.0439755916595459,1.4487073951632319,-0.30919088355749225
1.28,-0.169,2.4557113647460938e-05,1.4487073951632319,-0.30919088355749225
1.311,-0.121,0.012067556381225586,1.3073029102651599,-0.32736012458750247
1.248,-0.185,0.020017623901367188,1.3073029102651599,-0.32736012458750247
1.272,-0.155,0.04395294189453125,1.3073029102651599,-0.32736012458750247
1.272,-0.155,3.7670135498046875e-05,1.3073029102651599,-0.32736012458750247
1.308,-0.137,0.04793953895568848,1.4500025518809647,-0.3295050617269195
1.263,-0.162,2.1219253540039062e-05,1.4500025518809647,-0.3295050617269195
1.273,-0.192,0.04402494430541992,1.2847080540525608,-0.3581502347330505
1.332,-0.132,3.0994415283203125e-05,1.2847080540525608,-0.3581502347330505
1.288,-0.205,0.04382896423339844,1.1340838866116738,-0.35282911938010775
1.353,-0.064,1.1444091796875e-05,1.1340838866116738,-0.35282911938010775
1.252,-0.193,0.044085025787353516,1.1340838866116738,-0.35282911938010775
1.335,-0.1,2.5510787963867188e-05,1.1340838866116738,-0.35282911938010775
1.276,-0.182,2.7179718017578125e-05,1.1340838866116738,-0.35282911938010775
1.276,-0.182,0.04399514198303223,1.2739320169283652,-0.4307702338056147
1.271,-0.188,2.86102294921875e-05,1.2739320169283652,-0.4307702338056147
1.293,-0.171,0.011983394622802734,1.2739320169283652,-0.4307702338056147
1.275,-0.18,0.019997119903564453,1.2739320169283652,-0.4307702338056147
1.336,-0.12,0.0439450740814209,1.1790181391196612,-0.40527075424385717
1.336,-0.12,2.4080276489257812e-05,1.1790181391196612,-0.40527075424385717
1.337,-0.133,0.043999671936035156,1.1421285457162567,-0.39267836707494874
1.337,-0.133,2.6702880859375e-05,1.1421285457162567,-0.39267836707494874
1.328,-0.139,0.04393744468688965,1.1421285457162567,-0.39267836707494874
1.277,-0.177,2.7418136596679688e-05,1.1421285457162567,-0.39267836707494874
1.301,-0.195,0.043973684310913086,1.2526584373846206,-0.36339540807083126
1.301,-0.195,2.2411346435546875e-05,1.2526584373846206,-0.36339540807083126
1.333,-0.088,0.04396653175354004,0.8343022813103004,-0.3748385452927569
1.283,-0.203,2.288818359375e-05,0.8343022813103004,-0.3748385452927569
1.285,-0.183,0.043973445892333984,0.8343022813103004,-0.3748385452927569
1.289,-0.169,1.6450881958007812e-05,0.8343022813103004,-0.3748385452927569
1.343,-0.1,1.9550323486328125e-05,0.8343022813103004,-0.3748385452927569
1.343,-0.1,0.04800844192504883,0.5921488693696256,-0.35693354774636016
1.278,-0.176,3.266334533691406e-05,0.5921488693696256,-0.35693354774636016
1.303,-0.121,0.008125066757202148,0.5921488693696256,-0.35693354774636016
1.303,-0.121,0.019989728927612305,0.5921488693696256,-0.35693354774636016
1.263,-0.155,0.04378461837768555,1.1937988479299808,-0.35759242665005603
1.309,-0.1,1.430511474609375e-05,1.1937988479299808,-0.35759242665005603
1.233,-0.161,0.04397749900817871,1.4026017856679356,-0.3896957058353211
1.233,-0.161,2.002716064453125e-05,1.4026017856679356,-0.3896957058353211
1.276,-0.051,0.04395937919616699,1.4026017856679356,-0.3896957058353211
1.276,-0.051,8.58306884765625e-06,1.4026017856679356,-0.3896957058353211
1.247,-0.067,0.04397726058959961,0.86867519158623,-0.4001240440706255
1.211,-0.145,8.106231689453125e-06,0.86867519158623,-0.4001240440706255
1.28,-0.052,0.044022321701049805,0.9803136689629383,-0.39609459035215994
1.214,-0.134,2.002716064453125e-05,0.9803136689629383,-0.39609459035215994
1.214,-0.134,0.04408431053161621,0.9803136689629383,-0.39609459035215994
1.224,-0.148,3.266334533691406e-05,0.9803136689629383,-0.39609459035215994
1.272,-0.072,1.7404556274414062e-05,0.9803136689629383,-0.39609459035215994
1.264,-0.056,0.04392099380493164,1.116839005454291,-0.45046943451776006
1.182,-0.155,4.124641418457031e-05,1.116839005454291,-0.45046943451776006
1.182,-0.155,0.012140512466430664,1.116839005454291,-0.45046943451776006
1.182,-0.129,0.019829511642456055,1.116839005454291,-0.45046943451776006
1.182,-0.129,0.04396319389343262,1.0909150897836657,-0.4453986091860244
1.191,-0.13,2.7179718017578125e-05,1.0909150897836657,-0.4453986091860244
1.239,-0.048,0.04392075538635254,0.544687774752343,-0.3933624090332326
1.162,-0.204,1.6450881958007812e-05,0.544687774752343,-0.3933624090332326
1.218,-0.142,0.04405021667480469,0.544687774752343,-0.3933624090332326
1.264,-0.085,2.956390380859375e-05,0.544687774752343,-0.3933624090332326
1.202,-0.193,0.04402613639831543,0.7435545001803963,-0.43145111618941817
1.194,-0.179,2.5987625122070312e-05,0.7435545001803963,-0.43145111618941817
1.194,-0.179,0.04788970947265625,0.5426489186827376,-0.402055631221343
1.189,-0.162,2.574920654296875e-05,0.5426489186827376,-0.402055631221343
1.218,-0.1,3.075599670410156e-05,0.5426489186827376,-0.402055631221343
1.074,-0.318,0.04790377616882324,0.6547696533624354,-0.43678576868864716
0.794,-0.704,1.239776611328125e-05,0.6547696533624354,-0.43678576868864716
0.799,-0.711,0.008192062377929688,0.6547696533624354,-0.43678576868864716
0.799,-0.711,0.019900083541870117,0.6547696533624354,-0.43678576868864716
0.781,-0.679,0.04389381408691406,0.3482961606906888,-0.3329134925627978
0.795,-0.627,1.430511474609375e-05,0.3482961606906888,-0.3329134925627978
0.795,-0.627,0.044054269790649414,0.3482961606906888,-0.3329134925627978
0.687,-0.704,1.8596649169921875e-05,0.3482961606906888,-0.3329134925627978
0.687,-0.704,0.04793238639831543,0.35397868344719424,-0.33016204729710524
0.88,-0.284,1.7642974853515625e-05,0.35397868344719424,-0.33016204729710524
0.885,-0.219,0.04793858528137207,0.30220536580273877,-0.2894757515485628
0.707,-0.403,1.049041748046875e-05,0.30220536580273877,-0.2894757515485628
0.58,-0.535,5.4836273193359375e-06,0.30220536580273877,-0.2894757515485628
0.527,-0.554,0.044028520584106445,0.30220536580273877,-0.2894757515485628
0.577,-0.394,2.1219253540039062e-05,0.30220536580273877,-0.2894757515485628
0.728,-0.119,0.01202392578125,0.30220536580273877,-0.2894757515485628
0.54,-0.333,0.020138025283813477,0.7931248896292187,-0.3852011544340512
0.398,-0.497,0.043781280517578125,0.7931248896292187,-0.3852011544340512
0.425,-0.412,1.6689300537109375e-05,0.7931248896292187,-0.3852011544340512
0.509,-0.277,0.04405045509338379,0.8034749206888908,-0.38069780384654317
0.478,-0.304,2.0503997802734375e-05,0.8034749206888908,-0.38069780384654317
0.467,-0.303,0.04394388198852539,0.7372491836643468,-0.3157019257446102
0.55,-0.177,1.0013580322265625e-05,0.7372491836643468,-0.3157019257446102
0.55,-0.177,0.0440373420715332,0.7372491836643468,-0.3157019257446102
0.507,-0.21,2.0503997802734375e-05,0.7372491836643468,-0.3157019257446102
0.507,-0.21,0.04399752616882324,0.6112087890792257,-0.26456195883408723
0.434,-0.331,2.7894973754882812e-05,0.6112087890792257,-0.26456195883408723
0.434,-0.331,0.043865203857421875,0.6301349917706398,-0.27863498914363755
0.546,-0.219,7.867813110351562e-06,0.6301349917706398,-0.27863498914363755
0.501,-0.309,7.152557373046875e-06,0.6301349917706398,-0.27863498914363755
0.5,-0.407,0.04409146308898926,0.6301349917706398,-0.27863498914363755
0.599,-0.225,2.2411346435546875e-05,0.6301349917706398,-0.27863498914363755
0.622,-0.25,0.01208043098449707,0.6301349917706398,-0.27863498914363755
0.622,-0.25,0.019890308380126953,0.5481678580663747,-0.2493678429885448
0.503,-0.402,0.043898820877075195,0.5757392583373896,-0.23623917905162933
0.759,-0.082,5.4836273193359375e-06,0.5757392583373896,-0.23623917905162933
0.574,-0.33,0.044039011001586914,0.5757392583373896,-0.23623917905162933
0.519,-0.409,1.33514404296875e-05,0.5757392583373896,-0.23623917905162933
0.781,0.039,0.04403543472290039,0.5807671739629857,-0.24949067335353003
0.581,-0.321,2.0265579223632812e-05,0.5807671739629857,-0.24949067335353003
0.528,-0.335,0.04397010803222656,0.5807671739629857,-0.24949067335353003
0.491,-0.388,2.1219253540039062e-05,0.5807671739629857,-0.24949067335353003
0.571,-0.262,0.0439610481262207,0.575249853513792,-0.23053463061205734
0.601,-0.23,2.3603439331054688e-05,0.575249853513792,-0.23053463061205734
0.601,-0.23,0.04392576217651367,0.5078878436378736,-0.17474570017343696
0.671,-0.151,1.3113021850585938e-05,0.5078878436378736,-0.17474570017343696
0.532,-0.334,5.7220458984375e-06,0.5078878436378736,-0.17474570017343696
0.538,-0.306,0.04811596870422363,0.5078878436378736,-0.17474570017343696
0.594,-0.192,3.409385681152344e-05,0.5078878436378736,-0.17474570017343696
0.613,-0.138,0.007887840270996094,0.5078878436378736,-0.17474570017343696
0.613,-0.138,0.020073890686035156,0.47141056466549836,-0.1736672246323634
0.545,-0.234,0.04391193389892578,0.47141056466549836,-0.1736672246323634
0.439,-0.339,1.3113021850585938e-05,0.47141056466549836,-0.1736672246323634
0.628,-0.022,0.04396867752075195,0.47440391303845686,-0.16145447121480866
0.457,-0.261,1.5735626220703125e-05,0.47440391303845686,-0.16145447121480866
0.438,-0.282,0.04403948783874512,0.427630805840411,-0.12359505841329499
0.518,-0.128,2.1696090698242188e-05,0.427630805840411,-0.12359505841329499
0.48,-0.166,0.04391145706176758,0.427630805840411,-0.12359505841329499
0.449,-0.194,9.298324584960938e-06,0.427630805840411,-0.12359505841329499
0.403,-0.227,0.04403376579284668,0.43554306248091973,-0.12788096751107106
0.403,-0.227,2.47955322265625e-05,0.43554306248091973,-0.12788096751107106
0.454,-0.135,0.043956756591796875,0.37915564248836364,-0.07587642264488074
0.426,-0.17,1.9073486328125e-05,0.37915564248836364,-0.07587642264488074
0.381,-0.174,2.0503997802734375e-05,0.37915564248836364,-0.07587642264488074
0.413,-0.108,0.04390764236450195,0.9173382288853542,-0.04203262980249472
0.413,-0.108,6.67572021484375e-06,0.9173382288853542,-0.04203262980249472
0.361,-0.2,0.012228250503540039,0.9173382288853542,-0.04203262980249472
0.361,-0.2,0.019998788833618164,0.9173382288853542,-0.04203262980249472
0.378,-0.157,0.04386329650878906,0.9108439207834688,-0.020758863530523478
0.378,-0.157,2.288818359375e-05,0.9108439207834688,-0.020758863530523478
0.335,-0.18,0.04788470268249512,0.9108439207834688,-0.020758863530523478
0.335,-0.18,1.2636184692382812e-05,0.9108439207834688,-0.020758863530523478
0.46,0.039,0.04806780815124512,0.8691363360598522,-0.011063500839440524
0.352,-0.134,3.838539123535156e-05,0.8691363360598522,-0.011063500839440524
0.45,0.013,0.04389786720275879,0.8803049894350327,-0.0009202363252105702
0.45,0.013,1.2874603271484375e-05,0.8803049894350327,-0.0009202363252105702
0.465,-0.005,1.8835067749023438e-05,0.8803049894350327,-0.0009202363252105702
0.508,0.024,0.043962955474853516,0.873698524977739,0.006266727201548804
0.579,0.113,7.62939453125e-06,0.873698524977739,0.006266727201548804
0.513,-0.019,0.012085437774658203,0.873698524977739,0.006266727201548804
0.479,-0.112,0.02007126808166504,0.873698524977739,0.006266727201548804
0.479,-0.112,0.043909311294555664,0.7837996124320787,-0.05893850125499635
0.579,0.013,2.574920654296875e-05,0.7837996124320787,-0.05893850125499635
0.579,0.013,0.04388284683227539,0.7837996124320787,-0.05893850125499635
0.607,-0.041,7.62939453125e-06,0.7837996124320787,-0.05893850125499635
0.607,-0.041,0.048001766204833984,0.7449941434724503,-0.03318362885031807
0.629,-0.047,7.867813110351562e-06,0.7449941434724503,-0.03318362885031807
0.67,-0.023,0.04399371147155762,0.6430328473571889,-0.06461928876339049
0.687,-0.031,7.3909759521484375e-06,0.6430328473571889,-0.06461928876339049
0.706,-0.036,0.048027992248535156,0.6430328473571889,-0.06461928876339049
0.732,-0.01,1.3589859008789062e-05,0.6430328473571889,-0.06461928876339049
0.732,-0.01,1.621246337890625e-05,0.6430328473571889,-0.06461928876339049
0.76,-0.017,0.044020652770996094,0.6550647750563464,-0.052834802541362226
0.765,-0.003,2.47955322265625e-05,0.6550647750563464,-0.052834802541362226
0.769,0.009,0.008037805557250977,0.6550647750563464,-0.052834802541362226
0.789,0.029,0.01992940902709961,0.6550647750563464,-0.052834802541362226
0.775,0.016,0.044033050537109375,0.6129266351437078,-0.04693661366075174
0.776,0.022,2.5987625122070312e-05,0.6129266351437078,-0.04693661366075174
0.66,-0.151,0.043959617614746094,0.6176931437158795,-0.04028469983345828
0.66,-0.151,2.6464462280273438e-05,0.6176931437158795,-0.04028469983345828
0.697,-0.041,0.043920040130615234,0.6176931437158795,-0.04028469983345828
0.522,-0.265,1.3113021850585938e-05,0.6176931437158795,-0.04028469983345828
0.522,-0.265,0.044027090072631836,0.9953809175721859,-0.3861855284534664
0.719,0.077,2.1457672119140625e-05,0.9953809175721859,-0.3861855284534664
0.657,0.0,0.04393959045410156,0.959753830062829,-0.3290034942505937
0.67,0.033,1.3589859008789062e-05,0.959753830062829,-0.3290034942505937
0.67,0.033,0.043941497802734375,0.959753830062829,-0.3290034942505937
0.629,-0.037,9.059906005859375e-06,0.959753830062829,-0.3290034942505937
0.629,-0.037,7.867813110351562e-06,0.959753830062829,-0.3290034942505937
0.491,-0.261,0.044042110443115234,0.7616307289476731,-0.43056053674923517
0.632,-0.054,2.09808349609375e-05,0.7616307289476731,-0.43056053674923517
0.656,-0.042,0.012061595916748047,0.7616307289476731,-0.43056053674923517
0.521,-0.262,0.020192384719848633,0.7050930028726661,-0.30646357005917674
0.654,-0.125,0.04768705368041992,0.7050930028726661,-0.30646357005917674
0.573,-0.281,1.3113021850585938e-05,0.7050930028726661,-0.30646357005917674
0.698,-0.205,0.04401445388793945,0.680261565628225,-0.39252936294584995
0.721,-0.177,1.430511474609375e-05,0.680261565628225,-0.39252936294584995
0.714,-0.231,0.04394125938415527,0.6111445099142105,-0.4203066368634066
0.714,-0.231,1.2159347534179688e-05,0.6111445099142105,-0.4203066368634066
0.735,-0.278,0.04805183410644531,0.6111445099142105,-0.4203066368634066
0.734,-0.273,1.6450881958007812e-05,0.6111445099142105,-0.4203066368634066
0.734,-0.273,2.1219253540039062e-05,0.6111445099142105,-0.4203066368634066
0.627,-0.447,0.04397177696228027,0.638445341184127,-0.3939672491856494
0.632,-0.458,2.4318695068359375e-05,0.638445341184127,-0.3939672491856494
0.632,-0.458,0.012035131454467773,0.638445341184127,-0.3939672491856494
0.601,-0.474,0.019924640655517578,0.638445341184127,-0.3939672491856494
0.628,-0.458,0.04398918151855469,0.6454720027716268,-0.37924968296889844
0.628,-0.458,1.2874603271484375e-05,0.6454720027716268,-0.37924968296889844
0.653,-0.417,0.04407930374145508,0.9148767240700773,-0.3385600043575196
0.656,-0.399,2.2172927856445312e-05,0.9148767240700773,-0.3385600043575196
0.657,-0.384,0.04396986961364746,0.9148767240700773,-0.3385600043575196
0.657,-0.384,3.147125244140625e-05,0.9148767240700773,-0.3385600043575196
0.73,-0.255,0.04395031929016113,0.6325876734210479,-0.28662837217337056
0.598,-0.462,3.0279159545898438e-05,0.6325876734210479,-0.28662837217337056
0.731,-0.246,0.044023990631103516,0.622219425889851,-0.35703307752077645
0.731,-0.246,1.8596649169921875e-05,0.622219425889851,-0.35703307752077645
0.543,-0.506,0.04392886161804199,0.622219425889851,-0.35703307752077645
0.721,-0.197,2.1219253540039062e-05,0.622219425889851,-0.35703307752077645
0.88,0.053,2.4557113647460938e-05,0.622219425889851,-0.35703307752077645
0.603,-0.391,0.043946266174316406,0.5608713397753295,-0.32652649575524373
0.603,-0.391,2.1457672119140625e-05,0.5608713397753295,-0.32652649575524373
0.564,-0.418,0.01201772689819336,0.5608713397753295,-0.32652649575524373
0.822,-0.023,0.019898653030395508,0.7127231975654481,-0.3643165847298441
0.572,-0.378,0.04398179054260254,0.7127231975654481,-0.3643165847298441
0.481,-0.531,1.430511474609375e-05,0.7127231975654481,-0.3643165847298441
0.527,-0.434,0.04401230812072754,0.8698575919668465,-0.3591870654176257
0.652,-0.263,1.4543533325195312e-05,0.8698575919668465,-0.3591870654176257
0.652,-0.263,0.044026851654052734,0.48155745672499917,-0.22537588931001948
0.585,-0.333,1.9788742065429688e-05,0.48155745672499917,-0.22537588931001948
0.784,-0.094,0.04795026779174805,0.48155745672499917,-0.22537588931001948
0.566,-0.377,2.0265579223632812e-05,0.48155745672499917,-0.22537588931001948
0.53,-0.485,0.04401755332946777,0.4987360762920024,-0.3536355661960986
0.581,-0.411,1.71661376953125e-05,0.4987360762920024,-0.3536355661960986
0.845,-0.069,1.9550323486328125e-05,0.4987360762920024,-0.3536355661960986
0.579,-0.386,0.043859004974365234,0.4822461723023208,-0.3403565284763122
0.579,-0.386,9.298324584960938e-06,0.4822461723023208,-0.3403565284763122
0.616,-0.336,0.012089967727661133,0.4822461723023208,-0.3403565284763122
0.616,-0.336,0.020064830780029297,0.4822461723023208,-0.3403565284763122
0.696,-0.182,0.04797196388244629,0.512972763426835,-0.2841859539889973
0.59,-0.321,2.4557113647460938e-05,0.512972763426835,-0.2841859539889973
0.467,-0.47,0.04384613037109375,0.39889267101161446,-0.2858159483099916
0.459,-0.494,9.298324584960938e-06,0.39889267101161446,-0.2858159483099916
0.525,-0.354,0.044008731842041016,0.39889267101161446,-0.2858159483099916
0.663,-0.122,9.298324584960938e-06,0.39889267101161446,-0.2858159483099916
0.483,-0.352,0.0440065860748291,0.33531904981235605,-0.2434554253423801
0.381,-0.473,1.5974044799804688e-05,0.33531904981235605,-0.2434554253423801
0.408,-0.387,0.04395341873168945,0.33531904981235605,-0.2434554253423801
0.404,-0.354,9.5367431640625e-06,0.33531904981235605,-0.2434554253423801
0.404,-0.354,8.344650268554688e-06,0.33531904981235605,-0.2434554253423801
0.404,-0.31,0.04401350021362305,0.3271179593988884,-0.2331309984084095
0.346,-0.331,1.5974044799804688e-05,0.3271179593988884,-0.2331309984084095
0.322,-0.328,0.012182474136352539,0.3271179593988884,-0.2331309984084095
0.322,-0.328,0.019989490509033203,0.3271179593988884,-0.2331309984084095
0.266,-0.386,0.04388117790222168,0.38821492908799377,-0.2759581644266291
0.266,-0.386,2.1696090698242188e-05,0.38821492908799377,-0.2759581644266291
0.314,-0.25,0.04387092590332031,0.3747873395049946,-0.27012346961485656
0.314,-0.25,9.298324584960938e-06,0.3747873395049946,-0.27012346961485656
0.323,-0.22,0.04397249221801758,0.38162648442158736,-0.2691309966126514
0.301,-0.275,7.152557373046875e-06,0.38162648442158736,-0.2691309966126514
0.301,-0.275,0.04409933090209961,0.38162648442158736,-0.2691309966126514
0.322,-0.259,2.1219253540039062e-05,0.38162648442158736,-0.2691309966126514
0.303,-0.322,0.048018693923950195,0.37054331916539235,-0.22116758558896418
0.325,-0.245,2.5033950805664062e-05,0.37054331916539235,-0.22116758558896418
0.385,-0.203,4.076957702636719e-05,0.37054331916539235,-0.22116758558896418
0.388,-0.232,0.04385066032409668,0.4022378678028831,-0.2971627305150033
0.388,-0.232,1.811981201171875e-05,0.4022378678028831,-0.2971627305150033
0.315,-0.321,0.012212991714477539,0.4022378678028831,-0.2971627305150033
0.376,-0.265,0.020040035247802734,0.4022378678028831,-0.2971627305150033
0.376,-0.265,0.04370760917663574,0.39106754931253757,-0.2767580103062318
0.432,-0.213,1.0967254638671875e-05,0.39106754931253757,-0.2767580103062318
0.36,-0.285,0.04798245429992676,0.39106754931253757,-0.2767580103062318
0.398,-0.238,1.239776611328125e-05,0.39106754931253757,-0.2767580103062318
0.398,-0.238,0.04405021667480469,0.3911571025943375,-0.24698692071421216
0.342,-0.308,2.765655517578125e-05,0.3911571025943375,-0.24698692071421216
0.352,-0.345,0.04398632049560547,0.34176712078474003,-0.22034766277915452
0.401,-0.283,2.9325485229492188e-05,0.34176712078474003,-0.22034766277915452
0.401,-0.283,0.04387378692626953,0.34176712078474003,-0.22034766277915452
0.419,-0.228,1.2874603271484375e-05,0.34176712078474003,-0.22034766277915452
0.357,-0.286,1.0013580322265625e-05,0.34176712078474003,-0.22034766277915452
0.396,-0.181,0.044027090072631836,0.38506600014560216,-0.23422690450639122
0.389,-0.201,1.6927719116210938e-05,0.38506600014560216,-0.23422690450639122
0.328,-0.295,0.012126684188842773,0.38506600014560216,-0.23422690450639122
0.344,-0.254,0.019875526428222656,0.35244841290704515,-0.22885106787341905
0.412,-0.142,0.04395031929016113,0.35244841290704515,-0.22885106787341905
0.395,-0.171,1.71661376953125e-05,0.35244841290704515,-0.22885106787341905
0.318,-0.271,0.04402470588684082,0.5570836547252674,-0.21200582589482153
0.298,-0.283,3.075599670410156e-05,0.5570836547252674,-0.21200582589482153
0.298,-0.283,0.04391312599182129,0.5386783263050318,-0.2142290077482534
0.33,-0.268,9.5367431640625e-06,0.5386783263050318,-0.2142290077482534
0.33,-0.268,0.048082590103149414,0.5386783263050318,-0.2142290077482534
0.337,-0.243,2.6702880859375e-05,0.5386783263050318,-0.2142290077482534
0.333,-0.253,0.04388856887817383,0.5429527351718695,-0.2176937719619108
0.396,-0.175,1.0013580322265625e-05,0.5429527351718695,-0.2176937719619108
0.353,-0.264,1.0251998901367188e-05,0.5429527351718695,-0.2176937719619108
0.461,-0.111,0.04395174980163574,0.520105056464854,-0.2733399522488873
0.396,-0.261,6.9141387939453125e-06,0.520105056464854,-0.2733399522488873
0.5,-0.159,0.012219429016113281,0.520105056464854,-0.2733399522488873
0.514,-0.134,0.020070791244506836,0.520105056464854,-0.2733399522488873
0.443,-0.261,0.043736934661865234,0.4958375138562477,-0.2712027980521131
0.443,-0.261,1.6450881958007812e-05,0.4958375138562477,-0.2712027980521131
0.524,-0.182,0.04399418830871582,0.4958375138562477,-0.2712027980521131
0.588,-0.158,1.8835067749023438e-05,0.4958375138562477,-0.2712027980521131
0.474,-0.332,0.04804730415344238,0.5068412505990595,-0.26156650963308575
0.414,-0.379,2.1457672119140625e-05,0.5068412505990595,-0.26156650963308575
0.497,-0.29,0.04387640953063965,0.3995382429214914,-0.26025171929360885
0.664,-0.03,1.0013580322265625e-05,0.3995382429214914,-0.26025171929360885
0.484,-0.325,0.043996334075927734,0.3995382429214914,-0.26025171929360885
0.429,-0.422,8.106231689453125e-06,0.3995382429214914,-0.26025171929360885
0.452,-0.324,3.337860107421875e-06,0.3995382429214914,-0.26025171929360885
0.452,-0.324,0.04802107810974121,0.36234153580284084,-0.26385389628051104
0.464,-0.318,2.8133392333984375e-05,0.36234153580284084,-0.26385389628051104
0.499,-0.229,0.008018970489501953,0.36234153580284084,-0.26385389628051104
0.501,-0.196,0.02006363868713379,0.32228557081203174,-0.23016401009056583
0.475,-0.227,0.04385495185852051,0.32228557081203174,-0.23016401009056583
0.349,-0.358,8.106231689453125e-06,0.32228557081203174,-0.23016401009056583
0.312,-0.376,0.0440981388092041,0.3090843737981219,-0.22047734246353232
0.344,-0.287,2.8371810913085938e-05,0.3090843737981219,-0.22047734246353232
0.279,-0.343,0.04385018348693848,0.30896022516441,-0.22047274725142968
0.279,-0.343,6.9141387939453125e-06,0.30896022516441,-0.22047274725142968
0.31,-0.276,0.0440676212310791,0.30896022516441,-0.22047274725142968
0.28,-0.283,1.5974044799804688e-05,0.30896022516441,-0.22047274725142968
0.28,-0.283,0.043955326080322266,0.2961275121813005,-0.21200168637529768
0.298,-0.203,2.4557113647460938e-05,0.2961275121813005,-0.21200168637529768
0.282,-0.222,0.04399752616882324,0.2961275121813005,-0.21200168637529768
0.282,-0.222,1.9788742065429688e-05,0.2961275121813005,-0.21200168637529768
0.248,-0.247,1.5497207641601562e-05,0.2961275121813005,-0.21200168637529768
0.245,-0.233,0.047995567321777344,0.27075335930671923,-0.19417522971792883
0.26,-0.237,1.5974044799804688e-05,0.27075335930671923,-0.19417522971792883
0.26,-0.237,0.008120059967041016,0.27075335930671923,-0.19417522971792883
0.252,-0.218,0.019860029220581055,0.2717074481293593,-0.19387519115197174
0.252,-0.218,0.044014692306518555,0.2717074481293593,-0.19387519115197174
0.252,-0.218,1.8596649169921875e-05,0.2717074481293593,-0.19387519115197174
0.3,-0.16,0.04392194747924805,0.20112946536200166,-0.143537969272435
0.264,-0.202,1.3113021850585938e-05,0.20112946536200166,-0.143537969272435
0.264,-0.202,0.04397153854370117,0.2605825035806779,-0.18587461132303257
0.255,-0.199,1.2636184692382812e-05,0.2605825035806779,-0.18587461132303257
0.255,-0.199,0.044098854064941406,0.2605825035806779,-0.18587461132303257
0.259,-0.171,2.956390380859375e-05,0.2605825035806779,-0.18587461132303257
0.261,-0.122,0.0438685417175293,0.26908576072449847,-0.19181860663630476
0.261,-0.122,1.7642974853515625e-05,0.26908576072449847,-0.19181860663630476
0.227,-0.153,0.04394960403442383,0.16450605785901073,-0.11690576734313247
0.212,-0.188,7.867813110351562e-06,0.16450605785901073,-0.11690576734313247
0.212,-0.188,5.9604644775390625e-06,0.16450605785901073,-0.11690576734313247
0.203,-0.216,0.04809737205505371,0.16450605785901073,-0.11690576734313247
0.232,-0.162,5.364418029785156e-05,0.16450605785901073,-0.11690576734313247
0.224,-0.155,0.007972478866577148,0.16450605785901073,-0.11690576734313247
0.224,-0.155,0.019994020462036133,0.2084240407737257,-0.1482435515627169
0.201,-0.172,0.043859243392944336,0.2084240407737257,-0.1482435515627169
0.186,-0.153,7.867813110351562e-06,0.2084240407737257,-0.1482435515627169
0.185,-0.139,0.04808950424194336,0.20788002586574356,-0.14777368228372878
0.186,-0.137,1.7881393432617188e-05,0.20788002586574356,-0.14777368228372878
0.186,-0.137,0.04391360282897949,-0.5994388739725695,-0.013567202042167381
0.188,-0.132,1.3828277587890625e-05,-0.5994388739725695,-0.013567202042167381
0.19,-0.134,0.04397320747375488,-0.5994388739725695,-0.013567202042167381
0.179,-0.152,1.239776611328125e-05,-0.5994388739725695,-0.013567202042167381
0.185,-0.139,0.04404401779174805,-0.45851018493431256,-0.25571055835130574
0.175,-0.132,1.811981201171875e-05,-0.45851018493431256,-0.25571055835130574
0.171,-0.123,2.6464462280273438e-05,-0.45851018493431256,-0.25571055835130574
0.158,-0.096,0.04400444030761719,-0.46360682184611424,-0.24438327445391858
0.136,-0.106,3.0279159545898438e-05,-0.46360682184611424,-0.24438327445391858
0.112,-0.106,0.012158632278442383,-0.46360682184611424,-0.24438327445391858
0.095,-0.113,0.02004265785217285,-0.46360682184611424,-0.24438327445391858
0.08,-0.122,0.047746896743774414,-0.4751067450249798,-0.2273961461337166
0.051,-0.158,2.288818359375e-05,-0.4751067450249798,-0.2273961461337166
0.051,-0.158,0.04391837120056152,-0.4382583360170722,-0.2419329584542397
-0.067,-0.209,0.04805612564086914,-0.4382583360170722,-0.2419329584542397
-0.101,-0.215,0.0439753532409668,-0.4427270199404882,-0.25426771121025954
-0.134,-0.227,1.049041748046875e-05,-0.4427270199404882,-0.25426771121025954
-0.168,-0.239,1.1682510375976562e-05,-0.4427270199404882,-0.25426771121025954
-0.168,-0.239,0.043931007385253906,-0.49758747286690586,-0.23241614649227588
-0.19,-0.247,8.249282836914062e-05,-0.49758747286690586,-0.23241614649227588
-0.19,-0.247,0.012076616287231445,-0.49758747286690586,-0.23241614649227588
-0.236,-0.23,0.02006983757019043,-0.49758747286690586,-0.23241614649227588
-0.263,-0.236,0.04379916191101074,-0.4306512741626615,-0.2450238181909274
-0.305,-0.245,1.049041748046875e-05,-0.4306512741626615,-0.2450238181909274
-0.351,-0.205,0.0439455509185791,-0.4306512741626615,-0.2450238181909274
-0.374,-0.198,1.0251998901367188e-05,-0.4306512741626615,-0.2450238181909274
-0.391,-0.242,0.0440678596496582,-0.4373012023925136,-0.24729225899363025
-0.391,-0.242,2.2649765014648438e-05,-0.4373012023925136,-0.24729225899363025
-0.421,-0.203,0.0439145565032959,-0.41541724372792627,-0.24784420755141687
-0.438,-0.173,1.1205673217773438e-05,-0.41541724372792627,-0.24784420755141687
-0.463,-0.197,0.04407477378845215,-0.41541724372792627,-0.24784420755141687
-0.413,-0.258,2.5272369384765625e-05,-0.41541724372792627,-0.24784420755141687
-0.428,-0.26,0.047930240631103516,-0.3418975672185708,-0.24640190521964986
-0.481,-0.208,2.1696090698242188e-05,-0.3418975672185708,-0.24640190521964986
-0.481,-0.208,1.0967254638671875e-05,-0.3418975672185708,-0.24640190521964986
-0.413,-0.251,0.0439450740814209,-0.3385673467513573,-0.24007730191913668
-0.413,-0.251,1.5974044799804688e-05,-0.3385673467513573,-0.24007730191913668
-0.395,-0.267,0.008111715316772461,-0.3385673467513573,-0.24007730191913668
-0.395,-0.267,0.020004987716674805,-0.3385673467513573,-0.24007730191913668
-0.395,-0.267,0.04785513877868652,-0.30311989061233424,-0.21776962485211673
-0.419,-0.232,1.33514404296875e-05,-0.30311989061233424,-0.21776962485211673
-0.374,-0.254,0.043991804122924805,-0.20614555488009514,-0.15014537133493552
-0.31,-0.319,1.0013580322265625e-05,-0.20614555488009514,-0.15014537133493552
-0.321,-0.272,0.04398083686828613,-0.20614555488009514,-0.15014537133493552
-0.278,-0.301,1.0967254638671875e-05,-0.20614555488009514,-0.15014537133493552
-0.281,-0.268,0.04404592514038086,-0.20622771299468054,-0.15030408969908837
-0.291,-0.203,2.1457672119140625e-05,-0.20622771299468054,-0.15030408969908837
-0.291,-0.203,0.0439305305480957,0.3314879829460941,-0.24417919376895514
-0.25,-0.219,1.5735626220703125e-05,0.3314879829460941,-0.24417919376895514
-0.213,-0.219,5.4836273193359375e-06,0.3314879829460941,-0.24417919376895514
-0.201,-0.194,0.04398083686828613,0.3314879829460941,-0.24417919376895514
-0.195,-0.177,1.3828277587890625e-05,0.3314879829460941,-0.24417919376895514
-0.181,-0.172,0.012039661407470703,0.3239186677441163,-0.23092557045879689
-0.172,-0.175,0.020000219345092773,0.3239186677441163,-0.23092557045879689
-0.172,-0.175,0.043936967849731445,0.3239186677441163,-0.23092557045879689
-0.136,-0.192,9.298324584960938e-06,0.3239186677441163,-0.23092557045879689
-0.126,-0.198,0.04402446746826172,0.37853091231715824,-0.27183242141434316
-0.126,-0.198,1.4781951904296875e-05,0.37853091231715824,-0.27183242141434316
-0.112,-0.228,0.04395270347595215,0.36958428632049745,-0.2649354993590045
-0.112,-0.228,1.3589859008789062e-05,0.36958428632049745,-0.2649354993590045
-0.096,-0.219,0.04397320747375488,0.36958428632049745,-0.2649354993590045
-0.096,-0.219,9.059906005859375e-06,0.36958428632049745,-0.2649354993590045
-0.055,-0.236,0.048038482666015625,0.3612921230880374,-0.2584983120802811
0.067,-0.262,0.07605457305908203,0.3855456400742667,-0.27537190736919914
0.095,-0.269,0.04401659965515137,0.37360751894519145,-0.2665380046231725
0.095,-0.269,2.7418136596679688e-05,0.37360751894519145,-0.2665380046231725
0.13,-0.273,0.043886661529541016,0.37360751894519145,-0.2665380046231725
0.155,-0.249,1.1444091796875e-05,0.37360751894519145,-0.2665380046231725
0.171,-0.247,0.0440373420715332,0.35825445264036954,-0.2537434906066936
0.192,-0.258,1.8835067749023438e-05,0.35825445264036954,-0.2537434906066936
0.192,-0.258,0.044029951095581055,0.36743856207996095,-0.2606731561354322
0.241,-0.268,3.695487976074219e-05,0.36743856207996095,-0.2606731561354322
0.271,-0.217,0.043862342834472656,0.3340632993767212,-0.23721456182309564
0.27,-0.246,1.33514404296875e-05,0.3340632993767212,-0.23721456182309564
0.27,-0.246,0.04400205612182617,0.3340632993767212,-0.23721456182309564
0.283,-0.286,1.4543533325195312e-05,0.3340632993767212,-0.23721456182309564
0.33,-0.271,1.5974044799804688e-05,0.3340632993767212,-0.23721456182309564
0.33,-0.271,0.04401135444641113,0.3178027333393104,-0.23792023259689363
0.316,-0.252,2.8371810913085938e-05,0.3178027333393104,-0.23792023259689363
0.335,-0.228,0.01204538345336914,0.3178027333393104,-0.23792023259689363
0.335,-0.228,0.02000904083251953,0.3178027333393104,-0.23792023259689363
0.351,-0.227,0.04391145706176758,0.35816451839019436,-0.2544036951785418
0.342,-0.216,1.7881393432617188e-05,0.35816451839019436,-0.2544036951785418
0.33,-0.265,0.04792594909667969,0.2808034011474073,-0.19939150238362963
0.322,-0.28,3.0040740966796875e-05,0.2808034011474073,-0.19939150238362963
0.353,-0.215,0.04395794868469238,0.2808034011474073,-0.19939150238362963
0.341,-0.255,1.0013580322265625e-05,0.2808034011474073,-0.19939150238362963
0.368,-0.243,0.044146060943603516,0.30494777324916506,-0.21951762002150343
0.334,-0.24,3.24249267578125e-05,0.30494777324916506,-0.21951762002150343
0.269,-0.299,0.04380989074707031,0.3166223964236655,-0.22737871705824542
0.291,-0.274,1.8596649169921875e-05,0.3166223964236655,-0.22737871705824542
0.297,-0.281,1.4781951904296875e-05,0.3166223964236655,-0.22737871705824542
0.297,-0.281,0.04407382011413574,0.3166223964236655,-0.22737871705824542
0.289,-0.222,3.170967102050781e-05,0.3166223964236655,-0.22737871705824542
0.311,-0.213,0.011941909790039062,0.3166223964236655,-0.22737871705824542
0.294,-0.228,0.019986391067504883,-0.15287950960206642,-0.11353268050609017
0.294,-0.228,0.04392552375793457,-0.32866435615745265,-0.2423099809154814
0.283,-0.236,9.059906005859375e-06,-0.32866435615745265,-0.2423099809154814
0.313,-0.172,0.04406166076660156,-0.32866435615745265,-0.2423099809154814
0.313,-0.167,2.384185791015625e-05,-0.32866435615745265,-0.2423099809154814
0.313,-0.167,0.04796004295349121,-0.3305754481431545,-0.245800477667174
0.234,-0.238,1.5735626220703125e-05,-0.3305754481431545,-0.245800477667174
0.206,-0.255,0.04391980171203613,-0.35695207538920876,-0.2608629869371371
0.196,-0.258,1.1682510375976562e-05,-0.35695207538920876,-0.2608629869371371
0.178,-0.262,0.044005632400512695,-0.35695207538920876,-0.2608629869371371
0.147,-0.258,1.9788742065429688e-05,-0.35695207538920876,-0.2608629869371371
0.121,-0.248,2.1457672119140625e-05,-0.35695207538920876,-0.2608629869371371
0.101,-0.243,0.04399394989013672,-0.3727874150360682,-0.2714765318539745
0.073,-0.246,2.2172927856445312e-05,-0.3727874150360682,-0.2714765318539745
-0.067,-0.252,0.11994695663452148,-0.3803046649714285,-0.2737382833803299
-0.067,-0.252,1.0013580322265625e-05,-0.3803046649714285,-0.2737382833803299
-0.126,-0.237,0.04404187202453613,-0.3803046649714285,-0.2737382833803299
-0.126,-0.237,2.2649765014648438e-05,-0.3803046649714285,-0.2737382833803299
-0.148,-0.243,0.04403948783874512,-0.38115061166108805,-0.2745417701251009
-0.179,-0.257,3.1948089599609375e-05,-0.38115061166108805,-0.2745417701251009
-0.207,-0.261,0.0439000129699707,-0.4040040970953097,-0.24199097336061962
-0.245,-0.279,1.2159347534179688e-05,-0.4040040970953097,-0.24199097336061962
-0.271,-0.271,0.04396820068359375,-0.4040040970953097,-0.24199097336061962
-0.285,-0.265,1.5497207641601562e-05,-0.4040040970953097,-0.24199097336061962
-0.349,-0.197,1.7642974853515625e-05,-0.4040040970953097,-0.24199097336061962
-0.349,-0.197,0.04791402816772461,-0.4172631360546954,-0.25121975275450664
-0.341,-0.291,1.0728836059570312e-05,-0.4172631360546954,-0.25121975275450664
-0.406,-0.205,0.008117437362670898,-0.4172631360546954,-0.25121975275450664
-0.393,-0.278,0.019999980926513672,-0.3613034125320396,-0.25690917995951146
-0.401,-0.282,0.04797673225402832,-0.3613034125320396,-0.25690917995951146
-0.401,-0.282,7.677078247070312e-05,-0.3613034125320396,-0.25690917995951146
-0.387,-0.227,0.0478360652923584,-0.3667366024854444,-0.257534964065004
-0.41,-0.272,9.775161743164062e-06,-0.3667366024854444,-0.257534964065004
-0.39,-0.257,0.044104814529418945,-0.34125740982540603,-0.2422168378789352
-0.408,-0.234,2.765655517578125e-05,-0.34125740982540603,-0.2422168378789352
-0.397,-0.252,0.04390549659729004,-0.34125740982540603,-0.2422168378789352
-0.471,-0.108,1.7881393432617188e-05,-0.34125740982540603,-0.2422168378789352
-0.377,-0.261,6.9141387939453125e-06,-0.34125740982540603,-0.2422168378789352
-0.377,-0.261,0.043949127197265625,-0.3019022805380854,-0.21897009331517686
-0.295,-0.381,1.239776611328125e-05,-0.3019022805380854,-0.21897009331517686
-0.325,-0.325,0.012238740921020508,-0.3019022805380854,-0.21897009331517686
-0.375,-0.245,0.019995689392089844,-0.3019022805380854,-0.21897009331517686
-0.419,-0.172,0.04374957084655762,-0.29761675676859994,-0.21700684523688424
-0.334,-0.255,1.7881393432617188e-05,-0.29761675676859994,-0.21700684523688424
-0.325,-0.23,0.044007062911987305,-0.2681366923499635,-0.19622598538318542
-0.325,-0.23,6.604194641113281e-05,-0.2681366923499635,-0.19622598538318542
-0.267,-0.267,0.043912410736083984,-0.2681366923499635,-0.19622598538318542
-0.26,-0.253,1.5735626220703125e-05,-0.2681366923499635,-0.19622598538318542
-0.286,-0.182,0.0440371036529541,-0.2189968119935368,-0.1604192765109544
-0.321,-0.129,2.09808349609375e-05,-0.2189968119935368,-0.1604192765109544
-0.264,-0.198,0.043891191482543945,-0.21842210793763606,-0.15992279702767792
-0.219,-0.247,7.62939453125e-06,-0.21842210793763606,-0.15992279702767792
-0.214,-0.217,0.04405355453491211,-0.21842210793763606,-0.15992279702767792
-0.22,-0.202,1.5020370483398438e-05,-0.21842210793763606,-0.15992279702767792
-0.229,-0.182,1.430511474609375e-05,-0.21842210793763606,-0.15992279702767792
-0.214,-0.182,0.04395747184753418,0.4196374121374496,-0.28971807104730884
-0.214,-0.182,1.5735626220703125e-05,0.4196374121374496,-0.28971807104730884
-0.201,-0.163,0.012080907821655273,0.4196374121374496,-0.28971807104730884
-0.184,-0.195,0.019897937774658203,0.48108121225265327,-0.27129068421256497
-0.184,-0.195,0.04407763481140137,0.48108121225265327,-0.27129068421256497
-0.184,-0.195,2.1696090698242188e-05,0.48108121225265327,-0.27129068421256497
-0.171,-0.225,0.04392695426940918,0.48427659754268754,-0.2710714214237495
-0.171,-0.225,2.4557113647460938e-05,0.48427659754268754,-0.2710714214237495
-0.135,-0.232,0.043961286544799805,0.6934272318508461,-0.2567795119915376
-0.118,-0.243,2.6702880859375e-05,0.6934272318508461,-0.2567795119915376
-0.097,-0.275,0.0439302921295166,0.6934272318508461,-0.2567795119915376
-0.08,-0.269,1.3828277587890625e-05,0.6934272318508461,-0.2567795119915376
-0.08,-0.269,0.04402780532836914,0.5104590623564456,-0.24867897037627323
-0.056,-0.28,2.193450927734375e-05,0.5104590623564456,-0.24867897037627323
0.057,-0.242,0.09201312065124512,0.5153560023684075,-0.22505532382921142
0.08,-0.25,0.008179187774658203,0.5153560023684075,-0.22505532382921142
0.104,-0.253,0.01989006996154785,0.5754013885828845,-0.20319557512041508
0.104,-0.253,0.043882131576538086,0.5754013885828845,-0.20319557512041508
0.15,-0.227,1.7881393432617188e-05,0.5754013885828845,-0.20319557512041508
0.152,-0.201,0.04397773742675781,0.959368019660506,-0.2418210572313707
0.152,-0.201,1.2636184692382812e-05,0.959368019660506,-0.2418210572313707
0.175,-0.199,0.04396820068359375,0.8699952458985083,-0.23311312494236214
0.209,-0.185,1.2874603271484375e-05,0.8699952458985083,-0.23311312494236214
0.285,-0.142,0.048027992248535156,0.8699952458985083,-0.23311312494236214
0.248,-0.222,3.314018249511719e-05,0.8699952458985083,-0.23311312494236214
0.243,-0.234,0.04802417755126953,0.9489426122260968,-0.18615498290402
0.243,-0.234,2.7179718017578125e-05,0.9489426122260968,-0.18615498290402
0.294,-0.233,2.574920654296875e-05,0.9489426122260968,-0.18615498290402
0.306,-0.274,0.04387950897216797,1.056932419302075,-0.21200160873012328
0.364,-0.208,1.9073486328125e-05,1.056932419302075,-0.21200160873012328
0.399,-0.129,0.008076906204223633,1.056932419302075,-0.21200160873012328
0.412,-0.168,0.02010798454284668,1.056932419302075,-0.21200160873012328
0.388,-0.237,0.043778419494628906,1.058467706019362,-0.21228655931181709
0.473,-0.095,1.0013580322265625e-05,1.058467706019362,-0.21228655931181709
0.473,-0.095,0.04400348663330078,1.058467706019362,-0.21228655931181709
0.447,-0.255,1.9311904907226562e-05,1.058467706019362,-0.21228655931181709
0.447,-0.255,0.043985605239868164,0.9513986811415561,-0.17562782667754817
0.491,-0.198,1.3828277587890625e-05,0.9513986811415561,-0.17562782667754817
0.529,-0.216,0.04397463798522949,1.0648291677297848,-0.17474560471883038
0.52,-0.231,1.5735626220703125e-05,1.0648291677297848,-0.17474560471883038
0.636,-0.109,0.043930768966674805,1.0762142664076917,-0.17598816013774782
0.636,-0.109,6.9141387939453125e-06,1.0762142664076917,-0.17598816013774782
0.658,-0.109,0.044077396392822266,1.0762142664076917,-0.17598816013774782
0.658,-0.109,1.6689300537109375e-05,1.0762142664076917,-0.17598816013774782
0.628,-0.15,4.315376281738281e-05,1.0762142664076917,-0.17598816013774782
0.639,-0.138,0.04794645309448242,1.0190207015384116,-0.17782696065600254
0.73,-0.08,2.09808349609375e-05,1.0190207015384116,-0.17782696065600254
0.738,-0.107,0.008259296417236328,1.0190207015384116,-0.17782696065600254
0.724,-0.129,0.01987290382385254,1.0190207015384116,-0.17782696065600254
0.762,-0.117,0.04378175735473633,0.8327629660747792,-0.17019665395493488
0.762,-0.117,1.0967254638671875e-05,0.8327629660747792,-0.17019665395493488
0.805,-0.113,0.04398703575134277,1.1220657656509778,-0.18660937719897566
0.805,-0.113,1.1205673217773438e-05,1.1220657656509778,-0.18660937719897566
0.844,-0.09,0.047995805740356445,1.1220657656509778,-0.18660937719897566
0.845,-0.112,1.5020370483398438e-05,1.1220657656509778,-0.18660937719897566
0.86,-0.136,0.04398751258850098,1.133034512028678,-0.1887486969035325
0.882,-0.121,1.71661376953125e-05,1.133034512028678,-0.1887486969035325
0.903,-0.105,0.04399704933166504,1.1181342619066317,-0.1809152794963547
0.922,-0.116,1.0728836059570312e-05,1.1181342619066317,-0.1809152794963547
0.914,-0.161,1.0728836059570312e-05,1.1181342619066317,-0.1809152794963547
0.978,-0.059,0.04398703575134277,1.1181342619066317,-0.1809152794963547
0.978,-0.059,1.6927719116210938e-05,1.1181342619066317,-0.1809152794963547
0.935,-0.176,0.012138605117797852,1.1181342619066317,-0.1809152794963547
0.988,-0.132,0.020058870315551758,1.1065373119198423,-0.18122698151859234
0.988,-0.132,0.04783892631530762,1.1065373119198423,-0.18122698151859234
0.981,-0.177,1.621246337890625e-05,1.1065373119198423,-0.18122698151859234
1.031,-0.167,0.043964385986328125,0.9957521799704757,-0.17045318875397145
1.041,-0.118,2.3126602172851562e-05,0.9957521799704757,-0.17045318875397145
1.031,-0.193,0.04397416114807129,0.9445842661938636,-0.16338537383560892
1.031,-0.193,2.5033950805664062e-05,0.9445842661938636,-0.16338537383560892
1.058,-0.145,0.04394388198852539,0.9445842661938636,-0.16338537383560892
1.088,-0.146,1.1205673217773438e-05,0.9445842661938636,-0.16338537383560892
1.129,-0.126,0.0440516471862793,0.9853902372876887,-0.16205709736977417
1.011,-0.21,1.8835067749023438e-05,0.9853902372876887,-0.16205709736977417
1.102,-0.072,1.33514404296875e-05,0.9853902372876887,-0.16205709736977417
1.094,-0.086,0.04390215873718262,0.95747197252081,-0.12956008832266439
1.094,-0.086,1.0013580322265625e-05,0.95747197252081,-0.12956008832266439
1.059,-0.076,0.012262582778930664,0.95747197252081,-0.12956008832266439
1.059,-0.076,0.019961833953857422,0.95747197252081,-0.12956008832266439
1.062,-0.062,0.0438077449798584,0.9396712001496397,-0.1073554284673065
1.011,-0.127,2.1457672119140625e-05,0.9396712001496397,-0.1073554284673065
1.011,-0.127,0.04390740394592285,0.9254114388940476,-0.10554516426000765
1.011,-0.127,1.049041748046875e-05,0.9254114388940476,-0.10554516426000765
1.059,0.006,0.04405713081359863,0.9254114388940476,-0.10554516426000765
0.965,-0.122,2.6941299438476562e-05,0.9254114388940476,-0.10554516426000765
0.965,-0.122,0.04397320747375488,0.8613379151925807,-0.12104194282216064
1.021,-0.003,1.811981201171875e-05,0.8613379151925807,-0.12104194282216064
0.962,-0.092,0.04395246505737305,0.9363648793508599,-0.12877157262413927
0.973,-0.062,1.4543533325195312e-05,0.9363648793508599,-0.12877157262413927
1.01,0.014,0.04403233528137207,0.9363648793508599,-0.12877157262413927
1.01,0.014,2.193450927734375e-05,0.9363648793508599,-0.12877157262413927
0.902,-0.107,2.4080276489257812e-05,0.9363648793508599,-0.12877157262413927
0.902,-0.107,0.04393601417541504,1.089429715487453,-0.15552206008273062
0.938,-0.044,1.3828277587890625e-05,1.089429715487453,-0.15552206008273062
0.894,-0.086,0.012176513671875,1.089429715487453,-0.15552206008273062
0.894,-0.086,0.020056962966918945,1.089429715487453,-0.15552206008273062
0.935,-0.054,0.043700218200683594,1.1132364676034185,-0.1671815362952794
0.897,-0.126,1.3113021850585938e-05,1.1132364676034185,-0.1671815362952794
0.968,-0.013,0.04403209686279297,0.9908187920255686,-0.16135472232435846
0.935,-0.079,2.3365020751953125e-05,0.9908187920255686,-0.16135472232435846
0.936,-0.126,0.043976545333862305,0.9908187920255686,-0.16135472232435846
0.942,-0.119,2.3365020751953125e-05,0.9908187920255686,-0.16135472232435846
0.984,-0.066,0.04397273063659668,1.0152263246412938,-0.16557782129227674
0.984,-0.066,1.7404556274414062e-05,1.0152263246412938,-0.16557782129227674
0.936,-0.207,0.04394865036010742,0.95745475556129,-0.13463518783089887
0.936,-0.207,1.7642974853515625e-05,0.95745475556129,-0.13463518783089887
1.014,-0.142,0.04406166076660156,0.95745475556129,-0.13463518783089887
0.997,-0.169,2.3365020751953125e-05,0.95745475556129,-0.13463518783089887
1.044,-0.102,2.6464462280273438e-05,0.95745475556129,-0.13463518783089887
1.007,-0.124,0.04394650459289551,1.1714530981387108,-0.182538930559564
1.026,-0.098,2.6941299438476562e-05,1.1714530981387108,-0.182538930559564
1.026,-0.098,0.012180328369140625,1.1714530981387108,-0.182538930559564
1.016,-0.103,0.01986861228942871,1.1714530981387108,-0.182538930559564
1.063,-0.056,0.04390239715576172,1.1841277188522306,-0.18169873496814373
1.024,-0.141,3.075599670410156e-05,1.1841277188522306,-0.18169873496814373
1.042,-0.094,0.04790091514587402,1.1370056505881316,-0.16639966783922427
1.055,-0.12,1.2874603271484375e-05,1.1370056505881316,-0.16639966783922427
1.048,-0.119,0.04806876182556152,1.1370056505881316,-0.16639966783922427
1.048,-0.119,2.9802322387695312e-05,1.1370056505881316,-0.16639966783922427
1.043,-0.158,0.04392814636230469,1.3430619843423444,-0.27180176072018847
1.043,-0.158,1.52587890625e-05,1.3430619843423444,-0.27180176072018847
1.103,-0.118,6.67572021484375e-06,1.3430619843423444,-0.27180176072018847
1.103,-0.118,0.04399418830871582,1.2568397341878985,-0.26900935808904014
1.103,-0.118,2.3365020751953125e-05,1.2568397341878985,-0.26900935808904014
1.117,-0.169,0.012142181396484375,1.2568397341878985,-0.26900935808904014
1.117,-0.169,0.020020484924316406,1.2568397341878985,-0.26900935808904014
1.125,-0.242,0.043810367584228516,0.9403412222387382,-0.20433790885702455
1.225,-0.159,2.2411346435546875e-05,0.9403412222387382,-0.20433790885702455
1.224,-0.169,0.044022560119628906,0.9847830677785178,-0.14563183105007083
1.224,-0.169,2.5033950805664062e-05,0.9847830677785178,-0.14563183105007083
1.166,-0.225,0.04389357566833496,0.9847830677785178,-0.14563183105007083
1.166,-0.214,1.7404556274414062e-05,0.9847830677785178,-0.14563183105007083
1.182,-0.198,0.0480349063873291,1.0910045446898144,-0.06704815375167682
1.182,-0.198,2.193450927734375e-05,1.0910045446898144,-0.06704815375167682
1.227,-0.093,0.04392194747924805,1.2933059359142536,-0.07076480190596102
1.151,-0.184,1.7642974853515625e-05,1.2933059359142536,-0.07076480190596102
1.151,-0.123,8.106231689453125e-06,1.2933059359142536,-0.07076480190596102
1.198,-0.023,0.044051170349121094,1.2933059359142536,-0.07076480190596102
1.116,-0.132,3.838539123535156e-05,1.2933059359142536,-0.07076480190596102
1.116,-0.132,0.012070417404174805,1.2007750902680874,-0.10322413595467025
1.155,-0.043,0.020023584365844727,1.2007750902680874,-0.10322413595467025
1.161,-0.054,0.04777169227600098,1.1433030471748589,-0.10218874308041208
1.161,-0.063,8.106231689453125e-06,1.1433030471748589,-0.10218874308041208
1.121,-0.105,0.04406547546386719,1.1433030471748589,-0.10218874308041208
1.121,-0.105,2.5272369384765625e-05,1.1433030471748589,-0.10218874308041208
1.121,-0.105,0.04399824142456055,1.012751769469187,-0.08379905189595299
1.121,-0.097,2.384185791015625e-05,1.012751769469187,-0.08379905189595299
1.103,-0.118,0.043895721435546875,0.8594979045927731,-0.04198983137992059
1.146,-0.049,1.4781951904296875e-05,0.8594979045927731,-0.04198983137992059
1.136,-0.058,0.04407620429992676,0.8594979045927731,-0.04198983137992059
1.075,-0.138,2.5987625122070312e-05,0.8594979045927731,-0.04198983137992059
1.11,-0.066,2.956390380859375e-05,0.8594979045927731,-0.04198983137992059
1.088,-0.083,0.04392051696777344,0.8058047565658941,-0.03796985410718959
1.088,-0.083,1.9311904907226562e-05,0.8058047565658941,-0.03796985410718959
1.092,-0.053,0.012127161026000977,0.8058047565658941,-0.03796985410718959
1.077,0.002,0.020110368728637695,0.8058047565658941,-0.03796985410718959
1.077,0.002,0.04366350173950195,0.7753290673752834,-0.013153167812618384
1.058,0.012,8.106231689453125e-06,0.7753290673752834,-0.013153167812618384
1.041,0.041,0.04409646987915039,0.7871657436193263,0.028200411952631392
0.953,-0.016,1.9788742065429688e-05,0.7871657436193263,0.028200411952631392
0.958,0.039,0.04788613319396973,0.7871657436193263,0.028200411952631392
0.958,0.039,1.811981201171875e-05,0.7871657436193263,0.028200411952631392
0.911,0.049,0.048088788986206055,0.8330173688715033,0.02646994206737425
0.894,0.116,2.6226043701171875e-05,0.8330173688715033,0.02646994206737425
0.894,0.116,2.5510787963867188e-05,0.8330173688715033,0.02646994206737425
0.828,0.057,0.04390764236450195,0.8077490333152675,0.03119707870091944
0.844,0.106,2.0265579223632812e-05,0.8077490333152675,0.03119707870091944
0.79,0.023,0.012141942977905273,0.8077490333152675,0.03119707870091944
0.81,0.042,0.019916057586669922,0.8077490333152675,0.03119707870091944
0.799,0.036,0.04390096664428711,0.8097343486090455,0.03581953137449491
0.799,0.036,2.9325485229492188e-05,0.8097343486090455,0.03581953137449491
0.801,0.028,0.04396700859069824,0.9533670584548374,0.038334306022091334
0.816,0.067,2.2411346435546875e-05,0.9533670584548374,0.038334306022091334
0.816,0.067,0.04397940635681152,0.9533670584548374,0.038334306022091334
0.759,-0.019,1.5020370483398438e-05,0.9533670584548374,0.038334306022091334
0.771,-0.013,0.04399824142456055,0.9177828465956247,0.04354390823530375
0.771,-0.013,2.2172927856445312e-05,0.9177828465956247,0.04354390823530375
0.744,-0.094,0.04394221305847168,0.8542225534330327,0.031217875852861676
0.744,-0.101,1.3589859008789062e-05,0.8542225534330327,0.031217875852861676
0.742,-0.136,0.04402041435241699,0.8542225534330327,0.031217875852861676
0.748,-0.125,2.1457672119140625e-05,0.8542225534330327,0.031217875852861676
0.748,-0.125,7.390975952148438e-05,0.8542225534330327,0.031217875852861676
0.757,-0.036,0.04389166831970215,0.8414145998681154,0.031904043045641116
0.773,0.009,2.6226043701171875e-05,0.8414145998681154,0.031904043045641116
0.793,0.033,0.012130260467529297,0.8414145998681154,0.031904043045641116
0.793,0.033,0.020143985748291016,0.8414145998681154,0.031904043045641116
0.793,0.033,0.043678998947143555,0.7991731493156563,0.03099793283944424
0.818,0.056,1.6689300537109375e-05,0.7991731493156563,0.03099793283944424
0.829,0.042,0.044020891189575195,0.7855473801753101,0.029915716778597324
0.831,0.043,2.0265579223632812e-05,0.7855473801753101,0.029915716778597324
0.825,0.029,0.04396200180053711,0.7855473801753101,0.029915716778597324
0.824,0.02,2.288818359375e-05,0.7855473801753101,0.029915716778597324
0.824,0.02,0.04400634765625,0.7567554816216265,0.02803697023083667
0.815,-0.002,2.09808349609375e-05,0.7567554816216265,0.02803697023083667
0.815,-0.002,0.04796767234802246,0.7522207995808314,0.026039315578406285
0.806,-0.012,2.9802322387695312e-05,0.7522207995808314,0.026039315578406285
0.807,-0.026,1.6450881958007812e-05,0.7522207995808314,0.026039315578406285
0.795,-0.026,0.0478663444519043,0.7363360202221291,0.00837354752426781
0.791,-0.022,1.1444091796875e-05,0.7363360202221291,0.00837354752426781
0.78,-0.013,0.008174896240234375,0.7363360202221291,0.00837354752426781
0.776,-0.006,0.020031213760375977,0.7363360202221291,0.00837354752426781
0.768,0.002,0.04379534721374512,0.7016463295703333,-0.002034146867301781
0.756,0.01,2.384185791015625e-05,0.7016463295703333,-0.002034146867301781
0.755,0.004,0.044022560119628906,0.7016463295703333,-0.002034146867301781
0.741,0.019,2.0265579223632812e-05,0.7016463295703333,-0.002034146867301781
0.724,0.013,0.04391217231750488,1.0010215343251248,0.09246855615850745
0.724,0.013,1.1205673217773438e-05,1.0010215343251248,0.09246855615850745
0.725,0.024,0.044008493423461914,0.7362254281307761,-0.01185604910401991
0.724,0.029,7.152557373046875e-06,0.7362254281307761,-0.01185604910401991
0.713,0.034,0.044066429138183594,0.7362254281307761,-0.01185604910401991
0.713,0.034,2.0265579223632812e-05,0.7362254281307761,-0.01185604910401991
0.72,0.051,0.04394721984863281,0.7554243203342413,-0.007962612611414753
0.719,0.05,1.621246337890625e-05,0.7554243203342413,-0.007962612611414753
0.72,0.025,2.3603439331054688e-05,0.7554243203342413,-0.007962612611414753
0.721,0.025,0.047995567321777344,0.7554243203342413,-0.007962612611414753
0.73,0.011,2.2411346435546875e-05,0.7554243203342413,-0.007962612611414753
0.733,-0.001,0.008216381072998047,0.7634099673452607,-0.015586722688505411
0.733,-0.001,0.019949913024902344,0.7634099673452607,-0.015586722688505411
0.738,-0.017,0.04383516311645508,0.9400663439763407,0.1210024877242555
0.735,-0.024,2.8848648071289062e-05,0.9400663439763407,0.1210024877242555
0.739,-0.025,0.04394674301147461,0.9400663439763407,0.1210024877242555
0.741,-0.015,7.05718994140625e-05,0.9400663439763407,0.1210024877242555
0.753,-0.006,0.043940067291259766,0.9434806174904813,0.12156906695193857
0.758,0.012,2.8848648071289062e-05,0.9434806174904813,0.12156906695193857
0.777,0.04,0.04393124580383301,1.0354564528440289,0.1593513435166256
0.796,0.07,1.8358230590820312e-05,1.0354564528440289,0.1593513435166256
0.796,0.07,0.048020124435424805,1.0354564528440289,0.1593513435166256
0.814,0.088,2.6941299438476562e-05,1.0354564528440289,0.1593513435166256
0.831,0.119,3.4809112548828125e-05,1.0354564528440289,0.1593513435166256
0.832,0.128,0.043938398361206055,0.956743025684499,0.1447353197589546
0.82,0.13,2.956390380859375e-05,0.956743025684499,0.1447353197589546
0.82,0.13,0.012078285217285156,0.956743025684499,0.1447353197589546
0.816,0.107,0.01985454559326172,0.9585127694859013,0.14457287460176016
0.829,0.106,0.04400801658630371,0.9585127694859013,0.14457287460176016
0.854,0.106,2.5033950805664062e-05,0.9585127694859013,0.14457287460176016
0.854,0.106,0.04397916793823242,1.1648579002188741,-0.022665749264526528
0.866,0.092,5.7220458984375e-05,1.1648579002188741,-0.022665749264526528
0.914,0.104,0.04394650459289551,1.1648579002188741,-0.022665749264526528
0.941,0.107,2.193450927734375e-05,1.1648579002188741,-0.022665749264526528
0.941,0.107,0.04550671577453613,1.0325390872663727,0.07185731645204427
0.979,0.056,2.7179718017578125e-05,1.0325390872663727,0.07185731645204427
0.979,0.056,0.04246401786804199,1.0098825429305174,0.1524531999269363
1.024,0.061,2.4080276489257812e-05,1.0098825429305174,0.1524531999269363
1.041,0.047,0.04396414756774902,1.0098825429305174,0.1524531999269363
1.051,0.059,2.47955322265625e-05,1.0098825429305174,0.1524531999269363
1.059,0.083,1.3828277587890625e-05,1.0098825429305174,0.1524531999269363
1.05,0.104,0.04396796226501465,0.9891847320517277,0.1533278974458342
1.05,0.104,3.361701965332031e-05,0.9891847320517277,0.1533278974458342
1.043,0.132,0.012053489685058594,0.9891847320517277,0.1533278974458342
1.033,0.161,0.01992201805114746,0.9464920641528529,0.08136830268880914
1.033,0.161,0.04403066635131836,0.9464920641528529,0.08136830268880914
1.021,0.176,2.4557113647460938e-05,0.9464920641528529,0.08136830268880914
1.021,0.176,0.043939828872680664,0.9422847307906148,0.08104486315461368
1.013,0.182,2.4318695068359375e-05,0.9422847307906148,0.08104486315461368
1.013,0.182,0.0438995361328125,0.7986831159260527,0.03650917307483042
1.049,0.074,1.4543533325195312e-05,0.7986831159260527,0.03650917307483042
1.089,-0.028,0.0440676212310791,0.7986831159260527,0.03650917307483042
1.089,-0.028,1.7404556274414062e-05,0.7986831159260527,0.03650917307483042
1.069,-0.056,0.04399991035461426,0.7265607775634475,0.029656529755333557
1.03,-0.07,2.3365020751953125e-05,0.7265607775634475,0.029656529755333557
1.012,-0.111,0.04399394989013672,0.7361762207344591,0.03288797876308136
0.985,-0.116,3.361701965332031e-05,0.7361762207344591,0.03288797876308136
0.917,-0.074,1.0013580322265625e-05,0.7361762207344591,0.03288797876308136
0.898,-0.085,0.04389619827270508,0.7361762207344591,0.03288797876308136
0.898,-0.085,1.9550323486328125e-05,0.7361762207344591,0.03288797876308136
0.844,-0.072,0.012212276458740234,0.7361762207344591,0.03288797876308136
0.821,-0.076,0.019904375076293945,0.7179141158113078,0.026347989134969368
0.821,-0.076,0.04396200180053711,0.7179141158113078,0.026347989134969368
0.836,-0.094,5.8650970458984375e-05,0.7179141158113078,0.026347989134969368
0.836,-0.094,0.04386472702026367,1.1102683662774695,-0.03232085869582194
0.811,-0.052,1.9788742065429688e-05,1.1102683662774695,-0.03232085869582194
0.825,0.006,0.043921470642089844,1.3881152094565645,-0.03386232645397742
0.825,0.006,1.2874603271484375e-05,1.3881152094565645,-0.03386232645397742
0.821,-0.04,0.044046640396118164,1.3881152094565645,-0.03386232645397742
0.766,-0.022,2.0503997802734375e-05,1.3881152094565645,-0.03386232645397742
0.748,-0.013,0.04389071464538574,1.0366164039393655,0.09229064905926926
0.749,-0.027,8.821487426757812e-06,1.0366164039393655,0.09229064905926926
0.749,-0.027,0.04407930374145508,0.9964792189171308,0.18898264062782355
0.718,-0.007,2.3603439331054688e-05,0.9964792189171308,0.18898264062782355
0.704,0.046,1.2874603271484375e-05,0.9964792189171308,0.18898264062782355
0.721,0.107,0.043950796127319336,0.9964792189171308,0.18898264062782355
0.736,0.166,2.0503997802734375e-05,0.9964792189171308,0.18898264062782355
0.736,0.166,0.012085199356079102,0.9964792189171308,0.18898264062782355
0.773,0.208,0.01999044418334961,0.9076839133986562,0.2590701121948785
0.809,0.218,0.043947696685791016,0.9076839133986562,0.2590701121948785
0.869,0.2,3.0994415283203125e-05,0.9076839133986562,0.2590701121948785
0.869,0.2,0.0478670597076416,0.6837387486138609,0.2945982265539025
0.853,0.149,1.4781951904296875e-05,0.6837387486138609,0.2945982265539025
0.821,0.109,0.04404759407043457,0.5294788884507046,0.2868340561959392
0.821,0.109,1.430511474609375e-05,0.5294788884507046,0.2868340561959392
0.808,0.146,0.044097185134887695,0.5294788884507046,0.2868340561959392
0.808,0.146,3.1948089599609375e-05,0.5294788884507046,0.2868340561959392
0.789,0.212,0.043787240982055664,0.549054948051359,0.28859485736991536
0.784,0.251,9.775161743164062e-06,0.549054948051359,0.28859485736991536
0.784,0.251,5.7220458984375e-06,0.549054948051359,0.28859485736991536
0.762,0.285,0.04401421546936035,0.4236383867554605,0.2949136602435277
0.733,0.273,1.8358230590820312e-05,0.4236383867554605,0.2949136602435277
0.755,0.218,0.01215362548828125,0.4236383867554605,0.2949136602435277
0.869,0.047,0.019976139068603516,0.4236383867554605,0.2949136602435277
0.869,0.047,0.043955326080322266,0.4072460242767813,0.2882611776425577
0.727,0.257,3.6716461181640625e-05,0.4072460242767813,0.2882611776425577
0.586,0.448,0.04385519027709961,0.40964978952201914,0.2895083156934366
0.643,0.305,1.9550323486328125e-05,0.40964978952201914,0.2895083156934366
0.655,0.238,0.043940067291259766,0.40964978952201914,0.2895083156934366
0.493,0.451,7.3909759521484375e-06,0.40964978952201914,0.2895083156934366
0.385,0.563,0.04799056053161621,0.40216486419939507,0.28622358432964323
0.451,0.407,8.344650268554688e-06,0.40216486419939507,0.28622358432964323
0.55,0.199,0.044013023376464844,0.4054457165278328,0.29006701212864355
0.513,0.186,1.1444091796875e-05,0.4054457165278328,0.29006701212864355
0.513,0.186,1.430511474609375e-05,0.4054457165278328,0.29006701212864355
0.369,0.36,0.044042348861694336,0.4054457165278328,0.29006701212864355
0.374,0.331,2.3365020751953125e-05,0.4054457165278328,0.29006701212864355
0.377,0.314,0.011952400207519531,0.40720520378693287,0.2914135131706794
0.377,0.314,0.020174026489257812,0.40720520378693287,0.2914135131706794
0.378,0.294,0.04383349418640137,0.40720520378693287,0.2914135131706794
0.42,0.212,2.4080276489257812e-05,0.40720520378693287,0.2914135131706794
0.371,0.228,0.04794740676879883,0.3933276815968435,0.28112352403325214
0.371,0.228,1.9788742065429688e-05,0.3933276815968435,0.28112352403325214
0.348,0.231,0.0479583740234375,0.37671032625810474,0.26881158252006976
0.348,0.231,1.239776611328125e-05,0.37671032625810474,0.26881158252006976
0.395,0.176,0.043958425521850586,0.3768532460906098,0.2689204556418433
0.321,0.295,8.821487426757812e-06,0.3768532460906098,0.2689204556418433
0.308,0.331,1.0967254638671875e-05,0.3768532460906098,0.2689204556418433
0.37,0.254,0.044008493423461914,0.3768532460906098,0.2689204556418433
0.37,0.254,1.33514404296875e-05,0.3768532460906098,0.2689204556418433
0.345,0.315,0.01220560073852539,0.3768532460906098,0.2689204556418433
0.356,0.315,0.02010822296142578,0.40164059274754293,0.2877405888658685
0.406,0.235,0.043670654296875,0.40164059274754293,0.2877405888658685
0.389,0.259,1.2874603271484375e-05,0.40164059274754293,0.2877405888658685
0.389,0.259,0.04402971267700195,0.391483612245474,0.2557531140668704
0.377,0.271,2.5272369384765625e-05,0.391483612245474,0.2557531140668704
0.351,0.32,0.04397010803222656,0.3473320727672398,0.24675905251861055
0.363,0.279,1.3589859008789062e-05,0.3473320727672398,0.24675905251861055
0.408,0.234,0.04804491996765137,0.3473320727672398,0.24675905251861055
0.376,0.307,2.7179718017578125e-05,0.3473320727672398,0.24675905251861055
0.376,0.307,0.04391837120056152,0.34965951354336766,0.23107553706485603
0.448,0.142,2.002716064453125e-05,0.34965951354336766,0.23107553706485603
0.376,0.255,2.5272369384765625e-05,0.34965951354336766,0.23107553706485603
0.306,0.335,0.044020891189575195,0.26766829025174305,0.18861446442629803
0.336,0.3,2.6941299438476562e-05,0.26766829025174305,0.18861446442629803
0.336,0.3,0.012151956558227539,0.26766829025174305,0.18861446442629803
0.451,0.095,0.01999354362487793,0.26766829025174305,0.18861446442629803
0.364,0.184,0.04376482963562012,0.35269353454845564,0.22204641473386366
0.364,0.184,2.5033950805664062e-05,0.35269353454845564,0.22204641473386366
0.292,0.261,0.04793548583984375,0.35531932836355146,0.21324017564723932
0.292,0.261,1.0013580322265625e-05,0.35531932836355146,0.21324017564723932
0.275,0.256,0.044055938720703125,0.35531932836355146,0.21324017564723932
0.339,0.172,2.384185791015625e-05,0.35531932836355146,0.21324017564723932
0.32,0.203,0.04392886161804199,0.44962191892889175,0.22738333759480894
0.291,0.227,1.52587890625e-05,0.44962191892889175,0.22738333759480894
0.291,0.227,0.044002532958984375,0.6513740985646647,0.2257213126497684
0.289,0.234,1.9550323486328125e-05,0.6513740985646647,0.2257213126497684
0.317,0.209,2.5987625122070312e-05,0.6513740985646647,0.2257213126497684
0.362,0.156,0.043988704681396484,0.6513740985646647,0.2257213126497684
0.362,0.156,2.384185791015625e-05,0.6513740985646647,0.2257213126497684
0.521,-0.006,0.012258768081665039,0.6513740985646647,0.2257213126497684
0.372,0.258,0.019865036010742188,0.5831043842283785,0.20742877198316068
0.35,0.319,0.04383730888366699,0.5831043842283785,0.20742877198316068
0.468,0.143,2.0503997802734375e-05,0.5831043842283785,0.20742877198316068
0.468,0.143,0.043966054916381836,0.9890665966237838,0.19519550993510018
0.423,0.295,2.288818359375e-05,0.9890665966237838,0.19519550993510018
0.499,0.206,0.043921709060668945,0.9463680758640289,0.19429595695115554
0.558,0.151,1.4543533325195312e-05,0.9463680758640289,0.19429595695115554
0.632,0.089,0.04406285285949707,0.9463680758640289,0.19429595695115554
0.579,0.118,2.5272369384765625e-05,0.9463680758640289,0.19429595695115554
0.579,0.118,0.043932199478149414,0.9946591853977093,0.1740361427378884
0.613,0.175,1.2636184692382812e-05,0.9946591853977093,0.1740361427378884
0.613,0.175,0.0440363883972168,1.0200041273704135,0.1613030332289738
0.695,0.155,2.2649765014648438e-05,1.0200041273704135,0.1613030332289738
0.695,0.155,2.86102294921875e-05,1.0200041273704135,0.1613030332289738
0.711,0.132,0.04390120506286621,1.0200041273704135,0.1613030332289738
0.711,0.132,1.621246337890625e-05,1.0200041273704135,0.1613030332289738
0.73,0.118,0.012087821960449219,1.0247508685985085,0.16088853893681584
0.756,0.128,0.02005743980407715,1.0247508685985085,0.16088853893681584
0.772,0.111,0.04385709762573242,1.0247508685985085,0.16088853893681584
0.772,0.111,2.384185791015625e-05,1.0247508685985085,0.16088853893681584
0.826,0.114,0.044077396392822266,0.9971684222958445,0.14942501269428687
0.826,0.114,3.3855438232421875e-05,0.9971684222958445,0.14942501269428687
0.863,0.094,0.043866634368896484,0.9674962255553684,0.1342188779309372
0.88,0.086,1.6450881958007812e-05,0.9674962255553684,0.1342188779309372
0.911,0.07,0.04792952537536621,0.9670807111866893,0.13419735839370364
0.9,0.129,1.52587890625e-05,0.9670807111866893,0.13419735839370364
0.9,0.129,0.044066667556762695,0.9670807111866893,0.13419735839370364
0.928,0.116,2.47955322265625e-05,0.9670807111866893,0.13419735839370364
0.965,0.096,1.2636184692382812e-05,0.9670807111866893,0.13419735839370364
0.983,0.099,0.04391884803771973,0.8598567928263983,0.12912625090049107
0.983,0.099,1.7881393432617188e-05,0.8598567928263983,0.12912625090049107
0.989,0.094,0.012233972549438477,0.8598567928263983,0.12912625090049107
1.0,0.105,0.020050525665283203,0.8598567928263983,0.12912625090049107
0.95,0.141,0.04378914833068848,1.1336097605886026,0.1335065162311663
1.01,0.061,3.147125244140625e-05,1.1336097605886026,0.1335065162311663
1.01,0.061,0.043825387954711914,1.3315621635921264,0.12885334651182312
1.01,0.061,8.106231689453125e-06,1.3315621635921264,0.12885334651182312
0.955,0.13,0.044095516204833984,1.3315621635921264,0.12885334651182312
0.955,0.13,2.2649765014648438e-05,1.3315621635921264,0.12885334651182312
1.019,0.027,0.043935298919677734,1.2237629445811846,0.10731036480344026
1.019,0.027,1.5497207641601562e-05,1.2237629445811846,0.10731036480344026
0.957,0.129,0.04400134086608887,1.1280554064124568,0.11238255182852677
0.957,0.129,1.5974044799804688e-05,1.1280554064124568,0.11238255182852677
1.024,0.043,0.04403519630432129,1.1280554064124568,0.11238255182852677
0.989,0.114,2.0265579223632812e-05,1.1280554064124568,0.11238255182852677
1.008,0.088,2.8133392333984375e-05,1.1280554064124568,0.11238255182852677
1.008,0.088,0.04388594627380371,1.1315445906125143,0.11221458812914077
0.996,0.156,1.8835067749023438e-05,1.1315445906125143,0.11221458812914077
1.102,0.033,0.01220560073852539,1.1315445906125143,0.11221458812914077
1.076,0.096,0.0200040340423584,1.1315445906125143,0.11221458812914077
1.067,0.141,0.04376220703125,0.9695630115041127,0.11221924254271176
1.108,0.094,1.430511474609375e-05,0.9695630115041127,0.11221924254271176
1.108,0.094,0.048027753829956055,0.9139644643138961,0.09297259053479602
1.098,0.157,1.811981201171875e-05,0.9139644643138961,0.09297259053479602
1.111,0.098,0.04793548583984375,0.9140156002134138,0.09297639210138012
1.111,0.098,2.9325485229492188e-05,0.9140156002134138,0.09297639210138012
1.111,0.098,0.04399442672729492,0.9140156002134138,0.09297639210138012
1.11,0.103,2.288818359375e-05,0.9140156002134138,0.09297639210138012
1.042,0.172,1.4781951904296875e-05,0.9140156002134138,0.09297639210138012
1.114,0.044,0.04390907287597656,0.8624840148835659,0.09090669610632961
1.106,0.031,1.0967254638671875e-05,0.8624840148835659,0.09090669610632961
1.041,0.103,0.012311935424804688,0.8624840148835659,0.09090669610632961
1.036,0.071,0.019881486892700195,0.8624840148835659,0.09090669610632961
1.036,0.071,0.04385232925415039,0.7892940434602695,0.07706857355354588
1.031,0.007,2.0265579223632812e-05,0.7892940434602695,0.07706857355354588
1.031,0.007,0.044007301330566406,0.7848831157286049,0.07265998865577536
0.998,-0.012,1.4543533325195312e-05,0.7848831157286049,0.07265998865577536
0.97,-0.056,0.044008731842041016,0.7848831157286049,0.07265998865577536
0.859,0.061,2.9325485229492188e-05,0.7848831157286049,0.07265998865577536
0.919,-0.061,0.043845415115356445,0.7690369406461088,0.06413263982555084
0.894,-0.055,6.4373016357421875e-06,0.7690369406461088,0.06413263982555084
0.894,-0.055,0.044072628021240234,0.7626500610841126,0.045684313041229864
0.877,-0.061,3.266334533691406e-05,0.7626500610841126,0.045684313041229864
0.845,-0.044,0.044026851654052734,0.7626500610841126,0.045684313041229864
0.812,-0.003,3.5762786865234375e-05,0.7626500610841126,0.045684313041229864
0.767,0.058,1.3828277587890625e-05,0.7626500610841126,0.045684313041229864
0.767,0.058,0.04386425018310547,0.7624446304078337,0.04566813294216022
0.795,0.003,1.811981201171875e-05,0.7624446304078337,0.04566813294216022
0.762,0.054,0.012124776840209961,0.7624446304078337,0.04566813294216022
0.776,0.009,0.02001667022705078,0.7624446304078337,0.04566813294216022
0.776,0.009,0.04381155967712402,0.9231626198516112,0.046394320178019186
0.756,0.02,2.3603439331054688e-05,0.9231626198516112,0.046394320178019186
0.72,0.069,0.04404783248901367,0.8539754492660698,0.04317063247733419
0.72,0.069,1.9788742065429688e-05,0.8539754492660698,0.04317063247733419
0.731,0.043,0.04391622543334961,0.8539730320883135,0.04317061158008802
0.731,0.043,2.6226043701171875e-05,0.8539730320883135,0.04317061158008802
0.688,0.094,0.04404640197753906,0.8539730320883135,0.04317061158008802
0.71,0.075,1.8596649169921875e-05,0.8539730320883135,0.04317061158008802
0.704,0.074,0.043921709060668945,0.7844248883821849,0.03018723459040036
0.704,0.074,1.621246337890625e-05,0.7844248883821849,0.03018723459040036
0.721,0.086,0.04403066635131836,0.7844248883821849,0.03018723459040036
0.744,0.07,2.0742416381835938e-05,0.7844248883821849,0.03018723459040036
0.751,0.083,2.2649765014648438e-05,0.7844248883821849,0.03018723459040036
0.751,0.083,0.04395413398742676,0.7530097008254174,0.032483026437468115
0.78,0.059,2.288818359375e-05,0.7530097008254174,0.032483026437468115
0.78,0.059,0.012181997299194336,0.7530097008254174,0.032483026437468115
0.787,0.061,0.02004265785217285,0.7530096981308749,0.03248302651945814
0.787,0.061,0.047824859619140625,0.7530096981308749,0.03248302651945814
0.797,0.039,2.2411346435546875e-05,0.7530096981308749,0.03248302651945814
0.797,0.039,0.044011831283569336,0.7659543486554093,0.04780833262490552
0.818,0.013,2.288818359375e-05,0.7659543486554093,0.04780833262490552
0.825,-0.005,0.0438539981842041,0.7654498608369208,0.028921098240784895
0.84,-0.013,2.7894973754882812e-05,0.7654498608369208,0.028921098240784895
0.84,-0.013,0.043964385986328125,0.7654498608369208,0.028921098240784895
0.829,0.003,2.09808349609375e-05,0.7654498608369208,0.028921098240784895
0.829,0.003,0.04406452178955078,0.7672657121902808,0.03010565092413237
0.82,0.002,2.5987625122070312e-05,0.7672657121902808,0.03010565092413237
0.812,0.009,2.6941299438476562e-05,0.7672657121902808,0.03010565092413237
0.814,0.003,0.04388117790222168,0.7548231284242588,0.025491203041880357
0.81,0.012,3.075599670410156e-05,0.7548231284242588,0.025491203041880357
0.81,0.012,0.012175321578979492,0.7548231284242588,0.025491203041880357
0.795,0.0,0.019829750061035156,0.7548231284242588,0.025491203041880357
0.791,0.007,0.04392290115356445,0.7253540037903948,0.03551203719853812
0.783,0.006,1.3828277587890625e-05,0.7253540037903948,0.03551203719853812
0.783,0.006,0.04803133010864258,0.7253540037903948,0.03551203719853812
0.77,0.001,1.430511474609375e-05,0.7253540037903948,0.03551203719853812
0.747,0.019,0.04402470588684082,0.7083198969236395,0.035968810425180124
0.731,0.037,3.3855438232421875e-05,0.7083198969236395,0.035968810425180124
0.731,0.037,0.04398775100708008,1.0188228362147838,0.06760951602216633
0.722,0.026,3.528594970703125e-05,1.0188228362147838,0.06760951602216633
0.723,0.019,0.04398083686828613,1.0188228362147838,0.06760951602216633
0.694,0.041,4.982948303222656e-05,1.0188228362147838,0.06760951602216633
0.715,0.007,5.078315734863281e-05,1.0188228362147838,0.06760951602216633
0.717,0.013,0.047814130783081055,0.786080123691824,0.1320034453876196
0.7,0.057,1.8835067749023438e-05,0.786080123691824,0.1320034453876196
0.723,0.013,0.008127450942993164,0.786080123691824,0.1320034453876196
0.723,0.013,0.019924640655517578,0.7624102380451422,0.13191643488008
0.704,0.077,0.043997764587402344,0.7624102380451422,0.13191643488008
0.71,0.07,3.2901763916015625e-05,0.7624102380451422,0.13191643488008
0.639,0.191,0.04391288757324219,0.6564079842640488,0.04992361059306628
0.764,0.01,3.218650817871094e-05,0.6564079842640488,0.04992361059306628
0.764,0.01,0.04391956329345703,1.222183353427297,-0.03132948294639185
0.671,0.169,1.71661376953125e-05,1.222183353427297,-0.03132948294639185
0.66,0.201,0.04803967475891113,1.222183353427297,-0.03132948294639185
0.811,-0.047,1.8596649169921875e-05,1.222183353427297,-0.03132948294639185
0.663,0.151,0.0439453125,0.952592439305333,-0.003561723143193661
0.663,0.151,2.002716064453125e-05,0.952592439305333,-0.003561723143193661
0.788,-0.071,2.2649765014648438e-05,0.952592439305333,-0.003561723143193661
0.788,-0.071,0.04400491714477539,0.19906650176138196,0.14015067344181042
0.788,-0.071,3.0279159545898438e-05,0.19906650176138196,0.14015067344181042
0.711,0.02,0.01215219497680664,0.19906650176138196,0.14015067344181042
0.754,-0.023,0.019903898239135742,0.19906650176138196,0.14015067344181042
0.72,0.019,0.043951988220214844,0.7747322443762029,0.07066942716846807
0.72,0.019,3.695487976074219e-05,0.7747322443762029,0.07066942716846807
0.624,0.186,0.043885231018066406,0.7747322443762029,0.07066942716846807
0.633,0.17,1.8835067749023438e-05,0.7747322443762029,0.07066942716846807
0.813,-0.102,0.04395270347595215,0.7879173033797857,0.0686696550582792
0.813,-0.102,1.71661376953125e-05,0.7879173033797857,0.0686696550582792
0.7,0.078,0.04393792152404785,0.7927267941549463,0.06677968358124489
0.714,0.069,8.106231689453125e-06,0.7927267941549463,0.06677968358124489
0.714,0.069,0.04798126220703125,0.9805798333448326,0.042636055333767325
0.757,0.01,1.239776611328125e-05,0.9805798333448326,0.042636055333767325
0.741,0.043,5.0067901611328125e-06,0.9805798333448326,0.042636055333767325
0.736,0.072,0.04400300979614258,0.9805798333448326,0.042636055333767325
0.758,0.059,9.298324584960938e-06,0.9805798333448326,0.042636055333767325
0.758,0.059,0.012092113494873047,0.9805798333448326,0.042636055333767325
0.772,0.043,0.019962549209594727,0.9464596708255408,-0.14117860653999323
0.784,0.039,0.04392576217651367,0.9464596708255408,-0.14117860653999323
0.81,0.024,8.106231689453125e-06,0.9464596708255408,-0.14117860653999323
0.81,0.024,0.04397177696228027,0.946449809445848,-0.141169315164733
0.791,0.063,6.67572021484375e-06,0.946449809445848,-0.141169315164733
0.791,0.063,0.044005632400512695,0.834484040613249,-0.11070053437801543
0.828,0.011,9.059906005859375e-06,0.834484040613249,-0.11070053437801543
0.828,0.03,0.04401063919067383,0.834484040613249,-0.11070053437801543
0.842,0.028,8.344650268554688e-06,0.834484040613249,-0.11070053437801543
0.849,0.019,0.04401707649230957,0.7715172201882066,-0.13039980291890996
0.859,0.015,1.6689300537109375e-05,0.7715172201882066,-0.13039980291890996
0.848,0.003,0.04399585723876953,0.7715172122487649,-0.13039979609515875
0.857,-0.006,1.3828277587890625e-05,0.7715172122487649,-0.13039979609515875
0.857,-0.006,1.239776611328125e-05,0.7715172122487649,-0.13039979609515875
0.855,-0.01,0.04400920867919922,0.7715172122487649,-0.13039979609515875
0.848,-0.045,1.621246337890625e-05,0.7715172122487649,-0.13039979609515875
0.832,-0.061,0.012117624282836914,0.7715172122487649,-0.13039979609515875
0.819,-0.076,0.02003955841064453,0.5231605063619419,-0.18588644601023058
0.819,-0.076,0.04382443428039551,0.5231605063619419,-0.18588644601023058
0.797,-0.084,2.0503997802734375e-05,0.5231605063619419,-0.18588644601023058
0.769,-0.105,0.04402899742126465,0.3137769098171464,-0.25686833663249664
0.724,-0.123,2.3365020751953125e-05,0.3137769098171464,-0.25686833663249664
0.724,-0.123,0.04392242431640625,0.30859658939718565,-0.2525935626030859
0.724,-0.123,2.574920654296875e-05,0.30859658939718565,-0.2525935626030859
0.679,-0.175,0.04396820068359375,0.30859658939718565,-0.2525935626030859
0.638,-0.206,1.9073486328125e-05,0.30859658939718565,-0.2525935626030859
0.638,-0.206,0.04426717758178711,0.9481098686627432,-0.19859992223808656
0.607,-0.229,2.4080276489257812e-05,0.9481098686627432,-0.19859992223808656
0.588,-0.245,0.04368019104003906,0.9481098686627432,-0.19844124944264926
0.588,-0.245,2.3365020751953125e-05,0.9481098686627432,-0.19844124944264926
0.744,0.055,1.3589859008789062e-05,0.9481098686627432,-0.19844124944264926
0.601,-0.118,0.04397869110107422,0.9481098686627432,-0.19844124944264926
0.578,-0.136,2.0503997802734375e-05,0.9481098686627432,-0.19844124944264926
0.514,-0.239,0.012181997299194336,0.9481098686627432,-0.19844124944264926
0.514,-0.239,0.019968509674072266,0.3283970359885694,-0.3070339328826048
0.44,-0.281,0.04375648498535156,0.05,-0.05
0.476,-0.26,8.821487426757812e-06,0.05,-0.05
0.609,-0.081,0.04404926300048828,0.05,-0.05
0.487,-0.316,2.6226043701171875e-05,0.05,-0.05
0.605,-0.172,0.044007062911987305,0.05000000000000001,-0.05
0.497,-0.326,2.4080276489257812e-05,0.05000000000000001,-0.05
0.497,-0.326,0.04398179054260254,0.05000000000000001,-0.05
0.511,-0.255,2.8848648071289062e-05,0.05000000000000001,-0.05
0.583,0.026,0.04387068748474121,0.049999999999999996,-0.049999999999999996
0.583,0.026,1.5974044799804688e-05,0.049999999999999996,-0.049999999999999996
0.352,-0.207,0.04411149024963379,0.05,-0.05
0.287,-0.211,2.9325485229492188e-05,0.05,-0.05
0.391,-0.002,1.7881393432617188e-05,0.05,-0.05
0.372,0.002,0.04383707046508789,0.05,-0.05
0.323,-0.037,1.049041748046875e-05,0.05,-0.05
0.323,-0.037,0.012048959732055664,-0.05,-0.05
0.212,-0.15,0.020044326782226562,-0.05,-0.05
0.243,-0.081,0.04393339157104492,-0.05,-0.05
0.301,0.023,1.811981201171875e-05,-0.05,-0.05
0.301,0.023,0.04403567314147949,-0.05,-0.05
0.154,-0.12,2.8371810913085938e-05,-0.05,-0.05
0.123,-0.131,0.04393959045410156,-0.05,-0.05000000000000001
0.11,-0.112,1.7404556274414062e-05,-0.05,-0.05000000000000001
0.099,-0.084,0.04391169548034668,-0.05,-0.05000000000000001
0.072,-0.078,7.62939453125e-06,-0.05,-0.05000000000000001
0.072,-0.078,0.04403805732727051,-0.05,-0.05000000000000001
-0.052,-0.06,0.09608030319213867,-0.05,-0.05
-0.062,-0.059,0.004073143005371094,-0.05,-0.05
-0.078,-0.054,0.020093917846679688,-0.05,-0.05
-0.083,-0.06,0.04376792907714844,-0.049999999999999996,-0.05
-0.083,-0.06,1.9550323486328125e-05,-0.049999999999999996,-0.05
-0.071,-0.043,0.04401254653930664,-0.049999999999999996,-0.05
-0.063,-0.054,2.5510787963867188e-05,-0.049999999999999996,-0.05
-0.063,-0.033,0.0438990592956543,-0.05,-0.05
-0.06,-0.042,1.1920928955078125e-05,-0.05,-0.05
-0.059,-0.053,0.04408669471740723,-0.05,-0.049999999999999996
-0.052,-0.066,0.09196949005126953,-0.05,-0.05
-0.058,-0.066,0.16391634941101074,-0.05,-0.049999999999999996
-0.058,-0.068,0.044017791748046875,-0.05,-0.049999999999999996
-0.051,-0.05,0.08797073364257812,-0.049999999999999996,-0.05000000000000001
-0.057,-0.059,0.04403519630432129,-0.049999999999999996,-0.05000000000000001
-0.062,-0.074,1.6689300537109375e-05,-0.049999999999999996,-0.05000000000000001
-0.064,-0.079,0.012035846710205078,-0.049999999999999996,-0.05000000000000001
-0.062,-0.075,0.02001667022705078,-0.05,-0.05
-0.055,-0.069,0.21992135047912598,-0.05,-0.05
-0.055,-0.069,0.04397916793823242,-0.05,-0.05
-0.052,-0.073,0.04398822784423828,-0.05,-0.05
-0.053,-0.05,0.16400504112243652,-0.05,-0.05000000000000001
-0.053,-0.05,0.04400753974914551,-0.05,-0.05000000000000001
-0.063,-0.084,0.08799552917480469,-0.05,-0.049999999999999996
-0.063,-0.084,0.04399394989013672,-0.05,-0.049999999999999996
-0.057,-0.059,0.0799875259399414,-0.05,-0.05
-0.052,-0.058,6.4373016357421875e-06,-0.05,-0.05
-0.056,-0.063,0.044048309326171875,-0.05,-0.05
-0.052,-0.066,1.2636184692382812e-05,-0.05,-0.05
-0.059,-0.069,1.1920928955078125e-05,-0.05,-0.05
-0.057,-0.069,0.2999718189239502,-0.05,-0.05
-0.067,-0.077,0.04401755332946777,-0.05,-0.05
-0.067,-0.077,7.3909759521484375e-06,-0.05,-0.05
-0.051,-0.06,0.04802370071411133,-0.05,-0.05
-0.063,-0.074,0.047998905181884766,-0.05,-0.05000000000000001
-0.055,-0.066,0.08798718452453613,-0.05,-0.05
-0.053,-0.063,6.4373016357421875e-06,-0.05,-0.05
-0.053,-0.062,0.04400134086608887,-0.05,-0.05
-0.062,-0.081,0.04401135444641113,0.05,-0.05
-0.057,-0.071,1.2159347534179688e-05,0.05,-0.05
0.057,-0.077,0.17600584030151367,0.05,-0.05
0.062,-0.075,0.04400968551635742,0.05,-0.05
0.062,-0.075,1.239776611328125e-05,0.05,-0.05
0.059,-0.07,0.056005001068115234,0.05000000000000001,-0.05
0.062,-0.075,0.01999378204345703,0.05000000000000001,-0.05
0.056,-0.072,0.04397392272949219,0.05000000000000001,-0.05
0.053,-0.058,9.059906005859375e-06,0.05000000000000001,-0.05
0.058,-0.064,0.0879666805267334,0.05,-0.05
0.052,-0.051,0.044034719467163086,0.05,-0.05
0.055,-0.065,0.044004201889038086,0.05,-0.05
0.054,-0.064,0.043959856033325195,0.05,-0.05
0.053,-0.072,7.3909759521484375e-06,0.05,-0.05
0.053,-0.066,3.337860107421875e-06,0.05,-0.05
0.053,-0.066,0.04401826858520508,0.05,-0.05
0.053,-0.055,1.2159347534179688e-05,0.05,-0.05
0.053,-0.055,0.012063026428222656,0.05,-0.05
0.057,-0.076,0.01999831199645996,-0.05,-0.05000000000000001
0.064,-0.075,0.043921709060668945,-0.05,-0.05000000000000001
0.065,-0.072,7.867813110351562e-06,-0.05,-0.05000000000000001
0.065,-0.072,0.043975830078125,-0.05,-0.05
-0.053,-0.063,0.044036865234375,-0.05,-0.05
-0.054,-0.057,0.08796381950378418,0.0,0.0
-0.056,-0.069,7.3909759521484375e-06,0.0,0.0
-0.071,-0.07,2.3126602172851562e-05,0.8892260962878645,0.03083012324470337
-0.084,-0.041,0.04403066635131836,1.043443043772265,0.028957715892699302
-0.082,-0.021,1.9073486328125e-05,1.043443043772265,0.028957715892699302
-0.079,0.006,0.04395103454589844,1.043443043772265,0.028957715892699302
-0.089,0.007,2.6464462280273438e-05,1.043443043772265,0.028957715892699302
-0.064,0.004,0.04396486282348633,1.27950451245782,0.02868949113964564
-0.052,0.006,1.4066696166992188e-05,1.27950451245782,0.02868949113964564
0.075,0.004,0.12000894546508789,1.2931516740366022,0.032431832592853364
0.11,-0.006,0.043982505798339844,1.2931516740366022,0.032431832592853364
0.137,0.009,1.9788742065429688e-05,1.2931516740366022,0.032431832592853364
0.155,0.021,0.04400491714477539,1.48625323684083,0.0296288687805896
0.175,0.034,2.8133392333984375e-05,1.48625323684083,0.0296288687805896
0.202,0.043,0.04394197463989258,1.4327771294974643,0.04082693515303084
0.223,0.039,2.3126602172851562e-05,1.4327771294974643,0.04082693515303084
0.223,0.039,0.04799675941467285,1.4327771294974643,0.04082693515303084
0.241,0.044,2.1696090698242188e-05,1.4327771294974643,0.04082693515303084
0.257,0.033,0.04398918151855469,1.2166513657090674,0.03946844883063493
0.277,0.039,2.956390380859375e-05,1.2166513657090674,0.03946844883063493
0.277,0.039,2.574920654296875e-05,1.2166513657090674,0.03946844883063493
0.304,0.041,0.04388928413391113,1.145405120478331,0.03881143129471557
0.333,0.047,2.5033950805664062e-05,1.145405120478331,0.03881143129471557
0.358,0.043,0.012119293212890625,1.145405120478331,0.03881143129471557
0.358,0.043,0.019948482513427734,1.145405120478331,0.03881143129471557
0.4,0.05,0.04390382766723633,1.142941162670621,0.033300298471894786
0.414,0.051,2.4080276489257812e-05,1.142941162670621,0.033300298471894786
0.435,0.05,0.04797244071960449,1.142941162670621,0.033300298471894786
0.435,0.05,2.5272369384765625e-05,1.142941162670621,0.033300298471894786
0.469,0.033,0.044028282165527344,1.1435189813325404,0.03329467466550624
0.497,0.04,2.8133392333984375e-05,1.1435189813325404,0.03329467466550624
0.497,0.04,0.04399728775024414,1.1452403940761888,0.05284726873101548
0.527,0.043,1.9311904907226562e-05,1.1452403940761888,0.05284726873101548
0.553,0.039,0.04395556449890137,1.1452403940761888,0.05284726873101548
0.553,0.039,4.363059997558594e-05,1.1452403940761888,0.05284726873101548
0.606,0.035,2.0265579223632812e-05,1.1452403940761888,0.05284726873101548
0.615,0.031,0.043929100036621094,1.1538530679359271,0.04373900797914376
0.615,0.031,2.47955322265625e-05,1.1538530679359271,0.04373900797914376
0.637,0.032,0.012106657028198242,1.1538530679359271,0.04373900797914376
0.663,0.032,0.019838333129882812,1.1537038931163053,0.043815913588116276
0.679,0.019,0.043981313705444336,1.1537038931163053,0.043815913588116276
0.679,0.019,1.33514404296875e-05,1.1537038931163053,0.043815913588116276
0.71,0.03,0.04795217514038086,1.1203094276572858,0.044817497859496076
0.745,0.019,9.775161743164062e-06,1.1203094276572858,0.044817497859496076
0.745,0.019,0.04404902458190918,1.1128520704593166,0.07978728952278868
0.776,0.03,2.5987625122070312e-05,1.1128520704593166,0.07978728952278868
0.801,0.021,0.04398465156555176,1.1128520704593166,0.07978728952278868
0.817,0.02,1.5020370483398438e-05,1.1128520704593166,0.07978728952278868
0.817,0.02,0.04397416114807129,1.1262945987511286,0.08131945814165889
0.853,0.017,2.4318695068359375e-05,1.1262945987511286,0.08131945814165889
0.884,0.033,1.0967254638671875e-05,1.1262945987511286,0.08131945814165889
0.903,0.035,0.043927907943725586,1.0955583952397554,0.1031322865874057
0.903,0.035,1.239776611328125e-05,1.0955583952397554,0.1031322865874057
0.927,0.028,0.012390851974487305,1.0955583952397554,0.1031322865874057
0.954,0.054,0.019794464111328125,1.0955583952397554,0.1031322865874057
0.983,0.053,0.0438535213470459,0.889654781198054,0.04526901166809261
1.005,0.058,2.7894973754882812e-05,0.889654781198054,0.04526901166809261
1.005,0.058,0.043886661529541016,0.7651944680430476,0.03569174454028621
1.025,0.058,8.344650268554688e-06,0.7651944680430476,0.03569174454028621
1.025,0.058,0.04400825500488281,0.7651944680430476,0.03569174454028621
1.034,0.059,1.2159347534179688e-05,0.7651944680430476,0.03569174454028621
1.028,0.051,0.044048309326171875,0.8701821369857532,0.0399152210469221
1.028,0.051,2.5272369384765625e-05,0.8701821369857532,0.0399152210469221
1.018,0.048,0.043970346450805664,0.8701821369857532,0.0399152210469221
0.994,0.051,2.2411346435546875e-05,0.8701821369857532,0.0399152210469221
0.967,0.072,0.04800534248352051,0.7983563026531506,0.0455910381218684
0.967,0.072,2.47955322265625e-05,0.7983563026531506,0.0455910381218684
0.936,0.076,1.5497207641601562e-05,0.7983563026531506,0.0455910381218684
0.895,0.071,0.04389142990112305,1.3542195220797297,0.073980170092429
0.874,0.074,1.3113021850585938e-05,1.3542195220797297,0.073980170092429
0.874,0.074,0.00815129280090332,1.3542195220797297,0.073980170092429
0.835,0.056,0.02006816864013672,1.3542195220797297,0.073980170092429
0.843,0.047,0.04385018348693848,1.2786592026901964,0.0656860699895728
0.867,0.005,1.9550323486328125e-05,1.2786592026901964,0.0656860699895728
0.942,-0.076,0.04394674301147461,1.2786592026901964,0.0656860699895728
0.942,-0.076,2.1219253540039062e-05,1.2786592026901964,0.0656860699895728
0.946,-0.048,0.04396700859069824,1.1841980905885945,0.09557708621779969
0.956,-0.01,2.4318695068359375e-05,1.1841980905885945,0.09557708621779969
0.956,-0.01,0.04793524742126465,1.186857698947907,0.09566971323280694
0.969,0.001,1.1205673217773438e-05,1.186857698947907,0.09566971323280694
0.976,0.051,0.04397320747375488,0.9790437763545354,0.036508868741805
0.976,0.051,6.9141387939453125e-06,0.9790437763545354,0.036508868741805
0.969,0.099,9.5367431640625e-06,0.9790437763545354,0.036508868741805
0.969,0.099,0.04407334327697754,0.9790437763545354,0.036508868741805
0.972,0.144,3.0517578125e-05,0.9790437763545354,0.036508868741805
0.972,0.144,0.012099027633666992,0.9790437763545354,0.036508868741805
0.943,0.152,0.020076990127563477,0.8892015047083023,0.040378176559318975
0.933,0.129,0.04772448539733887,0.8892015047083023,0.040378176559318975
0.932,0.1,2.5510787963867188e-05,0.8892015047083023,0.040378176559318975
0.932,0.1,0.04398322105407715,0.8873907915470326,0.04032170835547933
0.914,0.053,2.3126602172851562e-05,0.8873907915470326,0.04032170835547933
0.906,0.025,0.043998003005981445,0.7828589491447706,0.05831020890388982
0.894,0.029,1.6450881958007812e-05,0.7828589491447706,0.05831020890388982
0.888,0.02,0.04402804374694824,0.7828589491447706,0.05831020890388982
0.888,0.02,1.9550323486328125e-05,0.7828589491447706,0.05831020890388982
0.887,0.026,0.04401254653930664,0.7703994641535175,0.05462301922837488
0.878,0.048,2.574920654296875e-05,0.7703994641535175,0.05462301922837488
0.878,0.034,0.00018167495727539062,0.7703994641535175,0.05462301922837488
0.87,0.023,0.04375267028808594,0.7698348045282734,0.051367887962698484
0.87,0.023,3.337860107421875e-05,0.7698348045282734,0.051367887962698484
0.87,0.023,0.012151241302490234,0.7698348045282734,0.051367887962698484
0.852,0.006,0.020027875900268555,0.7698348045282734,0.051367887962698484
0.867,-0.019,0.04379153251647949,0.7778900298411776,0.07850510157532462
0.849,-0.017,2.4557113647460938e-05,0.7778900298411776,0.07850510157532462
0.846,-0.023,0.043970584869384766,0.7778900298411776,0.07850510157532462
0.843,-0.033,1.8835067749023438e-05,0.7778900298411776,0.07850510157532462
0.843,-0.033,0.047962188720703125,0.8678542303961971,0.09651234902167993
0.836,-0.026,2.0265579223632812e-05,0.8678542303961971,0.09651234902167993
0.835,-0.012,0.04399442672729492,0.7947046207810553,0.08151072262274929
0.835,-0.012,7.677078247070312e-05,0.7947046207810553,0.08151072262274929
0.83,0.018,0.043973684310913086,0.7947046207810553,0.08151072262274929
0.83,0.018,2.956390380859375e-05,0.7947046207810553,0.08151072262274929
0.787,0.094,1.5020370483398438e-05,0.7947046207810553,0.08151072262274929
0.805,0.043,0.04390549659729004,0.9054366096179806,0.08941507626480599
0.805,0.043,2.2172927856445312e-05,0.9054366096179806,0.08941507626480599
0.792,0.049,0.012234687805175781,0.9054366096179806,0.08941507626480599
0.796,0.045,0.019852399826049805,0.8472466337571125,0.07426367561273402
0.775,0.082,0.04395270347595215,0.8472466337571125,0.07426367561273402
0.767,0.104,2.3126602172851562e-05,0.8472466337571125,0.07426367561273402
0.801,0.046,0.04400467872619629,0.8621091892362229,0.07053602345448307
0.801,0.046,3.0040740966796875e-05,0.8621091892362229,0.07053602345448307
0.789,0.056,0.04386401176452637,0.8079351810896553,0.07749298580749797
0.782,0.078,2.0742416381835938e-05,0.8079351810896553,0.07749298580749797
0.782,0.078,0.04398608207702637,0.8079351810896553,0.07749298580749797
0.783,0.085,1.7642974853515625e-05,0.8079351810896553,0.07749298580749797
0.804,0.086,0.044004201889038086,0.8831051162024754,0.08532970821862877
0.809,0.074,1.7404556274414062e-05,0.8831051162024754,0.08532970821862877
0.82,0.076,0.04388022422790527,0.8557162255881381,0.07141059309056268
0.807,0.076,1.4543533325195312e-05,0.8557162255881381,0.07141059309056268
0.807,0.076,9.059906005859375e-06,0.8557162255881381,0.07141059309056268
0.835,0.06,0.04402017593383789,0.8557162255881381,0.07141059309056268
0.84,0.048,1.1920928955078125e-05,0.8557162255881381,0.07141059309056268
0.849,0.071,0.012047529220581055,0.7662861508207004,0.03716407434398323
0.853,0.045,0.02003335952758789,0.7662861508207004,0.03716407434398323
0.874,0.046,0.04387521743774414,0.7662861508207004,0.03716407434398323
0.861,0.031,9.298324584960938e-06,0.7662861508207004,0.03716407434398323
0.869,0.038,0.04410743713378906,0.7724515053163246,0.05863057775529296
0.847,0.043,3.1948089599609375e-05,0.7724515053163246,0.05863057775529296
0.865,0.021,0.04389023780822754,0.7695176360742864,0.05877716272492361
0.865,0.021,2.1696090698242188e-05,0.7695176360742864,0.05877716272492361
0.865,0.021,0.04404735565185547,0.7695176360742864,0.05877716272492361
0.843,0.018,1.9788742065429688e-05,0.7695176360742864,0.05877716272492361
0.855,-0.01,0.04395484924316406,0.7701758595537324,0.03264268728169537
0.838,0.004,2.9325485229492188e-05,0.7701758595537324,0.03264268728169537
0.808,0.034,0.043959617614746094,0.8648340887146581,0.052333402767940636
0.814,0.017,2.09808349609375e-05,0.8648340887146581,0.052333402767940636
0.798,0.021,9.298324584960938e-06,0.8648340887146581,0.052333402767940636
0.793,0.021,0.047943115234375,0.8648340887146581,0.052333402767940636
0.793,0.021,2.7418136596679688e-05,0.8648340887146581,0.052333402767940636
0.761,0.052,0.008161067962646484,0.8648340887146581,0.052333402767940636
0.801,-0.004,0.019992828369140625,1.019767434497878,0.049683529634523854
0.801,-0.004,0.04396176338195801,1.019767434497878,0.049683529634523854
0.753,0.09,2.9325485229492188e-05,1.019767434497878,0.049683529634523854
0.809,0.011,0.04388999938964844,0.8534733629965809,0.023338008077092305
0.809,0.011,2.4080276489257812e-05,0.8534733629965809,0.023338008077092305
0.782,0.076,0.043996572494506836,0.7526066103734306,-0.048225421252487743
0.776,0.056,3.123283386230469e-05,0.7526066103734306,-0.048225421252487743
0.798,0.048,0.04390740394592285,0.7526066103734306,-0.048225421252487743
0.798,0.048,2.5510787963867188e-05,0.7526066103734306,-0.048225421252487743
0.797,0.058,0.043966054916381836,0.754431933904051,-0.04725619088979689
0.797,0.058,2.8848648071289062e-05,0.754431933904051,-0.04725619088979689
0.794,0.054,0.044013023376464844,0.7596333854529567,0.03653467729758743
0.794,0.054,1.9550323486328125e-05,0.7596333854529567,0.03653467729758743
0.791,0.014,2.0503997802734375e-05,0.7596333854529567,0.03653467729758743
0.796,-0.005,0.04384446144104004,0.7352115997022636,0.011405157364705399
0.796,-0.005,6.4373016357421875e-06,0.7352115997022636,0.011405157364705399
0.772,0.01,0.012170553207397461,0.7352115997022636,0.011405157364705399
0.783,-0.006,0.01992654800415039,0.7352115997022636,0.011405157364705399
0.782,-0.004,0.0479128360748291,0.7319624020224779,0.007815384999781402
0.771,-0.013,9.5367431640625e-06,0.7319624020224779,0.007815384999781402
0.771,-0.013,0.04406118392944336,0.7319624020224779,0.007815384999781402
0.765,0.0,2.7179718017578125e-05,0.7319624020224779,0.007815384999781402
0.765,0.0,0.043962955474853516,0.7265482044381155,-0.0011503203883049705
0.751,-0.013,2.002716064453125e-05,0.7265482044381155,-0.0011503203883049705
0.743,-0.004,0.0439908504486084,0.6622949826912308,0.041128343023801514
0.743,-0.004,2.5033950805664062e-05,0.6622949826912308,0.041128343023801514
0.725,0.005,0.04395484924316406,0.6622949826912308,0.041128343023801514
0.733,-0.014,2.9087066650390625e-05,0.6622949826912308,0.041128343023801514
0.712,0.005,2.574920654296875e-05,0.6622949826912308,0.041128343023801514
0.705,0.026,0.04398036003112793,0.66229503365213,0.041128364582981136
0.696,0.006,2.6702880859375e-05,0.66229503365213,0.041128364582981136
0.696,0.006,0.01219797134399414,0.66229503365213,0.041128364582981136
0.681,0.019,0.020039081573486328,1.0527142246131451,0.020958062010328998
0.592,0.142,0.04367995262145996,1.0527142246131451,0.020958062010328998
0.592,0.142,1.3589859008789062e-05,1.0527142246131451,0.020958062010328998
0.596,0.121,0.04402756690979004,1.0676341069236126,0.013757659872289994
0.576,0.137,1.7881393432617188e-05,1.0676341069236126,0.013757659872289994
0.589,0.12,0.044007301330566406,1.0676341069236126,0.013757659872289994
0.589,0.12,2.8133392333984375e-05,1.0676341069236126,0.013757659872289994
0.699,-0.056,0.043959856033325195,1.1030892417123521,0.00908297542746696
0.618,0.084,2.6464462280273438e-05,1.1030892417123521,0.00908297542746696
0.64,0.058,0.04400777816772461,0.9726883226858352,0.023551010310890998
0.656,0.06,2.0265579223632812e-05,0.9726883226858352,0.023551010310890998
0.656,0.079,0.04388833045959473,0.9726883226858352,0.023551010310890998
0.682,0.079,1.430511474609375e-05,0.9726883226858352,0.023551010310890998
0.682,0.079,1.8596649169921875e-05,0.9726883226858352,0.023551010310890998
0.737,0.073,0.0440518856048584,0.8868844688827913,0.06814367201961909
0.766,0.07,2.002716064453125e-05,0.8868844688827913,0.06814367201961909
0.801,0.057,0.012268543243408203,0.8868844688827913,0.06814367201961909
0.818,0.049,0.019687891006469727,0.8934081159420493,0.06749466543567342
0.818,0.049,0.04398322105407715,0.8934081159420493,0.06749466543567342
0.852,0.042,1.7404556274414062e-05,0.8934081159420493,0.06749466543567342
0.852,0.042,0.04796147346496582,0.22041065299353962,0.1420436187376584
0.852,0.042,1.5974044799804688e-05,0.22041065299353962,0.1420436187376584
0.88,0.063,0.04398179054260254,1.5,-0.1766261737561074
0.889,0.072,2.0265579223632812e-05,1.5,-0.1766261737561074
0.887,0.091,0.04412269592285156,1.5,-0.1766261737561074
0.882,0.102,2.5033950805664062e-05,1.5,-0.1766261737561074
0.882,0.102,0.04783153533935547,1.5,-0.10795138441456432
0.928,0.055,1.7881393432617188e-05,1.5,-0.10795138441456432
0.928,0.055,1.811981201171875e-05,1.5,-0.10795138441456432
0.951,0.008,0.04394817352294922,1.4960124011226452,-0.21188410149953826
0.946,0.009,1.1682510375976562e-05,1.4960124011226452,-0.21188410149953826
0.958,-0.018,0.008176326751708984,1.4960124011226452,-0.21188410149953826
0.935,-0.011,0.019977092742919922,1.4960124011226452,-0.21188410149953826
0.949,-0.032,0.04385852813720703,1.5,-0.14573456650759775
0.939,-0.039,2.1219253540039062e-05,1.5,-0.14573456650759775
0.926,-0.013,0.04396390914916992,1.5,-0.14573456650759775
0.926,-0.013,1.5735626220703125e-05,1.5,-0.14573456650759775
0.923,-0.04,0.043985605239868164,1.5,-0.1377051180040188
0.942,-0.044,1.621246337890625e-05,1.5,-0.1377051180040188
0.961,-0.057,0.04399991035461426,1.4986694815627832,-0.17075794936789057
0.984,-0.083,1.9073486328125e-05,1.4986694815627832,-0.17075794936789057
0.984,-0.083,0.04402780532836914,1.4986694815627832,-0.17075794936789057
0.984,-0.083,2.384185791015625e-05,1.4986694815627832,-0.17075794936789057
1.048,-0.139,0.04795479774475098,1.4669490906602978,-0.050918144378932724
1.066,-0.178,2.1219253540039062e-05,1.4669490906602978,-0.050918144378932724
1.1,-0.184,2.3126602172851562e-05,1.4669490906602978,-0.050918144378932724
1.115,-0.202,0.043944597244262695,1.4430928280935738,-0.04176526430586
1.115,-0.202,2.574920654296875e-05,1.4430928280935738,-0.04176526430586
1.095,-0.141,0.008173942565917969,1.4430928280935738,-0.04176526430586
1.091,-0.063,0.01998114585876465,1.4430928280935738,-0.04176526430586
1.105,-0.02,0.043837547302246094,1.423590545793396,-0.20041865963711436
1.137,-0.007,2.4557113647460938e-05,1.423590545793396,-0.20041865963711436
1.137,-0.007,0.043966054916381836,1.423590545793396,-0.20041865963711436
1.191,0.001,2.47955322265625e-05,1.423590545793396,-0.20041865963711436
1.25,-0.01,0.043982744216918945,1.495732978259422,-0.12132799441160265
1.282,-0.033,2.5987625122070312e-05,1.495732978259422,-0.12132799441160265
1.282,-0.033,0.04389333724975586,1.3898919734942405,-0.11203327838385028
1.347,-0.043,1.2636184692382812e-05,1.3898919734942405,-0.11203327838385028
1.391,-0.045,0.04404854774475098,1.3898919734942405,-0.11203327838385028
1.414,-0.056,1.8358230590820312e-05,1.3898919734942405,-0.11203327838385028
1.414,-0.056,0.04396390914916992,1.4551715834374237,-0.1467565688151328
1.414,-0.056,2.1696090698242188e-05,1.4551715834374237,-0.1467565688151328
1.452,-0.06,1.1444091796875e-05,1.4551715834374237,-0.1467565688151328
1.454,-0.058,0.04399847984313965,1.2816484688038507,-0.23234716970758273
1.458,-0.079,2.384185791015625e-05,1.2816484688038507,-0.23234716970758273
1.462,-0.112,0.012068986892700195,1.2816484688038507,-0.23234716970758273
1.443,-0.105,0.020092248916625977,1.2816484688038507,-0.23234716970758273
1.443,-0.105,0.043819427490234375,1.301838650383303,-0.24015563426126751
1.438,-0.167,3.170967102050781e-05,1.301838650383303,-0.24015563426126751
1.407,-0.217,0.04401683807373047,1.093830152562894,-0.245670683702522
1.397,-0.237,2.384185791015625e-05,1.093830152562894,-0.245670683702522
1.36,-0.252,0.043947458267211914,1.093830152562894,-0.245670683702522
1.349,-0.258,2.6464462280273438e-05,1.093830152562894,-0.245670683702522
1.367,-0.235,0.044000864028930664,1.1214938328626143,-0.13092933043530525
1.367,-0.235,3.552436828613281e-05,1.1214938328626143,-0.13092933043530525
1.537,0.078,0.04788017272949219,0.8696068530888028,-0.09970234648309202
1.458,0.023,2.288818359375e-05,0.8696068530888028,-0.09970234648309202
1.417,0.031,2.5510787963867188e-05,0.8696068530888028,-0.09970234648309202
1.438,0.11,0.0439755916595459,0.8696068530888028,-0.09970234648309202
1.373,0.078,2.574920654296875e-05,0.8696068530888028,-0.09970234648309202
1.235,-0.034,0.011995315551757812,0.8696068530888028,-0.09970234648309202
1.267,0.085,0.020080089569091797,0.6287587866858955,-0.19682063070251632
1.267,0.085,0.04389548301696777,0.6287587866858955,-0.19682063070251632
1.204,0.084,2.4557113647460938e-05,0.6287587866858955,-0.19682063070251632
1.204,0.084,0.04803776741027832,0.763017537782676,-0.03169344965378801
1.174,0.074,2.0503997802734375e-05,0.763017537782676,-0.03169344965378801
1.146,0.061,0.04389643669128418,0.7631862722766509,-0.03173108171674928
1.146,0.061,1.8358230590820312e-05,0.7631862722766509,-0.03173108171674928
1.167,0.049,0.04799842834472656,0.7631862722766509,-0.03173108171674928
1.17,-0.005,3.7670135498046875e-05,0.7631862722766509,-0.03173108171674928
1.124,-0.079,2.2172927856445312e-05,0.7631862722766509,-0.03173108171674928
0.994,-0.066,0.05591940879821777,0.2485268412585274,-0.16766827005715162
1.0,-0.009,0.02002120018005371,0.2485268412585274,-0.16766827005715162
1.0,-0.009,0.044020652770996094,0.7198042409297161,-0.13491838413252927
0.793,-0.193,2.193450927734375e-05,0.7198042409297161,-0.13491838413252927
0.689,-0.227,0.043979644775390625,0.7809212107048396,-0.05354262222605562
0.675,-0.231,1.71661376953125e-05,0.7809212107048396,-0.05354262222605562
0.675,-0.231,0.043920040130615234,0.7722465953385359,-0.03854023259844224
0.619,-0.182,1.3589859008789062e-05,0.7722465953385359,-0.03854023259844224
0.741,-0.006,0.04399824142456055,0.7722465953385359,-0.03854023259844224
0.741,-0.006,1.33514404296875e-05,0.7722465953385359,-0.03854023259844224
0.717,0.098,0.044033050537109375,0.9388404936896373,-0.13577096678465717
0.705,0.042,2.09808349609375e-05,0.9388404936896373,-0.13577096678465717
0.635,0.036,0.04398155212402344,0.938791860878128,-0.13576201496116838
0.578,0.051,2.384185791015625e-05,0.938791860878128,-0.13576201496116838
0.578,0.051,9.5367431640625e-06,0.938791860878128,-0.13576201496116838
0.582,-0.029,0.04392862319946289,0.938791860878128,-0.13576201496116838
0.582,-0.029,1.5735626220703125e-05,0.938791860878128,-0.13576201496116838
0.648,-0.162,0.012125968933105469,0.938791860878128,-0.13576201496116838
0.708,-0.202,0.0201876163482666,1.222219105955407,-0.013092368440981692
0.708,-0.202,0.047689199447631836,1.222219105955407,-0.013092368440981692
0.816,-0.171,2.5272369384765625e-05,1.222219105955407,-0.013092368440981692
0.816,-0.171,0.04396796226501465,1.1609419861832828,-0.04212436570644869
0.862,-0.076,2.1219253540039062e-05,1.1609419861832828,-0.04212436570644869
0.829,0.064,0.04403805732727051,1.1365253977157537,-0.03981469385514738
0.829,0.064,2.956390380859375e-05,1.1365253977157537,-0.03981469385514738
0.876,0.072,0.04405951499938965,1.1365253977157537,-0.03981469385514738
0.876,0.072,3.0517578125e-05,1.1365253977157537,-0.03981469385514738
0.909,-0.053,0.04384326934814453,1.1173851532843126,-0.18972957926338407
0.923,-0.119,2.574920654296875e-05,1.1173851532843126,-0.18972957926338407
0.944,-0.112,1.3589859008789062e-05,1.1173851532843126,-0.18972957926338407
0.944,-0.112,0.04394268989562988,1.1151070005794719,-0.191988294610985
0.944,-0.112,1.621246337890625e-05,1.1151070005794719,-0.191988294610985
1.019,-0.075,0.012170791625976562,1.1151070005794719,-0.191988294610985
1.077,-0.109,0.02001810073852539,1.1151070005794719,-0.191988294610985
1.077,-0.109,0.04383134841918945,1.116312193453127,-0.19213497537472912
1.136,-0.111,2.86102294921875e-05,1.116312193453127,-0.19213497537472912
1.136,-0.111,0.04392528533935547,1.2843840742881265,-0.21947811635294157
1.176,-0.11,1.7642974853515625e-05,1.2843840742881265,-0.21947811635294157
1.177,-0.099,0.04402494430541992,1.2843840742881265,-0.21947811635294157
1.2,-0.127,2.288818359375e-05,1.2843840742881265,-0.21947811635294157
1.197,-0.155,0.04396200180053711,1.182351308486159,-0.054436061234895784
1.197,-0.155,2.2649765014648438e-05,1.182351308486159,-0.054436061234895784
1.17,-0.198,0.0438990592956543,1.2119346941363272,-0.05184622828976784
1.178,-0.241,1.2159347534179688e-05,1.2119346941363272,-0.05184622828976784
1.177,-0.222,0.04414057731628418,1.2119346941363272,-0.05184622828976784
1.177,-0.222,2.6226043701171875e-05,1.2119346941363272,-0.05184622828976784
1.195,-0.188,4.673004150390625e-05,1.2119346941363272,-0.05184622828976784
1.213,-0.15,0.04381084442138672,0.7352082044587266,-0.2179915057487394
1.213,-0.15,2.3126602172851562e-05,0.7352082044587266,-0.2179915057487394
1.246,-0.063,0.012181997299194336,0.7352082044587266,-0.2179915057487394
1.289,0.0,0.019965171813964844,0.7352082044587266,-0.2179915057487394
1.289,0.0,0.04385852813720703,0.9610818284798613,-0.1263819634495995
1.291,0.015,1.9311904907226562e-05,0.9610818284798613,-0.1263819634495995
1.283,0.009,0.047919511795043945,0.8880847700184854,-0.11907437289916498
1.283,0.009,8.344650268554688e-06,0.8880847700184854,-0.11907437289916498
1.263,0.043,0.04411649703979492,0.8880847700184854,-0.11907437289916498
1.233,0.05,2.8133392333984375e-05,0.8880847700184854,-0.11907437289916498
1.196,0.066,0.04392218589782715,0.9079565605073707,-0.10955161823572547
1.196,0.066,1.430511474609375e-05,0.9079565605073707,-0.10955161823572547
1.088,-0.014,0.04394674301147461,1.1647752391020263,-0.01862575974064777
1.062,0.026,1.8596649169921875e-05,1.1647752391020263,-0.01862575974064777
1.017,-0.016,1.9311904907226562e-05,1.1647752391020263,-0.01862575974064777
1.011,0.013,0.04801607131958008,1.1647752391020263,-0.01862575974064777
1.025,0.06,2.1219253540039062e-05,1.1647752391020263,-0.01862575974064777
1.025,0.06,0.008127689361572266,1.2411744302436383,-0.015704605899002206
1.015,0.071,0.02001190185546875,1.2411744302436383,-0.015704605899002206
1.015,0.071,0.047785043716430664,1.1905139254255315,0.0158718148671671
1.002,0.016,2.3365020751953125e-05,1.1905139254255315,0.0158718148671671
0.984,-0.008,0.04399418830871582,1.1905139254255315,0.0158718148671671
0.974,-0.036,2.002716064453125e-05,1.1905139254255315,0.0158718148671671
1.003,0.016,0.044054269790649414,1.1944302974096126,-0.05132679842881683
1.003,0.016,2.2411346435546875e-05,1.1944302974096126,-0.05132679842881683
0.971,-0.051,0.043927669525146484,1.293622014973469,-0.05445446356322592
0.991,-0.057,1.9311904907226562e-05,1.293622014973469,-0.05445446356322592
0.996,-0.079,0.04395747184753418,1.293622014973469,-0.05445446356322592
0.991,-0.151,1.9788742065429688e-05,1.293622014973469,-0.05445446356322592
0.996,-0.19,1.52587890625e-05,1.293622014973469,-0.05445446356322592
1.016,-0.193,0.04796910285949707,1.4112934196869131,-0.05852952445619665
1.007,-0.232,2.5987625122070312e-05,1.4112934196869131,-0.05852952445619665
0.981,-0.253,0.008056879043579102,1.4112934196869131,-0.05852952445619665
0.986,-0.145,0.020119667053222656,1.4112934196869131,-0.05852952445619665
1.002,-0.061,0.043770551681518555,1.04980377577213,-0.03036165967670613
1.002,-0.061,1.4543533325195312e-05,1.04980377577213,-0.03036165967670613
1.112,0.042,0.04397869110107422,1.1576037470289249,-0.03343349959914966
1.151,0.036,1.9550323486328125e-05,1.1576037470289249,-0.03343349959914966
1.151,0.036,0.044022560119628906,1.1576037470289249,-0.03343349959914966
1.217,-0.023,2.002716064453125e-05,1.1576037470289249,-0.03343349959914966
1.221,-0.032,0.047913551330566406,1.181114223547492,-0.13042510413489222
1.195,-0.053,1.8358230590820312e-05,1.181114223547492,-0.13042510413489222
1.195,-0.053,0.044072866439819336,1.1265571914543817,-0.14804091070830835
1.173,-0.054,2.765655517578125e-05,1.1265571914543817,-0.14804091070830835
1.173,-0.054,2.5272369384765625e-05,1.1265571914543817,-0.14804091070830835
1.173,-0.054,0.04788970947265625,1.1265571914543817,-0.14804091070830835
1.186,-0.094,1.7642974853515625e-05,1.1265571914543817,-0.14804091070830835
1.191,-0.099,0.008057117462158203,1.136978348098438,-0.1486584845935142
1.165,-0.116,0.020117759704589844,1.136978348098438,-0.1486584845935142
1.162,-0.143,0.043753862380981445,1.0356238999844396,-0.14273329826997516
1.171,-0.17,9.775161743164062e-06,1.0356238999844396,-0.14273329826997516
1.164,-0.181,0.044057369232177734,1.0356238999844396,-0.14273329826997516
1.173,-0.212,1.5735626220703125e-05,1.0356238999844396,-0.14273329826997516
1.169,-0.184,0.043998003005981445,0.7714531246222698,-0.04249593202068765
1.177,-0.178,2.002716064453125e-05,0.7714531246222698,-0.04249593202068765
1.227,-0.095,0.04391884803771973,0.76301789884677,-0.04208547867153856
1.284,0.003,1.0013580322265625e-05,0.76301789884677,-0.04208547867153856
1.277,0.091,0.04800868034362793,0.76301789884677,-0.04208547867153856
1.223,0.037,1.5020370483398438e-05,0.76301789884677,-0.04208547867153856
1.223,0.037,5.7220458984375e-06,0.76301789884677,-0.04208547867153856
1.181,0.149,0.04398369789123535,0.7603483488305972,-0.016639292347917323
1.054,0.063,1.2874603271484375e-05,0.7603483488305972,-0.016639292347917323
1.054,0.063,0.012034416198730469,0.7603483488305972,-0.016639292347917323
1.016,0.146,0.020086288452148438,0.7603483488305972,-0.016639292347917323
0.951,0.086,0.04388546943664551,1.3267699185835662,-0.13941040920810463
1.002,0.205,2.0265579223632812e-05,1.3267699185835662,-0.13941040920810463
1.002,0.205,0.04395890235900879,1.2879007887253011,-0.13945527445906367
0.986,0.125,1.1205673217773438e-05,1.2879007887253011,-0.13945527445906367
0.988,-0.038,0.04407787322998047,1.2879007887253011,-0.13945527445906367
0.988,-0.038,2.3365020751953125e-05,1.2879007887253011,-0.13945527445906367
1.016,0.033,0.04791426658630371,1.002032948353293,-0.11397634181714011
1.016,0.033,1.621246337890625e-05,1.002032948353293,-0.11397634181714011
0.927,-0.04,0.04405546188354492,1.3673464528834272,-0.14070203803115716
0.954,0.001,2.3126602172851562e-05,1.3673464528834272,-0.14070203803115716
0.908,-0.025,3.075599670410156e-05,1.3673464528834272,-0.14070203803115716
0.908,-0.025,0.04388022422790527,1.3673464528834272,-0.14070203803115716
0.882,-0.034,1.52587890625e-05,1.3673464528834272,-0.14070203803115716
0.906,-0.069,0.012001991271972656,1.3673464528834272,-0.14070203803115716
0.906,-0.069,0.020119905471801758,1.312035127017213,-0.10551335121206155
0.941,-0.142,0.04386305809020996,1.312035127017213,-0.10551335121206155
0.959,-0.216,1.9311904907226562e-05,1.312035127017213,-0.10551335121206155
0.959,-0.235,0.04391932487487793,1.2897200612165647,-0.11579056180889988
0.967,-0.269,1.0967254638671875e-05,1.2897200612165647,-0.11579056180889988
0.948,-0.313,0.04407906532287598,1.2390888536284004,-0.09855327106050846
0.912,-0.24,2.574920654296875e-05,1.2390888536284004,-0.09855327106050846
0.89,-0.153,0.043877601623535156,1.2518086619193698,-0.09983769920726311
0.89,-0.153,9.059906005859375e-06,1.2518086619193698,-0.09983769920726311
0.948,-0.114,0.0441126823425293,1.2518086619193698,-0.09983769920726311
1.011,-0.071,2.9325485229492188e-05,1.2518086619193698,-0.09983769920726311
1.097,-0.062,0.04393887519836426,1.1307304932754203,-0.09984292514222054
1.149,-0.055,1.9788742065429688e-05,1.1307304932754203,-0.09984292514222054
1.187,-0.062,3.314018249511719e-05,1.1307304932754203,-0.09984292514222054
1.213,-0.055,0.04386091232299805,1.122027637293372,-0.10219968197047083
1.215,-0.066,1.3589859008789062e-05,1.122027637293372,-0.10219968197047083
1.191,-0.064,0.0122222900390625,1.122027637293372,-0.10219968197047083
1.189,-0.094,0.020038127899169922,1.122027637293372,-0.10219968197047083
1.17,-0.08,0.04377388954162598,1.0953219068040183,-0.10304314062173532
1.17,-0.08,1.7642974853515625e-05,1.0953219068040183,-0.10304314062173532
1.174,-0.105,0.04392838478088379,1.0953219068040183,-0.10304314062173532
1.169,-0.119,8.344650268554688e-06,1.0953219068040183,-0.10304314062173532
1.163,-0.118,0.04404139518737793,0.9195927791586146,-0.07634469843384094
1.163,-0.118,1.5020370483398438e-05,0.9195927791586146,-0.07634469843384094
1.138,-0.143,0.044003963470458984,0.7634838955927336,-0.037197663043627344
1.138,-0.143,1.6689300537109375e-05,0.7634838955927336,-0.037197663043627344
1.104,-0.155,0.04405069351196289,0.7634838955927336,-0.037197663043627344
1.104,-0.155,3.838539123535156e-05,0.7634838955927336,-0.037197663043627344
1.087,-0.146,0.043830156326293945,0.7634855915242454,-0.03719711499109606
1.087,-0.146,1.049041748046875e-05,0.7634855915242454,-0.03719711499109606
1.073,-0.076,1.1920928955078125e-05,0.7634855915242454,-0.03719711499109606
1.113,0.052,0.04398608207702637,0.7587931629325302,0.011696884892716196
1.157,0.206,1.430511474609375e-05,0.7587931629325302,0.011696884892716196
1.098,0.222,0.01224517822265625,0.7587931629325302,0.011696884892716196
1.044,0.218,0.019789934158325195,0.7587931629325302,0.011696884892716196
0.968,0.157,0.044007062911987305,1.3911966146377732,-0.08630522817285745
0.968,0.157,2.4080276489257812e-05,1.3911966146377732,-0.08630522817285745
0.991,0.104,0.04397726058959961,1.3911966146377732,-0.08630522817285745
1.032,-0.048,1.8358230590820312e-05,1.3911966146377732,-0.08630522817285745
1.077,-0.091,0.04398465156555176,1.3802613390819554,-0.0371564410544138
1.077,-0.091,2.4318695068359375e-05,1.3802613390819554,-0.0371564410544138
0.973,-0.001,0.044054508209228516,0.9860893664402689,0.13347667983702263
0.975,-0.015,3.600120544433594e-05,0.9860893664402689,0.13347667983702263
0.933,-0.054,0.043854475021362305,0.9860893664402689,0.13347667983702263
0.916,0.029,2.0265579223632812e-05,0.9860893664402689,0.13347667983702263
0.907,0.019,0.04401063919067383,1.415711322580037,0.1705488077000987
0.838,0.02,1.9073486328125e-05,1.415711322580037,0.1705488077000987
0.838,0.02,1.9788742065429688e-05,1.415711322580037,0.1705488077000987
0.833,0.046,0.04387855529785156,1.3912088589600873,0.19654487448059804
0.833,0.046,8.344650268554688e-06,1.3912088589600873,0.19654487448059804
0.833,0.046,0.01212930679321289,1.3912088589600873,0.19654487448059804
0.783,0.016,0.020073413848876953,1.3912088589600873,0.19654487448059804
0.755,-0.009,0.043840885162353516,1.1790564890772905,0.20688023325557683
0.739,0.0,2.0265579223632812e-05,1.1790564890772905,0.20688023325557683
0.739,0.0,0.04797959327697754,1.2639048920200626,0.22788864281267332
0.819,0.116,1.3589859008789062e-05,1.2639048920200626,0.22788864281267332
0.91,0.206,0.04802131652832031,1.2639048920200626,0.22788864281267332
0.984,0.244,2.3365020751953125e-05,1.2639048920200626,0.22788864281267332
0.984,0.244,0.04799389839172363,1.2854488249231832,0.2254767996016752
1.068,0.197,2.1219253540039062e-05,1.2854488249231832,0.2254767996016752
1.068,0.197,1.0967254638671875e-05,1.2854488249231832,0.2254767996016752
1.011,0.028,0.043982744216918945,1.287100490039568,0.1671428641381286
1.011,0.028,2.0265579223632812e-05,1.287100490039568,0.1671428641381286
1.072,0.084,0.008043289184570312,1.287100490039568,0.1671428641381286
1.109,0.147,0.01995229721069336,1.287100490039568,0.1671428641381286
1.121,0.228,0.04391169548034668,1.3134582552051202,0.23537637373013828
1.137,0.235,2.3365020751953125e-05,1.3134582552051202,0.23537637373013828
1.137,0.235,0.044058799743652344,1.3134582552051202,0.23537637373013828
1.177,0.201,2.86102294921875e-05,1.3134582552051202,0.23537637373013828
1.198,0.149,0.04790449142456055,1.033777752631763,0.18172916821237303
1.198,0.149,1.8596649169921875e-05,1.033777752631763,0.18172916821237303
1.225,0.132,0.04794716835021973,1.4079652850368016,0.24127353077456437
1.225,0.132,1.9311904907226562e-05,1.4079652850368016,0.24127353077456437
1.264,0.112,3.600120544433594e-05,1.4079652850368016,0.24127353077456437
1.264,0.112,0.04399704933166504,1.4079652850368016,0.24127353077456437
1.304,0.105,1.9550323486328125e-05,1.4079652850368016,0.24127353077456437
1.309,0.125,0.012127876281738281,1.039548880836843,0.15458383758038893
1.307,0.175,0.020021915435791016,1.039548880836843,0.15458383758038893
1.302,0.205,0.04374289512634277,1.4038064228366913,0.21487710383271394
1.279,0.236,7.867813110351562e-06,1.4038064228366913,0.21487710383271394
1.271,0.238,0.04412651062011719,1.4038064228366913,0.21487710383271394
1.261,0.247,5.459785461425781e-05,1.4038064228366913,0.21487710383271394
1.257,0.262,0.04387354850769043,0.9811494251918954,0.28019258578041617
1.257,0.262,1.0728836059570312e-05,0.9811494251918954,0.28019258578041617
1.324,0.133,0.04400992393493652,1.0455499300026492,0.28149859984272174
1.421,0.001,2.7418136596679688e-05,1.0455499300026492,0.28149859984272174
1.426,-0.025,0.043921709060668945,1.0455499300026492,0.28149859984272174
1.387,0.043,1.0013580322265625e-05,1.0455499300026492,0.28149859984272174
1.37,0.035,0.04804849624633789,1.0620922539316873,0.27710446062823013
1.37,0.035,1.9073486328125e-05,1.0620922539316873,0.27710446062823013
1.292,0.115,2.5272369384765625e-05,1.0620922539316873,0.27710446062823013
1.292,0.115,0.043972015380859375,1.0620922539316873,0.27710446062823013
1.284,0.094,2.3126602172851562e-05,1.0620922539316873,0.27710446062823013
1.276,0.069,0.00816655158996582,0.641964517085928,0.26551404389642136
1.206,0.129,0.019886255264282227,0.641964517085928,0.26551404389642136
1.206,0.129,0.04392504692077637,0.3736980418110588,0.2648498204153062
1.207,0.063,2.2411346435546875e-05,0.3736980418110588,0.2648498204153062
1.207,0.063,0.04389524459838867,0.3736980418110588,0.2648498204153062
1.139,0.08,1.0251998901367188e-05,0.3736980418110588,0.2648498204153062
1.139,0.08,0.044088125228881836,0.33947946436421716,0.2429580788548942
1.112,0.068,2.7418136596679688e-05,0.33947946436421716,0.2429580788548942
1.036,0.121,0.04389762878417969,1.3558489631672896,0.34067190474403924
1.03,0.042,1.430511474609375e-05,1.3558489631672896,0.34067190474403924
1.03,0.042,0.04400014877319336,1.3558489631672896,0.34067190474403924
0.784,0.357,2.7894973754882812e-05,1.3558489631672896,0.34067190474403924
0.681,0.474,0.044026851654052734,1.2183008338509536,0.3003631054752285
0.702,0.392,1.7881393432617188e-05,1.2183008338509536,0.3003631054752285
0.765,0.291,1.2159347534179688e-05,1.2183008338509536,0.3003631054752285
0.728,0.353,0.04386115074157715,1.2183008338509536,0.3003631054752285
0.728,0.353,7.3909759521484375e-06,1.2183008338509536,0.3003631054752285
0.743,0.303,0.012330055236816406,1.1821012296710995,0.2950075962692116
0.782,0.242,0.01987004280090332,1.1821012296710995,0.2950075962692116
0.782,0.242,0.04381251335144043,1.1965897772952208,0.2898304330114764
0.902,0.034,2.09808349609375e-05,1.1965897772952208,0.2898304330114764
0.866,0.145,0.04407024383544922,1.1965897772952208,0.2898304330114764
0.867,0.185,2.2411346435546875e-05,1.1965897772952208,0.2898304330114764
0.925,0.189,0.043961286544799805,1.1365507571285716,0.28709901785304476
0.938,0.184,3.528594970703125e-05,1.1365507571285716,0.28709901785304476
0.953,0.212,0.04785895347595215,1.2401251750704383,0.3143040504888111
1.013,0.278,8.58306884765625e-06,1.2401251750704383,0.3143040504888111
1.013,0.278,0.04400897026062012,1.2401251750704383,0.3143040504888111
1.005,0.286,7.62939453125e-06,1.2401251750704383,0.3143040504888111
0.988,0.301,3.5762786865234375e-06,1.2401251750704383,0.3143040504888111
1.083,0.244,0.04405403137207031,0.7356244989846705,0.3195991803137949
1.07,0.288,1.9788742065429688e-05,0.7356244989846705,0.3195991803137949
1.087,0.324,0.01204824447631836,0.7356244989846705,0.3195991803137949
1.109,0.284,0.0200045108795166,0.41494720013463277,0.30717297325093507
1.128,0.292,0.043953895568847656,0.41494720013463277,0.30717297325093507
1.119,0.316,2.1219253540039062e-05,0.41494720013463277,0.30717297325093507
1.119,0.278,0.04391121864318848,0.3888094609983485,0.285408596059608
1.119,0.278,1.0967254638671875e-05,0.3888094609983485,0.285408596059608
1.128,0.186,0.048053741455078125,0.3888094609983485,0.285408596059608
1.128,0.186,2.5510787963867188e-05,0.3888094609983485,0.285408596059608
1.102,0.248,0.04393744468688965,0.386648370648373,0.2828794238841963
1.102,0.248,1.9550323486328125e-05,0.386648370648373,0.2828794238841963
1.091,0.166,0.04400205612182617,0.3412119637967244,0.24906589589254635
1.084,0.127,1.7404556274414062e-05,0.3412119637967244,0.24906589589254635
1.084,0.127,2.9325485229492188e-05,0.3412119637967244,0.24906589589254635
0.807,0.474,0.043872833251953125,0.3412119637967244,0.24906589589254635
0.695,0.616,7.152557373046875e-06,0.3412119637967244,0.24906589589254635
0.695,0.616,0.01206064224243164,0.35849543355421803,0.2633124749653336
0.939,0.161,0.020061731338500977,0.35849543355421803,0.2633124749653336
0.939,0.161,0.04387617111206055,0.35849543355421803,0.2633124749653336
0.645,0.508,7.3909759521484375e-06,0.35849543355421803,0.2633124749653336
0.782,0.218,0.04407787322998047,0.3847648883867547,0.28577238199171207
0.782,0.218,6.318092346191406e-05,0.3847648883867547,0.28577238199171207
0.635,0.324,0.04389691352844238,0.4273813183783432,0.3287553531243515
0.635,0.324,1.1444091796875e-05,0.4273813183783432,0.3287553531243515
0.683,0.176,0.043946266174316406,0.4273813183783432,0.3287553531243515
0.524,0.341,1.0728836059570312e-05,0.4273813183783432,0.3287553531243515
0.494,0.326,0.048020124435424805,0.43818915811142095,0.3374739793145123
0.529,0.238,1.4781951904296875e-05,0.43818915811142095,0.3374739793145123
0.529,0.238,6.198883056640625e-06,0.43818915811142095,0.3374739793145123
0.472,0.286,0.043975114822387695,0.4184246102017029,0.31335178455401413
0.405,0.385,1.5020370483398438e-05,0.4184246102017029,0.31335178455401413
0.351,0.411,0.012294292449951172,0.4184246102017029,0.31335178455401413
0.408,0.293,0.019740819931030273,0.4184246102017029,0.31335178455401413
0.465,0.161,0.04403495788574219,0.39036262221200196,0.28849464181629564
0.448,0.178,2.09808349609375e-05,0.39036262221200196,0.28849464181629564
0.351,0.328,0.043859243392944336,0.34851087805558917,0.2557371390423954
0.41,0.214,7.3909759521484375e-06,0.34851087805558917,0.2557371390423954
0.343,0.301,0.048018693923950195,0.34851087805558917,0.2557371390423954
0.307,0.345,6.9141387939453125e-06,0.34851087805558917,0.2557371390423954
0.334,0.278,0.0439763069152832,0.3082585126355561,0.2327756671244902
0.415,0.167,9.775161743164062e-06,0.3082585126355561,0.2327756671244902
0.404,0.204,0.04399275779724121,0.2665144112735484,0.19706095599794204
0.323,0.301,1.6927719116210938e-05,0.2665144112735484,0.19706095599794204
0.323,0.301,2.0503997802734375e-05,0.2665144112735484,0.19706095599794204
0.304,0.295,0.04394936561584473,0.2665144112735484,0.19706095599794204
0.304,0.295,8.821487426757812e-06,0.2665144112735484,0.19706095599794204
0.322,0.222,0.012045621871948242,0.31210941432144024,0.2267382053475831
0.297,0.229,0.02008509635925293,0.31210941432144024,0.2267382053475831
0.279,0.246,0.04385113716125488,0.2845402395159338,0.2083331066338215
0.279,0.246,6.198883056640625e-06,0.2845402395159338,0.2083331066338215
0.269,0.216,0.044007301330566406,0.2845402395159338,0.2083331066338215
0.269,0.216,7.867813110351562e-06,0.2845402395159338,0.2083331066338215
0.303,0.15,0.044048309326171875,0.3066919660969555,0.22514755725071722
0.289,0.181,1.5497207641601562e-05,0.3066919660969555,0.22514755725071722
0.258,0.202,0.04790949821472168,0.2767663729911933,0.19967879210207903
0.27,0.199,5.0067901611328125e-06,0.2767663729911933,0.19967879210207903
0.285,0.183,0.044045448303222656,0.2767663729911933,0.19967879210207903
0.312,0.166,1.2159347534179688e-05,0.2767663729911933,0.19967879210207903
0.293,0.222,1.8835067749023438e-05,0.2767663729911933,0.19967879210207903
0.273,0.215,0.04396653175354004,0.27936079937263253,0.20199409133601892
0.267,0.211,1.1444091796875e-05,0.27936079937263253,0.20199409133601892
0.268,0.216,0.012153387069702148,0.27936079937263253,0.20199409133601892
0.272,0.22,0.01988506317138672,0.27936079937263253,0.20199409133601892
0.278,0.204,0.048027992248535156,0.27609297756047235,0.19972364492906314
0.317,0.137,2.8371810913085938e-05,0.27609297756047235,0.19972364492906314
0.277,0.189,0.043860673904418945,0.2653566247524269,0.19025514024984597
0.247,0.236,8.344650268554688e-06,0.2653566247524269,0.19025514024984597
0.27,0.208,0.044013023376464844,0.2761513287504346,0.20000182622236454
0.235,0.24,6.9141387939453125e-06,0.2761513287504346,0.20000182622236454
0.236,0.224,0.04404854774475098,0.2761513287504346,0.20000182622236454
0.236,0.224,1.6689300537109375e-05,0.2761513287504346,0.20000182622236454
0.243,0.22,0.0439145565032959,0.32548738776117997,0.23629653337749137
0.25,0.227,7.3909759521484375e-06,0.32548738776117997,0.23629653337749137
0.259,0.205,3.337860107421875e-06,0.32548738776117997,0.23629653337749137
0.261,0.199,0.0440523624420166,0.32548738776117997,0.23629653337749137
0.296,0.156,1.5974044799804688e-05,0.32548738776117997,0.23629653337749137
0.296,0.156,0.01198267936706543,0.32548738776117997,0.23629653337749137
0.265,0.233,0.02004408836364746,0.32422896520377414,0.23378690408826175
0.271,0.223,0.04387044906616211,0.42438316482926736,0.15876967309300197
0.293,0.2,4.76837158203125e-06,0.42438316482926736,0.15876967309300197
0.293,0.2,0.04404425621032715,0.42438316482926736,0.15876967309300197
0.339,0.173,9.5367431640625e-06,0.42438316482926736,0.15876967309300197
0.299,0.24,0.044074058532714844,0.3488176035944974,0.1627436466613396
0.327,0.203,3.1948089599609375e-05,0.3488176035944974,0.1627436466613396
0.326,0.219,0.047853946685791016,0.3488176035944974,0.1627436466613396
0.359,0.196,8.344650268554688e-06,0.3488176035944974,0.1627436466613396
0.344,0.171,0.04402661323547363,0.2889408572710677,0.17903101364395851
0.328,0.187,1.1920928955078125e-05,0.2889408572710677,0.17903101364395851
0.329,0.184,1.2159347534179688e-05,0.2889408572710677,0.17903101364395851
0.313,0.213,0.0439763069152832,0.6241891754988458,0.09165265015591964
0.313,0.213,1.0728836059570312e-05,0.6241891754988458,0.09165265015591964
0.325,0.17,0.012148618698120117,0.6241891754988458,0.09165265015591964
0.401,0.069,0.019906282424926758,0.6241891754988458,0.09165265015591964
0.327,0.199,0.0440065860748291,0.5936793143052251,0.10747677220421371
0.407,0.081,1.9073486328125e-05,0.5936793143052251,0.10747677220421371
0.324,0.197,0.047904253005981445,0.4397205862533886,0.12331608598097323
0.433,0.033,1.1920928955078125e-05,0.4397205862533886,0.12331608598097323
0.34,0.177,0.043991804122924805,0.4397205862533886,0.12331608598097323
0.423,0.068,8.58306884765625e-06,0.4397205862533886,0.12331608598097323
0.423,0.068,0.04402446746826172,1.1793787613559943,0.0005994376442683223
0.462,0.059,1.9311904907226562e-05,1.1793787613559943,0.0005994376442683223
0.385,0.19,0.04395890235900879,1.1409148156001305,-0.013759671766279414
0.455,0.078,1.4781951904296875e-05,1.1409148156001305,-0.013759671766279414
0.455,0.078,5.9604644775390625e-06,1.1409148156001305,-0.013759671766279414
0.448,0.088,0.043939828872680664,1.1409148156001305,-0.013759671766279414
0.453,0.074,8.821487426757812e-06,1.1409148156001305,-0.013759671766279414
0.453,0.074,0.012032508850097656,1.1660396232487487,0.018282588562483278
0.461,0.092,0.02016448974609375,1.1660396232487487,0.018282588562483278
0.574,-0.066,0.04778861999511719,1.1401296349496108,-0.039320996102399954
0.547,0.007,8.821487426757812e-06,1.1401296349496108,-0.039320996102399954
0.523,0.056,0.044005393981933594,1.1401296349496108,-0.039320996102399954
0.523,0.056,1.5020370483398438e-05,1.1401296349496108,-0.039320996102399954
0.523,0.056,0.04407644271850586,1.072901819989473,-0.045223156922839736
0.586,0.013,2.0265579223632812e-05,1.072901819989473,-0.045223156922839736
0.586,0.013,0.04387998580932617,1.072901819989473,-0.045223156922839736
0.587,0.045,1.1444091796875e-05,1.072901819989473,-0.045223156922839736
0.621,0.029,0.04398632049560547,1.0801647520072044,-0.049113858807094325
0.645,0.021,8.58306884765625e-06,1.0801647520072044,-0.049113858807094325
0.645,0.021,2.86102294921875e-06,1.0801647520072044,-0.049113858807094325
0.672,0.018,0.04405617713928223,1.043789937670425,-0.09803366195979883
0.699,-0.003,2.7179718017578125e-05,1.043789937670425,-0.09803366195979883
0.734,-0.017,0.012131214141845703,1.043789937670425,-0.09803366195979883
0.759,-0.04,0.019841432571411133,1.043789937670425,-0.09803366195979883
0.786,-0.057,0.044034481048583984,1.0078561848127576,-0.053273803005176465
0.811,-0.062,4.76837158203125e-05,1.0078561848127576,-0.053273803005176465
0.811,-0.062,0.04393815994262695,1.009534038473061,-0.053123881940154064
0.85,-0.065,2.3603439331054688e-05,1.009534038473061,-0.053123881940154064
0.85,-0.065,0.04404044151306152,1.009534038473061,-0.053123881940154064
0.887,-0.059,2.1219253540039062e-05,1.009534038473061,-0.053123881940154064
0.887,-0.059,0.043933868408203125,0.9466253892300148,-0.07932008435583297
0.914,-0.059,2.2649765014648438e-05,0.9466253892300148,-0.07932008435583297
0.95,-0.053,0.04392552375793457,0.8536569712307296,-0.10217403596086727
0.95,-0.053,2.09808349609375e-05,0.8536569712307296,-0.10217403596086727
0.95,-0.053,0.04392361640930176,0.8536569712307296,-0.10217403596086727
0.974,-0.056,6.9141387939453125e-06,0.8536569712307296,-0.10217403596086727
0.978,-0.059,8.58306884765625e-06,0.8536569712307296,-0.10217403596086727
0.98,-0.047,0.04406261444091797,0.8570703378037936,-0.10145211893007815
0.969,-0.042,2.2172927856445312e-05,0.8570703378037936,-0.10145211893007815
0.96,-0.039,0.012090206146240234,0.8570703378037936,-0.10145211893007815
0.936,-0.033,0.01987314224243164,0.9056007922235021,-0.09879436680922644
0.927,-0.039,0.04405331611633301,0.9056007922235021,-0.09879436680922644
0.908,-0.043,3.075599670410156e-05,0.9056007922235021,-0.09879436680922644
0.898,-0.051,0.043875932693481445,0.6376018480886022,-0.17566122566482742
0.903,-0.067,1.239776611328125e-05,0.6376018480886022,-0.17566122566482742
0.89,-0.076,0.043981313705444336,0.6376018480886022,-0.17566122566482742
0.898,-0.085,8.58306884765625e-06,0.6376018480886022,-0.17566122566482742
0.884,-0.098,0.044080257415771484,0.7231509666858966,-0.13241029138910027
0.878,-0.118,2.6464462280273438e-05,0.7231509666858966,-0.13241029138910027
0.878,-0.118,0.04386734962463379,0.47543185636655694,-0.22108119053217684
0.846,-0.155,1.0967254638671875e-05,0.47543185636655694,-0.22108119053217684
0.805,-0.145,0.04399824142456055,0.7196345871875638,-0.45545095546284553
0.779,-0.163,1.5974044799804688e-05,0.7196345871875638,-0.45545095546284553
0.779,-0.163,5.0067901611328125e-06,0.7196345871875638,-0.45545095546284553
0.755,-0.179,0.043987274169921875,0.7196345871875638,-0.45545095546284553
0.719,-0.185,1.1205673217773438e-05,0.7196345871875638,-0.45545095546284553
0.742,-0.167,0.012065649032592773,0.7196345871875638,-0.45545095546284553
0.742,-0.167,0.020191431045532227,0.6917884046968118,-0.44173398910122885
0.888,0.022,0.04379868507385254,0.6917884046968118,-0.44173398910122885
0.882,-0.046,2.3603439331054688e-05,0.6917884046968118,-0.44173398910122885
0.882,-0.046,0.04402494430541992,0.5932663119147441,-0.46554187334712477
0.747,-0.282,3.0994415283203125e-05,0.5932663119147441,-0.46554187334712477
0.611,-0.52,0.043892860412597656,0.40748599953471076,-0.45019138243600704
0.611,-0.52,1.0967254638671875e-05,0.40748599953471076,-0.45019138243600704
0.548,-0.546,0.047944068908691406,0.40748599953471076,-0.45019138243600704
0.548,-0.546,1.33514404296875e-05,0.40748599953471076,-0.45019138243600704
0.445,-0.599,0.044054508209228516,0.44618067240429293,-0.48346631531491274
0.519,-0.441,2.384185791015625e-05,0.44618067240429293,-0.48346631531491274
0.416,-0.57,1.1682510375976562e-05,0.44618067240429293,-0.48346631531491274
0.438,-0.511,0.04387259483337402,-0.4048321055610814,-0.26692414304300116
0.515,-0.402,6.9141387939453125e-06,-0.4048321055610814,-0.26692414304300116
0.499,-0.416,0.012286901473999023,-0.4048321055610814,-0.26692414304300116
0.448,-0.493,0.01987600326538086,-0.4048321055610814,-0.26692414304300116
0.41,-0.527,0.04399847984313965,-0.5665884267722868,-0.20110327588115054
0.41,-0.527,2.5033950805664062e-05,-0.5665884267722868,-0.20110327588115054
0.414,-0.483,0.043796539306640625,-0.6069291646647851,-0.21151433351916876
0.395,-0.463,8.344650268554688e-06,-0.6069291646647851,-0.21151433351916876
0.368,-0.44,0.04412436485290527,-0.6069291646647851,-0.21151433351916876
0.352,-0.41,2.384185791015625e-05,-0.6069291646647851,-0.21151433351916876
0.352,-0.41,0.04387497901916504,0.0,0.0
0.318,-0.326,1.33514404296875e-05,0.0,0.0
0.283,-0.287,0.043988704681396484,0.0,0.0
0.255,-0.258,8.821487426757812e-06,0.0,0.0
0.255,-0.258,0.048081398010253906,-0.8472636351573509,-0.16756249455140224
0.208,-0.252,2.47955322265625e-05,-0.8472636351573509,-0.16756249455140224
0.174,-0.179,1.9311904907226562e-05,-0.8472636351573509,-0.16756249455140224
0.137,-0.156,0.04392814636230469,-0.9337541762215876,-0.1680116810785554
0.098,-0.14,1.9788742065429688e-05,-0.9337541762215876,-0.1680116810785554
0.098,-0.14,0.008124589920043945,-0.9337541762215876,-0.1680116810785554
0.059,-0.112,0.01999497413635254,-0.9337541762215876,-0.1680116810785554
-0.061,-0.116,0.0878453254699707,-0.947189829210424,-0.13755794127735466
-0.061,-0.116,0.04799771308898926,-0.947189829210424,-0.13755794127735466
-0.089,-0.124,1.8358230590820312e-05,-0.947189829210424,-0.13755794127735466
-0.126,-0.138,0.044025421142578125,-0.9569481835376813,-0.13694867999922197
-0.168,-0.129,2.8133392333984375e-05,-0.9569481835376813,-0.13694867999922197
-0.244,-0.057,0.043909311294555664,-0.9411150992022042,-0.13550973458610346
-0.244,-0.057,1.0013580322265625e-05,-0.9411150992022042,-0.13550973458610346
-0.235,-0.133,3.814697265625e-06,-0.9411150992022042,-0.13550973458610346
-0.262,-0.129,0.04393887519836426,0.0,0.0
-0.328,-0.075,5.0067901611328125e-06,0.0,0.0
-0.304,-0.152,0.012364625930786133,0.0,0.0
-0.329,-0.158,0.019928455352783203,0.0,0.0
-0.329,-0.158,0.04384779930114746,0.0,0.0
-0.416,-0.046,3.0040740966796875e-05,0.0,0.0
-0.417,-0.028,0.04389595985412598,0.0,0.0
-0.417,-0.028,1.6450881958007812e-05,0.0,0.0
-0.408,-0.068,0.04395341873168945,0.0,0.0
-0.408,-0.068,1.0013580322265625e-05,0.0,0.0
-0.39,-0.055,0.048023223876953125,0.0,0.0
-0.39,-0.055,1.6927719116210938e-05,0.0,0.0
-0.372,-0.035,0.04401874542236328,0.0,0.0
-0.348,-0.034,2.384185791015625e-05,0.0,0.0
-0.348,-0.034,4.00543212890625e-05,0.0,0.0
-0.292,-0.072,0.04394984245300293,0.0,0.0
-0.232,-0.107,2.1219253540039062e-05,0.0,0.0
-0.232,-0.107,0.012114524841308594,0.0,0.0
-0.226,-0.032,0.020069122314453125,0.0,0.0
-0.137,-0.093,0.04381227493286133,-0.43573846602870636,-0.17664095225338294
-0.137,-0.093,3.266334533691406e-05,-0.43573846602870636,-0.17664095225338294
-0.119,-0.069,0.04386448860168457,0.0,0.0
-0.119,-0.069,1.7404556274414062e-05,0.0,0.0
-0.128,-0.057,0.044104576110839844,0.0,0.0
-0.146,-0.076,3.4332275390625e-05,0.0,0.0
-0.138,-0.076,0.04389047622680664,0.0,0.0
-0.141,-0.056,2.3603439331054688e-05,0.0,0.0
-0.122,-0.045,0.04390406608581543,-0.2990252839001585,-0.1860922845993244
-0.116,-0.006,7.152557373046875e-06,-0.2990252839001585,-0.1860922845993244
-0.116,-0.006,0.04400372505187988,-0.2990252839001585,-0.1860922845993244
-0.098,0.009,1.0013580322265625e-05,-0.2990252839001585,-0.1860922845993244
-0.098,0.009,1.3113021850585938e-05,-0.2990252839001585,-0.1860922845993244
-0.063,-0.016,0.044065237045288086,-0.44533742452121255,-0.14888028519442864
-0.063,-0.016,0.012210845947265625,-0.44533742452121255,-0.14888028519442864
-0.063,-0.016,0.019835710525512695,-0.44533742452121255,-0.14888028519442864
-0.12,-0.052,0.043967247009277344,-0.45390284387512053,-0.1512979957614949
-0.13,-0.064,2.6464462280273438e-05,-0.45390284387512053,-0.1512979957614949
-0.158,-0.072,0.043907880783081055,-0.45501220797127184,-0.16888009314528366
-0.213,-0.052,1.1444091796875e-05,-0.45501220797127184,-0.16888009314528366
-0.207,-0.115,0.04394960403442383,-0.45501220797127184,-0.16888009314528366
-0.235,-0.127,7.62939453125e-06,-0.45501220797127184,-0.16888009314528366
-0.294,-0.084,0.048050880432128906,0.0,0.0
-0.33,-0.09,2.5510787963867188e-05,0.0,0.0
-0.344,-0.129,0.04393410682678223,0.0,0.0
-0.344,-0.129,1.0013580322265625e-05,0.0,0.0
-0.356,-0.131,5.7220458984375e-06,0.0,0.0
-0.378,-0.063,0.048043012619018555,0.0,0.0
-0.386,-0.032,2.1457672119140625e-05,0.0,0.0
-0.338,-0.103,0.007954120635986328,0.20084523543462046,-0.28050423503721894
-0.432,0.067,0.02026963233947754,0.20084523543462046,-0.28050423503721894
-0.293,-0.115,0.04367470741271973,0.1548368555660388,-0.2773480496519685
-0.266,-0.148,8.821487426757812e-06,0.1548368555660388,-0.2773480496519685
-0.266,-0.148,0.04809451103210449,0.1548368555660388,-0.2773480496519685
-0.286,-0.073,2.2411346435546875e-05,0.1548368555660388,-0.2773480496519685
-0.286,-0.073,0.04392600059509277,0.1460988276690251,-0.2730373960614575
-0.214,-0.163,1.811981201171875e-05,0.1460988276690251,-0.2730373960614575
-0.188,-0.185,0.04398775100708008,0.24351628586401486,-0.2666084164642307
-0.188,-0.185,1.9073486328125e-05,0.24351628586401486,-0.2666084164642307
-0.139,-0.23,0.04401707649230957,0.24351628586401486,-0.2666084164642307
-0.139,-0.23,2.7418136596679688e-05,0.24351628586401486,-0.2666084164642307
-0.11,-0.212,3.0279159545898438e-05,0.24351628586401486,-0.2666084164642307
-0.11,-0.212,0.04394268989562988,0.1597598746506638,-0.2584731956443069
-0.069,-0.222,2.0742416381835938e-05,0.1597598746506638,-0.2584731956443069
0.059,-0.246,0.167924165725708,0.21015631750379937,-0.24751351521457562
0.081,-0.238,1.5020370483398438e-05,0.21015631750379937,-0.24751351521457562
0.104,-0.24,0.044031381607055664,0.2599727487791236,-0.22351139656153046
0.104,-0.24,2.3365020751953125e-05,0.2599727487791236,-0.22351139656153046
0.143,-0.247,0.04394030570983887,0.2603804279626716,-0.22783162165102064
0.164,-0.243,2.288818359375e-05,0.2603804279626716,-0.22783162165102064
0.164,-0.243,2.384185791015625e-05,0.2603804279626716,-0.22783162165102064
0.179,-0.241,0.04388427734375,0.22167575199293726,-0.21590271634046077
0.192,-0.232,1.049041748046875e-05,0.22167575199293726,-0.21590271634046077
0.204,-0.228,0.012122154235839844,0.22167575199293726,-0.21590271634046077
0.204,-0.228,0.020061731338500977,0.22167575199293726,-0.21590271634046077
0.239,-0.239,0.04380297660827637,0.1703050857836471,-0.21221609489369855
0.252,-0.214,1.0013580322265625e-05,0.1703050857836471,-0.21221609489369855
0.261,-0.162,0.04409313201904297,0.1703050857836471,-0.21221609489369855
0.237,-0.195,2.5987625122070312e-05,0.1703050857836471,-0.21221609489369855
0.197,-0.245,0.043943166732788086,0.16456916838235777,-0.21010823451362987
0.204,-0.236,1.5974044799804688e-05,0.16456916838235777,-0.21010823451362987
0.202,-0.238,0.04396939277648926,0.1901773841922701,-0.1840938684551148
0.202,-0.238,1.7881393432617188e-05,0.1901773841922701,-0.1840938684551148
0.172,-0.242,0.044010162353515625,0.1901773841922701,-0.1840938684551148
0.17,-0.237,1.8835067749023438e-05,0.1901773841922701,-0.1840938684551148
0.168,-0.233,0.04402923583984375,0.19292989965776397,-0.1620584320192907
0.17,-0.212,2.7179718017578125e-05,0.19292989965776397,-0.1620584320192907
0.162,-0.205,5.5789947509765625e-05,0.19292989965776397,-0.1620584320192907
0.156,-0.198,0.04378104209899902,0.19028835700127988,-0.15650544679428624
0.159,-0.186,6.198883056640625e-06,0.19028835700127988,-0.15650544679428624
0.159,-0.186,0.012215614318847656,0.19028835700127988,-0.15650544679428624
0.169,-0.164,0.020041704177856445,0.19028835700127988,-0.15650544679428624
0.175,-0.162,0.04379916191101074,-0.4951121236760651,0.1730548210333619
0.167,-0.167,1.2874603271484375e-05,-0.4951121236760651,0.1730548210333619
0.16,-0.169,0.04405641555786133,-0.4951121236760651,0.1730548210333619
0.16,-0.169,2.86102294921875e-05,-0.4951121236760651,0.1730548210333619
0.16,-0.137,0.04398322105407715,-0.3065080800881794,0.2393823929555544
0.154,-0.13,2.956390380859375e-05,-0.3065080800881794,0.2393823929555544
0.144,-0.098,0.047948598861694336,-0.328827538264359,0.25317361850025716
0.124,-0.072,2.47955322265625e-05,-0.328827538264359,0.25317361850025716
0.099,-0.04,0.043920278549194336,-0.328827538264359,0.25317361850025716
0.099,-0.04,2.0742416381835938e-05,-0.328827538264359,0.25317361850025716
0.072,0.037,2.1457672119140625e-05,-0.328827538264359,0.25317361850025716
0.072,0.037,0.04397869110107422,-0.2996257398842915,0.2511396232962615
-0.082,0.174,0.08006405830383301,-0.30231667700361387,0.23519540070507047
-0.082,0.174,2.574920654296875e-05,-0.30231667700361387,0.23519540070507047
-0.147,0.205,0.0438694953918457,-0.3011030886075511,0.23443832473859466
-0.147,0.205,1.7642974853515625e-05,-0.3011030886075511,0.23443832473859466
-0.147,0.205,0.044016122817993164,-0.27863082057297867,0.19793861085391862
-0.213,0.214,2.09808349609375e-05,-0.27863082057297867,0.19793861085391862
-0.242,0.232,0.04399251937866211,-0.27863082057297867,0.19793861085391862
-0.253,0.22,2.1457672119140625e-05,-0.27863082057297867,0.19793861085391862
-0.253,0.22,0.04400444030761719,-0.3880355646446407,0.17927892390898298
-0.224,0.142,2.0265579223632812e-05,-0.3880355646446407,0.17927892390898298
-0.224,0.135,8.821487426757812e-06,-0.3880355646446407,0.17927892390898298
-0.242,0.127,0.04788994789123535,-0.3034806569438652,0.18616571449928393
-0.261,0.135,1.6689300537109375e-05,-0.3034806569438652,0.18616571449928393
-0.281,0.138,0.008213281631469727,-0.3034806569438652,0.18616571449928393
-0.295,0.14,0.019933700561523438,-0.3034806569438652,0.18616571449928393
-0.314,0.14,0.04379630088806152,-0.2829453599270079,0.20788856044138268
-0.32,0.149,8.821487426757812e-06,-0.2829453599270079,0.20788856044138268
-0.321,0.162,0.04401826858520508,-0.2829453599270079,0.20788856044138268
-0.319,0.173,9.5367431640625e-06,-0.2829453599270079,0.20788856044138268
-0.315,0.197,0.044033050537109375,-0.574245581285174,0.07113751324117022
-0.31,0.211,1.9073486328125e-05,-0.574245581285174,0.07113751324117022
-0.31,0.211,0.043967247009277344,-0.4498972837365661,0.04103438847875851
-0.314,0.235,2.3603439331054688e-05,-0.4498972837365661,0.04103438847875851
-0.34,0.194,0.04402017593383789,-0.4498972837365661,0.04103438847875851
-0.414,0.08,1.5974044799804688e-05,-0.4498972837365661,0.04103438847875851
-0.414,0.08,0.04395103454589844,1.0629775197274982,-0.045237777161022424
-0.48,-0.006,1.4543533325195312e-05,1.0629775197274982,-0.045237777161022424
-0.513,-0.07,4.100799560546875e-05,1.0629775197274982,-0.045237777161022424
-0.425,0.066,0.04395174980163574,0.9824740838506528,-0.1087276494026976
-0.418,0.068,1.9550323486328125e-05,0.9824740838506528,-0.1087276494026976
-0.418,0.068,0.012138843536376953,0.9824740838506528,-0.1087276494026976
-0.325,0.148,0.020026206970214844,0.9824740838506528,-0.1087276494026976
-0.505,-0.183,0.04381299018859863,0.9832713566827254,-0.10900177173460134
-0.312,0.049,2.09808349609375e-05,0.9832713566827254,-0.10900177173460134
-0.264,0.08,0.044034719467163086,0.9832713566827254,-0.10900177173460134
-0.264,0.08,3.075599670410156e-05,0.9832713566827254,-0.10900177173460134
-0.224,0.063,0.04396343231201172,0.9085528875872362,-0.1642449416886932
-0.203,0.035,2.09808349609375e-05,0.9085528875872362,-0.1642449416886932
-0.203,0.035,0.043891191482543945,1.0982885069060664,-0.09693602409075032
-0.376,-0.294,1.1205673217773438e-05,1.0982885069060664,-0.09693602409075032
-0.171,-0.034,0.043976545333862305,1.0982885069060664,-0.09693602409075032
-0.118,0.003,1.0967254638671875e-05,1.0982885069060664,-0.09693602409075032
-0.169,-0.111,0.044092655181884766,1.1620185609433804,-0.11418591961353755
-0.261,-0.269,7.557868957519531e-05,1.1620185609433804,-0.11418591961353755
-0.11,-0.042,1.6927719116210938e-05,1.1620185609433804,-0.11418591961353755
-0.11,-0.042,0.043860673904418945,1.0151060933837341,-0.24649179796674336
-0.096,-0.031,2.1696090698242188e-05,1.0151060933837341,-0.24649179796674336
-0.098,-0.033,0.012151956558227539,1.0151060933837341,-0.24649179796674336
-0.105,-0.081,0.019980192184448242,1.0151060933837341,-0.24649179796674336
-0.112,-0.147,0.04385042190551758,1.1355241458616927,-0.09493330128888523
0.067,-0.076,0.13603448867797852,1.1349164518479558,-0.1765150462141883
0.084,-0.077,0.04390120506286621,1.1702319903488803,-0.1536977290100563
0.101,-0.1,1.5020370483398438e-05,1.1702319903488803,-0.1536977290100563
0.115,-0.112,2.1696090698242188e-05,1.1702319903488803,-0.1536977290100563
0.136,-0.12,0.044036865234375,1.1702319903488803,-0.1536977290100563
0.136,-0.12,1.52587890625e-05,1.1702319903488803,-0.1536977290100563
0.175,-0.158,0.012014389038085938,1.1702319903488803,-0.1536977290100563
0.175,-0.158,0.020128488540649414,1.157329244010651,-0.13293000439737304
0.208,-0.156,0.043868064880371094,1.157329244010651,-0.13293000439737304
0.234,-0.15,2.2649765014648438e-05,1.157329244010651,-0.13293000439737304
0.234,-0.15,0.043938636779785156,1.1521711074572811,-0.1183095947701902
0.263,-0.136,1.3113021850585938e-05,1.1521711074572811,-0.1183095947701902
0.295,-0.123,0.04397869110107422,1.1403186028504328,-0.15415609254506968
0.326,-0.109,1.9788742065429688e-05,1.1403186028504328,-0.15415609254506968
0.365,-0.077,0.0439763069152832,1.1403186028504328,-0.15415609254506968
0.404,-0.044,2.193450927734375e-05,1.1403186028504328,-0.15415609254506968
0.435,-0.037,0.04401564598083496,1.1434335624570988,-0.1582339106570965
0.435,-0.037,1.9550323486328125e-05,1.1434335624570988,-0.1582339106570965
0.46,-0.046,0.04395031929016113,1.1067751915105717,-0.14958744755120423
0.491,-0.028,1.4066696166992188e-05,1.1067751915105717,-0.14958744755120423
0.438,-0.138,1.5020370483398438e-05,1.1067751915105717,-0.14958744755120423
0.469,-0.122,0.04397916793823242,1.1067751915105717,-0.14958744755120423
0.401,-0.256,2.3126602172851562e-05,1.1067751915105717,-0.14958744755120423
0.558,-0.045,0.012027263641357422,1.1067751915105717,-0.14958744755120423
0.558,-0.045,0.020109176635742188,1.0803493672202762,-0.16650164112345467
0.56,-0.066,0.043874502182006836,1.0803493672202762,-0.16650164112345467
0.592,-0.095,1.6689300537109375e-05,1.0803493672202762,-0.16650164112345467
0.501,-0.265,0.04399394989013672,1.0558970544147368,-0.16770499461480062
0.501,-0.265,2.1457672119140625e-05,1.0558970544147368,-0.16770499461480062
0.519,-0.248,0.04388880729675293,0.9830630510867178,-0.1687350905422309
0.653,-0.089,1.3589859008789062e-05,0.9830630510867178,-0.1687350905422309
0.653,-0.089,0.04398226737976074,0.9830630510867178,-0.1687350905422309
0.769,0.049,9.059906005859375e-06,0.9830630510867178,-0.1687350905422309
0.649,-0.197,0.0440220832824707,0.9289754321338866,-0.32046024797836475
0.735,-0.095,1.621246337890625e-05,0.9289754321338866,-0.32046024797836475
0.716,-0.127,0.04395008087158203,0.7185066478928618,-0.26779649798701294
0.736,-0.13,7.62939453125e-06,0.7185066478928618,-0.26779649798701294
0.766,-0.153,5.0067901611328125e-06,0.7185066478928618,-0.26779649798701294
0.815,-0.129,0.04800605773925781,0.8548568772852386,-0.2533143692820401
0.839,-0.138,1.1205673217773438e-05,0.8548568772852386,-0.2533143692820401
0.848,-0.148,0.008014917373657227,0.8548568772852386,-0.2533143692820401
0.866,-0.131,0.020169496536254883,0.8548568772852386,-0.2533143692820401
0.909,-0.132,0.04377341270446777,0.7455088095544438,-0.1109021421311805
0.909,-0.132,8.821487426757812e-06,0.7455088095544438,-0.1109021421311805
0.692,-0.456,0.04404878616333008,0.7455088095544438,-0.1109021421311805
0.868,-0.197,1.9550323486328125e-05,0.7455088095544438,-0.1109021421311805
0.868,-0.197,0.04407835006713867,0.7737696458500904,-0.12587747556587064
0.725,-0.437,2.09808349609375e-05,0.7737696458500904,-0.12587747556587064
0.882,-0.16,0.04385876655578613,0.6382166184186311,-0.12909564629547735
0.879,-0.157,1.049041748046875e-05,0.6382166184186311,-0.12909564629547735
0.906,-0.077,0.0440671443939209,0.6382166184186311,-0.12909564629547735
0.906,-0.077,3.218650817871094e-05,0.6382166184186311,-0.12909564629547735
0.906,-0.077,0.0439453125,0.3543084150324381,-0.15973998335840775
0.863,-0.059,2.1219253540039062e-05,0.3543084150324381,-0.15973998335840775
0.644,-0.345,1.7642974853515625e-05,0.3543084150324381,-0.15973998335840775
0.56,-0.401,0.04385232925415039,0.3904488123382295,-0.18734069066920808
0.598,-0.329,6.198883056640625e-06,0.3904488123382295,-0.18734069066920808
0.598,-0.329,0.012133598327636719,0.3904488123382295,-0.18734069066920808
0.684,-0.133,0.020161151885986328,0.3904488123382295,-0.18734069066920808
0.586,-0.255,0.04771566390991211,0.6138234927602871,-0.004961267204900857
0.574,-0.249,1.4543533325195312e-05,0.6138234927602871,-0.004961267204900857
0.613,-0.126,0.04398632049560547,1.4843769548887429,0.08099647024823127
0.558,-0.173,8.58306884765625e-06,1.4843769548887429,0.08099647024823127
0.543,-0.153,0.044107913970947266,1.4843769548887429,0.08099647024823127
0.543,-0.153,2.7418136596679688e-05,1.4843769548887429,0.08099647024823127
0.469,-0.222,0.043910980224609375,1.4777711974479881,0.07435586962511068
0.427,-0.243,1.7881393432617188e-05,1.4777711974479881,0.07435586962511068
0.532,-0.043,0.043990135192871094,1.4777711974479881,0.07435586962511068
0.447,-0.152,1.8358230590820312e-05,1.4777711974479881,0.07435586962511068
0.447,-0.152,8.344650268554688e-06,1.4777711974479881,0.07435586962511068
0.572,0.042,0.04395127296447754,1.3534107136461972,0.13794406399503237
0.527,-0.043,2.4080276489257812e-05,1.3534107136461972,0.13794406399503237
0.527,-0.043,0.012050867080688477,1.3534107136461972,0.13794406399503237
0.534,-0.039,0.020151138305664062,1.2709937929818458,0.18970941912571718
0.554,-0.015,0.043865203857421875,1.2709937929818458,0.18970941912571718
0.569,-0.025,3.361701965332031e-05,1.2709937929818458,0.18970941912571718
0.607,0.007,0.043892860412597656,1.2914295985553954,0.20737052159733366
0.672,0.069,1.71661376953125e-05,1.2914295985553954,0.20737052159733366
0.71,0.112,0.04396414756774902,1.1942490501612597,0.22562014161280763
0.754,0.155,1.7404556274414062e-05,1.1942490501612597,0.22562014161280763
0.779,0.169,0.04400515556335449,1.1942490501612597,0.22562014161280763
0.779,0.169,1.9788742065429688e-05,1.1942490501612597,0.22562014161280763
0.813,0.191,0.04396510124206543,1.2315714359167547,0.20906950193113918
0.844,0.198,1.811981201171875e-05,1.2315714359167547,0.20906950193113918
0.863,0.192,0.04408144950866699,1.2315714359167547,0.20906950193113918
0.878,0.181,2.9087066650390625e-05,1.2315714359167547,0.20906950193113918
0.878,0.145,1.430511474609375e-05,1.2315714359167547,0.20906950193113918
0.873,0.105,0.04388833045959473,1.2210313701494957,0.2046754947951185
0.884,0.09,2.3126602172851562e-05,1.2210313701494957,0.2046754947951185
0.911,0.1,0.012176990509033203,1.2210313701494957,0.2046754947951185
0.911,0.1,0.019847869873046875,0.9782506706993412,0.2852753098603987
0.962,0.103,0.04400372505187988,0.9782506706993412,0.2852753098603987
0.962,0.103,2.3603439331054688e-05,0.9782506706993412,0.2852753098603987
0.997,0.121,0.04395580291748047,0.8009259709557585,0.33462749281090076
0.997,0.121,2.6464462280273438e-05,0.8009259709557585,0.33462749281090076
1.024,0.149,0.04384756088256836,0.20745961231293616,0.22984012443315327
1.019,0.195,7.152557373046875e-06,0.20745961231293616,0.22984012443315327
1.008,0.228,0.04410266876220703,0.20745961231293616,0.22984012443315327
0.995,0.286,2.4557113647460938e-05,0.20745961231293616,0.22984012443315327
0.99,0.324,0.04399752616882324,-1.4288765857691543,0.16389402197342112
0.955,0.328,3.504753112792969e-05,-1.4288765857691543,0.16389402197342112
0.958,0.339,0.043853759765625,-1.5,0.1822773922465178
0.999,0.276,1.049041748046875e-05,-1.5,0.1822773922465178
1.183,-0.069,1.1682510375976562e-05,-1.5,0.1822773922465178
1.183,-0.069,0.048151254653930664,-1.5,0.1822773922465178
1.136,-0.076,2.4080276489257812e-05,-1.5,0.1822773922465178
0.927,0.173,0.007983684539794922,-1.5,0.1822773922465178
0.916,0.107,0.019960403442382812,-1.5,0.17713163738352486
0.506,0.556,0.043944597244262695,-1.5,0.17713163738352486
0.596,0.334,1.9550323486328125e-05,-1.5,0.17713163738352486
0.75,0.034,0.04395246505737305,-1.367679871132724,0.16150226242239663
0.75,0.034,1.811981201171875e-05,-1.367679871132724,0.16150226242239663
0.608,0.189,0.04390835762023926,0.16645894404150097,0.26592974621431303
0.608,0.189,6.4373016357421875e-06,0.16645894404150097,0.26592974621431303
0.464,0.36,0.0440673828125,0.16645894404150097,0.26592974621431303
0.593,0.15,1.8835067749023438e-05,0.16645894404150097,0.26592974621431303
0.68,0.065,0.04400134086608887,0.1933323817801902,0.296303689630432
0.68,0.065,2.0742416381835938e-05,0.1933323817801902,0.296303689630432
0.56,0.246,0.04394674301147461,0.09987772965982666,0.2954640528668148
0.426,0.375,1.4543533325195312e-05,0.09987772965982666,0.2954640528668148
0.354,0.355,1.1444091796875e-05,0.09987772965982666,0.2954640528668148
0.318,0.358,0.04403233528137207,0.09987772965982666,0.2954640528668148
0.318,0.358,1.6689300537109375e-05,0.09987772965982666,0.2954640528668148
0.281,0.322,0.012179374694824219,1.434665776118815,-0.07008176103236988
0.252,0.281,0.019925832748413086,1.434665776118815,-0.07008176103236988
0.252,0.281,0.04382681846618652,1.4235923550851006,-0.10729974287552195
0.182,0.208,1.7404556274414062e-05,1.4235923550851006,-0.10729974287552195
0.196,0.192,0.04400181770324707,1.4235923550851006,-0.10729974287552195
0.222,0.177,2.288818359375e-05,1.4235923550851006,-0.10729974287552195
0.276,0.122,0.043992042541503906,1.4595997854573484,-0.10628977771135405
0.276,0.122,2.2649765014648438e-05,1.4595997854573484,-0.10628977771135405
0.285,0.133,0.04396462440490723,1.4626516868580721,-0.08939701488683258
0.269,0.162,2.5033950805664062e-05,1.4626516868580721,-0.08939701488683258
0.272,0.155,0.043907880783081055,1.4626516868580721,-0.08939701488683258
0.272,0.155,1.0013580322265625e-05,1.4626516868580721,-0.08939701488683258
0.333,0.039,0.04803633689880371,1.429977015293925,-0.04759104513475518
0.317,0.042,2.2411346435546875e-05,1.429977015293925,-0.04759104513475518
0.317,0.042,1.5735626220703125e-05,1.429977015293925,-0.04759104513475518
0.336,-0.075,0.04395866394042969,1.367024918401441,-0.11313283004362927
0.368,-0.121,2.3126602172851562e-05,1.367024918401441,-0.11313283004362927
0.397,-0.133,0.008135557174682617,1.367024918401441,-0.11313283004362927
0.429,-0.12,0.020040273666381836,1.367024918401441,-0.11313283004362927
0.434,-0.055,0.043822526931762695,1.3834081021611533,-0.09895715620161534
0.439,-0.02,2.1696090698242188e-05,1.3834081021611533,-0.09895715620161534
0.461,-0.01,0.04394698143005371,1.3834081021611533,-0.09895715620161534
0.502,-0.032,1.1682510375976562e-05,1.3834081021611533,-0.09895715620161534
0.55,-0.033,0.04402947425842285,1.370127441540896,-0.11304186709667555
0.55,-0.033,2.8133392333984375e-05,1.370127441540896,-0.11304186709667555
0.599,-0.04,0.04788613319396973,1.4289232745002869,-0.11616101575612149
0.599,-0.04,1.1205673217773438e-05,1.4289232745002869,-0.11616101575612149
0.643,-0.036,0.0440526008605957,1.4289232745002869,-0.11616101575612149
0.714,-0.05,1.5974044799804688e-05,1.4289232745002869,-0.11616101575612149
0.75,-0.065,6.4373016357421875e-06,1.4289232745002869,-0.11616101575612149
0.777,-0.078,0.04398918151855469,1.4205019400991232,-0.08376195855017068
0.777,-0.078,2.0503997802734375e-05,1.4205019400991232,-0.08376195855017068
0.802,-0.082,0.012203454971313477,1.4205019400991232,-0.08376195855017068
0.819,-0.079,0.019821643829345703,1.3925361927978617,-0.12077842983211806
0.833,-0.078,0.04395413398742676,1.3925361927978617,-0.12077842983211806
0.842,-0.084,2.1219253540039062e-05,1.3925361927978617,-0.12077842983211806
0.851,-0.092,0.04391741752624512,1.3731518895802513,-0.11555560379665494
0.856,-0.096,1.1920928955078125e-05,1.3731518895802513,-0.11555560379665494
0.856,-0.096,0.044051170349121094,1.3158513177655735,-0.10100759509553792
0.883,-0.111,2.574920654296875e-05,1.3158513177655735,-0.10100759509553792
0.901,-0.11,0.04399991035461426,1.3158513177655735,-0.10100759509553792
0.923,-0.114,2.574920654296875e-05,1.3158513177655735,-0.10100759509553792
0.933,-0.104,0.043973684310913086,1.3947406050373454,-0.10096900708943854
0.933,-0.104,2.3126602172851562e-05,1.3947406050373454,-0.10096900708943854
0.969,-0.098,0.047879934310913086,1.2865648246255328,-0.11758336178854599
0.994,-0.088,1.6450881958007812e-05,1.2865648246255328,-0.11758336178854599
1.017,-0.089,7.3909759521484375e-06,1.2865648246255328,-0.11758336178854599
1.017,-0.089,0.04405331611633301,1.2865648246255328,-0.11758336178854599
1.041,-0.085,2.7179718017578125e-05,1.2865648246255328,-0.11758336178854599
1.062,-0.083,0.008136987686157227,1.2865648246255328,-0.11758336178854599
1.088,-0.089,0.020073413848876953,0.8512293586861258,-0.09809696465293967
1.103,-0.075,0.0438230037689209,0.8512293586861258,-0.09809696465293967
1.103,-0.075,3.3855438232421875e-05,0.8512293586861258,-0.09809696465293967
1.113,-0.082,0.043917179107666016,1.356030722249372,-0.17499011544858908
1.117,-0.085,2.09808349609375e-05,1.356030722249372,-0.17499011544858908
1.117,-0.085,0.04390573501586914,1.2883706343452583,-0.14892236822603983
1.111,-0.109,2.09808349609375e-05,1.2883706343452583,-0.14892236822603983
1.113,-0.127,0.044173240661621094,1.2883706343452583,-0.14892236822603983
1.12,-0.129,3.147125244140625e-05,1.2883706343452583,-0.14892236822603983
1.133,-0.102,0.04380226135253906,1.459800025053358,-0.17091994801302737
1.17,-0.056,1.430511474609375e-05,1.459800025053358,-0.17091994801302737
1.195,-0.049,0.043956756591796875,1.4003447349394307,-0.22062422174384033
1.206,-0.037,1.7642974853515625e-05,1.4003447349394307,-0.22062422174384033
1.223,-0.038,1.2159347534179688e-05,1.4003447349394307,-0.22062422174384033
1.23,-0.063,0.0440218448638916,1.4003447349394307,-0.22062422174384033
1.228,-0.068,1.9073486328125e-05,1.4003447349394307,-0.22062422174384033
1.252,-0.058,0.01221776008605957,1.4003447349394307,-0.22062422174384033
1.258,-0.068,0.01996445655822754,1.3934250768104062,-0.1959139214156076
1.258,-0.068,0.04376339912414551,1.3934250768104062,-0.1959139214156076
1.282,-0.069,1.2636184692382812e-05,1.3934250768104062,-0.1959139214156076
1.308,-0.076,0.04403996467590332,1.4066221224041644,-0.23795867408786195
1.328,-0.097,1.9073486328125e-05,1.4066221224041644,-0.23795867408786195
1.328,-0.097,0.04799008369445801,1.4656190015998787,-0.23505992699570308
1.311,-0.09,2.1457672119140625e-05,1.4656190015998787,-0.23505992699570308
1.34,-0.095,0.04396343231201172,1.4656190015998787,-0.23505992699570308
1.34,-0.095,2.5272369384765625e-05,1.4656190015998787,-0.23505992699570308
1.362,-0.078,0.04398226737976074,1.362990402854688,-0.2600579940567185
1.385,-0.097,2.0503997802734375e-05,1.362990402854688,-0.2600579940567185
1.385,-0.097,1.2636184692382812e-05,1.362990402854688,-0.2600579940567185
1.402,-0.08,0.043940067291259766,1.4018774573266877,-0.24970679908159638
1.402,-0.08,1.8596649169921875e-05,1.4018774573266877,-0.24970679908159638
1.426,-0.057,0.012193441390991211,1.4018774573266877,-0.24970679908159638
1.44,-0.045,0.01995682716369629,1.4018774573266877,-0.24970679908159638
1.445,-0.056,0.043853759765625,1.431072381157236,-0.2747311149538602
1.343,-0.243,6.699562072753906e-05,1.431072381157236,-0.2747311149538602
1.343,-0.243,0.04386639595031738,1.4488245936677737,-0.2859882334603191
1.397,-0.172,1.5497207641601562e-05,1.4488245936677737,-0.2859882334603191
1.35,-0.212,0.0440213680267334,1.4488245936677737,-0.2859882334603191
1.452,-0.088,1.52587890625e-05,1.4488245936677737,-0.2859882334603191
1.452,-0.088,0.04799485206604004,1.3865088657092741,-0.3388095120977824
1.439,-0.122,2.5033950805664062e-05,1.3865088657092741,-0.3388095120977824
1.342,-0.28,0.04803204536437988,1.376581290572632,-0.33254972211832196
1.448,-0.091,2.0503997802734375e-05,1.376581290572632,-0.33254972211832196
1.448,-0.091,2.7179718017578125e-05,1.376581290572632,-0.33254972211832196
1.403,-0.116,0.04391765594482422,1.376581290572632,-0.33254972211832196
1.316,-0.277,2.7179718017578125e-05,1.376581290572632,-0.33254972211832196
1.396,-0.086,0.008073806762695312,1.3972737020364332,-0.30733456411741733
1.357,-0.145,0.02011418342590332,1.3972737020364332,-0.30733456411741733
1.305,-0.225,0.043688058853149414,1.3623596199379844,-0.316746978038705
1.35,-0.166,1.1920928955078125e-05,1.3623596199379844,-0.316746978038705
1.392,-0.14,0.044075965881347656,1.3623596199379844,-0.316746978038705
1.351,-0.166,1.6689300537109375e-05,1.3623596199379844,-0.316746978038705
1.292,-0.284,0.04400634765625,1.3331528992298711,-0.3418985420306181
1.379,-0.113,2.09808349609375e-05,1.3331528992298711,-0.3418985420306181
1.352,-0.122,0.04393410682678223,1.3331528992298711,-0.3418985420306181
1.275,-0.291,2.4557113647460938e-05,1.3331528992298711,-0.3418985420306181
1.364,-0.092,0.047962188720703125,1.4000677680037366,-0.3630022946376803
1.354,-0.135,1.7642974853515625e-05,1.4000677680037366,-0.3630022946376803
1.293,-0.213,2.7179718017578125e-05,1.4000677680037366,-0.3630022946376803
1.309,-0.194,0.04393172264099121,1.299645290722324,-0.362654079333885
1.359,-0.129,1.0251998901367188e-05,1.299645290722324,-0.362654079333885
1.302,-0.205,0.01216268539428711,1.299645290722324,-0.362654079333885
1.258,-0.281,0.020055055618286133,1.299645290722324,-0.362654079333885
1.348,-0.125,0.04382896423339844,1.4122842382765086,-0.38030709395779466
1.348,-0.125,2.0265579223632812e-05,1.4122842382765086,-0.38030709395779466
1.335,-0.102,0.04797649383544922,1.3372257145114639,-0.37214921286113867
1.335,-0.102,2.574920654296875e-05,1.3372257145114639,-0.37214921286113867
1.326,-0.139,0.04795718193054199,1.3372257145114639,-0.37214921286113867
1.352,-0.129,2.3126602172851562e-05,1.3372257145114639,-0.37214921286113867
1.27,-0.245,0.044064998626708984,1.320164282535831,-0.29651904238510807
1.27,-0.245,2.2649765014648438e-05,1.320164282535831,-0.29651904238510807
1.318,-0.163,2.8133392333984375e-05,1.320164282535831,-0.29651904238510807
1.329,-0.142,0.04382014274597168,1.4429951807462678,-0.2783108193413077
1.255,-0.278,1.1444091796875e-05,1.4429951807462678,-0.2783108193413077
1.335,-0.131,0.012176752090454102,1.4429951807462678,-0.2783108193413077
1.335,-0.131,0.01999521255493164,1.4429951807462678,-0.2783108193413077
1.247,-0.292,0.04784512519836426,0.6647769452118881,-0.28968499332799447
1.348,-0.142,1.0251998901367188e-05,0.6647769452118881,-0.28968499332799447
1.319,-0.157,0.04400324821472168,0.710906412670526,-0.2621373433123312
1.319,-0.157,2.2649765014648438e-05,0.710906412670526,-0.2621373433123312
1.282,-0.216,0.04399394989013672,0.710906412670526,-0.2621373433123312
1.282,-0.216,1.8358230590820312e-05,0.710906412670526,-0.2621373433123312
1.311,-0.142,0.04398655891418457,1.2129507295860384,-0.26826298875195576
1.231,-0.276,3.147125244140625e-05,1.2129507295860384,-0.26826298875195576
1.231,-0.276,0.04399394989013672,1.3435028348183486,-0.34581882743647985
1.334,-0.121,2.5510787963867188e-05,1.3435028348183486,-0.34581882743647985
1.336,-0.116,1.4781951904296875e-05,1.3435028348183486,-0.34581882743647985
1.282,-0.173,0.04392671585083008,1.3435028348183486,-0.34581882743647985
1.282,-0.173,2.4557113647460938e-05,1.3435028348183486,-0.34581882743647985
1.27,-0.161,0.012131929397583008,1.3435028348183486,-0.34581882743647985
1.252,-0.242,0.019998788833618164,1.273376535596983,-0.36044411280082617
1.266,-0.201,0.04386281967163086,1.273376535596983,-0.36044411280082617
1.266,-0.201,2.7179718017578125e-05,1.273376535596983,-0.36044411280082617
1.293,-0.192,0.04797935485839844,1.2660975917597022,-0.33403860427984655
1.308,-0.166,1.7642974853515625e-05,1.2660975917597022,-0.33403860427984655
1.307,-0.18,0.044003963470458984,1.3724623545880061,-0.309310207928061
1.296,-0.139,3.337860107421875e-05,1.3724623545880061,-0.309310207928061
1.235,-0.27,0.043982505798339844,1.3724623545880061,-0.309310207928061
1.325,-0.148,1.6450881958007812e-05,1.3724623545880061,-0.309310207928061
1.304,-0.188,0.04391336441040039,1.3182180285558183,-0.28422242854183755
1.271,-0.213,2.0265579223632812e-05,1.3182180285558183,-0.28422242854183755
1.275,-0.198,2.2172927856445312e-05,1.3182180285558183,-0.28422242854183755
1.275,-0.198,0.043982505798339844,1.220654830436467,-0.2974163576264014
1.318,-0.16,1.9788742065429688e-05,1.220654830436467,-0.2974163576264014
1.24,-0.301,0.012168169021606445,1.220654830436467,-0.2974163576264014
1.24,-0.301,0.01987147331237793,1.220654830436467,-0.2974163576264014
1.322,-0.17,0.043906450271606445,1.2494671508686057,-0.279089573787216
1.315,-0.174,1.8358230590820312e-05,1.2494671508686057,-0.279089573787216
1.221,-0.292,0.044036149978637695,1.1958448577474998,-0.27837945685260884
1.221,-0.292,1.6927719116210938e-05,1.1958448577474998,-0.27837945685260884
1.312,-0.161,0.04395794868469238,1.1958448577474998,-0.27837945685260884
1.312,-0.161,2.384185791015625e-05,1.1958448577474998,-0.27837945685260884
1.281,-0.19,0.043996572494506836,1.2260506684905836,-0.29991608842293277
1.281,-0.19,2.6941299438476562e-05,1.2260506684905836,-0.29991608842293277
1.295,-0.157,0.043946027755737305,1.149966445523648,-0.28617694481313793
1.206,-0.269,2.86102294921875e-05,1.149966445523648,-0.28617694481313793
1.343,-0.094,0.04389166831970215,1.149966445523648,-0.28617694481313793
1.286,-0.169,1.0251998901367188e-05,1.149966445523648,-0.28617694481313793
1.23,-0.277,5.7220458984375e-06,1.149966445523648,-0.28617694481313793
1.23,-0.277,0.043985605239868164,1.0613391155513447,-0.25772951281144324
1.297,-0.134,8.58306884765625e-06,1.0613391155513447,-0.25772951281144324
1.233,-0.194,0.01205301284790039,1.0613391155513447,-0.25772951281144324
1.233,-0.194,0.020093679428100586,1.0613391155513447,-0.25772951281144324
1.286,-0.102,0.04398941993713379,0.9582430445023946,-0.17532238312753548
1.24,-0.122,2.2172927856445312e-05,0.9582430445023946,-0.17532238312753548
1.24,-0.122,0.043859243392944336,0.9582430445023946,-0.2468539087246251
1.24,-0.122,1.6450881958007812e-05,0.9582430445023946,-0.2468539087246251
1.231,-0.039,0.04399871826171875,0.9582430445023946,-0.2468539087246251
1.226,-0.032,1.8358230590820312e-05,0.9582430445023946,-0.2468539087246251
1.112,-0.15,0.04407644271850586,0.7788234652319307,-0.24870565732905323
1.191,-0.021,1.9550323486328125e-05,0.7788234652319307,-0.24870565732905323
1.191,-0.021,0.04385018348693848,0.7788234652319307,-0.24870565732905323
1.106,-0.068,1.2874603271484375e-05,0.7788234652319307,-0.24870565732905323
1.092,-0.06,0.044072866439819336,0.8420714925169709,-0.2343741902759311
1.092,-0.06,2.8371810913085938e-05,0.8420714925169709,-0.2343741902759311
1.075,-0.004,3.409385681152344e-05,0.8420714925169709,-0.2343741902759311
1.075,-0.004,0.04786801338195801,0.05,-0.05
0.862,-0.277,1.811981201171875e-05,0.05,-0.05
0.965,-0.064,0.008107423782348633,0.05,-0.05
0.961,-0.077,0.019920825958251953,0.05,-0.05
0.903,-0.1,0.044034719467163086,0.05,-0.05
0.903,-0.1,2.6226043701171875e-05,0.05,-0.05
0.941,0.014,0.04797697067260742,0.05,-0.05
0.85,-0.029,2.0265579223632812e-05,0.05,-0.05
0.635,-0.285,0.043935537338256836,0.05,-0.05
0.567,-0.338,2.6941299438476562e-05,0.05,-0.05
0.567,-0.338,0.044043540954589844,0.05000000000000001,-0.05000000000000001
0.669,-0.126,2.8371810913085938e-05,0.05000000000000001,-0.05000000000000001
0.675,-0.065,0.04393744468688965,0.05,-0.05
0.522,-0.248,6.508827209472656e-05,0.05,-0.05
0.509,-0.224,2.3365020751953125e-05,0.05,-0.05
0.691,0.108,0.04390311241149902,0.05,-0.05
0.585,-0.009,3.123283386230469e-05,0.05,-0.05
0.626,0.111,0.01193547248840332,0.05,-0.05000000000000001
0.626,0.111,0.020133495330810547,0.05,-0.05000000000000001
0.367,-0.208,0.04383277893066406,0.05,-0.05000000000000001
0.437,-0.062,1.430511474609375e-05,0.05,-0.05000000000000001
0.5,0.079,0.04407906532287598,0.049999999999999996,-0.05
0.32,-0.139,2.956390380859375e-05,0.049999999999999996,-0.05
0.276,-0.162,0.04391765594482422,0.2686408691795763,-0.18920767938967045
0.347,-0.019,2.2411346435546875e-05,0.2686408691795763,-0.18920767938967045
0.297,-0.05,0.04392695426940918,0.2686408691795763,-0.18920767938967045
0.271,-0.047,1.71661376953125e-05,0.2686408691795763,-0.18920767938967045
0.271,-0.047,0.04807448387145996,0.2686258275873921,-0.1891968289388087
0.303,0.034,2.1696090698242188e-05,0.2686258275873921,-0.1891968289388087
0.303,0.034,2.5987625122070312e-05,0.2686258275873921,-0.1891968289388087
0.189,-0.149,0.047837018966674805,0.25460970252657383,-0.17952036868787694
0.189,-0.149,8.344650268554688e-06,0.25460970252657383,-0.17952036868787694
0.218,-0.082,0.008145809173583984,0.25460970252657383,-0.17952036868787694
0.218,-0.082,0.020083189010620117,0.25460970252657383,-0.17952036868787694
0.167,-0.16,0.04386329650878906,0.24265602737390884,-0.17125265192703581
0.184,-0.164,6.556510925292969e-05,0.24265602737390884,-0.17125265192703581
0.184,-0.164,0.043885231018066406,0.24266042720590758,-0.17125568572880281
0.228,-0.148,2.3126602172851562e-05,0.24266042720590758,-0.17125568572880281
0.219,-0.195,0.04403114318847656,0.24266042720590758,-0.17125568572880281
0.216,-0.217,2.0503997802734375e-05,0.24266042720590758,-0.17125568572880281
0.231,-0.168,0.04391884803771973,0.24906925184608544,-0.17567748721114076
0.22,-0.178,1.7642974853515625e-05,0.24906925184608544,-0.17567748721114076
0.285,-0.079,0.04399871826171875,-0.4036436499126367,-0.18485723530526574
0.262,-0.142,5.4836273193359375e-05,-0.4036436499126367,-0.18485723530526574
0.244,-0.179,0.043976783752441406,-0.4036436499126367,-0.18485723530526574
0.244,-0.179,2.5272369384765625e-05,-0.4036436499126367,-0.18485723530526574
0.249,-0.171,1.0013580322265625e-05,-0.4036436499126367,-0.18485723530526574
0.235,-0.178,0.04393911361694336,-0.486676458802675,-0.18162855549553555
0.227,-0.178,2.384185791015625e-05,-0.486676458802675,-0.18162855549553555
0.203,-0.193,0.012178421020507812,-0.486676458802675,-0.18162855549553555
0.188,-0.198,0.019972801208496094,-0.486676458802675,-0.18162855549553555
0.188,-0.198,0.04388570785522461,-0.5002657586037582,-0.18726067510894734
0.188,-0.198,3.314018249511719e-05,-0.5002657586037582,-0.18726067510894734
0.141,-0.206,0.043962955474853516,-0.5196307430997698,-0.1930096363302057
0.115,-0.198,2.4557113647460938e-05,-0.5196307430997698,-0.1930096363302057
0.097,-0.187,0.04388618469238281,-0.5196307430997698,-0.1930096363302057
0.068,-0.183,8.821487426757812e-06,-0.5196307430997698,-0.1930096363302057
-0.062,-0.185,0.0920102596282959,-0.5213350773775498,-0.19525037583237498
-0.081,-0.188,7.62939453125e-06,-0.5213350773775498,-0.19525037583237498
-0.097,-0.162,0.04410433769226074,-0.5213350773775498,-0.19525037583237498
-0.097,-0.162,3.0517578125e-05,-0.5213350773775498,-0.19525037583237498
-0.158,-0.198,0.01198267936706543,-0.5337447779096866,-0.19673559610227406
-0.212,-0.139,0.02013540267944336,-0.5337447779096866,-0.19673559610227406
-0.218,-0.187,0.043731689453125,-0.5337410257955958,-0.19673254137958127
-0.258,-0.192,1.1205673217773438e-05,-0.5337410257955958,-0.19673254137958127
-0.258,-0.192,0.04403805732727051,-0.5337410257955958,-0.19673254137958127
-0.303,-0.209,1.811981201171875e-05,-0.5337410257955958,-0.19673254137958127
-0.319,-0.22,0.04390764236450195,-0.5514546209482933,-0.18504702726707392
-0.357,-0.231,1.0728836059570312e-05,-0.5514546209482933,-0.18504702726707392
-0.357,-0.231,0.04398179054260254,-0.5246672905847195,-0.19182792845750019
-0.451,-0.129,1.0251998901367188e-05,-0.5246672905847195,-0.19182792845750019
-0.451,-0.129,0.04809379577636719,-0.5246672905847195,-0.19182792845750019
-0.453,-0.185,2.4318695068359375e-05,-0.5246672905847195,-0.19182792845750019
-0.465,-0.242,2.7418136596679688e-05,-0.5246672905847195,-0.19182792845750019
-0.475,-0.202,0.04393124580383301,-0.5289201670350221,-0.19286384652436664
-0.527,-0.138,2.5510787963867188e-05,-0.5289201670350221,-0.19286384652436664
-0.553,-0.148,0.01207590103149414,-0.5289201670350221,-0.19286384652436664
-0.551,-0.145,0.020127058029174805,-0.5289201670350221,-0.19286384652436664
-0.551,-0.145,0.04377102851867676,-0.5148969193348467,-0.1862221200182005
-0.517,-0.207,1.8835067749023438e-05,-0.5148969193348467,-0.1862221200182005
-0.517,-0.207,0.04391598701477051,-0.4933382475073641,-0.17575028820386396
-0.528,-0.192,1.1205673217773438e-05,-0.4933382475073641,-0.17575028820386396
-0.666,0.013,0.04409170150756836,-0.4933382475073641,-0.17575028820386396
-0.501,-0.223,3.552436828613281e-05,-0.4933382475073641,-0.17575028820386396
-0.501,-0.223,0.04391050338745117,-0.49333563404170566,-0.17574753302455542
-0.492,-0.258,2.7179718017578125e-05,-0.49333563404170566,-0.17574753302455542
-0.45,-0.315,0.04396796226501465,-0.05,-0.05
-0.45,-0.315,1.1444091796875e-05,-0.05,-0.05
-0.541,-0.132,0.04398798942565918,-0.05,-0.05
-0.541,-0.132,2.7894973754882812e-05,-0.05,-0.05
-0.623,0.013,1.239776611328125e-05,-0.05,-0.05
-0.453,-0.233,0.044011592864990234,-0.05,-0.05
-0.386,-0.319,3.2901763916015625e-05,-0.05,-0.05
-0.443,-0.179,0.012130022048950195,-0.05,-0.05
-0.522,-0.014,0.019878387451171875,-0.05,-0.05
-0.411,-0.142,0.043920278549194336,-0.05,-0.05
-0.385,-0.144,2.574920654296875e-05,-0.05,-0.05
-0.365,-0.138,0.043953657150268555,-0.049999999999999996,-0.05
-0.456,0.033,2.2411346435546875e-05,-0.049999999999999996,-0.05
-0.353,-0.096,0.043988943099975586,-0.049999999999999996,-0.05
-0.449,0.092,2.7179718017578125e-05,-0.049999999999999996,-0.05
-0.304,-0.087,0.04399919509887695,-0.05,-0.05
-0.21,-0.194,3.147125244140625e-05,-0.05,-0.05
-0.21,-0.194,0.043921470642089844,-0.05,-0.05
-0.224,-0.116,3.9577484130859375e-05,-0.05,-0.05
-0.224,-0.116,0.04399418830871582,-0.05,-0.05
-0.221,-0.056,2.0265579223632812e-05,-0.05,-0.05
-0.221,-0.056,2.1457672119140625e-05,-0.05,-0.05
-0.152,-0.074,0.043907880783081055,-0.05,-0.05
-0.152,-0.074,1.33514404296875e-05,-0.05,-0.05
-0.152,-0.074,0.012301445007324219,-0.05,-0.05
-0.101,-0.09,0.019788742065429688,-0.05,-0.05
-0.101,-0.09,0.0439910888671875,-0.05,-0.05
-0.087,-0.035,2.9802322387695312e-05,-0.05,-0.05
-0.062,-0.041,0.047980546951293945,-0.05,-0.05
-0.057,-0.069,0.04395341873168945,-0.05,-0.049999999999999996
-0.057,-0.066,8.344650268554688e-06,-0.05,-0.049999999999999996
-0.052,-0.061,0.1320946216583252,-0.05,-0.05
-0.056,-0.069,7.176399230957031e-05,-0.05,-0.05
-0.058,-0.07,1.7642974853515625e-05,-0.05,-0.05
-0.055,-0.077,0.04388689994812012,-0.05,-0.05
-0.054,-0.074,2.4080276489257812e-05,-0.05,-0.05
-0.063,-0.084,0.012090921401977539,-0.05,-0.05
-0.063,-0.084,0.020120859146118164,-0.05,-0.05
-0.052,-0.04,0.08767366409301758,-0.05,-0.05
-0.052,-0.04,7.867813110351562e-06,-0.05,-0.05
-0.051,-0.056,0.08811283111572266,-0.05,-0.05000000000000001
-0.053,-0.052,2.1457672119140625e-05,-0.05,-0.05000000000000001
-0.053,-0.061,0.0438692569732666,-0.05,-0.05
-0.057,-0.069,9.059906005859375e-06,-0.05,-0.05
-0.057,-0.063,0.09225893020629883,-0.05,-0.05
-0.057,-0.068,0.007972240447998047,-0.05,-0.05
-0.061,-0.081,0.15579748153686523,-0.05,-0.05
-0.063,-0.079,0.04802203178405762,-0.05,-0.05
-0.063,-0.079,2.8371810913085938e-05,-0.05,-0.05
-0.053,-0.059,0.047919273376464844,-0.05,-0.05
-0.053,-0.059,0.008197546005249023,-0.05,-0.05
-0.052,-0.059,0.06383490562438965,-0.05,-0.05000000000000001
-0.056,-0.071,2.956390380859375e-05,-0.05,-0.05000000000000001
-0.056,-0.071,0.04399561882019043,-0.05,-0.05
-0.063,-0.069,0.09200263023376465,-0.05,-0.05
-0.061,-0.077,2.2649765014648438e-05,-0.05,-0.05
-0.057,-0.066,0.04392385482788086,-0.05,-0.05000000000000001
-0.055,-0.069,1.430511474609375e-05,-0.05,-0.05000000000000001
-0.052,-0.064,1.5497207641601562e-05,-0.05,-0.05000000000000001
-0.052,-0.064,0.043961286544799805,-0.05,-0.05000000000000001
-0.054,-0.057,9.059906005859375e-06,-0.05,-0.05000000000000001
-0.052,-0.056,0.012171030044555664,-0.05,-0.05
-0.051,-0.051,0.0200345516204834,-0.05,-0.05
-0.057,-0.066,0.26389193534851074,-0.05,-0.05
-0.064,-0.065,1.0728836059570312e-05,-0.05,-0.05
-0.051,-0.051,0.04398941993713379,-0.05,-0.05
-0.051,-0.051,3.528594970703125e-05,-0.05,-0.05
-0.055,-0.066,0.16794514656066895,-0.05,-0.05
-0.059,-0.063,2.5510787963867188e-05,-0.05,-0.05
-0.059,-0.07,0.04400944709777832,-0.05,-0.05
-0.055,-0.071,1.6689300537109375e-05,-0.05,-0.05
-0.055,-0.072,0.04396390914916992,-0.05,-0.05
-0.056,-0.073,3.170967102050781e-05,-0.05,-0.05
-0.055,-0.069,2.6702880859375e-05,-0.05,-0.05
-0.055,-0.069,0.04782724380493164,-0.05,-0.05
-0.054,-0.053,0.008071660995483398,-0.05,-0.05
-0.054,-0.053,0.019998550415039062,-0.05,-0.05
-0.059,-0.069,0.044023752212524414,-0.05,-0.05
-0.071,-0.08,0.043990135192871094,-0.05,-0.05
-0.069,-0.076,1.6689300537109375e-05,-0.05,-0.05
-0.058,-0.066,0.04391956329345703,-0.05,-0.05
-0.058,-0.066,1.4066696166992188e-05,-0.05,-0.05
-0.06,-0.072,0.13195157051086426,-0.05,-0.05
-0.06,-0.07,1.0967254638671875e-05,-0.05,-0.05
-0.056,-0.06,9.059906005859375e-06,-0.05,-0.05
-0.056,-0.06,0.044091224670410156,-0.05,-0.05
-0.053,-0.064,0.20800256729125977,-0.05,-0.05
-0.058,-0.061,1.8596649169921875e-05,-0.05,-0.05
-0.051,-0.056,0.04395246505737305,-0.05,-0.05
-0.052,-0.047,0.16405987739562988,-0.05,-0.05
-0.059,-0.075,0.175889253616333,-0.05,-0.05
-0.063,-0.078,1.7404556274414062e-05,-0.05,-0.05
-0.06,-0.072,0.0440826416015625,-0.05,-0.049999999999999996
-0.06,-0.072,2.6464462280273438e-05,-0.05,-0.049999999999999996
-0.064,-0.072,6.818771362304688e-05,-0.05,-0.049999999999999996
-0.064,-0.072,0.04385948181152344,-0.05,-0.049999999999999996
-0.055,-0.061,1.6450881958007812e-05,-0.05,-0.049999999999999996
-0.055,-0.061,0.012241125106811523,-0.05,-0.049999999999999996
-0.059,-0.058,0.1517477035522461,-0.05,-0.05
-0.059,-0.058,0.044001102447509766,-0.05,-0.05
-0.059,-0.058,1.9550323486328125e-05,-0.05,-0.05
-0.066,-0.074,0.04392647743225098,-0.05000000000000001,-0.05
-0.055,-0.062,0.04385185241699219,-0.049999999999999996,-0.05
-0.057,-0.057,0.07586979866027832,-0.05,-0.05
-0.065,-0.078,4.76837158203125e-06,-0.05,-0.05
-0.065,-0.078,0.04401803016662598,-0.05,-0.05
-0.063,-0.08,0.044127702713012695,-0.05,-0.05
-0.061,-0.076,2.8133392333984375e-05,-0.05,-0.05
-0.058,-0.067,0.04388117790222168,-0.049999999999999996,-0.05
-0.06,-0.073,1.71661376953125e-05,-0.049999999999999996,-0.05
-0.056,-0.071,0.1442737579345703,-0.05,-0.05
-0.052,-0.058,0.019841909408569336,-0.05,-0.05
-0.052,-0.062,0.08804798126220703,-0.05,-0.05
-0.052,-0.062,3.3855438232421875e-05,-0.05,-0.05
-0.051,-0.043,0.13181114196777344,-0.05,-0.05
-0.051,-0.043,2.3603439331054688e-05,-0.05,-0.05
-0.054,-0.062,0.04395294189453125,0.05,-0.05
-0.06,-0.075,0.04402875900268555,0.05,-0.05
-0.059,-0.08,1.7642974853515625e-05,0.05,-0.05
0.053,-0.066,0.2960379123687744,0.05000000000000001,-0.049999999999999996
0.054,-0.065,1.5020370483398438e-05,0.05000000000000001,-0.049999999999999996
0.053,-0.06,0.043927669525146484,0.05,-0.05
0.052,-0.065,2.288818359375e-05,0.05,-0.05
0.052,-0.065,0.01217508316040039,0.05,-0.05
0.055,-0.061,0.01994466781616211,0.05,-0.05
0.06,-0.055,0.09183859825134277,0.05000000000000001,-0.05
0.066,-0.074,0.04402279853820801,0.05000000000000001,-0.05
0.057,-0.057,2.1219253540039062e-05,0.05000000000000001,-0.05
0.057,-0.057,1.52587890625e-05,0.05000000000000001,-0.05
0.052,-0.06,0.04395651817321777,0.05000000000000001,-0.05
0.052,-0.06,2.1457672119140625e-05,0.05000000000000001,-0.05
0.055,-0.068,0.212005615234375,0.05,-0.05
0.056,-0.06,2.384185791015625e-05,0.05,-0.05
0.052,-0.052,0.16404390335083008,0.05,-0.05
0.052,-0.052,0.04392242431640625,0.05,-0.05
0.053,-0.058,0.08803963661193848,0.05,-0.05
0.062,-0.076,0.043932199478149414,0.049999999999999996,-0.05
0.063,-0.075,0.043992042541503906,0.049999999999999996,-0.05
0.062,-0.07,1.5735626220703125e-05,0.049999999999999996,-0.05
0.053,-0.063,0.29999566078186035,0.05,-0.05
0.055,-0.058,0.11997509002685547,0.05,-0.05
0.062,-0.072,0.0438227653503418,0.05,-0.05
0.058,-0.063,2.0265579223632812e-05,0.05,-0.05
0.058,-0.063,0.04401969909667969,0.05,-0.05
0.063,-0.082,0.012105941772460938,0.05,-0.05
0.052,-0.057,0.28386902809143066,0.05,-0.05
0.051,-0.056,0.11995530128479004,0.049999999999999996,-0.05
0.051,-0.056,1.9311904907226562e-05,0.049999999999999996,-0.05
0.059,-0.063,0.04398179054260254,0.049999999999999996,-0.05
0.061,-0.07,1.52587890625e-05,0.049999999999999996,-0.05
0.061,-0.07,0.044030189514160156,0.05,-0.05000000000000001
0.063,-0.069,0.2081899642944336,0.05,-0.05
0.063,-0.069,0.04372596740722656,0.05,-0.05000000000000001
0.052,-0.063,2.3603439331054688e-05,0.05,-0.05000000000000001
0.058,-0.073,0.04401397705078125,0.05,-0.05000000000000001
0.054,-0.067,1.811981201171875e-05,0.05,-0.05000000000000001
0.064,-0.076,0.17999601364135742,0.05,-0.05
0.068,-0.073,2.09808349609375e-05,0.05,-0.05
0.051,-0.055,0.11998248100280762,0.05,-0.05
0.054,-0.058,2.574920654296875e-05,0.05,-0.05
0.054,-0.058,0.04391670227050781,0.05,-0.05
0.054,-0.058,1.3113021850585938e-05,0.05,-0.05
0.057,-0.056,0.20795989036560059,0.05,-0.05
0.059,-0.067,1.9073486328125e-05,0.05,-0.05
0.054,-0.065,0.0880124568939209,0.05,-0.05
0.058,-0.07,0.20802783966064453,0.05,-0.049999999999999996
0.051,-0.059,0.08794331550598145,0.05,-0.05
0.057,-0.061,1.4066696166992188e-05,0.05,-0.05
0.057,-0.061,0.04405641555786133,0.049999999999999996,-0.05
0.065,-0.072,3.1948089599609375e-05,0.049999999999999996,-0.05
0.065,-0.072,0.043895721435546875,0.05,-0.05
0.053,-0.061,0.08800935745239258,0.05000000000000001,-0.05
0.052,-0.05,0.012216806411743164,0.05000000000000001,-0.05
0.055,-0.063,0.11178421974182129,0.05,-0.05
0.062,-0.069,2.4080276489257812e-05,0.05,-0.05
0.067,-0.076,0.0439150333404541,0.05,-0.05
0.063,-0.073,0.296036958694458,0.05,-0.05
0.065,-0.082,1.33514404296875e-05,0.05,-0.05
0.061,-0.076,0.0440213680267334,0.05,-0.05
0.061,-0.076,2.002716064453125e-05,0.05,-0.05
0.052,-0.05,0.04413962364196777,0.05,-0.05
0.056,-0.063,0.043813228607177734,0.05,-0.05
0.056,-0.063,2.9325485229492188e-05,0.05,-0.05
0.055,-0.072,2.3126602172851562e-05,0.05,-0.05
0.052,-0.068,0.04394650459289551,0.05,-0.05
0.061,-0.078,0.08002710342407227,0.05,-0.05
0.063,-0.074,0.043993473052978516,0.05,-0.05
0.061,-0.069,2.5033950805664062e-05,0.05,-0.05
0.059,-0.069,0.04404497146606445,0.05,-0.05
0.06,-0.079,0.09599590301513672,0.05,-0.049999999999999996
0.051,-0.059,0.06802749633789062,0.05,-0.05
0.052,-0.058,0.08791112899780273,0.05,-0.05
0.056,-0.063,9.5367431640625e-06,0.05,-0.05
0.062,-0.069,0.04408764839172363,0.05,-0.05
0.059,-0.07,2.002716064453125e-05,0.05,-0.05
0.059,-0.07,0.04398465156555176,0.049999999999999996,-0.05
0.059,-0.072,0.04405546188354492,0.049999999999999996,-0.05
0.059,-0.072,2.0503997802734375e-05,0.049999999999999996,-0.05
0.054,-0.065,0.11990094184875488,0.05,-0.049999999999999996
0.059,-0.067,3.337860107421875e-05,0.05,-0.049999999999999996
0.063,-0.068,0.0439603328704834,0.05000000000000001,-0.05
0.063,-0.068,2.0265579223632812e-05,0.05000000000000001,-0.05
0.056,-0.062,0.047905683517456055,0.05,-0.05000000000000001
0.052,-0.051,0.04809093475341797,0.05,-0.05000000000000001
0.054,-0.058,0.05613875389099121,0.05,-0.05
0.058,-0.063,0.020148515701293945,0.05,-0.05
0.059,-0.075,0.043683767318725586,0.05,-0.05
0.058,-0.07,2.47955322265625e-05,0.05,-0.05
0.052,-0.056,0.04395127296447754,-0.05,-0.05
0.052,-0.056,1.9788742065429688e-05,-0.05,-0.05
-0.06,-0.07,0.04786038398742676,-0.049999999999999996,-0.05
-0.057,-0.076,0.04397416114807129,-0.049999999999999996,-0.05
-0.057,-0.076,1.8596649169921875e-05,-0.049999999999999996,-0.05
-0.055,-0.069,0.04399681091308594,-0.05,-0.05
-0.052,-0.058,0.13601279258728027,-0.05,-0.05
-0.06,-0.077,0.044011831283569336,-0.05,-0.05
-0.056,-0.066,0.12015295028686523,-0.05,-0.05
-0.052,-0.06,0.04384946823120117,-0.05,-0.05
-0.053,-0.063,0.04392838478088379,-0.05,-0.05
-0.053,-0.063,2.2411346435546875e-05,-0.05,-0.05
-0.053,-0.063,0.044087886810302734,-0.05,-0.05
-0.058,-0.071,2.5272369384765625e-05,-0.05,-0.05
-0.054,-0.067,0.18812942504882812,-0.05,-0.05000000000000001
-0.061,-0.079,0.0678262710571289,-0.05,-0.05
-0.06,-0.077,0.04400753974914551,-0.05,-0.049999999999999996
-0.054,-0.052,0.04396963119506836,-0.05,-0.049999999999999996
-0.052,-0.059,0.08795022964477539,-0.05,-0.05000000000000001
-0.052,-0.059,0.04401826858520508,-0.05,-0.05000000000000001
-0.054,-0.066,0.032277822494506836,-0.05,-0.05
-0.054,-0.066,0.04373455047607422,-0.05,-0.05000000000000001
-0.061,-0.079,0.08807492256164551,-0.05,-0.05
-0.058,-0.072,0.04394221305847168,-0.05,-0.05
-0.058,-0.072,2.4318695068359375e-05,-0.05,-0.05
-0.059,-0.072,0.08803677558898926,-0.05,-0.049999999999999996
-0.055,-0.056,0.2999155521392822,-0.05,-0.05
-0.055,-0.056,6.198883056640625e-06,-0.05,-0.05
-0.057,-0.062,0.05616044998168945,-0.05,-0.05
-0.057,-0.062,0.01999187469482422,-0.05,-0.05
-0.061,-0.056,0.22387075424194336,-0.05,-0.05
-0.054,-0.055,0.1240086555480957,-0.05,-0.05
-0.052,-0.06,1.8596649169921875e-05,-0.05,-0.05
-0.063,-0.082,0.1319441795349121,-0.05,-0.05000000000000001
-0.063,-0.082,1.6927719116210938e-05,-0.05,-0.05000000000000001
-0.063,-0.082,0.04401087760925293,-0.05,-0.05000000000000001
-0.063,-0.079,2.288818359375e-05,-0.05,-0.05000000000000001
-0.064,-0.077,1.430511474609375e-05,-0.05,-0.05000000000000001
-0.055,-0.052,0.11994242668151855,-0.05,-0.05
-0.055,-0.052,1.9788742065429688e-05,-0.05,-0.05
-0.055,-0.069,0.1319413185119629,-0.05,-0.05
-0.06,-0.079,0.04402947425842285,-0.05,-0.05
-0.064,-0.084,1.4781951904296875e-05,-0.05,-0.05
-0.051,-0.047,0.16401386260986328,-0.05,-0.05
-0.051,-0.047,0.04396486282348633,-0.05,-0.05
-0.059,-0.076,2.574920654296875e-05,-0.05,-0.05
-0.051,-0.062,0.04395413398742676,-0.05,-0.05
-0.051,-0.047,0.044058799743652344,-0.05,-0.05
-0.051,-0.047,2.9325485229492188e-05,-0.05,-0.05
-0.051,-0.07,0.1319718360900879,-0.05,-0.05
-0.052,-0.062,0.21196198463439941,-0.05,-0.05
-0.052,-0.062,2.4557113647460938e-05,-0.05,-0.05
-0.055,-0.072,0.12027835845947266,-0.05,-0.05
-0.055,-0.072,0.0436863899230957,-0.05000000000000001,-0.05
-0.06,-0.071,0.26398348808288574,-0.05,-0.05
-0.06,-0.071,1.239776611328125e-05,-0.05,-0.05
-0.057,-0.072,0.25603580474853516,-0.05,-0.049999999999999996
-0.051,-0.062,0.0439295768737793,-0.05,-0.049999999999999996
-0.065,-0.057,0.03210020065307617,-0.05,-0.05
-0.051,-0.052,0.04389762878417969,-0.05,-0.05
-0.055,-0.049,0.08812355995178223,-0.049999999999999996,-0.05000000000000001
-0.053,-0.06,3.504753112792969e-05,-0.049999999999999996,-0.05000000000000001
-0.053,-0.047,0.18817996978759766,-0.05000000000000001,-0.05
-0.053,-0.047,0.01993083953857422,-0.05000000000000001,-0.05
-0.053,-0.063,0.08779454231262207,-0.05,-0.05
-0.056,-0.06,1.4543533325195312e-05,-0.05,-0.05
-0.055,-0.063,0.04395103454589844,-0.05,-0.05
-0.056,-0.069,1.2159347534179688e-05,-0.05,-0.05
-0.056,-0.069,0.0440676212310791,-0.05,-0.05
-0.052,-0.058,0.04396247863769531,-0.049999999999999996,-0.05
-0.051,-0.062,1.7642974853515625e-05,-0.049999999999999996,-0.05
-0.052,-0.064,0.043935537338256836,-0.05,-0.05
-0.054,-0.067,1.430511474609375e-05,-0.05,-0.05
-0.052,-0.064,5.0067901611328125e-06,-0.05,-0.05
-0.06,-0.069,0.16408681869506836,-0.05,-0.05
-0.067,-0.067,0.0439300537109375,-0.05,-0.05
-0.059,-0.066,1.8835067749023438e-05,-0.05,-0.05
-0.053,-0.058,0.04393148422241211,-0.05,-0.05
-0.051,-0.056,0.09212565422058105,-0.05000000000000001,-0.05
-0.051,-0.056,0.012074947357177734,-0.05000000000000001,-0.05
-0.054,-0.061,0.11190390586853027,-0.05,-0.05
