# v_mps,w_radps,dt_s,cmd_v,cmd_w
0.06366617401618921,0.0028983119344801692,0.05,0.5,0.0
0.08600220391011504,0.0023358064612266794,0.05,0.5,0.0
0.11315636623748213,0.002442227288984263,0.05,0.5,0.0
0.14380552102082414,0.002543243476809746,0.05,0.5,0.0
0.1758746140273489,0.002209802513143934,0.05,0.5,0.0
0.20837329673473765,0.0017060736382818928,0.05,0.5,0.0
0.33203254172627567,0.11143129709108249,0.05,0.0,1.0
0.32661771959519864,0.14002916810699342,0.05,0.0,1.0
0.31591648893048324,0.16839980000953755,0.05,0.0,1.0
0.30040605258766595,0.19810345121457007,0.05,0.0,1.0
0.2812945057761776,0.23093324133573362,0.05,0.0,1.0
0.25779279711527,0.264600356121111,0.05,0.0,1.0
0.06663302813543157,0.520982974487363,0.05,0.5,1.0
0.08940106875052155,0.5219560897321268,0.05,0.5,1.0
0.11561479974968711,0.5218662077596996,0.05,0.5,1.0
0.14420568777865198,0.5193483379228954,0.05,0.5,1.0
0.17403134640600784,0.5195330578734058,0.05,0.5,1.0
0.2044485230307076,0.5193901827436582,0.05,0.5,1.0
0.49931721642725163,0.42244325952196465,0.05,0.5,-1.0
0.5028038031493247,0.3825039402319677,0.05,0.5,-1.0
0.5042479593600611,0.3415170633501425,0.05,0.5,-1.0
0.5010644645560416,0.29961319806181685,0.05,0.5,-1.0
0.49806308934851284,0.24960738242832453,0.05,0.5,-1.0
0.4961737746295876,0.19340633336511986,0.05,0.5,-1.0
0.4873252670290632,-0.42459725222325545,0.05,0.5,0.0
0.49182297811210995,-0.3877883139410124,0.05,0.5,0.0
0.4989128384097276,-0.3459846268701198,0.05,0.5,0.0
0.495169495803829,-0.3185039422549651,0.05,0.5,0.0
0.4958014063226407,-0.2845896482256315,0.05,0.5,0.0
0.49154543845218507,-0.2583641298905658,0.05,0.5,0.0
0.5079203971603304,-0.0003979241920293743,0.05,0.55,0.0
0.5112538103867614,-0.00032085817158662786,0.05,0.55,0.0
0.5147394305502575,-0.000943827484264734,0.05,0.55,0.0
0.5181383029136167,-0.0015036697384420972,0.05,0.55,0.0
0.5213820565165044,-0.0016932352450320072,0.05,0.55,0.0
0.5245061010804493,-0.0019020529730245427,0.05,0.55,0.0
0.5400479298299993,-0.0011401272024987481,0.05,0.55,0.0
0.5401885364022123,-0.0013406092066367884,0.05,0.55,0.0
0.5399020755841679,-0.0008697645445875058,0.05,0.55,0.0
0.5394359096165079,-0.00029737414617282763,0.05,0.55,0.0
0.5389484220783866,-5.7807359462165583e-05,0.05,0.55,0.0
0.5384426676044249,0.0002432332395575053,0.05,0.55,0.0
0.4524258841198136,-0.11053501972656948,0.05,0.0,-1.1
0.4238550141268196,-0.14049862844676514,0.05,0.0,-1.1
0.39211885891720505,-0.17216968317162135,0.05,0.0,-1.1
0.35860834008917714,-0.20473124359188344,0.05,0.0,-1.1
0.32518684039573276,-0.23694233208176887,0.05,0.0,-1.1
0.2922862719502164,-0.26873299953506674,0.05,0.0,-1.1
0.1683906173641489,-0.4296494937244479,0.05,0.55,-1.1
0.15750335189203368,-0.455922131548201,0.05,0.55,-1.1
0.15216197642262855,-0.48024004696402606,0.05,0.55,-1.1
0.15780586242617642,-0.49378515491045916,0.05,0.55,-1.1
0.16773532793334048,-0.5061940725244072,0.05,0.55,-1.1
0.1847146765175719,-0.5113229233226837,0.05,0.55,-1.1
0.5405755548999274,-0.3950501391720011,0.05,0.55,1.1
0.5442713436732552,-0.3516944398083021,0.05,0.55,1.1
0.542247898961847,-0.3095118523462735,0.05,0.55,1.1
0.5365104177842949,-0.26499432453536476,0.05,0.55,1.1
0.5383729495982643,-0.19995973523591543,0.05,0.55,1.1
0.5373703220557206,-0.13767584820523823,0.05,0.55,1.1
0.547518569623422,0.3616574940097989,0.05,0.55,0.0
0.5525090488310821,0.33896089072614777,0.05,0.55,0.0
0.5588030675614466,0.3054052381576752,0.05,0.55,0.0
0.5605665395114856,0.2716944165961353,0.05,0.55,0.0
0.5539290068533969,0.2473352857568534,0.05,0.55,0.0
0.555190242194113,0.20932270949820578,0.05,0.55,0.0
0.5274896786037863,-0.10801111177340136,0.05,0.55,-1.1
0.5327198508637031,-0.12620521977039448,0.05,0.55,-1.1
0.533111745106454,-0.15846428486279,0.05,0.55,-1.1
0.5350578231921032,-0.19039222151355475,0.05,0.55,-1.1
0.5332506940305625,-0.22888656876534677,0.05,0.55,-1.1
0.5327990753547156,-0.2645775450101347,0.05,0.55,-1.1
0.5438818700311095,-0.39277619312967094,0.05,0.55,0.0
0.5464135543317599,-0.35741825144233064,0.05,0.55,0.0
0.5460184319710049,-0.3273773260527445,0.05,0.55,0.0
0.5418230980139713,-0.3021238424766946,0.05,0.55,0.0
0.541531338746021,-0.2702846265960871,0.05,0.55,0.0
0.5443873779637378,-0.23367254765225476,0.05,0.55,0.0
0.5229218145406429,-0.18143831581017775,0.05,0.55,-1.1
0.5239206454612652,-0.19099179641860797,0.05,0.55,-1.1
0.519810255340454,-0.2158749895694259,0.05,0.55,-1.1
0.519243878013305,-0.23866687212379883,0.05,0.55,-1.1
0.5191185241807627,-0.25885511986076837,0.05,0.55,-1.1
0.5224581469648562,-0.2683493514853846,0.05,0.55,-1.1
0.5253483181157175,-0.28329452106229286,0.05,0.55,0.0
0.5301042759706192,-0.278477180613851,0.05,0.55,0.0
0.5235291278279733,-0.2883865961808949,0.05,0.55,0.0
0.5232025214892883,-0.2867292340752751,0.05,0.55,0.0
0.5214218222990287,-0.2813765499672248,0.05,0.55,0.0
0.5287646178104731,-0.25632500536531855,0.05,0.55,0.0
0.5216055271439812,0.06586194597429845,0.05,0.55,1.1
0.5229322129369129,0.10137865921987507,0.05,0.55,1.1
0.5166067795498975,0.13387972691079006,0.05,0.55,1.1
0.5150818058817219,0.16046571429422915,0.05,0.55,1.1
0.5183178087376326,0.19953236649183456,0.05,0.55,1.1
0.5250968115285591,0.22363043768475255,0.05,0.55,1.1
0.5312360213131169,0.2400982405950508,0.05,0.55,0.0
0.5338419013328883,0.24207735162974797,0.05,0.55,0.0
0.5272620559555599,0.25376399157209617,0.05,0.55,0.0
0.5271530146155956,0.25130270495809637,0.05,0.55,0.0
0.5293953299519615,0.24633791884707537,0.05,0.55,0.0
0.5290440034327397,0.23238036365586787,0.05,0.55,0.0
0.5549709414036427,0.004166085987412992,0.05,0.6050000000000001,0.0
0.5596958849969003,0.00408643294863847,0.05,0.6050000000000001,0.0
0.5645892551466819,0.004286436839156508,0.05,0.6050000000000001,0.0
0.5695487932308867,0.003971410390910937,0.05,0.6050000000000001,0.0
0.5739324388194205,0.003542820147572449,0.05,0.6050000000000001,0.0
0.5779329427191989,0.003488568874053768,0.05,0.6050000000000001,0.0
0.6180270810488677,-0.0013707067938021416,0.05,0.6655000000000002,0.0
0.622995997551654,-0.0007921757434611212,0.05,0.6655000000000002,0.0
0.6292401959732503,-0.000997864141901795,0.05,0.6655000000000002,0.0
0.6363052391426153,-0.0014171488859482813,0.05,0.6655000000000002,0.0
0.6437427887710097,-0.0016046501370842732,0.05,0.6655000000000002,0.0
0.6515137441732931,-0.001986431074975259,0.05,0.6655000000000002,0.0
0.6728727961859357,-0.002174999999999996,0.05,0.7320500000000003,0.0
0.6843223177884272,-0.0022796455904441704,0.05,0.7320500000000003,0.0
0.6977080010252376,-0.002120718441162091,0.05,0.7320500000000003,0.0
0.714362463641999,-0.0030143131317947706,0.05,0.7320500000000003,0.0
0.730077465283986,-0.003703563978782999,0.05,0.8052550000000004,0.0
0.7469527541665674,-0.004070721370496646,0.05,0.8052550000000004,0.0
0.7651008017214659,-0.004140002026656491,0.05,0.8052550000000004,0.0
0.7837443684511676,-0.004078900988210608,0.05,0.8857805000000005,0.0
0.8028039092491476,-0.0028300257516869704,0.05,0.8857805000000005,0.0
0.8223446479872212,-0.001433552968804011,0.05,0.8857805000000005,0.0
0.8408363181233013,-0.000628583178372189,0.05,0.9743585500000007,0.0
0.8578475020265115,0.0011007444449742552,0.05,0.9743585500000007,0.0
0.8738403154468831,0.0025471641372897353,0.05,0.9743585500000007,0.0
0.8893965858833908,0.0033774944270268375,0.05,0.9743585500000007,0.0
0.9041303013685567,0.0038192843688903766,0.05,0.9743585500000007,0.0
0.9169859229723931,0.00422286153626091,0.05,0.9743585500000007,0.0
0.9554541843498164,-0.09148958800247961,0.05,0.9743585500000007,-1.9487171000000014
0.9608767522320099,-0.10992618871657944,0.05,0.9743585500000007,-1.9487171000000014
0.9586563549825352,-0.14502149958871285,0.05,0.9743585500000007,-1.9487171000000014
0.9643192291187375,-0.17373334356486392,0.05,0.9743585500000007,-1.9487171000000014
0.9668682051740582,-0.20753809549356222,0.05,0.9743585500000007,-1.9487171000000014
0.9778337003945784,-0.22222928284477927,0.05,0.9743585500000007,-1.9487171000000014
1.0019592521938192,-0.24241732163296453,0.05,0.9743585500000007,0.0
1.0021182123487693,-0.23786767626199412,0.05,0.9743585500000007,0.0
1.0011408074956192,-0.2282561098594571,0.05,0.9743585500000007,0.0
0.9998286269893306,-0.21302686564940093,0.05,0.9743585500000007,0.0
1.0008785586552218,-0.197099878397711,0.05,0.9743585500000007,0.0
1.0011478536346947,-0.1786238555897289,0.05,0.9743585500000007,0.0
0.9553249415866961,0.09334675925374024,0.05,0.9743585500000007,1.9487171000000014
0.9610623715396168,0.09978203581392023,0.05,0.9743585500000007,1.9487171000000014
0.9660260740440351,0.1059384371794566,0.05,0.9743585500000007,1.9487171000000014
0.9705359693877551,0.10832123724489796,0.05,0.9743585500000007,1.9487171000000014
0.9747357055156218,0.10878366740573853,0.05,0.9743585500000007,1.9487171000000014
0.977753185438676,0.10936140927193379,0.05,0.9743585500000007,0.0
0.9799119695813864,0.1093864141317822,0.05,0.9743585500000007,0.0
0.9783708904109588,0.11299029680365297,0.05,0.9743585500000007,0.0
0.9772263856606472,0.11485811281959592,0.05,0.9743585500000007,0.0
0.9756203688470846,0.11589185681246499,0.05,0.9743585500000007,0.0
0.9731198036738148,0.1165534780250563,0.05,0.9743585500000007,0.0
0.9533971039801646,0.11358095475080758,0.05,0.9743585500000007,1.9487171000000014
0.9509453388921338,0.14011738237713223,0.05,0.9743585500000007,1.9487171000000014
0.9505801667819079,0.1677271077227534,0.05,0.9743585500000007,1.9487171000000014
0.9464648025962878,0.20034111683295783,0.05,0.9743585500000007,1.9487171000000014
0.9447444337811901,0.22921636276391555,0.05,0.9743585500000007,1.9487171000000014
0.9468513053118444,0.2538780013231928,0.05,0.9743585500000007,1.9487171000000014
0.9803023535302955,0.2926019779669504,0.05,0.9743585500000007,0.0
0.982231499386035,0.288806912471239,0.05,0.9743585500000007,0.0
0.9820165944525234,0.2810656316303907,0.05,0.9743585500000007,0.0
0.9832161276093512,0.2627180216616397,0.05,0.9743585500000007,0.0
0.9838979327095004,0.23813867952080106,0.05,0.9743585500000007,0.0
0.9829297041712861,0.20457943743070706,0.05,0.9743585500000007,0.0
0.9604463577244495,0.017136744036336325,0.05,0.9743585500000007,-1.9487171000000014
0.9491610256517229,-0.029533013779457162,0.05,0.9743585500000007,-1.9487171000000014
0.9416467472551052,-0.07709615416711373,0.05,0.9743585500000007,-1.9487171000000014
0.9414398510602792,-0.10999036689592696,0.05,0.9743585500000007,-1.9487171000000014
0.9446434843897147,-0.13726329109397165,0.05,0.9743585500000007,-1.9487171000000014
0.9355040122058789,-0.1834796254797721,0.05,0.9743585500000007,-1.9487171000000014
0.9850007384406327,-0.25366390491459356,0.05,0.9743585500000007,0.0
0.9930732894877998,-0.2516271667481196,0.05,0.9743585500000007,0.0
0.9980348624290687,-0.24381556315864764,0.05,0.9743585500000007,0.0
0.9981510218129804,-0.2214143932892306,0.05,0.9743585500000007,0.0
0.9967325188350856,-0.19358974560713346,0.05,0.9743585500000007,0.0
1.0020866222240765,-0.1709494772979223,0.05,0.9743585500000007,0.0
0.9642489932405852,0.07571519169557599,0.05,0.9743585500000007,1.9487171000000014
0.9696020354035044,0.08060321641435213,0.05,0.9743585500000007,1.9487171000000014
0.9762216686338328,0.0829433786973783,0.05,0.9743585500000007,1.9487171000000014
0.9802280020981606,0.08372980073435618,0.05,0.9743585500000007,1.9487171000000014
0.9821956016117687,0.08438020725295949,0.05,0.9743585500000007,1.9487171000000014
0.9837411969102764,0.08476839768270732,0.05,0.9743585500000007,0.0
0.9832768310564336,0.08669945819326229,0.05,0.9743585500000007,0.0
0.9815496197220037,0.08897978744963402,0.05,0.9743585500000007,0.0
0.9796037437108043,0.09095288945322746,0.05,0.9743585500000007,0.0
0.9754032905009953,0.0947057156139368,0.05,0.9743585500000007,0.0
0.9716172834354657,0.0975626830038866,0.05,0.9743585500000007,0.0
0.9590615497424646,-0.0856810568485311,0.05,0.9743585500000007,-1.9487171000000014
0.9604910495446093,-0.11219325377902818,0.05,0.9743585500000007,-1.9487171000000014
0.9656271019848602,-0.13608457709960065,0.05,0.9743585500000007,-1.9487171000000014
0.9669711983668117,-0.16639527150265243,0.05,0.9743585500000007,-1.9487171000000014
0.9640497383197624,-0.20590602460628749,0.05,0.9743585500000007,-1.9487171000000014
0.9645625429112928,-0.24115278297613654,0.05,0.9743585500000007,-1.9487171000000014
0.8680523964232489,-0.5596202128166915,0.05,0.0,-1.9487171000000014
0.8393755006138479,-0.5624445269199138,0.05,0.0,-1.9487171000000014
0.8079005055684068,-0.5587942557174541,0.05,0.0,-1.9487171000000014
0.7684558881724018,-0.5585847911725091,0.05,0.0,-1.9487171000000014
0.7302794583993991,-0.5507160122673788,0.05,0.0,-1.9487171000000014
0.6807951635973538,-0.5553632442338637,0.05,0.0,-1.9487171000000014
0.055967653159758234,-0.5223406530524659,0.05,0.9743585500000007,-1.9487171000000014
0.07596432270868844,-0.521052237075799,0.05,0.9743585500000007,-1.9487171000000014
0.0987028918032787,-0.52145,0.05,0.9743585500000007,-1.9487171000000014
0.12421032016592366,-0.5213115651894057,0.05,0.9743585500000007,-1.9487171000000014
0.1540812850960335,-0.5199691259224818,0.05,0.9743585500000007,-1.9487171000000014
0.18623979044485767,-0.516856737233586,0.05,0.9743585500000007,-1.9487171000000014
0.4357469742849989,-0.4093461576519116,0.05,0.9743585500000007,0.0
0.4839289672131148,-0.37739660655737706,0.05,0.9743585500000007,0.0
0.5323543475021754,-0.34457284815181244,0.05,0.9743585500000007,0.0
0.5818424094209379,-0.31276540857446017,0.05,0.9743585500000007,0.0
0.6286657738520955,-0.28206824458828017,0.05,0.9743585500000007,0.0
0.672903887537704,-0.2517634548207494,0.05,0.9743585500000007,0.0
0.8778575908505617,-0.14454580710351242,0.05,0.9743585500000007,-1.9487171000000014
0.9040492776426835,-0.1501276140752396,0.05,0.9743585500000007,-1.9487171000000014
0.928300379402017,-0.15745093524236428,0.05,0.9743585500000007,-1.9487171000000014
0.944925477995518,-0.1749992096981834,0.05,0.9743585500000007,-1.9487171000000014
0.9598931701691441,-0.20120430012039145,0.05,0.9743585500000007,-1.9487171000000014
0.9711455955800842,-0.22909144088302957,0.05,0.9743585500000007,-1.9487171000000014
1.0004731283900579,-0.34525797132979674,0.05,0.9743585500000007,0.0
0.9988857928675294,-0.31694317147011847,0.05,0.9743585500000007,0.0
0.9947508494378807,-0.2935490525042025,0.05,0.9743585500000007,0.0
0.9946197858683862,-0.26246805517479765,0.05,0.9743585500000007,0.0
0.9906758147410596,-0.2339180539821848,0.05,0.9743585500000007,0.0
0.9876353708471909,-0.2050017237063262,0.05,0.9743585500000007,0.0
0.9572863347040945,-0.08401132934024673,0.05,0.9743585500000007,-1.9487171000000014
0.9661999916550433,-0.10302609587163072,0.05,0.9743585500000007,-1.9487171000000014
0.9621478064842959,-0.14421099290780143,0.05,0.9743585500000007,-1.9487171000000014
0.9570397585692995,-0.18618289269746646,0.05,0.9743585500000007,-1.9487171000000014
0.9606249994039814,-0.21620228960543567,0.05,0.9743585500000007,-1.9487171000000014
0.9607476509787093,-0.2505083723744129,0.05,0.9743585500000007,-1.9487171000000014
0.8834194698098587,-0.3898515267926328,0.05,0.0,0.0
0.8552871433168848,-0.3539434861379294,0.05,0.0,0.0
0.8106948304842285,-0.3347243437522352,0.05,0.0,0.0
0.7682000411257733,-0.3112931984527173,0.05,0.0,0.0
0.7307575282533022,-0.2717949701373325,0.05,0.0,0.0
0.6849971598832012,-0.23611978010845597,0.05,0.0,0.0
0.16663280523567697,-0.09947752843144267,0.05,0.9743585500000007,-1.9487171000000014
0.1566568763707447,-0.12761209920616,0.05,0.9743585500000007,-1.9487171000000014
0.1585395244936158,-0.15074518651867572,0.05,0.9743585500000007,-1.9487171000000014
0.1644245977162201,-0.17850725868932965,0.05,0.9743585500000007,-1.9487171000000014
0.17501182140047208,-0.21045894785780703,0.05,0.9743585500000007,-1.9487171000000014
0.192330448905153,-0.24212781727915322,0.05,0.9743585500000007,-1.9487171000000014
0.8852796332057838,-0.5271476951686157,0.05,0.9743585500000007,-1.9487171000000014
0.8799763868025751,-0.5261695305793992,0.05,0.9743585500000007,-1.9487171000000014
0.8685141996280666,-0.5167124722838138,0.05,0.0,-1.9487171000000014
0.8494427809303544,-0.49539792923392384,0.05,0.0,-1.9487171000000014
0.8285713045525529,-0.4576756759092589,0.05,0.0,-1.9487171000000014
0.7947911730345115,-0.4279817455444954,0.05,0.0,0.0
0.7575740380030517,-0.38876743753576193,0.05,0.0,0.0
0.7152218258982856,-0.35418373876397796,0.05,0.0,0.0
0.6646610158783139,-0.32553326190873544,0.05,0.0,0.0
0.6075362693389592,-0.300804261424587,0.05,0.0,0.0
0.5504142624250443,-0.269779533993777,0.05,0.0,0.0
0.09256181613387686,-0.10262540227419009,0.05,0.9743585500000007,-1.9487171000000014
0.09850223476674734,-0.13306894723351492,0.05,0.9743585500000007,-1.9487171000000014
0.11257083780304657,-0.1617400462466328,0.05,0.9743585500000007,-1.9487171000000014
0.13264554349510627,-0.18892271795238608,0.05,0.9743585500000007,-1.9487171000000014
0.15900399964241013,-0.21768547112462008,0.05,0.9743585500000007,-1.9487171000000014
0.18286268851110501,-0.2602583561831643,0.05,0.9743585500000007,-1.9487171000000014
0.5835525877072728,-0.38303595014722186,0.05,0.9743585500000007,0.0
0.6302456399022413,-0.3631185678946114,0.05,0.9743585500000007,0.0
0.6747935103948122,-0.3370013017356476,0.05,0.9743585500000007,0.0
0.7165179715631333,-0.30675246989388344,0.05,0.9743585500000007,0.0
0.7562559386733416,-0.2736594242803504,0.05,0.9743585500000007,0.0
0.7930065422399198,-0.24003261731324066,0.05,0.9743585500000007,0.0
0.9654463424082771,-0.10643440174505923,0.05,0.9743585500000007,-1.9487171000000014
0.9659108864622573,-0.1382858715607267,0.05,0.9743585500000007,-1.9487171000000014
0.9671803772156727,-0.166566360217425,0.05,0.9743585500000007,-1.9487171000000014
0.9654795986671911,-0.1981346464718715,0.05,0.9743585500000007,-1.9487171000000014
0.9649477763871505,-0.22574445765540258,0.05,0.9743585500000007,-1.9487171000000014
0.9558572551801425,-0.2679981836715229,0.05,0.9743585500000007,-1.9487171000000014
0.9603530631586477,-0.48608471877831294,0.05,0.9743585500000007,-1.9487171000000014
0.9718602056264155,-0.48344341935868396,0.05,0.9743585500000007,-1.9487171000000014
0.9850558262989723,-0.46971955820635714,0.05,0.9743585500000007,-1.9487171000000014
0.9863823282747604,-0.45609631485146157,0.05,0.9743585500000007,-1.9487171000000014
0.9925041752608047,-0.4312817511177347,0.05,0.9743585500000007,-1.9487171000000014
0.9955986364232332,-0.4049170086534679,0.05,0.9743585500000007,-1.9487171000000014
0.9978523072979997,-0.3469744733924612,0.05,0.9743585500000007,0.0
1.0040544134477827,-0.3067911158798283,0.05,0.9743585500000007,0.0
1.0002052846618745,-0.2819842568751565,0.05,0.9743585500000007,0.0
0.9941370113380306,-0.2595258718122965,0.05,0.9743585500000007,0.0
0.9945043266938444,-0.22228740970533542,0.05,0.9743585500000007,0.0
0.9903897878339871,-0.18899247940338368,0.05,0.9743585500000007,0.0
0.9695579299985694,0.009573604918697244,0.05,0.9743585500000007,1.9487171000000014
0.9581233937490314,0.053908733058373355,0.05,0.9743585500000007,1.9487171000000014
0.9538378993800666,0.0927472713996185,0.05,0.9743585500000007,1.9487171000000014
0.9557064407304978,0.12236142356475299,0.05,0.9743585500000007,1.9487171000000014
0.9537739868973246,0.15701680039582241,0.05,0.9743585500000007,1.9487171000000014
0.9483452077943753,0.19198674163398147,0.05,0.9743585500000007,1.9487171000000014
0.9938007343912063,0.36709460711262654,0.05,0.9743585500000007,0.0
0.9939849392635332,0.3363959129543314,0.05,0.9743585500000007,0.0
0.9907441062338312,0.30263501984954877,0.05,0.9743585500000007,0.0
0.9861154181122358,0.2714924460817626,0.05,0.9743585500000007,0.0
0.9843242325672921,0.23858924997912964,0.05,0.9743585500000007,0.0
0.9779821774270455,0.2145548815086782,0.05,0.9743585500000007,0.0
0.96004072130229,-0.10599200970399246,0.05,0.9743585500000007,-1.9487171000000014
0.9684010752175466,-0.1179361735606151,0.05,0.9743585500000007,-1.9487171000000014
0.9772916828590843,-0.1289872539845268,0.05,0.9743585500000007,-1.9487171000000014
0.9864162250274163,-0.1385259345348782,0.05,0.9743585500000007,-1.9487171000000014
0.9925611685764365,-0.14556560536325372,0.05,0.9743585500000007,-1.9487171000000014
0.9989473349346175,-0.14762833826036165,0.05,0.9743585500000007,-1.9487171000000014
1.0016980296726352,-0.14964365000834506,0.05,0.9743585500000007,0.0
1.0049698269799265,-0.14735300743813476,0.05,0.9743585500000007,0.0
1.0047210168814602,-0.14845666197737217,0.05,0.9743585500000007,0.0
1.0025260335701685,-0.14872448321491583,0.05,0.9743585500000007,0.0
0.9998173420174079,-0.14752606444497435,0.05,0.9743585500000007,0.0
0.9959056278088381,-0.14028351174794665,0.05,0.9743585500000007,0.0
0.9546682203995995,0.10285186447951936,0.05,0.9743585500000007,1.9487171000000014
0.9619052862149532,0.11435624582777038,0.05,0.9743585500000007,1.9487171000000014
0.9678821185005901,0.12475379442728889,0.05,0.9743585500000007,1.9487171000000014
0.9746139326626218,0.1330577889761715,0.05,0.9743585500000007,1.9487171000000014
0.9790673048495541,0.14018794048924707,0.05,0.9743585500000007,1.9487171000000014
0.9827283339690561,0.1459198336591413,0.05,0.9743585500000007,1.9487171000000014
0.9870435894302644,0.14861367025905747,0.05,0.9743585500000007,0.0
0.9894469847419239,0.1489776749314579,0.05,0.9743585500000007,0.0
0.9900849913572152,0.1500029844429874,0.05,0.9743585500000007,0.0
0.9905298383539762,0.1510631584750915,0.05,0.9743585500000007,0.0
0.9882267029672281,0.15094072785904175,0.05,0.9743585500000007,0.0
0.9850918758716876,0.14516091352859134,0.05,0.9743585500000007,0.0
0.9577100297438098,-0.08747816959336219,0.05,0.9743585500000007,-1.9487171000000014
0.9630250900073913,-0.09831711869054148,0.05,0.9743585500000007,-1.9487171000000014
0.9692301164606453,-0.10845788195396408,0.05,0.9743585500000007,-1.9487171000000014
0.9760804432960195,-0.11624070222810343,0.05,0.9743585500000007,-1.9487171000000014
0.9828957516807324,-0.12242587255042196,0.05,0.9743585500000007,-1.9487171000000014
0.9899158795584325,-0.12460469642239785,0.05,0.9743585500000007,-1.9487171000000014
0.9969957516807324,-0.12234635602918036,0.05,0.9743585500000007,0.0
1.0022198249859917,-0.11989339167133609,0.05,0.9743585500000007,0.0
1.0036363250563258,-0.120010688485701,0.05,0.9743585500000007,0.0
1.0041566581821215,-0.12058152405875198,0.05,0.9743585500000007,0.0
1.0023294790574044,-0.12280732722656622,0.05,0.9743585500000007,0.0
0.9985442740310678,-0.1223282435831714,0.05,0.9743585500000007,0.0
0.9482257578286108,0.09370979723689074,0.05,0.9743585500000007,1.9487171000000014
0.953403460763508,0.10333776467642711,0.05,0.9743585500000007,1.9487171000000014
0.9595495815899582,0.11151064621106462,0.05,0.9743585500000007,1.9487171000000014
0.9660671612341735,0.11718139261784973,0.05,0.9743585500000007,1.9487171000000014
0.9718255679921805,0.1204263386258523,0.05,0.9743585500000007,1.9487171000000014
0.976351314095304,0.12312052241919907,0.05,0.9743585500000007,0.0
0.9804281831835412,0.12587000828426348,0.05,0.9743585500000007,0.0
0.9818863565194613,0.12843501732410967,0.05,0.9743585500000007,0.0
0.9813210498867564,0.13159632226725473,0.05,0.9743585500000007,0.0
0.9811874582777037,0.13191967265878315,0.05,0.9743585500000007,0.0
0.978797839019966,0.1328637034119795,0.05,0.9743585500000007,0.0
0.9586330317227566,-0.00016934390758556564,0.05,0.9743585500000007,0.0
0.9587544705973512,0.0002020980604861301,0.05,0.9743585500000007,0.0
0.9588717200166905,0.00048065599666189795,0.05,0.9743585500000007,0.0
0.9588136892416982,0.000779466137452621,0.05,0.9743585500000007,0.0
0.9591943447342696,0.0014306552657304308,0.05,0.9743585500000007,0.0
0.9591068450323073,0.00135,0.05,0.9743585500000007,0.0
0.9590193450323072,0.0012023801292291552,0.05,0.9743585500000007,0.0
0.9591613066434649,0.0011431533217324975,0.05,0.9743585500000007,0.0
0.9590976136824284,0.0012919602618213033,0.05,0.9743585500000007,0.0
0.9591910675757829,0.0011005811112038241,0.05,0.9743585500000007,0.0
0.9591282721951335,-0.0018080095611640301,0.05,0.9743585500000007,0.0
0.9597452345184443,-0.009604387831747621,0.05,0.9743585500000007,0.0
0.9605758959227467,-0.02341943073438245,0.05,0.9743585500000007,0.0
0.9605845057578142,-0.04195693798726844,0.05,0.9743585500000007,0.0
0.9567748939011015,-0.06259001657050213,0.05,0.9743585500000007,0.0
0.9541892651090713,-0.08366397723208964,0.05,0.9743585500000007,0.0
0.9599514812474667,-0.09812726925919744,0.05,0.9743585500000007,-1.9487171000000014
0.9656149053533751,-0.11770322919025879,0.05,0.9743585500000007,-1.9487171000000014
0.9747342755636094,-0.1337995165655289,0.05,0.9743585500000007,-1.9487171000000014
0.9852287156685104,-0.1449168617680717,0.05,0.9743585500000007,-1.9487171000000014
0.9953776352495172,-0.14990711475644358,0.05,0.9743585500000007,-1.9487171000000014
1.002141386637263,-0.15320002205268807,0.05,0.9743585500000007,-1.9487171000000014
1.0095663761041376,-0.15640979776847977,0.05,0.9743585500000007,0.0
1.00977652140217,-0.15753000059616074,0.05,0.9743585500000007,0.0
1.00935,-0.15748244814638215,0.05,0.9743585500000007,0.0
1.007206285244221,-0.15657991630801513,0.05,0.9743585500000007,0.0
1.0041712415515371,-0.14934698477786654,0.05,0.9743585500000007,0.0
1.0003390561866055,-0.13706011484046296,0.05,0.9743585500000007,0.0
0.9641398617717536,0.07621476610278603,0.05,0.9743585500000007,1.9487171000000014
0.9694383224252828,0.09743136392356021,0.05,0.9743585500000007,1.9487171000000014
0.9707189472868586,0.12258151225443449,0.05,0.9743585500000007,1.9487171000000014
0.9600063739402106,0.16755730673376182,0.05,0.9743585500000007,1.9487171000000014
0.9638636084852241,0.18928041055229058,0.05,0.9743585500000007,1.9487171000000014
0.9692024286632237,0.20446297032294913,0.05,0.9743585500000007,1.9487171000000014
0.9783387047743933,0.2286590376706205,0.05,0.9743585500000007,0.0
0.977970917673986,0.2317722310635863,0.05,0.9743585500000007,0.0
0.9773451195017283,0.23069594230539994,0.05,0.9743585500000007,0.0
0.9748018924041578,0.22899872508582875,0.05,0.9743585500000007,0.0
0.9715837820275893,0.22287025622071469,0.05,0.9743585500000007,0.0
0.97012054719815,0.20723107872119773,0.05,0.9743585500000007,0.0
0.9732032394659991,0.051183077060611475,0.05,0.9743585500000007,1.9487171000000014
0.9789331643479607,0.05417998253519784,0.05,0.9743585500000007,1.9487171000000014
0.9834765998283342,0.05582257999141672,0.05,0.9743585500000007,1.9487171000000014
0.9871475704918032,0.05581612995529062,0.05,0.9743585500000007,1.9487171000000014
0.9905173618147357,0.055200000000000006,0.05,0.9743585500000007,1.9487171000000014
0.9911040147703971,0.05568550855943923,0.05,0.9743585500000007,0.0
0.9900838752071139,0.05725281198221502,0.05,0.9743585500000007,0.0
0.9890508168142753,0.058304827875984885,0.05,0.9743585500000007,0.0
0.9864200969172449,0.06026939060153065,0.05,0.9743585500000007,0.0
0.9837903358489217,0.06120563593118496,0.05,0.9743585500000007,0.0
0.9802315005959475,0.0621181442193087,0.05,0.9743585500000007,0.0
0.94792431776726,-0.07848386068026562,0.05,0.9743585500000007,-1.9487171000000014
0.9488894934792454,-0.09007611848222588,0.05,0.9743585500000007,-1.9487171000000014
0.9530361931045993,-0.09717322607949261,0.05,0.9743585500000007,-1.9487171000000014
0.9576055435028787,-0.10189148359180365,0.05,0.9743585500000007,-1.9487171000000014
0.9632635084466911,-0.10389835834952729,0.05,0.9743585500000007,-1.9487171000000014
0.9693143483806367,-0.10412985212954906,0.05,0.9743585500000007,0.0
0.9740442058704307,-0.10416778833543958,0.05,0.9743585500000007,0.0
0.9774576359832636,-0.10355443353717413,0.05,0.9743585500000007,0.0
0.9793709509078121,-0.10354757668419108,0.05,0.9743585500000007,0.0
0.9794959707702027,-0.10417943483495655,0.05,0.9743585500000007,0.0
0.9779177854069067,-0.10507335735316908,0.05,0.9743585500000007,0.0
0.9740209787104696,-0.11783115232861689,0.05,0.9743585500000007,-1.9487171000000014
0.973480641728763,-0.13798299910581222,0.05,0.9743585500000007,-1.9487171000000014
0.9739052568213515,-0.15025511109654194,0.05,0.9743585500000007,-1.9487171000000014
0.9736749999999998,-0.16000036809852522,0.05,0.9743585500000007,-1.9487171000000014
0.9745423299755618,-0.16735520206234727,0.05,0.9743585500000007,-1.9487171000000014
0.9747830715537489,-0.17083535484793932,0.05,0.9743585500000007,-1.9487171000000014
0.974953303157443,-0.17349451708642738,0.05,0.9743585500000007,0.0
0.9737499168514413,-0.17873550264644875,0.05,0.9743585500000007,0.0
0.9753922646434788,-0.17812587729754212,0.05,0.9743585500000007,0.0
0.9757080834664633,-0.17776127768902453,0.05,0.9743585500000007,0.0
0.9750891484580815,-0.1768493029479431,0.05,0.9743585500000007,0.0
0.9743387189269745,-0.17344158688524589,0.05,0.9743585500000007,0.0
0.9283709345643985,0.06235012338467407,0.05,0.9743585500000007,1.9487171000000014
0.9309221378163481,0.08259946356408025,0.05,0.9743585500000007,1.9487171000000014
0.9361692703862661,0.09499969957081546,0.05,0.9743585500000007,1.9487171000000014
0.9408485410160441,0.10693579695806613,0.05,0.9743585500000007,1.9487171000000014
0.9442700038147918,0.11496500762958371,0.05,0.9743585500000007,1.9487171000000014
0.9477777374155173,0.11941645071698474,0.05,0.9743585500000007,0.0
0.9504797192980364,0.12327559877919383,0.05,0.9743585500000007,0.0
0.9524918009775287,0.12523827084699293,0.05,0.9743585500000007,0.0
0.9543900243221975,0.12707874669146577,0.05,0.9743585500000007,0.0
0.9563583871736798,0.12952119561330314,0.05,0.9743585500000007,0.0
0.9575013844182165,0.131394979434907,0.05,0.9743585500000007,0.0
0.9631722065940354,0.16260217685412545,0.05,0.9743585500000007,1.9487171000000014
0.9681953978349767,0.1709953999213152,0.05,0.9743585500000007,1.9487171000000014
0.9729230016687526,0.17834407920615056,0.05,0.9743585500000007,1.9487171000000014
0.9727240636213002,0.19364233254258703,0.05,0.9743585500000007,1.9487171000000014
0.9762276940361668,0.20262379424000762,0.05,0.9743585500000007,1.9487171000000014
0.9799345071472002,0.2107850507874438,0.05,0.9743585500000007,1.9487171000000014
0.9847177055394628,0.22197456341117427,0.05,0.9743585500000007,0.0
0.9851774290074152,0.22207985801483035,0.05,0.9743585500000007,0.0
0.984357292846329,0.22173671963474673,0.05,0.9743585500000007,0.0
0.9835508908453643,0.22002114036551781,0.05,0.9743585500000007,0.0
0.9809384384089066,0.2182948651242073,0.05,0.9743585500000007,0.0
0.9764229134876734,0.21225788261170184,0.05,0.9743585500000007,0.0
0.9556327943017225,-0.026849365202360368,0.05,0.9743585500000007,-1.9487171000000014
0.9447178730658274,-0.06739023078940466,0.05,0.9743585500000007,-1.9487171000000014
0.9373842047066676,-0.10668556705332553,0.05,0.9743585500000007,-1.9487171000000014
0.9413602034551004,-0.1341755830034813,0.05,0.9743585500000007,-1.9487171000000014
0.9435790896248346,-0.1594148939594435,0.05,0.9743585500000007,-1.9487171000000014
0.9495020034926274,-0.1798051161626396,0.05,0.9743585500000007,-1.9487171000000014
0.986479920363372,-0.2124303984215734,0.05,0.9743585500000007,0.0
0.9923328666785864,-0.21430588861076344,0.05,0.9743585500000007,0.0
0.998197810991238,-0.21661496155450913,0.05,0.9743585500000007,0.0
1.003256830317767,-0.2152662465136237,0.05,0.9743585500000007,0.0
1.003031921545486,-0.20239063934289425,0.05,0.9743585500000007,0.0
0.9994524599787825,-0.1759613492782473,0.05,0.9743585500000007,0.0
0.9825704181271908,-0.01015881321982974,0.05,1.0717944050000008,0.0
0.9896054003790994,-0.011403186581309675,0.05,1.0717944050000008,0.0
0.998239309769327,-0.012405896465399054,0.05,1.0717944050000008,0.0
1.006755533104451,-0.012617659680995633,0.05,1.0717944050000008,0.0
1.0150692958300551,-0.01284266325727773,0.05,1.0717944050000008,0.0
1.0238890855984741,-0.011612273485932278,0.05,1.0717944050000008,0.0
1.0985045617109546,-0.0005932522084331692,0.05,1.178973845500001,0.0
1.107000174045729,-0.0014489706268030367,0.05,1.178973845500001,0.0
1.1151904982891616,-0.001972535379186184,0.05,1.178973845500001,0.0
1.1229286416302107,-0.002204404524919235,0.05,1.178973845500001,0.0
1.1298304286923453,-0.001839754479453519,0.05,1.178973845500001,0.0
1.1367649816428462,-0.0013073747481851395,0.05,1.178973845500001,0.0
1.1999220315216617,-0.0005284960225784115,0.05,1.2968712300500012,0.0
1.2108971021101573,-0.0017264002145922692,0.05,1.2968712300500012,0.0
1.2215944658990678,-0.0025087999713938294,0.05,1.2968712300500012,0.0
1.2316084418294106,-0.0038006822734101093,0.05,1.2968712300500012,0.0
1.2402891119467918,-0.0038931326507503188,0.05,1.2968712300500012,0.0
1.2481702936477659,-0.0027422838475845237,0.05,1.2968712300500012,0.0
1.2525527981405329,0.01344940163299363,0.05,1.167184107045001,0.0
1.2443991356597004,0.013409970314381438,0.05,1.167184107045001,0.0
1.235410237323289,0.012550000000000006,0.05,1.167184107045001,0.0
1.2266614309132093,0.011859300488793521,0.05,1.167184107045001,0.0
1.2174144528549289,0.010982454404577428,0.05,1.167184107045001,0.0
1.2076476627882025,0.009019246083784368,0.05,1.167184107045001,0.0
1.1183220219445074,-0.0005051022170862115,0.05,1.050465696340501,0.0
1.1088862394043801,-0.004400002682435407,0.05,1.050465696340501,0.0
1.0991747389407431,-0.00595437989486106,0.05,1.050465696340501,0.0
1.087921956801602,-0.005554977828636813,0.05,1.050465696340501,0.0
1.0752177617855652,-0.004971224447225693,0.05,1.050465696340501,0.0
1.0620796140869586,-0.004734970314381424,0.05,1.050465696340501,0.0
1.0233921272233084,-0.0034974953507224205,0.05,0.9454191267064509,0.0
1.0105652052883811,-0.0032631035263822926,0.05,0.9454191267064509,0.0
0.9983332701568682,-0.0019987054784723155,0.05,0.9454191267064509,0.0
0.9883802304996244,-0.0009862549622688683,0.05,0.9454191267064509,0.0
0.979457252181376,-0.001813141896724354,0.05,0.9454191267064509,0.0
0.9714883018609252,-0.003590716831777589,0.05,0.9454191267064509,0.0
0.9440723887802784,0.07504923707800877,0.05,0.9454191267064509,1.8908382534129018
0.9507241559773019,0.09731672786228603,0.05,0.9454191267064509,1.8908382534129018
0.9456114133479552,0.13399424683823444,0.05,0.9454191267064509,1.8908382534129018
0.9459847095885838,0.15840668655595427,0.05,0.9454191267064509,1.8908382534129018
0.9507126913310922,0.17311046062513413,0.05,0.9454191267064509,1.8908382534129018
0.9534371065808298,0.18373823855507868,0.05,0.9454191267064509,1.8908382534129018
0.9556837222401029,0.19928402800128742,0.05,0.9454191267064509,0.0
0.9564192186643142,0.2019013381893613,0.05,0.9454191267064509,0.0
0.9578013398178612,0.20195168311638773,0.05,0.9454191267064509,0.0
0.9572356630706879,0.2016370327214209,0.05,0.9454191267064509,0.0
0.9583323448078575,0.1974623682893106,0.05,0.9454191267064509,0.0
0.9605129789351963,0.18814034708645275,0.05,0.9454191267064509,0.0
0.9219199380744061,-0.07277918698072498,0.05,0.9454191267064509,-1.8908382534129018
0.9247156887055625,-0.08963441441548842,0.05,0.9454191267064509,-1.8908382534129018
0.9288638673667647,-0.10133826123752875,0.05,0.9454191267064509,-1.8908382534129018
0.9349774663209347,-0.10982240432761087,0.05,0.9454191267064509,-1.8908382534129018
0.9398059523667652,-0.11364490656878634,0.05,0.9454191267064509,-1.8908382534129018
0.9453255969909036,-0.11508016339012146,0.05,0.9454191267064509,-1.8908382534129018
0.9495093487019334,-0.11808582258564378,0.05,0.9454191267064509,0.0
0.9544390815012639,-0.11972807716152416,0.05,0.9454191267064509,0.0
0.9571017928227499,-0.12075688673960717,0.05,0.9454191267064509,0.0
0.959326065846418,-0.12126778646112761,0.05,0.9454191267064509,0.0
0.9601797135006913,-0.12030326223001002,0.05,0.9454191267064509,0.0
0.9598311424006867,-0.11811271519862654,0.05,0.9454191267064509,0.0
0.9392083112795937,-0.09881472891781704,0.05,0.9454191267064509,-1.8908382534129018
0.9370872761629987,-0.12840315756217363,0.05,0.9454191267064509,-1.8908382534129018
0.9397601025784685,-0.15174825747732068,0.05,0.9454191267064509,-1.8908382534129018
0.9373555880073912,-0.18394943970912558,0.05,0.9454191267064509,-1.8908382534129018
0.9369581460841578,-0.21473819287161758,0.05,0.9454191267064509,-1.8908382534129018
0.9455903303011516,-0.23197787888361665,0.05,0.9454191267064509,-1.8908382534129018
0.973006050203819,-0.2651528549548261,0.05,0.9454191267064509,0.0
0.9793199357468977,-0.2599943546079846,0.05,0.9454191267064509,0.0
0.982795185017405,-0.25408868914214866,0.05,0.9454191267064509,0.0
0.9821582698520559,-0.24406172257787634,0.05,0.9454191267064509,0.0
0.978375,-0.22401406423199324,0.05,0.9454191267064509,0.0
0.9773536361468764,-0.18651298283261802,0.05,0.9454191267064509,0.0
0.9572370525870393,-0.038195115257631196,0.05,0.9454191267064509,1.8908382534129018
0.9559022950546043,0.013611385855310226,0.05,0.9454191267064509,1.8908382534129018
0.9548969590688582,0.05848329588662289,0.05,0.9454191267064509,1.8908382534129018
0.9459264386280728,0.09794285633389761,0.05,0.9454191267064509,1.8908382534129018
0.9367575183286642,0.15417557131787568,0.05,0.9454191267064509,1.8908382534129018
0.9268383196232715,0.20454125238435863,0.05,0.9454191267064509,1.8908382534129018
0.9703893804755944,0.38356684516359735,0.05,0.9454191267064509,0.0
0.967360803513958,0.3545009896416907,0.05,0.9454191267064509,0.0
0.967802464117114,0.31914862667493205,0.05,0.9454191267064509,0.0
0.9662828710988723,0.28792651455546814,0.05,0.9454191267064509,0.0
0.9657748187887458,0.2567349308536004,0.05,0.9454191267064509,0.0
0.9618990607194794,0.22798673206665554,0.05,0.9454191267064509,0.0
0.9099189730093824,-0.08542345376187695,0.05,0.9454191267064509,-1.8908382534129018
0.9155139944453716,-0.10135554747657759,0.05,0.9454191267064509,-1.8908382534129018
0.9174919372720121,-0.1321298852013447,0.05,0.9454191267064509,-1.8908382534129018
0.9152410969722254,-0.17470081207533678,0.05,0.9454191267064509,-1.8908382534129018
0.9163539103947355,-0.21606738635415304,0.05,0.9454191267064509,-1.8908382534129018
0.9262885224062087,-0.2482430340474232,0.05,0.9454191267064509,-1.8908382534129018
0.969301243637274,-0.34710097214109453,0.05,0.9454191267064509,0.0
0.9720988525000597,-0.32065410298290375,0.05,0.9454191267064509,0.0
0.9744772225798376,-0.29345056592640273,0.05,0.9454191267064509,0.0
0.9798171773857065,-0.27064839124992546,0.05,0.9454191267064509,0.0
0.9750932403433475,-0.2585842513113973,0.05,0.9454191267064509,0.0
0.9723410495446092,-0.23420849327642934,0.05,0.9454191267064509,0.0
0.9145857206723892,-0.1563120588936576,0.05,0.9454191267064509,-1.8908382534129018
0.9089832760141621,-0.19453475300106093,0.05,0.9454191267064509,-1.8908382534129018
0.9073726186786201,-0.22650738597076847,0.05,0.9454191267064509,-1.8908382534129018
0.9032236240090601,-0.266698408237468,0.05,0.9454191267064509,-1.8908382534129018
0.9106556101951528,-0.28987340343096935,0.05,0.9454191267064509,-1.8908382534129018
0.9092960374794364,-0.3257563309133824,0.05,0.9454191267064509,-1.8908382534129018
0.9454991648983095,-0.41294304916430224,0.05,0.9454191267064509,0.0
0.9581547894661548,-0.37809701425812453,0.05,0.9454191267064509,0.0
0.9581974982415563,-0.3497210139960181,0.05,0.9454191267064509,0.0
0.9603885951265453,-0.31397469034250086,0.05,0.9454191267064509,0.0
0.9652985132670575,-0.2726014894149621,0.05,0.9454191267064509,0.0
0.9630383136817757,-0.24324582131190536,0.05,0.9454191267064509,0.0
0.9510878595353605,-0.11628168738750551,0.05,0.9454191267064509,-1.8908382534129018
0.944338720079153,-0.14389842826149152,0.05,0.9454191267064509,-1.8908382534129018
0.9433333245923524,-0.1664815759988557,0.05,0.9454191267064509,-1.8908382534129018
0.9364210059489038,-0.19842417144526173,0.05,0.9454191267064509,-1.8908382534129018
0.9306942328783454,-0.23435899088037193,0.05,0.9454191267064509,-1.8908382534129018
0.9330268693594345,-0.2601182268505824,0.05,0.9454191267064509,-1.8908382534129018
0.9709586322829857,-0.39029310567855313,0.05,0.9454191267064509,0.0
0.9711991938848492,-0.3625765299797354,0.05,0.9454191267064509,0.0
0.9723692487423408,-0.3267196546503588,0.05,0.9454191267064509,0.0
0.9793574276636583,-0.2827940417148512,0.05,0.9454191267064509,0.0
0.980575111154818,-0.24099414723692367,0.05,0.9454191267064509,0.0
0.9781367509954934,-0.20135605641526977,0.05,0.9454191267064509,0.0
0.9505320789790399,-0.07001666865266143,0.05,0.9454191267064509,1.8908382534129018
0.9417113624442697,-0.017625258982428525,0.05,0.9454191267064509,1.8908382534129018
0.938446637222997,0.029459944986827837,0.05,0.9454191267064509,1.8908382534129018
0.940524602706247,0.07365910407725322,0.05,0.9454191267064509,1.8908382534129018
0.9416653731538983,0.11667017093202056,0.05,0.9454191267064509,1.8908382534129018
0.9398676684827314,0.15800346949845614,0.05,0.9454191267064509,1.8908382534129018
0.9788934325039641,0.37060111619118014,0.05,0.9454191267064509,0.0
0.9669101515187639,0.35911531579323824,0.05,0.9454191267064509,0.0
0.9645944055693969,0.3313603684122689,0.05,0.9454191267064509,0.0
0.9596283597568244,0.30693051913219693,0.05,0.9454191267064509,0.0
0.9584413881901309,0.2740431717116323,0.05,0.9454191267064509,0.0
0.9575947577039995,0.2381285849675151,0.05,0.9454191267064509,0.0
0.9340903477432417,-0.03921784714779087,0.05,0.9454191267064509,-1.8908382534129018
0.923464500506646,-0.0779466269297252,0.05,0.9454191267064509,-1.8908382534129018
0.9219980531089472,-0.10748864164570994,0.05,0.9454191267064509,-1.8908382534129018
0.925652317568937,-0.13127143304204764,0.05,0.9454191267064509,-1.8908382534129018
0.9188964863399052,-0.1647788140391446,0.05,0.9454191267064509,-1.8908382534129018
0.9128573423697293,-0.20310727710024676,0.05,0.9454191267064509,-1.8908382534129018
0.9741904729826402,-0.3678216717140404,0.05,0.9454191267064509,0.0
0.9730383700550825,-0.33761484727090635,0.05,0.9454191267064509,0.0
0.9728452114598358,-0.30477955669722145,0.05,0.9454191267064509,0.0
0.9755164168961693,-0.2684424502545394,0.05,0.9454191267064509,0.0
0.9705548073599007,-0.2405965781348719,0.05,0.9454191267064509,0.0
0.9715307074223314,-0.20200489854796022,0.05,0.9454191267064509,0.0
0.8713074076171177,-0.0004316089521992977,0.05,-0.9454191267064509,0.0
0.8500184281899357,0.0025530424053122986,0.05,-0.9454191267064509,0.0
0.8259305509196896,-0.004505405187931373,0.05,-0.9454191267064509,0.0
0.7956641108700576,-0.005926114243482604,0.05,-0.9454191267064509,0.0
0.7548852755398769,-0.009875589335939352,0.05,-0.9454191267064509,0.0
0.7058525963109135,-0.006471762808665885,0.05,0.0,0.0
0.6536716140836005,-0.008513317202827199,0.05,0.0,0.0
0.594983703012673,-0.0057697525602355675,0.05,0.0,0.0
0.5378527189720116,-0.004684137939255223,0.05,0.0,0.0
0.48037444800782086,-0.0036447554781945104,0.05,0.0,0.0
0.4217101730118241,-0.00399212238962524,0.05,0.0,0.0
-0.07206614949037372,-0.10037298414496035,0.05,-0.9454191267064509,-1.8908382534129018
-0.10184670685627101,-0.12810015614942666,0.05,-0.9454191267064509,-1.8908382534129018
-0.13548471804959467,-0.15674195547210298,0.05,-0.9454191267064509,-1.8908382534129018
-0.17674726182529085,-0.18098634846461947,0.05,-0.9454191267064509,-1.8908382534129018
-0.21961772496393184,-0.2107099288771775,0.05,-0.9454191267064509,-1.8908382534129018
-0.26118192535552087,-0.2482739656220572,0.05,-0.9454191267064509,-1.8908382534129018
-0.8588544391465013,-0.39802329598283465,0.05,0.9454191267064509,0.0
-0.841715181030269,-0.37583370608361844,0.05,0.9454191267064509,0.0
-0.8250510415549118,-0.3417110172370632,0.05,0.9454191267064509,0.0
-0.7946418492905687,-0.3160645439370454,0.05,0.9454191267064509,0.0
-0.761441646502092,-0.2848195779147247,0.05,0.9454191267064509,0.0
-0.7236044850666953,-0.25863892929220555,0.05,0.9454191267064509,0.0
0.4404107746957362,-0.10423054797296491,0.05,0.9454191267064509,-1.8908382534129018
0.48436226961684276,-0.14095737583748597,0.05,0.9454191267064509,-1.8908382534129018
0.5394169739069279,-0.16160186579173222,0.05,0.9454191267064509,-1.8908382534129018
0.5887802038006223,-0.18993538495010787,0.05,0.9454191267064509,-1.8908382534129018
0.63758353460814,-0.2175743317994325,0.05,0.9454191267064509,-1.8908382534129018
0.6793514750062588,-0.2522724255194859,0.05,0.9454191267064509,-1.8908382534129018
0.9872477593215085,-0.34961983293997045,0.05,0.9454191267064509,0.0
0.9882329787995136,-0.3201125026828512,0.05,0.9454191267064509,0.0
0.9896534955240602,-0.289242268425256,0.05,0.9454191267064509,0.0
0.982605853632364,-0.2675328307758343,0.05,0.9454191267064509,0.0
0.9816797041504756,-0.23605540980284642,0.05,0.9454191267064509,0.0
0.9731017055344922,-0.21401042575768414,0.05,0.9454191267064509,0.0
0.9256996402899139,-0.13708824966919783,0.05,0.9454191267064509,-1.8908382534129018
0.9270673391711772,-0.16113209393404707,0.05,0.9454191267064509,-1.8908382534129018
0.9254860671124142,-0.1907563465389016,0.05,0.9454191267064509,-1.8908382534129018
0.919288104249866,-0.22892486648387672,0.05,0.9454191267064509,-1.8908382534129018
0.921750588894452,-0.2540977946260401,0.05,0.9454191267064509,-1.8908382534129018
0.9270817411778731,-0.2725520138888889,0.05,0.9454191267064509,-1.8908382534129018
0.9595867372542943,-0.2921659978424384,0.05,0.9454191267064509,0.0
0.9619149225083453,-0.28963425667620407,0.05,0.9454191267064509,0.0
0.962217516866924,-0.28682006746769656,0.05,0.9454191267064509,0.0
0.9611427562016474,-0.27902212983823865,0.05,0.9454191267064509,0.0
0.9645742561510585,-0.2540344173183292,0.05,0.9454191267064509,0.0
0.9652335048350363,-0.22340603872798598,0.05,0.9454191267064509,0.0
0.9509153341160764,-0.08634486280142561,0.05,0.9454191267064509,-1.8908382534129018
0.9562424839951836,-0.11236316060848105,0.05,0.9454191267064509,-1.8908382534129018
0.9537915382323141,-0.1489463573514512,0.05,0.9454191267064509,-1.8908382534129018
0.9610277748634922,-0.17043178008536208,0.05,0.9454191267064509,-1.8908382534129018
0.9672153219751144,-0.1858348961312929,0.05,0.9454191267064509,-1.8908382534129018
0.9722941230998509,-0.19489783666169894,0.05,0.9454191267064509,-1.8908382534129018
0.9856690685088272,-0.20224420351186712,0.05,0.9454191267064509,0.0
0.9877859272727273,-0.20147279999999998,0.05,0.9454191267064509,0.0
0.9878669855176113,-0.20217075362059714,0.05,0.9454191267064509,0.0
0.9876050601447288,-0.20043380890785756,0.05,0.9454191267064509,0.0
0.9860170441541102,-0.19348512898149914,0.05,0.9454191267064509,0.0
0.9821612331453641,-0.18469134169458384,0.05,0.9454191267064509,0.0
0.9236494042794134,0.09596873256645609,0.05,0.9454191267064509,1.8908382534129018
0.9302920877889441,0.1141043432519104,0.05,0.9454191267064509,1.8908382534129018
0.9334919946481997,0.13815647043398452,0.05,0.9454191267064509,1.8908382534129018
0.9296815891126293,0.17528897731201643,0.05,0.9454191267064509,1.8908382534129018
0.9297430342817636,0.21102973043042925,0.05,0.9454191267064509,1.8908382534129018
0.9286622977838179,0.24943224342238596,0.05,0.9454191267064509,1.8908382534129018
0.9639315797942716,0.33280297269270653,0.05,0.9454191267064509,0.0
0.9689121353725847,0.31538908352903317,0.05,0.9454191267064509,0.0
0.9702044992072669,0.2895803220403638,0.05,0.9454191267064509,0.0
0.9706284046472258,0.26458847105319633,0.05,0.9454191267064509,0.0
0.9714809183941068,0.23777685359573733,0.05,0.9454191267064509,0.0
0.9625012342036243,0.21961558327372438,0.05,0.9454191267064509,0.0
0.948835127038821,0.012296559042350257,0.05,0.9454191267064509,-1.8908382534129018
0.9459394668613661,-0.04787558558827034,0.05,0.9454191267064509,-1.8908382534129018
0.9405745332562381,-0.0876462433982284,0.05,0.9454191267064509,-1.8908382534129018
0.9440344242803503,-0.12586211961380298,0.05,0.9454191267064509,-1.8908382534129018
0.94387839160339,-0.15150498623213454,0.05,0.9454191267064509,-1.8908382534129018
0.9461647933825195,-0.173296774395404,0.05,0.9454191267064509,-1.8908382534129018
0.9611478388623332,-0.1888224773813639,0.05,0.9454191267064509,0.0
0.9661572130287568,-0.1897997669178311,0.05,0.9454191267064509,0.0
0.9690355700917869,-0.18934150256287996,0.05,0.9454191267064509,0.0
0.9731461053823687,-0.18802232937950766,0.05,0.9454191267064509,0.0
0.9782593831582961,-0.186412847640278,0.05,0.9454191267064509,0.0
0.9803902698965237,-0.17524167660102044,0.05,0.9454191267064509,0.0
0.9495571901033286,0.08107189984149119,0.05,0.9454191267064509,1.8908382534129018
0.9564601945017346,0.09015288801993301,0.05,0.9454191267064509,1.8908382534129018
0.9614816288036806,0.09835482365701619,0.05,0.9454191267064509,1.8908382534129018
0.9656173369215364,0.10205030934840141,0.05,0.9454191267064509,1.8908382534129018
0.9680437330146848,0.10341147730523506,0.05,0.9454191267064509,1.8908382534129018
0.9689672537729775,0.10415504673008606,0.05,0.9454191267064509,0.0
0.9700831181834435,0.10378830681208653,0.05,0.9454191267064509,0.0
0.9697884941827198,0.10497858692542439,0.05,0.9454191267064509,0.0
0.969093648603545,0.10601207996090166,0.05,0.9454191267064509,0.0
0.9667878170894526,0.10924850455369065,0.05,0.9454191267064509,0.0
0.9644120087375284,0.11151536875230957,0.05,0.9454191267064509,0.0
0.9518677333897537,-0.07851672497437241,0.05,0.9454191267064509,-1.8908382534129018
0.9519514034763533,-0.10891667749549956,0.05,0.9454191267064509,-1.8908382534129018
0.9573213952795327,-0.13362704553582072,0.05,0.9454191267064509,-1.8908382534129018
0.9681733959801151,-0.14691843996995815,0.05,0.9454191267064509,-1.8908382534129018
0.9769664163537755,-0.1583304443053817,0.05,0.9454191267064509,-1.8908382534129018
0.9844232352765856,-0.16667067387935144,0.05,0.9454191267064509,-1.8908382534129018
0.9977919328883061,-0.1743349973179163,0.05,0.9454191267064509,0.0
0.9988471715546018,-0.1757890510252742,0.05,0.9454191267064509,0.0
0.999550217251368,-0.1742909424954404,0.05,0.9454191267064509,0.0
0.9978798619472826,-0.16959125636318115,0.05,0.9454191267064509,0.0
0.9932086243890811,-0.16256493324591725,0.05,0.9454191267064509,0.0
0.9882215056808021,-0.15240688163902763,0.05,0.9454191267064509,0.0
0.9469675049168603,0.08810362566303118,0.05,0.9454191267064509,1.8908382534129018
0.9555361792300998,0.10080818123293715,0.05,0.9454191267064509,1.8908382534129018
0.9505924927296132,0.1367987375151963,0.05,0.9454191267064509,1.8908382534129018
0.9445410149497503,0.17535357649527308,0.05,0.9454191267064509,1.8908382534129018
0.9436859393440864,0.2105539045456171,0.05,0.9454191267064509,1.8908382534129018
0.9513479214601637,0.2315599626256244,0.05,0.9454191267064509,1.8908382534129018
0.9683169933725102,0.2692387007855244,0.05,0.9454191267064509,0.0
0.9694749999999999,0.2666106506759496,0.05,0.9454191267064509,0.0
0.9683096889453106,0.2600113619296238,0.05,0.9454191267064509,0.0
0.9684858804244156,0.24703515617548882,0.05,0.9454191267064509,0.0
0.9656705719139297,0.2341364680813018,0.05,0.9454191267064509,0.0
0.9639691496971718,0.21014619944918692,0.05,0.9454191267064509,0.0
0.9392331097997139,-0.07660115343347638,0.05,0.9454191267064509,-1.8908382534129018
0.9378793591760834,-0.10008991560577885,0.05,0.9454191267064509,-1.8908382534129018
0.9448361739669519,-0.1122861933403276,0.05,0.9454191267064509,-1.8908382534129018
0.9530450946556513,-0.1250186789933598,0.05,0.9454191267064509,-1.8908382534129018
0.962386564828614,-0.1364395081967213,0.05,0.9454191267064509,-1.8908382534129018
0.9722117898777027,-0.14234328319069298,0.05,0.9454191267064509,-1.8908382534129018
0.9885222141077155,-0.1485972215598135,0.05,0.9454191267064509,0.0
0.991258335319849,-0.1497333368097355,0.05,0.9454191267064509,0.0
0.9904638842526913,-0.1531999582742218,0.05,0.9454191267064509,0.0
0.9895444662971571,-0.15256096906847844,0.05,0.9454191267064509,0.0
0.9881167173415367,-0.1485917620546573,0.05,0.9454191267064509,0.0
0.9844679403666444,-0.14108165079383997,0.05,0.9454191267064509,0.0
0.9509692929015952,0.087844523593791,0.05,0.9454191267064509,1.8908382534129018
0.9520624751182998,0.11627243614193594,0.05,0.9454191267064509,1.8908382534129018
0.9504469041345764,0.14467940669782303,0.05,0.9454191267064509,1.8908382534129018
0.9548942043151746,0.16242177136726668,0.05,0.9454191267064509,1.8908382534129018
0.9598748664775097,0.1732080384711675,0.05,0.9454191267064509,1.8908382534129018
0.9656095175940494,0.1783915713059648,0.05,0.9454191267064509,1.8908382534129018
0.973855473965287,0.18841386849132177,0.05,0.9454191267064509,0.0
0.9746027917496037,0.18968740569017511,0.05,0.9454191267064509,0.0
0.973916694483852,0.19061112409246436,0.05,0.9454191267064509,0.0
0.9729944613312355,0.18831542131550089,0.05,0.9454191267064509,0.0
0.9716417180291128,0.18132523813497695,0.05,0.9454191267064509,0.0
0.9697876019167502,0.17056464382777858,0.05,0.9454191267064509,0.0
0.9071209654539387,-0.06265199432576768,0.05,0.9454191267064509,-1.8908382534129018
0.9046416257361534,-0.08137981539543643,0.05,0.9454191267064509,-1.8908382534129018
0.906812198261989,-0.09093829882344526,0.05,0.9454191267064509,-1.8908382534129018
0.9118523092513113,-0.09931347758702908,0.05,0.9454191267064509,-1.8908382534129018
0.9198455747016822,-0.10499702456876511,0.05,0.9454191267064509,-1.8908382534129018
0.9269994945099488,-0.10876392750271223,0.05,0.9454191267064509,-1.8908382534129018
0.9351177170375846,-0.10868454363400126,0.05,0.9454191267064509,0.0
0.9419023908300849,-0.109874780050785,0.05,0.9454191267064509,0.0
0.9477677703411448,-0.1132012912127208,0.05,0.9454191267064509,0.0
0.9505637222818312,-0.11586937857653791,0.05,0.9454191267064509,0.0
0.9539400579933007,-0.11456403044499278,0.05,0.9454191267064509,0.0
0.9570605474013044,-0.1127058907343595,0.05,0.9454191267064509,0.0
0.938041489843601,-0.1172583408830822,0.05,0.9454191267064509,-1.8908382534129018
0.9318952340359579,-0.15679453359721493,0.05,0.9454191267064509,-1.8908382534129018
0.9315498921193482,-0.18714627305129397,0.05,0.9454191267064509,-1.8908382534129018
0.9308501743499875,-0.22040480758914202,0.05,0.9454191267064509,-1.8908382534129018
0.9292506830373107,-0.2528321140779592,0.05,0.9454191267064509,-1.8908382534129018
0.9298976608326578,-0.28071046544899614,0.05,0.9454191267064509,-1.8908382534129018
0.9952193346803032,-0.3643696744028036,0.05,0.9454191267064509,0.0
1.0012089071963375,-0.3293933243716915,0.05,0.9454191267064509,0.0
1.0031223860805512,-0.298838108633205,0.05,0.9454191267064509,0.0
0.9951395268296753,-0.2756274054911124,0.05,0.9454191267064509,0.0
0.9911909754920075,-0.2484905889785555,0.05,0.9454191267064509,0.0
0.9941599395651551,-0.21395967493920753,0.05,0.9454191267064509,0.0
0.9192164400133488,0.07240954864008009,0.05,0.9454191267064509,1.8908382534129018
0.9209742280270876,0.09116214888645144,0.05,0.9454191267064509,1.8908382534129018
0.9264427319968535,0.103611533396105,0.05,0.9454191267064509,1.8908382534129018
0.9268855009656883,0.1302104353942631,0.05,0.9454191267064509,1.8908382534129018
0.9298853361144219,0.1595683206197855,0.05,0.9454191267064509,1.8908382534129018
0.9279089802815894,0.1987598750014902,0.05,0.9454191267064509,1.8908382534129018
0.9457449136985648,0.4186664705812235,0.05,0.9454191267064509,0.0
0.9485704717487187,0.3824400882107522,0.05,0.9454191267064509,0.0
0.9456830890504858,0.34646059277582403,0.05,0.9454191267064509,0.0
0.9453203706573833,0.2967887765564272,0.05,0.9454191267064509,0.0
0.938361904151717,0.2490312532034854,0.05,0.9454191267064509,0.0
0.9330759837003828,0.19308349887321594,0.05,0.9454191267064509,-1.8908382534129018
0.9347136610719055,0.12830352613007823,0.05,0.9454191267064509,-1.8908382534129018
0.936004035873103,0.07767520982605898,0.05,0.9454191267064509,-1.8908382534129018
0.9415624463596052,0.025121548240595058,0.05,0.9454191267064509,-1.8908382534129018
0.9368583801280447,-0.031260043873767525,0.05,0.9454191267064509,-1.8908382534129018
0.934740394976815,-0.11370263705284236,0.05,0.9454191267064509,-1.8908382534129018
0.9663306538323996,-0.398484657885326,0.05,0.9454191267064509,0.0
0.9617489392711103,-0.3732126822522383,0.05,0.9454191267064509,0.0
0.9652225007152735,-0.3376886092699442,0.05,0.9454191267064509,0.0
0.9699157993562232,-0.29891358637339055,0.05,0.9454191267064509,0.0
0.9623321853432348,-0.274651027201316,0.05,0.9454191267064509,0.0
0.9582741469041743,-0.24817401545230178,0.05,0.9454191267064509,0.0
0.942235888755111,0.10353903733594001,0.05,0.9454191267064509,1.8908382534129018
0.9501696128217049,0.11897722943413322,0.05,0.9454191267064509,1.8908382534129018
0.9435862314046632,0.15633771903161206,0.05,0.9454191267064509,1.8908382534129018
0.9439380099882,0.19033197892704323,0.05,0.9454191267064509,1.8908382534129018
0.9486093350619933,0.21875917560801145,0.05,0.9454191267064509,1.8908382534129018
0.9480863250283126,0.256022962687012,0.05,0.9454191267064509,1.8908382534129018
0.9650450773742816,0.38600556254321755,0.05,0.9454191267064509,0.0
0.967190166352756,0.35481986189919895,0.05,0.9454191267064509,0.0
0.9635481840345251,0.32821206381659734,0.05,0.9454191267064509,0.0
0.9622535928000955,0.29626970854690665,0.05,0.9454191267064509,0.0
0.9561370623263911,0.27031341811614074,0.05,0.9454191267064509,0.0
0.950561523216308,0.24422143261608154,0.05,0.9454191267064509,0.0
0.9429340442587582,0.09263336660984826,0.05,0.9454191267064509,1.8908382534129018
0.94451330196214,0.1030423549852184,0.05,0.9454191267064509,1.8908382534129018
0.9461335775928861,0.10817170830701014,0.05,0.9454191267064509,1.8908382534129018
0.9486134983606558,0.11032633770491805,0.05,0.9454191267064509,1.8908382534129018
0.9517275015198655,0.11125326622083946,0.05,0.9454191267064509,1.8908382534129018
0.9554073249242948,0.11129403627888124,0.05,0.9454191267064509,0.0
0.9570664038193326,0.1122688749418875,0.05,0.9454191267064509,0.0
0.9605942544769535,0.10897212723847678,0.05,0.9454191267064509,0.0
0.961558594187696,0.10761230435922807,0.05,0.9454191267064509,0.0
0.9604387247537974,0.10904531201564253,0.05,0.9454191267064509,0.0
0.9600282494546495,0.10655363537208998,0.05,0.9454191267064509,0.0
0.9383473836966757,-0.08295175453234323,0.05,0.9454191267064509,-1.8908382534129018
0.9403935673752102,-0.09932555972151022,0.05,0.9454191267064509,-1.8908382534129018
0.9490066013278344,-0.11183578597310956,0.05,0.9454191267064509,-1.8908382534129018
0.9576260584959878,-0.12354000256352167,0.05,0.9454191267064509,-1.8908382534129018
0.9666441187689226,-0.1347518791570315,0.05,0.9454191267064509,-1.8908382534129018
0.9751742375467963,-0.1412256968786513,0.05,0.9454191267064509,-1.8908382534129018
0.9922317312154204,-0.14615933339282525,0.05,0.9454191267064509,0.0
0.9930391865067538,-0.14783772547359886,0.05,0.9454191267064509,0.0
0.9930533394125781,-0.14887120106803986,0.05,0.9454191267064509,0.0
0.9912318490415335,-0.14954734424920127,0.05,0.9454191267064509,0.0
0.9902360631310422,-0.14512845456496085,0.05,0.9454191267064509,0.0
0.9862960318784944,-0.13463876533422345,0.05,0.9454191267064509,0.0
0.9300615312630386,-0.14175784347618764,0.05,0.9454191267064509,-1.8908382534129018
0.9212623474265144,-0.17541677563353755,0.05,0.9454191267064509,-1.8908382534129018
0.9174684346685741,-0.20499259537434428,0.05,0.9454191267064509,-1.8908382534129018
0.9134788380159969,-0.2388832800896401,0.05,0.9454191267064509,-1.8908382534129018
0.9159155061102833,-0.26463521937406853,0.05,0.9454191267064509,-1.8908382534129018
0.9146596350752139,-0.2989732626886309,0.05,0.9454191267064509,-1.8908382534129018
0.9605699299719889,-0.3470493193873294,0.05,0.9454191267064509,0.0
0.9611867353568831,-0.34503543079912735,0.05,0.9454191267064509,0.0
0.9602204586089756,-0.33571978455211876,0.05,0.9454191267064509,0.0
0.9671125117737531,-0.3054144116700249,0.05,0.9454191267064509,0.0
0.9705082420464163,-0.2747248137508493,0.05,0.9454191267064509,0.0
0.9709508650395259,-0.23884203817858807,0.05,0.9454191267064509,0.0
0.9203262494337014,0.06590296889530033,0.05,0.9454191267064509,1.8908382534129018
0.9264408938127988,0.09520072706468492,0.05,0.9454191267064509,1.8908382534129018
0.9345085107778149,0.11218807406171015,0.05,0.9454191267064509,1.8908382534129018
0.9414086465224387,0.12955534328625068,0.05,0.9454191267064509,1.8908382534129018
0.9434438247356312,0.1567580082619011,0.05,0.9454191267064509,1.8908382534129018
0.9477029443318632,0.18597600131124092,0.05,0.9454191267064509,1.8908382534129018
0.9914628518545011,0.32732297381880615,0.05,0.9454191267064509,0.0
0.9896607560080107,0.3021447301759489,0.05,0.9454191267064509,0.0
0.9810072090278275,0.28853286179268905,0.05,0.9454191267064509,0.0
0.9750088920813562,0.27543234489377433,0.05,0.9454191267064509,0.0
0.9721222352702734,0.2516910727485157,0.05,0.9454191267064509,0.0
0.9639218332399538,0.22963867166545474,0.05,0.9454191267064509,0.0
0.9545751111614433,0.07882772807467188,0.05,0.9454191267064509,1.8908382534129018
0.9560619246038842,0.10656209717801067,0.05,0.9454191267064509,1.8908382534129018
0.9635569840494016,0.12711194208669116,0.05,0.9454191267064509,1.8908382534129018
0.9691326771747424,0.14244688036531858,0.05,0.9454191267064509,1.8908382534129018
0.9735649819397755,0.15224113439668124,0.05,0.9454191267064509,1.8908382534129018
0.9800759364791719,0.15521909201459264,0.05,0.9454191267064509,1.8908382534129018
0.9858707572361833,0.16060518930904585,0.05,0.9454191267064509,0.0
0.9878702902049137,0.16148425151092516,0.05,0.9454191267064509,0.0
0.9889658759254623,0.16150687345756287,0.05,0.9454191267064509,0.0
0.9888314991417128,0.15990471104329582,0.05,0.9454191267064509,0.0
0.9877620715350224,0.1551734664679583,0.05,0.9454191267064509,0.0
0.9844631304161252,0.14357220179275984,0.05,0.9454191267064509,0.0
0.9508226675289994,-0.03321412954065878,0.05,0.9454191267064509,-1.8908382534129018
0.9367715306256258,-0.07605932239759666,0.05,0.9454191267064509,-1.8908382534129018
0.9313167451536756,-0.11301287465127922,0.05,0.9454191267064509,-1.8908382534129018
0.9364969132196924,-0.1390100441053761,0.05,0.9454191267064509,-1.8908382534129018
0.9343957814269537,-0.16987531143827858,0.05,0.9454191267064509,-1.8908382534129018
0.9290186944239158,-0.21017385033494645,0.05,0.9454191267064509,-1.8908382534129018
0.9712051644172073,-0.3566670152136589,0.05,0.9454191267064509,0.0
0.9717790568972916,-0.33170656023507533,0.05,0.9454191267064509,0.0
0.9765027223089853,-0.30323736424220027,0.05,0.9454191267064509,0.0
0.9820792747040521,-0.2835416928936733,0.05,0.9454191267064509,0.0
0.980453854819866,-0.2631841575069741,0.05,0.9454191267064509,0.0
0.968955852306592,-0.24808897663607105,0.05,0.9454191267064509,0.0
0.9474858902982761,0.09438106149114234,0.05,0.9454191267064509,1.8908382534129018
0.9521837993372035,0.11343694493783305,0.05,0.9454191267064509,1.8908382534129018
0.9557702309985097,0.1367059612518629,0.05,0.9454191267064509,1.8908382534129018
0.9544745750539376,0.17005934881336943,0.05,0.9454191267064509,1.8908382534129018
0.9507778129806028,0.2081494322178376,0.05,0.9454191267064509,1.8908382534129018
0.9558923461359653,0.23327747738082466,0.05,0.9454191267064509,1.8908382534129018
0.972164253505817,0.27770029832294135,0.05,0.9454191267064509,0.0
0.9727962952808935,0.2740986578141204,0.05,0.9454191267064509,0.0
0.9741487446351931,0.264953696948021,0.05,0.9454191267064509,0.0
0.9751231096092875,0.25141765834704044,0.05,0.9454191267064509,0.0
0.9748404984739377,0.23325279996661738,0.05,0.9454191267064509,0.0
0.9721532688639887,0.20868163756109193,0.05,0.9454191267064509,0.0
0.9437264911318775,0.10110389768284544,0.05,0.9454191267064509,1.8908382534129018
0.9450117655298199,0.13176228706474186,0.05,0.9454191267064509,1.8908382534129018
0.947700006555892,0.16354357820583118,0.05,0.9454191267064509,1.8908382534129018
0.9455060331878978,0.20161062096178148,0.05,0.9454191267064509,1.8908382534129018
0.951359352200658,0.2257949608983835,0.05,0.9454191267064509,1.8908382534129018
0.9500475929325927,0.26040494110493817,0.05,0.9454191267064509,1.8908382534129018
0.962125748238912,0.38160235139516313,0.05,0.9454191267064509,0.0
0.9680665691955502,0.3447382793218157,0.05,0.9454191267064509,0.0
0.9663934126776009,0.3163886764565653,0.05,0.9454191267064509,0.0
0.9648415131735812,0.28377637547687173,0.05,0.9454191267064509,0.0
0.9604910573587785,0.25569025633843107,0.05,0.9454191267064509,0.0
0.9610378654203826,0.21847235860079164,0.05,0.9454191267064509,0.0
0.9390954716148876,-0.06479580482105814,0.05,0.9454191267064509,-1.8908382534129018
0.9308228749016709,-0.10234007115444207,0.05,0.9454191267064509,-1.8908382534129018
0.9328559878633254,-0.12591025358258423,0.05,0.9454191267064509,-1.8908382534129018
0.9364325865398371,-0.14822399692461735,0.05,0.9454191267064509,-1.8908382534129018
0.9418042003958083,-0.16654548814363546,0.05,0.9454191267064509,-1.8908382534129018
0.9473074614366775,-0.1773865919440206,0.05,0.9454191267064509,-1.8908382534129018
0.9773322937277994,-0.1931082222804968,0.05,0.9454191267064509,0.0
0.9825083257832243,-0.19288854072290304,0.05,0.9454191267064509,0.0
0.9875135130946845,-0.1936700845760469,0.05,0.9454191267064509,0.0
0.9918361370085124,-0.19352426023510333,0.05,0.9454191267064509,0.0
0.9939099685373441,-0.18041471683609625,0.05,0.9454191267064509,0.0
0.9935935808756007,-0.15776695090100296,0.05,0.9454191267064509,0.0
0.9513390043398431,0.09809404523451846,0.05,0.9454191267064509,1.8908382534129018
0.9525920129452153,0.12366708088971537,0.05,0.9454191267064509,1.8908382534129018
0.9504495091201716,0.1542755066762041,0.05,0.9454191267064509,1.8908382534129018
0.9489858842706271,0.19158209705104062,0.05,0.9454191267064509,1.8908382534129018
0.9531589597167416,0.2206089203752936,0.05,0.9454191267064509,1.8908382534129018
0.9459276847657647,0.26535876922159973,0.05,0.9454191267064509,1.8908382534129018
0.9868009612633235,0.33175119912010875,0.05,0.9454191267064509,0.0
0.9903714511802574,0.30687534871244637,0.05,0.9454191267064509,0.0
0.9896289829548841,0.2822486846653555,0.05,0.9454191267064509,0.0
0.9794810041012925,0.26952422146978877,0.05,0.9454191267064509,0.0
0.9771149340199549,0.24551647802453244,0.05,0.9454191267064509,0.0
0.9764175650867825,0.21866241655540725,0.05,0.9454191267064509,0.0
0.9465924324066568,0.15132428949501694,0.05,0.9454191267064509,1.8908382534129018
0.9482399879602808,0.16110634022339046,0.05,0.9454191267064509,1.8908382534129018
0.9436427270613763,0.18737786166483858,0.05,0.9454191267064509,1.8908382534129018
0.9391571781912675,0.21698234387851192,0.05,0.9454191267064509,1.8908382534129018
0.9337428003101513,0.24823842598115234,0.05,0.9454191267064509,1.8908382534129018
0.9289040909849352,0.28211894456760106,0.05,0.9454191267064509,1.8908382534129018
0.8723525900404154,0.4052314449981521,0.05,0.0,0.0
0.8434391579549654,0.3728013887067743,0.05,0.0,0.0
0.8139404632047017,0.3364301074115137,0.05,0.0,0.0
0.775771372808429,0.3109758733507348,0.05,0.0,0.0
0.7459650367761009,0.27842604010204325,0.05,0.0,0.0
0.7142393934969428,0.2597442287750748,0.05,0.0,0.0
0.5900020061507653,0.24041565405521387,0.05,0.9454191267064509,1.8908382534129018
0.5729771390852416,0.24377552210606623,0.05,0.9454191267064509,1.8908382534129018
0.56626870477655,0.2434908653101122,0.05,0.9454191267064509,1.8908382534129018
0.5604818870038984,0.25386806173178034,0.05,0.9454191267064509,1.8908382534129018
0.5632062151337435,0.2686025568588185,0.05,0.9454191267064509,1.8908382534129018
0.576468648149252,0.28433927549621507,0.05,0.9454191267064509,1.8908382534129018
0.8029440369624296,0.364428506126633,0.05,0.9454191267064509,0.0
0.8421137352155665,0.3401073436307707,0.05,0.9454191267064509,0.0
0.8735136837996019,0.32183124485952347,0.05,0.9454191267064509,0.0
0.897366251892562,0.29524719423945833,0.05,0.9454191267064509,0.0
0.9106309515579182,0.2650651137149259,0.05,0.9454191267064509,0.0
0.9113866645205904,0.2352125915063071,0.05,0.9454191267064509,0.0
0.8631149106600073,0.14883848592850416,0.05,0.0,0.0
0.8294091389998212,0.12526874411396555,0.05,0.0,0.0
0.7904009601287323,0.10030780588831278,0.05,0.0,0.0
0.7439646032786885,0.07976970253353205,0.05,0.0,0.0
0.6950906990881459,0.061532872340425544,0.05,0.0,0.0
0.644606942987267,0.045003996971720174,0.05,0.0,0.0
0.06619492084118167,0.3968869009441835,0.05,0.9454191267064509,0.0
0.08707438702410183,0.3648541808710993,0.05,0.9454191267064509,0.0
0.11206811884493408,0.3317538641295276,0.05,0.9454191267064509,0.0
0.13978586782917557,0.3001046320575931,0.05,0.9454191267064509,0.0
0.16990927890978028,0.2677681613868587,0.05,0.9454191267064509,0.0
0.2034627213420317,0.23592378844361603,0.05,0.9454191267064509,0.0
0.41664338606048323,0.13636335870355581,0.05,0.0,1.8908382534129018
0.4165866902743499,0.1598313239975677,0.05,0.0,1.8908382534129018
0.4079686626014806,0.1886400441686635,0.05,0.0,1.8908382534129018
0.39278113830636985,0.22017798137793726,0.05,0.0,1.8908382534129018
0.373899417114658,0.24854557233619015,0.05,0.0,1.8908382534129018
0.35156125189265236,0.27415886118959903,0.05,0.0,1.8908382534129018
0.23370985404722455,0.32755149766976177,0.05,0.9454191267064509,0.0
0.21223488548844752,0.32732803506282937,0.05,0.9454191267064509,0.0
0.19619326340882,0.32414780095351614,0.05,0.9454191267064509,0.0
0.195010611931046,0.3056964628883432,0.05,0.9454191267064509,0.0
0.20395690476190478,0.27636258358662613,0.05,0.9454191267064509,0.0
0.21802184333198218,0.24443007194973654,0.05,0.9454191267064509,0.0
0.8532000691398054,-0.11286216890377646,0.05,0.0,-1.8908382534129018
0.8202611605493104,-0.14868814059389418,0.05,0.0,-1.8908382534129018
0.784184041012622,-0.18336624503879573,0.05,0.0,-1.8908382534129018
0.746000045304974,-0.21475428966569696,0.05,0.0,-1.8908382534129018
0.7046667127598704,-0.24125587092313563,0.05,0.0,-1.8908382534129018
0.6603073606027731,-0.25848152189463397,0.05,0.0,-1.8908382534129018
0.5007398279273803,-0.27749691884514055,0.05,0.0,1.8908382534129018
0.4419356451343682,-0.2746053645945108,0.05,0.0,1.8908382534129018
0.3831338009869597,-0.2660261866164445,0.05,0.0,1.8908382534129018
0.32482522802875846,-0.2507190363772937,0.05,0.0,1.8908382534129018
0.26913856031708194,-0.22431960156156872,0.05,0.0,1.8908382534129018
0.22124174018789644,-0.1813773355906338,0.05,0.0,1.8908382534129018
0.0754692611225025,0.1720744826188546,0.05,0.9454191267064509,0.0
0.08470032185004171,0.1855805936345214,0.05,0.9454191267064509,0.0
0.10359326454212717,0.19294658875496265,0.05,0.9454191267064509,0.0
0.12976965311717725,0.1938859625700322,0.05,0.9454191267064509,0.0
0.1593351673999356,0.19120447145020328,0.05,0.9454191267064509,0.0
0.19291791865829094,0.1841291019512951,0.05,0.9454191267064509,0.0
0.9435700021457692,-0.08249585151276731,0.05,0.9454191267064509,-1.8908382534129018
0.9463020490142323,-0.10385213781676877,0.05,0.9454191267064509,-1.8908382534129018
0.9519216335435567,-0.12858523617353568,0.05,0.9454191267064509,-1.8908382534129018
0.9576525791782389,-0.15355982918717892,0.05,0.9454191267064509,-1.8908382534129018
0.9639556367873918,-0.16945033261009512,0.05,0.9454191267064509,-1.8908382534129018
0.9706862934178846,-0.1787473543995995,0.05,0.9454191267064509,-1.8908382534129018
0.9887430819165931,-0.18569055234984141,0.05,0.9454191267064509,0.0
0.991475,-0.18515327206408239,0.05,0.9454191267064509,0.0
0.9929594228728794,-0.1841366253978851,0.05,0.9454191267064509,0.0
0.9926160550814584,-0.18216130930357463,0.05,0.9454191267064509,0.0
0.9910777659232063,-0.17551557720504965,0.05,0.9454191267064509,0.0
0.9873582584336632,-0.16264521814280605,0.05,0.9454191267064509,0.0
0.9436950112648856,0.0890934905053106,0.05,0.9454191267064509,1.8908382534129018
0.9541320986624066,0.10136849800910805,0.05,0.9454191267064509,1.8908382534129018
0.9530383725296206,0.1306136833384986,0.05,0.9454191267064509,1.8908382534129018
0.9487835985002027,0.1672921817997568,0.05,0.9454191267064509,1.8908382534129018
0.9489047012826015,0.20002351833309495,0.05,0.9454191267064509,1.8908382534129018
0.9528845809935977,0.22846322561608068,0.05,0.9454191267064509,1.8908382534129018
0.9759786673978613,0.3752653959180267,0.05,0.9454191267064509,-1.8908382534129018
0.9768690292992263,0.341876256362271,0.05,0.9454191267064509,-1.8908382534129018
0.9744558937128961,0.3042518942374175,0.05,0.9454191267064509,-1.8908382534129018
0.9581422904771553,0.2788269945049051,0.05,0.9454191267064509,-1.8908382534129018
0.9546746167371998,0.23086278774512725,0.05,0.9454191267064509,-1.8908382534129018
0.9496954422769845,0.17764407874353536,0.05,0.9454191267064509,-1.8908382534129018
0.9528140641577361,-0.351390006794855,0.05,0.9454191267064509,0.0
0.961241107872589,-0.3313412062203467,0.05,0.9454191267064509,0.0
0.9623640699698375,-0.30312830297213844,0.05,0.9454191267064509,0.0
0.9606454243652403,-0.2805769513648826,0.05,0.9454191267064509,0.0
0.9575785124952307,-0.2696694629912247,0.05,0.9454191267064509,0.0
0.9545558350220527,-0.2498159434974371,0.05,0.9454191267064509,0.0
0.9377632853566958,-0.09527710173431073,0.05,0.9454191267064509,-1.8908382534129018
0.9371660387086777,-0.12953067308036192,0.05,0.9454191267064509,-1.8908382534129018
0.943002124083676,-0.15272409380773586,0.05,0.9454191267064509,-1.8908382534129018
0.9495897880103015,-0.1699422000190767,0.05,0.9454191267064509,-1.8908382534129018
0.9571130652427833,-0.17814608352601843,0.05,0.9454191267064509,-1.8908382534129018
0.963356944080124,-0.18252242637415048,0.05,0.9454191267064509,-1.8908382534129018
0.9773699454072997,-0.18355168486423343,0.05,0.9454191267064509,0.0
0.9786697562473173,-0.18365187330106347,0.05,0.9454191267064509,0.0
0.9782531416140182,-0.18449371677196327,0.05,0.9454191267064509,0.0
0.9779394510014305,-0.18255148009060562,0.05,0.9454191267064509,0.0
0.9737621438788889,-0.1809631183692931,0.05,0.9454191267064509,0.0
0.9688113349705539,-0.17429507671490901,0.05,0.9454191267064509,0.0
0.9309217979708971,0.09309771428231205,0.05,0.9454191267064509,1.8908382534129018
0.9379491389177009,0.1051798875138596,0.05,0.9454191267064509,1.8908382534129018
0.9456247139281244,0.11831328625067049,0.05,0.9454191267064509,1.8908382534129018
0.9531173502902991,0.13106189183228223,0.05,0.9454191267064509,1.8908382534129018
0.9607421448836544,0.13843338975777228,0.05,0.9454191267064509,1.8908382534129018
0.9664484108956931,0.1442181347474603,0.05,0.9454191267064509,1.8908382534129018
0.9708678260662266,0.14714827758838536,0.05,0.9454191267064509,0.0
0.9736859246101758,0.14938152210195033,0.05,0.9454191267064509,0.0
0.9767617751701452,0.14879253179418112,0.05,0.9454191267064509,0.0
0.9766086166611034,0.15095,0.05,0.9454191267064509,0.0
0.9758104660102749,0.15148881134302028,0.05,0.9454191267064509,0.0
0.9734515203085323,0.15021069282674265,0.05,0.9454191267064509,0.0
0.9093096845531168,0.012535915463573404,0.05,0.8508772140358059,0.0
0.902996402345985,0.012193996757581545,0.05,0.8508772140358059,0.0
0.8949279876013352,0.01234683595612781,0.05,0.8508772140358059,0.0
0.8856533614472194,0.012767956428443712,0.05,0.8508772140358059,0.0
0.8750111564139246,0.013488208750596099,0.05,0.8508772140358059,0.0
0.8633363337267103,0.012992245109609135,0.05,0.8508772140358059,0.0
0.7536936906862511,0.009616274023558594,0.05,0.7657894926322253,0.0
0.7216662667191188,0.007747875688434312,0.05,0.6202894890321026,0.0
0.6826429152366652,0.01490738506363507,0.05,0.5582605401288924,0.0
0.645980270059245,0.018320878482280162,0.05,0.45219103750440287,0.0
0.601501131798839,0.02256346030062104,0.05,0.40697193375396257,0.0
0.5551949649444955,0.02383522243552292,0.05,0.32964726634070973,0.0
0.5084840822675424,0.023151742016997042,0.05,0.2670142857359749,0.0
0.461086238113963,0.021860254462477066,0.05,0.24031285716237744,0.0
0.41409320983606557,0.020998619672131156,0.05,0.19465341430152572,0.0
0.36743689077082614,0.020542269687831516,0.05,0.15766926558423583,0.0
0.32165831326952643,0.019875000000000007,0.05,0.14190233902581226,0.0
0.2760799367744858,0.01974227409243678,0.05,0.11494089461090792,0.0
0.23170332300172858,0.019735513500625863,0.05,0.10344680514981713,0.0
0.18888382716123028,0.02226013535278819,0.05,0.08379191217135189,0.0
0.15195631825226516,0.023976369814020036,0.05,0.06787144885879502,0.0
0.1234306573975852,0.020230936900320632,0.05,0.06108430397291552,0.0
0.09754108024029179,0.018361903740256032,0.05,0.04947828621806157,0.0
0.07387468171848179,0.020109133606713726,0.05,0.04007741183662988,0.0
0.059246208191736725,0.013150397961008772,0.05,0.04007741183662988,0.0
0.05044031115879829,-0.0010999999999999916,0.05,0.0645450725370108,0.0
0.051472991787157446,-0.0008749999999999918,0.05,0.0645450725370108,0.0
0.05234028753174594,-0.0009717625105819706,0.05,0.0645450725370108,0.0
0.053355046369141276,-0.0008141121918657238,0.05,0.0645450725370108,0.0
0.05434352771452076,-0.0007576457858905644,0.05,0.0645450725370108,0.0
-0.060576092399403876,-0.0009130461997019289,0.05,-0.07099957979071189,0.0
-0.06131848857445971,-0.001117936071807456,0.05,-0.07099957979071189,0.0
-0.06201417806340841,-0.001272814746807513,0.05,-0.07099957979071189,0.0
-0.06326263439898917,-0.0009032374958279608,0.05,-0.07099957979071189,0.0
-0.06467837262801564,-0.0004988306951463632,0.05,-0.07809953776978308,0.0
-0.06614146101573676,-9.941434191701584e-05,0.05,-0.07809953776978308,0.0
-0.06782167719821164,0.00030543248882266123,0.05,-0.07809953776978308,0.0
-0.06966309225817986,0.00041412718278801733,0.05,-0.07809953776978308,0.0
-0.07149996005770766,0.00010000000000000848,0.05,-0.08590949154676139,0.0
-0.07308433357967008,8.478460988836645e-18,0.05,-0.08590949154676139,0.0
-0.07483054456153737,-6.631807019216166e-05,0.05,-0.08590949154676139,0.0
-0.07667087023637816,-0.00024676335959756456,0.05,-0.09450044070143754,0.0
-0.0790230789633674,-0.0005641180993479238,0.05,-0.09450044070143754,0.0
-0.0815855728539583,-0.0004570591986839354,0.05,-0.09450044070143754,0.0
-0.08444792543362938,-0.0002728139715086045,0.05,-0.09450044070143754,0.0
-0.08717521993086184,0.00011145607342949951,0.05,-0.1039504847715813,0.0
-0.09025556025848912,0.0003130621661579634,0.05,-0.1039504847715813,0.0
-0.09351227382172742,0.0005358798007008929,0.05,-0.11434553324873943,0.0
-0.09725788292584071,0.0005064795498706679,0.05,-0.11434553324873943,0.0
-0.10055077867044926,0.00015324311921138486,0.05,-0.11434553324873943,0.0
-0.10432521459483303,1.1934751248831174e-05,0.05,-0.11434553324873943,0.0
-0.10831590277860557,-0.00021468482912349705,0.05,-0.1257800865736134,0.0
-0.11219041882257566,-0.00030868523331504437,0.05,-0.1257800865736134,0.0
-0.1157655093392774,-0.00018206018380555338,0.05,-0.1257800865736134,0.0
-0.11966952820402761,-0.000185868476589039,0.05,-0.13835809523097475,0.0
-0.12422021411630096,-0.00017119143534795287,0.05,-0.13835809523097475,0.0
-0.12917611062094622,0.0001250000000000085,0.05,-0.13835809523097475,0.0
-0.13419499159603762,0.00017173288512201495,0.05,-0.15219390475407224,0.0
-0.13911861595593758,0.00032500000000000855,0.05,-0.15219390475407224,0.0
-0.1443283623361144,0.00018532032181168905,0.05,-0.15219390475407224,0.0
-0.14976186508882794,8.698879217845607e-06,0.05,-0.16741329522947948,0.0
-0.15493503915888854,0.00020056592640275495,0.05,-0.16741329522947948,0.0
-0.16023486090531044,0.0004477606232971741,0.05,-0.16741329522947948,0.0
-0.16548416204779784,0.0002608674533643329,0.05,-0.18415462475242744,0.0
-0.17035444200712915,0.0007489237729640886,0.05,-0.18415462475242744,0.0
-0.1751452466803347,0.0011788098672133969,0.05,-0.2025700872276702,0.0
-0.17944794053480526,0.0012782537165746798,0.05,-0.2025700872276702,0.0
-0.18350506639568012,0.0008032497526552398,0.05,-0.2025700872276702,0.0
-0.18745558113800243,0.0005445295209538173,0.05,-0.22282709595043723,0.0
-0.191468973131802,0.0007076039146034822,0.05,-0.22282709595043723,0.0
-0.194988035922932,0.000817392159668082,0.05,-0.22282709595043723,0.0
-0.19795005303933255,0.0008429359356376724,0.05,-0.22282709595043723,0.0
-0.20043695500554384,0.0007858694874637948,0.05,-0.22282709595043723,0.0
-0.2029174395041125,0.0007923840743831292,0.05,-0.22282709595043723,0.0
-0.20819619866483877,-0.0005505364487095343,0.05,-0.22282709595043723,0.0
-0.20822174348458478,-0.00037933367509954087,0.05,-0.22282709595043723,0.0
-0.20839293807366788,-0.00019675229467158527,0.05,-0.22282709595043723,0.0
-0.20846087353060394,-0.0005413102959059502,0.05,-0.22282709595043723,0.0
-0.20862881307441974,-0.0005673738511604536,0.05,-0.22282709595043723,0.0
-0.2089076212133856,7.936868897605789e-05,0.05,-0.22282709595043723,0.0
-0.20841352280048678,0.10826112224687999,0.05,-0.22282709595043723,0.44565419190087446
-0.2099804330201726,0.1358524571987219,0.05,-0.22282709595043723,0.44565419190087446
-0.21019347183484707,0.16414582856563922,0.05,-0.22282709595043723,0.44565419190087446
-0.20992611564828617,0.1926659439642325,0.05,-0.22282709595043723,0.44565419190087446
-0.2097939770451945,0.22061067529557593,0.05,-0.22282709595043723,0.44565419190087446
-0.2095293724218508,0.24723936789146142,0.05,-0.22282709595043723,0.44565419190087446
-0.14882059624715377,0.3370129671685562,0.05,0.22282709595043723,0.0
-0.12707789214576057,0.30940394738410554,0.05,0.22282709595043723,0.0
-0.10199969422059034,0.2824507587859425,0.05,0.22282709595043723,0.0
-0.07447404584247164,0.2541273177505483,0.05,0.22282709595043723,0.0
0.1480266568311874,0.138845746602289,0.05,0.22282709595043723,0.44565419190087446
0.1691159809051575,0.15302653461983146,0.05,0.22282709595043723,0.44565419190087446
0.18620362627274245,0.17362130487397764,0.05,0.22282709595043723,0.44565419190087446
0.1987784881572517,0.19887376834225365,0.05,0.22282709595043723,0.44565419190087446
0.208255200994242,0.22620217237104065,0.05,0.22282709595043723,0.44565419190087446
0.2129461185174595,0.25272031791700916,0.05,0.22282709595043723,0.44565419190087446
0.212504131056678,0.33899445735741107,0.05,0.22282709595043723,0.0
0.21219836396795883,0.31172487752109856,0.05,0.22282709595043723,0.0
0.20871841865261503,0.28715030817467607,0.05,0.22282709595043723,0.0
0.2080325760826807,0.26104795682389825,0.05,0.22282709595043723,0.0
0.2063598469856106,0.2358674974070409,0.05,0.22282709595043723,0.0
0.20874751346969914,0.20518075203833502,0.05,0.22282709595043723,0.0
0.14007358827457106,-0.008192472486854492,0.05,0.0,0.0
0.12661431457620653,-0.00743398214477275,0.05,0.0,0.0
0.11296545935763848,-0.006234912611173362,0.05,0.0,0.0
0.0992210511258657,-0.005958029466808111,0.05,0.0,0.0
0.08608685002801988,-0.0069825185706279954,0.05,0.0,0.0
0.07320069761481887,-0.007210846852538345,0.05,0.0,0.0
0.061971585219008564,-0.006674999999999992,0.05,0.22282709595043723,0.0
0.0755951863020883,-0.00577377169352531,0.05,0.22282709595043723,0.0
0.08985712071719797,-0.004090766791445118,0.05,0.22282709595043723,0.0
0.10429633023422134,-0.001983678705524755,0.05,0.22282709595043723,0.0
0.11842782202298631,-0.0003774738900281286,0.05,0.22282709595043723,0.0
0.13202784151865538,0.0002466807724401082,0.05,0.22282709595043723,0.0
0.14545960465448998,0.0003966748533549606,0.05,0.22282709595043723,0.0
0.15878042400257478,0.0006429167014340117,0.05,0.22282709595043723,0.0
0.17200744358078707,0.0003620712676291493,0.05,0.22282709595043723,0.0
0.21016291875298043,0.09918763412017169,0.05,0.22282709595043723,0.44565419190087446
0.21036083484313914,0.12679867454944216,0.05,0.22282709595043723,0.44565419190087446
0.21094042650214592,0.1546250080472103,0.05,0.22282709595043723,0.44565419190087446
0.2099200073902782,0.18253278333373066,0.05,0.22282709595043723,0.44565419190087446
0.20867959463487332,0.20963295081967212,0.05,0.22282709595043723,0.44565419190087446
0.20874750983430684,0.2373189876624151,0.05,0.22282709595043723,0.44565419190087446
0.21110334634873323,0.31774299731743666,0.05,0.22282709595043723,-0.44565419190087446
0.21170708628334406,0.2803684956733176,0.05,0.22282709595043723,-0.44565419190087446
0.20993224612192826,0.23626849551085624,0.05,0.22282709595043723,-0.44565419190087446
0.20981243458929827,0.1861006272871396,0.05,0.22282709595043723,-0.44565419190087446
0.21063247907575652,0.13186888129813767,0.05,0.22282709595043723,-0.44565419190087446
0.20940396201566094,0.07978459769018988,0.05,0.22282709595043723,-0.44565419190087446
0.21330634374627397,-0.32301436121378324,0.05,0.22282709595043723,0.0
0.21420119440702814,-0.2941833566771167,0.05,0.22282709595043723,0.0
0.21313152074117353,-0.26826354227526916,0.05,0.22282709595043723,0.0
0.21358405200672287,-0.2394075262536803,0.05,0.22282709595043723,0.0
0.21618336800877516,-0.20709558827036112,0.05,0.22282709595043723,0.0
0.21785786178328764,-0.17715318780545952,0.05,0.22282709595043723,0.0
0.20946143712146503,-0.08391759531928082,0.05,0.22282709595043723,-0.44565419190087446
0.21022193053552485,-0.11150254085269193,0.05,0.22282709595043723,-0.44565419190087446
0.21131481430700447,-0.13936294366616986,0.05,0.22282709595043723,-0.44565419190087446
0.211525,-0.16790328621149994,0.05,0.22282709595043723,-0.44565419190087446
0.2113493773323954,-0.19675711402954466,0.05,0.22282709595043723,-0.44565419190087446
0.21101451601368346,-0.2240601508397201,0.05,0.22282709595043723,-0.44565419190087446
0.21444779736864059,-0.3217128508181287,0.05,0.22282709595043723,0.44565419190087446
0.2130217367329176,-0.28590483051756826,0.05,0.22282709595043723,0.44565419190087446
0.2125009878890465,-0.2428637774016283,0.05,0.22282709595043723,0.44565419190087446
0.21311080710538863,-0.19086173402479734,0.05,0.22282709595043723,0.44565419190087446
0.21301047949696028,-0.1369734324710931,0.05,0.22282709595043723,0.44565419190087446
0.2116095800994313,-0.08447442594513394,0.05,0.22282709595043723,0.44565419190087446
0.21169951209341115,0.3331282547956631,0.05,0.22282709595043723,0.0
0.21274521875186267,0.3052253725338261,0.05,0.22282709595043723,0.0
0.21515962233002764,0.2748948656670163,0.05,0.22282709595043723,0.0
0.21485818082645808,0.24788770148791076,0.05,0.22282709595043723,0.0
0.21361729380214542,0.22075619308700836,0.05,0.22282709595043723,0.0
0.21449074391988554,0.19097116654744875,0.05,0.22282709595043723,0.0
0.15697815245247035,-0.01122499999999999,0.05,0.0,0.0
0.1437710321623136,-0.011154899150047077,0.05,0.0,0.0
0.13044220407676718,-0.010063431875074493,0.05,0.0,0.0
0.1169355958271237,-0.008951012518628903,0.05,0.0,0.0
0.10341769355915235,-0.007963982682176816,0.05,0.0,0.0
0.08979952254357311,-0.007935784196847944,0.05,0.0,0.0
0.0578617860975319,-0.11890854357934899,0.05,0.22282709595043723,-0.44565419190087446
0.07266105654620006,-0.14446507074234766,0.05,0.22282709595043723,-0.44565419190087446
0.08858819400565099,-0.16950029298155678,0.05,0.22282709595043723,-0.44565419190087446
0.10442928601227724,-0.19651008701352882,0.05,0.22282709595043723,-0.44565419190087446
0.11942601466555383,-0.2245039579110528,0.05,0.22282709595043723,-0.44565419190087446
0.13344977234531996,-0.25132002050084035,0.05,0.22282709595043723,-0.44565419190087446
0.1462835838305489,-0.2792020733890215,0.05,0.22282709595043723,-0.44565419190087446
0.15816636124718417,-0.30723411997473216,0.05,0.22282709595043723,-0.44565419190087446
0.17094140080117315,-0.33520748059658784,0.05,0.22282709595043723,-0.44565419190087446
0.18311257106081733,-0.3623578417176159,0.05,0.22282709595043723,-0.44565419190087446
0.19406138547466054,-0.3853470604189268,0.05,0.22282709595043723,-0.44565419190087446
0.2014203633189126,-0.4039428241982195,0.05,0.22282709595043723,-0.44565419190087446
0.21376768829125242,-0.3397685656724603,0.05,0.22282709595043723,0.0
0.21364571542660976,-0.31353855996853175,0.05,0.22282709595043723,0.0
0.21308961028123174,-0.2869091942752232,0.05,0.22282709595043723,0.0
0.2126091784373324,-0.2602914187377079,0.05,0.22282709595043723,0.0
0.21054461456383602,-0.2351646478856448,0.05,0.22282709595043723,0.0
0.2121046811490554,-0.20572105429405801,0.05,0.22282709595043723,0.0
0.2144654532123654,-0.17466181255141336,0.05,0.22282709595043723,0.0
0.21637791013017355,-0.1440156244039672,0.05,0.22282709595043723,0.0
0.21890421027847978,-0.11259210278479805,0.05,0.22282709595043723,0.0
0.21800116751692572,-0.08640426391007915,0.05,0.22282709595043723,0.0
0.2220077185148975,-0.05191521198717107,0.05,0.22282709595043723,0.0
0.2223204994635833,-0.026311478126117525,0.05,0.22282709595043723,0.0
0.22157032764313897,-0.007220035285562714,0.05,0.22282709595043723,0.0
0.22066390727884339,0.005981475450901811,0.05,0.22282709595043723,0.0
0.22067882606829453,0.011853339016596727,0.05,0.22282709595043723,0.0
0.21824901367152577,0.009974013671525808,0.05,0.22282709595043723,0.0
0.22206807651954122,0.01598115238333692,0.05,0.22282709595043723,0.0
0.2222296763619025,0.01739878382405532,0.05,0.22282709595043723,0.0
0.22263024357965516,0.01909016024036055,0.05,0.22282709595043723,0.0
0.21090538362500597,0.10318810500214581,0.05,0.22282709595043723,0.44565419190087446
0.2096384633262616,0.12275786751209747,0.05,0.22282709595043723,0.44565419190087446
0.2089100708019453,0.14589930390006678,0.05,0.22282709595043723,0.44565419190087446
0.21092134491596137,0.17446921712957444,0.05,0.22282709595043723,0.44565419190087446
0.2082857716792637,0.1983216986361794,0.05,0.22282709595043723,0.44565419190087446
0.20849979378002406,0.22490402248155345,0.05,0.22282709595043723,0.44565419190087446
0.2170808850321505,0.3151003378780662,0.05,0.22282709595043723,0.0
0.21571422611100516,0.29173340525462527,0.05,0.22282709595043723,0.0
0.21845976187637836,0.25907902664361926,0.05,0.22282709595043723,0.0
0.21816299320538804,0.23122100965550127,0.05,0.22282709595043723,0.0
0.2175506270564112,0.2025853190119689,0.05,0.22282709595043723,0.0
0.21501770365294082,0.17708889756271973,0.05,0.22282709595043723,0.0
0.2152363650992312,-0.013339164133738595,0.05,0.2005443863553935,0.0
0.20961829464573126,-0.006997102602620496,0.05,0.2005443863553935,0.0
0.20728407013194436,-0.005998476739889621,0.05,0.2005443863553935,0.0
0.20535601528410308,-0.005548107966332046,0.05,0.2005443863553935,0.0
0.203725,-0.005247120460964585,0.05,0.2005443863553935,0.0
0.20275614019425797,-0.004985233657096597,0.05,0.2005443863553935,0.0
0.19492020844758112,0.098025942991345,0.05,0.2005443863553935,0.401088772710787
0.19520726980153763,0.12313692860122773,0.05,0.2005443863553935,0.401088772710787
0.19579650045309296,0.1467656674774646,0.05,0.2005443863553935,0.401088772710787
0.19659317962380202,0.16999721874552998,0.05,0.2005443863553935,0.401088772710787
0.19733037483457921,0.194242437140098,0.05,0.2005443863553935,0.401088772710787
0.19792163976732266,0.2175711015817768,0.05,0.2005443863553935,0.401088772710787
0.20131027979447563,0.26289765566324524,0.05,0.2005443863553935,0.0
0.20008550994135318,0.2412976624707958,0.05,0.2005443863553935,0.0
0.19991736852145506,0.21974060454496683,0.05,0.2005443863553935,0.0
0.1982888872002098,0.20103741655938587,0.05,0.2005443863553935,0.0
0.19599258203758466,0.18842492875369646,0.05,0.2005443863553935,0.0
0.1954607436588157,0.1823634338943454,0.05,0.2005443863553935,0.0
0.19537107242921015,0.17820641073025337,0.05,0.2005443863553935,0.401088772710787
0.19350296878352286,0.18291555281413147,0.05,0.2005443863553935,0.401088772710787
0.1922712868041483,0.18777433424722853,0.05,0.2005443863553935,0.401088772710787
0.19258563979404542,0.19626769743271913,0.05,0.2005443863553935,0.401088772710787
0.19321649845599895,0.21195034069366783,0.05,0.2005443863553935,0.401088772710787
0.1929596729010955,0.23388276770494343,0.05,0.2005443863553935,0.401088772710787
0.1963319078555251,0.2786229157229706,0.05,0.2005443863553935,0.0
0.19629228464977647,0.2537529329359165,0.05,0.2005443863553935,0.0
0.1974426584700105,0.2265513507795366,0.05,0.2005443863553935,0.0
0.195758797900075,0.20466393610942468,0.05,0.2005443863553935,0.0
0.196853931670282,0.17806626898047723,0.05,0.2005443863553935,0.0
0.1964099359776816,0.15412221675787166,0.05,0.2005443863553935,0.0
0.1891644057494279,0.09635738254433639,0.05,0.2005443863553935,0.401088772710787
0.18982392221851305,0.12156892198006582,0.05,0.2005443863553935,0.401088772710787
0.1917820304771213,0.14320560495357515,0.05,0.2005443863553935,0.401088772710787
0.1925110521609538,0.16730409955290612,0.05,0.2005443863553935,0.401088772710787
0.1940284506286872,0.1910475573565342,0.05,0.2005443863553935,0.401088772710787
0.19448256992298335,0.2146542204153652,0.05,0.2005443863553935,0.401088772710787
0.19920646481324736,0.2715067545093645,0.05,0.2005443863553935,0.0
0.19802187269042792,0.24938304029085712,0.05,0.2005443863553935,0.0
0.20077910050071532,0.21992413358369095,0.05,0.2005443863553935,0.0
0.20284704125788264,0.1925927420220058,0.05,0.2005443863553935,0.0
0.20206596626882403,0.16878042005985527,0.05,0.2005443863553935,0.0
0.20051803277222766,0.14620934467466204,0.05,0.2005443863553935,0.0
0.19678010837297472,0.08300288815765942,0.05,0.2005443863553935,0.401088772710787
0.19669667866550652,0.10846091427583823,0.05,0.2005443863553935,0.401088772710787
0.19568047849257253,0.1355779447530938,0.05,0.2005443863553935,0.401088772710787
0.19513206688831689,0.16089498933457266,0.05,0.2005443863553935,0.401088772710787
0.1967949387764835,0.18314533997830054,0.05,0.2005443863553935,0.401088772710787
0.1967283180566647,0.20873584842127849,0.05,0.2005443863553935,0.401088772710787
0.20581427843529876,0.2644639953635833,0.05,0.2005443863553935,0.0
0.20460001818138465,0.24235305715512,0.05,0.2005443863553935,0.0
0.20350345137912126,0.21861003200467258,0.05,0.2005443863553935,0.0
0.2021982165848076,0.19548917791235518,0.05,0.2005443863553935,0.0
0.20151426528082386,0.17162095093925814,0.05,0.2005443863553935,0.0
0.19986960779053545,0.14933625716874724,0.05,0.2005443863553935,0.0
0.12804661352800953,0.08192119725864125,0.05,-0.2005443863553935,0.401088772710787
0.10578174483482158,0.10532009412367817,0.05,-0.2005443863553935,0.401088772710787
0.07930981903525179,0.13480455688059187,0.05,-0.2005443863553935,0.401088772710787
0.057126793059049344,0.15704106391349446,0.05,-0.2005443863553935,0.401088772710787
-0.19553565093518663,0.27764684545877194,0.05,-0.2005443863553935,-0.401088772710787
-0.19703220570352178,0.24024223932377978,0.05,-0.2005443863553935,-0.401088772710787
-0.19618926064102413,0.1961402582929068,0.05,-0.2005443863553935,-0.401088772710787
-0.1964464187779434,0.14810018032786887,0.05,-0.2005443863553935,-0.401088772710787
-0.1961392929937065,0.09919705379279109,0.05,-0.2005443863553935,-0.401088772710787
-0.19462658126955318,0.05275994644520336,0.05,-0.2005443863553935,-0.401088772710787
-0.135772133551071,-0.2800259833955157,0.05,0.2005443863553935,0.0
-0.11538513251704897,-0.2568865885354571,0.05,0.2005443863553935,0.0
-0.09219406861517548,-0.23885514554192155,0.05,0.2005443863553935,0.0
-0.0649480971910916,-0.21494968077876866,0.05,0.2005443863553935,0.0
0.18939305616812294,0.09875971915938542,0.05,0.2005443863553935,0.401088772710787
0.18760000000000002,0.1154073797658504,0.05,0.2005443863553935,0.401088772710787
0.1881713209526307,0.1355808985147925,0.05,0.2005443863553935,0.401088772710787
0.19109082138130837,0.1613296979505705,0.05,0.2005443863553935,0.401088772710787
0.19220005542246218,0.18836268638037687,0.05,0.2005443863553935,0.401088772710787
0.19129784581308945,0.21307373178050873,0.05,0.2005443863553935,0.401088772710787
0.19324288881736582,0.3055698843114115,0.05,0.2005443863553935,0.0
0.19313587758947634,0.282729572505337,0.05,0.2005443863553935,0.0
0.19356395851957806,0.259388181655641,0.05,0.2005443863553935,0.0
0.19579046016549026,0.23164819099341855,0.05,0.2005443863553935,0.0
0.19944991775531612,0.20285226172880713,0.05,0.2005443863553935,0.0
0.20071090743257744,0.1773137268402604,0.05,0.2005443863553935,0.0
0.19100939649725193,-0.08763958623937432,0.05,0.2005443863553935,-0.401088772710787
0.19056766558600222,-0.10859579851964862,0.05,0.2005443863553935,-0.401088772710787
0.19272083313462732,-0.12959719049549334,0.05,0.2005443863553935,-0.401088772710787
0.19489249541076623,-0.15306666368664473,0.05,0.2005443863553935,-0.401088772710787
0.1965446559720533,-0.17797274840832678,0.05,0.2005443863553935,-0.401088772710787
0.19705319401899904,-0.20415280873431152,0.05,0.2005443863553935,-0.401088772710787
0.19246851101363593,-0.2821782397253743,0.05,0.2005443863553935,0.401088772710787
0.19047175048286719,-0.2479952929394091,0.05,0.2005443863553935,0.401088772710787
0.19067120253164557,-0.20483113572433193,0.05,0.2005443863553935,0.401088772710787
0.1918517165220087,-0.1559482524798512,0.05,0.2005443863553935,0.401088772710787
0.19149301818983705,-0.1075130732003862,0.05,0.2005443863553935,0.401088772710787
0.19020230320803977,-0.061629055648939585,0.05,0.2005443863553935,0.401088772710787
0.2008109227467811,0.17832281115879828,0.05,0.2005443863553935,0.0
0.1995114285714286,0.17573343465045593,0.05,0.2005443863553935,0.0
0.19833181457814233,0.17315193343983598,0.05,0.2005443863553935,0.0
0.1985675246456627,0.16560243327492283,0.05,0.2005443863553935,0.0
0.19974247209901272,0.15511046823579913,0.05,0.2005443863553935,0.0
0.1988788768698969,0.140282212289171,0.05,0.2005443863553935,0.0
0.18978956366237484,-0.0921196494992847,0.05,0.2005443863553935,-0.401088772710787
0.18933904209171515,-0.11136158386166461,0.05,0.2005443863553935,-0.401088772710787
0.19068316461582488,-0.13174989507321028,0.05,0.2005443863553935,-0.401088772710787
0.19267094220087252,-0.15580318526950676,0.05,0.2005443863553935,-0.401088772710787
0.19401543127086313,-0.18077954965426798,0.05,0.2005443863553935,-0.401088772710787
0.19591012170119435,-0.20409646041433238,0.05,0.2005443863553935,-0.401088772710787
0.1983068953800298,-0.2794549558867362,0.05,0.2005443863553935,0.0
0.19950733627316608,-0.2546948048388058,0.05,0.2005443863553935,0.0
0.1986606530213263,-0.23218949807479108,0.05,0.2005443863553935,0.0
0.1983976638772664,-0.2068934824589636,0.05,0.2005443863553935,0.0
0.19601530117680724,-0.18493079908430804,0.05,0.2005443863553935,0.0
0.19798518462235254,-0.1568351557192405,0.05,0.2005443863553935,0.0
0.19169630399017656,0.09527975524850682,0.05,0.2005443863553935,0.401088772710787
0.1925208852838105,0.11427983854626078,0.05,0.2005443863553935,0.401088772710787
0.19370113648556814,0.1354007797131514,0.05,0.2005443863553935,0.401088772710787
0.1944604288591964,0.15912647323503823,0.05,0.2005443863553935,0.401088772710787
0.19432546825633384,0.18509566318926976,0.05,0.2005443863553935,0.401088772710787
0.1932900563237573,0.21293545893431876,0.05,0.2005443863553935,0.401088772710787
0.19680508725088205,0.2848599015447697,0.05,0.2005443863553935,0.0
0.1958853154211179,0.2627930960272797,0.05,0.2005443863553935,0.0
0.1966721602083507,0.23667629384840932,0.05,0.2005443863553935,0.0
0.1952268983153904,0.2141605073500483,0.05,0.2005443863553935,0.0
0.19385226487066395,0.18901179222791753,0.05,0.2005443863553935,0.0
0.19250820197455495,0.15940833641360727,0.05,0.2005443863553935,0.0
0.1902453144560358,-0.011147717436661691,0.05,0.2005443863553935,-0.401088772710787
0.18821178192124105,-0.05333218585918854,0.05,0.2005443863553935,-0.401088772710787
0.18553936971734442,-0.09143710942622461,0.05,0.2005443863553935,-0.401088772710787
0.18631313371469432,-0.12481298444762245,0.05,0.2005443863553935,-0.401088772710787
0.1877099685827044,-0.1540550205076844,0.05,0.2005443863553935,-0.401088772710787
0.18963030852940477,-0.18159527134139072,0.05,0.2005443863553935,-0.401088772710787
0.19935753620597174,-0.297434002324334,0.05,0.2005443863553935,0.0
0.201416500154987,-0.27038142152888717,0.05,0.2005443863553935,0.0
0.1995496558197747,-0.24863880296799573,0.05,0.2005443863553935,0.0
0.19721956247019554,-0.22835189496900332,0.05,0.2005443863553935,0.0
0.1949955686017404,-0.21054015675289067,0.05,0.2005443863553935,0.0
0.1926907955602184,-0.1989405457926989,0.05,0.2005443863553935,0.0
0.19260908007058036,-0.1899205195765177,0.05,0.2005443863553935,-0.401088772710787
0.19170069367468803,-0.1919020354346194,0.05,0.2005443863553935,-0.401088772710787
0.191725,-0.19602451800980078,0.05,0.2005443863553935,-0.401088772710787
0.1926239960066754,-0.20325869203719157,0.05,0.2005443863553935,-0.401088772710787
0.19307276287553649,-0.21531863078206961,0.05,0.2005443863553935,-0.401088772710787
0.1938050364106598,-0.23577356443077802,0.05,0.2005443863553935,-0.401088772710787
0.19838672904271934,-0.29695180838887364,0.05,0.2005443863553935,0.0
0.19704028703229112,-0.2761429007783724,0.05,0.2005443863553935,0.0
0.1947208698969859,-0.25519962621613884,0.05,0.2005443863553935,0.0
0.19250423595465438,-0.23282960876873007,0.05,0.2005443863553935,0.0
0.1931415214229513,-0.20460749654276245,0.05,0.2005443863553935,0.0
0.19237118914795215,-0.17578226231345062,0.05,0.2005443863553935,0.0
0.19088694932935915,0.04262750014903131,0.05,0.2005443863553935,0.401088772710787
0.18879661006341789,0.08288222421562083,0.05,0.2005443863553935,0.401088772710787
0.18933615121422015,0.12059668905950098,0.05,0.2005443863553935,0.401088772710787
0.1903216120938327,0.15330394158104277,0.05,0.2005443863553935,0.401088772710787
0.18961579544369092,0.18069024291957206,0.05,0.2005443863553935,0.401088772710787
0.19004279410011918,0.20502484594755663,0.05,0.2005443863553935,0.401088772710787
0.1828589441530576,0.37019854064846824,0.05,0.18048994771985416,0.3609798954397083
0.1812973215776045,0.3623296307556573,0.05,0.18048994771985416,0.3609798954397083
0.17754368697704354,0.3563695427781354,0.05,0.18048994771985416,0.3609798954397083
0.17313783636363636,0.3499881090909091,0.05,0.16244095294786876,0.3248819058957375
0.16935069906314812,0.3423822468950392,0.05,0.16244095294786876,0.3248819058957375
0.16540214266979816,0.33591982409184656,0.05,0.16244095294786876,0.3248819058957375
0.1621276978545888,0.3289166495828367,0.05,0.16244095294786876,0.3248819058957375
0.15900370253315524,0.32039069029672745,0.05,0.14619685765308188,0.29239371530616376
0.15439045235115323,0.3144676634483581,0.05,0.14619685765308188,0.29239371530616376
0.1502823050595238,0.30838267976190475,0.05,0.14619685765308188,0.29239371530616376
0.1467218318672674,0.30238624579846957,0.05,0.14619685765308188,0.29239371530616376
0.14396718966092803,0.2992819996184844,0.05,0.14619685765308188,0.29239371530616376
0.1420081184967998,0.2943218897867725,0.05,0.14619685765308188,0.29239371530616376
0.1345990715911664,0.20865603465741833,0.05,0.14619685765308188,0.0
0.13487500000000002,0.20491241803571855,0.05,0.14619685765308188,0.0
0.1351317627811617,0.20350382481255885,0.05,0.14619685765308188,0.0
0.13488120454924776,0.20456405069025535,0.05,0.14619685765308188,0.0
