# v_mps,w_radps,dt_s,cmd_v,cmd_w
-0.7808024068929352,-0.10729485711723684,0.05,-0.6641060423162037,-0.12186966934655875
-0.7588999738841294,-0.12003485801568092,0.05,-0.6641060423162037,-0.12186966934655875
-0.7338883206911719,-0.1337793599156954,0.05,-0.494164954320907,-0.17675479202043426
-0.7112216143308903,-0.14179058067068706,0.05,-0.7069398368492529,-0.1382881586284271
-0.6895006485076681,-0.14641841895191046,0.05,-0.7069398368492529,-0.1382881586284271
-0.6665247748706387,-0.15129716219742517,0.05,-0.33989461181666486,-0.15728183557009554
-0.643367295628863,-0.15462942830283388,0.05,-0.23684961872097215,-0.15189219870215706
-0.6174962269084423,-0.1636999411702698,0.05,-0.24884546028471755,-0.1581349903609646
-0.5897410208981188,-0.16329727931276883,0.05,0.40246112617746255,-0.20203745340516327
-0.5492743094581857,-0.16407805657968524,0.05,0.40246112617746255,-0.20203745340516327
-0.5045082314457314,-0.1707998593831927,0.05,0.3904387135238486,-0.20048681031996826
-0.459045562640168,-0.17563975580951474,0.05,0.3596697948860454,-0.2140009176909543
-0.4115999093986934,-0.18159557186114159,0.05,0.42058765419353505,-0.17979873879492106
-0.36317967269672163,-0.1849002958421222,0.05,0.42058765419353505,-0.17979873879492106
-0.3159487594862814,-0.18434959969977485,0.05,0.5673618662001045,-0.16427198826643688
-0.2682497150827333,-0.18034830122550188,0.05,0.6965948009322384,-0.13194231235341441
-0.22283102090654597,-0.17079387188039785,0.05,1.054508175052931,-0.13522303161959304
-0.1754428506733405,-0.1568637450840186,0.05,1.054508175052931,-0.13522303161959304
-0.13045259596911804,-0.14092355494433373,0.05,1.2808467553147949,-0.12145175446717174
-0.08224712910107138,-0.12651687442647566,0.05,1.26293039961672,-0.11368143715125005
0.059021936490542666,-0.09320857115631999,0.05,0.9842044655871848,-0.05505361838799964
0.1029797431159852,-0.07554151746334486,0.05,0.9654827349008401,-0.058270940149660166
0.15095874652939142,-0.06658094978491165,0.05,0.9654827349008401,-0.058270940149660166
0.1979326459303919,-0.057037069417469936,0.05,0.984736643464236,-0.019376548434663503
0.24412139919902737,-0.0475919455767718,0.05,0.9195461673684608,-0.020761927804196407
0.2913067587685345,-0.038377142261656644,0.05,1.2504482085030517,-0.0010448779665268553
0.33943662133816416,-0.031128574237837586,0.05,1.2504482085030517,-0.0010448779665268553
0.3874231083369104,-0.02509227714980684,0.05,1.2905100045881608,0.012610728417013274
0.4358410634495085,-0.019284765862377123,0.05,1.3310677032972114,0.0003988498874087466
0.4845551264940358,-0.013695324844787112,0.05,1.1858860576359915,0.01354274033716718
0.5325549222381123,-0.008563843403646763,0.05,1.1109005080099648,0.020735727974628138
0.57874550969572,-0.008090247666948738,0.05,1.1109005080099648,0.020735727974628138
0.6260258100638522,-0.0065657652720861525,0.05,0.8416865280624667,-0.027213512825136354
0.6724051702546365,-0.004780478859800822,0.05,1.3923129996744934,0.008357572223015263
0.7201600364267232,0.0010032956943732342,0.05,1.3923129996744934,0.008357572223015263
0.7674183716616769,0.006209337166167683,0.05,1.2266448560542549,-0.0017303413732872096
0.814403250506495,0.010674198546061258,0.05,1.189988761632357,-0.0014973113955923706
0.8584817442165201,0.015483426845829464,0.05,1.158398208935567,0.004201892582664688
0.8993060827881258,0.020743959517595605,0.05,1.158398208935567,0.004201892582664688
0.9349144515383608,0.026894562731528356,0.05,1.2226208697665493,0.06415178768092056
0.9645362501191497,0.03778660578114574,0.05,1.2518444662418506,0.07423713105121628
0.9851322390532262,0.05152406204562248,0.05,1.266888428133547,0.0650409506290891
1.0028800289720294,0.06111971528721654,0.05,1.117596414445799,0.11297841533351471
1.021745643207934,0.05608441388928623,0.05,1.117596414445799,0.11297841533351471
1.0203704313781663,0.06996168087087302,0.05,1.0148542440351638,0.17230119337196428
1.0071246418355184,0.09079145679380214,0.05,1.0113023105843468,0.20058618684322577
0.9961243809359248,0.10000253494524351,0.05,1.0113023105843468,0.20058618684322577
0.9762816228718584,0.11560042383995421,0.05,0.6559911214075106,0.22045966253986704
0.9519555016142673,0.12301087545717723,0.05,0.37390152314103203,0.22105447151554838
0.916460167865993,0.12929006951725122,0.05,0.364175500757427,0.2185936038065546
0.8744396357165849,0.12293422958617976,0.05,0.364175500757427,0.2185936038065546
0.818201438152012,0.11494058867362145,0.05,0.299960530975841,0.2265357228807277
0.758924757217926,0.10931946188768274,0.05,0.19821942395071274,0.15964562958553724
0.6925867324679039,0.10130000357615421,0.05,0.1906377947099602,0.15252452959616628
0.6241412240226061,0.09470738693946655,0.05,0.1906377947099602,0.15252452959616628
0.558798247565981,0.0903456274161218,0.05,-0.845006766952189,0.009118166135479161
0.49904904979208614,0.08507818662202576,0.05,-1.4890924400843983,-0.04253450514426911
0.4474232510815288,0.08178191522959397,0.05,-1.486142676076675,-0.045646977980788844
0.39521875633156545,0.0845604299505393,0.05,-1.486142676076675,-0.045646977980788844
0.33546081572546027,0.09750264595058666,0.05,-1.481790176996,-0.05304940718110185
0.28902073811822765,0.08555930902740526,0.05,0.34930544186146834,0.35892071129389364
0.24908842691940866,0.06382682999523129,0.05,0.309874426188181,0.3772890841501004
0.2008934889434889,0.048941431203931206,0.05,0.309874426188181,0.3772890841501004
0.15708630455521105,0.026474607977581683,0.05,0.2081266138772348,0.32690470219361256
0.10863405172413793,0.008814583333333334,0.05,-1.0985852668068419,-0.11560699593274708
0.0645160673413919,-0.00694260782490523,0.05,-1.1720260654249421,-0.10450424044023554
-0.059933234848665536,-0.00790722207646624,0.05,-1.1119851102902536,-0.13216247750856552
-0.10114430092272478,-0.007952422450585347,0.05,-1.149467621177026,-0.12903883589067797
-0.14476100225131325,-0.010851886517134996,0.05,-1.149467621177026,-0.12903883589067797
-0.1928386223491806,-0.018449083394957183,0.05,-1.0690917718140587,-0.054247131529230955
-0.24599499809269498,-0.029535838260537864,0.05,-1.068788854788583,-0.08763798579967527
-0.3063201220819438,-0.04675127620295379,0.05,-1.0780212017194597,-0.08561127115536608
-0.37043984305146577,-0.06467277124736234,0.05,-1.0780212017194597,-0.08561127115536608
-0.4343220493376733,-0.07846717101262654,0.05,-1.150766530604703,-0.12612582858612795
-0.49670691334620976,-0.08583412201635787,0.05,-1.0976179125501992,-0.1391091511859943
-0.5585663399899912,-0.08918615893763553,0.05,-1.1204524710938943,-0.1303029970975655
-0.6154525467242346,-0.08491069439309186,0.05,-1.1204524710938943,-0.1303029970975655
-0.6684513615895933,-0.07785390697591309,0.05,-1.0823113671140674,-0.0878490011436696
-0.7124339578440372,-0.06449579364322418,0.05,-0.9302401432659254,-0.09005105769687738
-0.7515901303088803,-0.04693429054054054,0.05,-1.0085558653306053,-0.07915280064158993
-0.7855693785465644,-0.031356797482237374,0.05,-1.0085558653306053,-0.07915280064158993
-0.8105041301552528,-0.018408616296790168,0.05,-0.8700540712377522,0.01243066954158106
-0.8309000321520433,-0.011548638896827664,0.05,-0.6029993123791207,0.09057863938871807
-0.83765542532394,0.004334129623669375,0.05,-0.596345594088029,0.09063616716993211
-0.8350713957950944,0.015940731150628114,0.05,-0.596345594088029,0.09063616716993211
-0.8250003265208842,0.027804960674492046,0.05,-0.2833983171176131,0.11175193746747568
-0.8013153145715103,0.044476724271543706,0.05,0.3214137913429757,0.2086281230178789
-0.7737575986555904,0.05487679701560135,0.05,0.3157823794116785,0.20904092704093685
-0.7360151833911273,0.0713818926583968,0.05,0.3157823794116785,0.20904092704093685
-0.6958254830399313,0.0887917048327847,0.05,0.5336707834115176,0.172613724330012
-0.652378192655522,0.10384373801041381,0.05,0.7126849148406558,0.16668241019799254
-0.6004893460204725,0.11840233355577535,0.05,0.783805229464896,0.16216129809954977
-0.5479881119006176,0.12613606100526956,0.05,0.8603098529284579,0.14174878639650332
-0.49537542742685453,0.13159061985835896,0.05,0.8603098529284579,0.14174878639650332
-0.4456286611914304,0.1334100042346598,0.05,0.9376519380613577,0.1860649316892958
-0.39611444567667153,0.12797863526872488,0.05,0.9356545182915447,0.18801403342074463
-0.3464858765092192,0.12093952962419996,0.05,1.0128842764414225,0.13770546564808467
-0.29657904383277506,0.11587919761107203,0.05,1.0128842764414225,0.13770546564808467
-0.24039189701186678,0.11699189999046847,0.05,1.059180730642581,0.12332807894727944
-0.1873195909496874,0.10811062727002084,0.05,1.0243696235851811,0.09378820855939313
-0.13486402611339654,0.10177995349669113,0.05,1.0243696235851811,0.09378820855939313
-0.08572253343983215,0.10041909050809471,0.05,1.1216307470206306,0.07755535343634049
0.08843565515187611,0.0749138582489577,0.05,1.1326688486686312,0.07463528828434184
0.13598844466695276,0.0680095175940495,0.05,1.145572525596827,0.07339196715788772
0.17858983583601476,0.06006796299606722,0.05,1.1340766520871348,0.07941030751817743
0.22246896379049277,0.05470249901636999,0.05,1.1316447528446878,0.06722128328937002
0.2669095881469294,0.05099662899245324,0.05,1.1316447528446878,0.06722128328937002
0.31229850273693244,0.04715124950806769,0.05,1.0874250772137275,0.06598266723727454
0.35994460540115364,0.045180103208275736,0.05,1.108606315958718,0.06559336072592545
0.4069284278325945,0.0437510245364412,0.05,1.1061725160920126,0.018925874537360676
0.45320776691218534,0.04189226347969108,0.05,1.1061725160920126,0.018925874537360676
0.49719984229856545,0.03938149437760103,0.05,1.1346245371175097,-0.015984103100611158
0.5374908948924603,0.039210251144546716,0.05,1.0770295946682271,-0.010089242236417755
0.5768193871713584,0.04149447447143232,0.05,1.0201542352863493,0.08259174713340825
0.6158317148920442,0.03767288946910357,0.05,1.0201542352863493,0.08259174713340825
0.6513417469046797,0.03731678027098204,0.05,0.7523521714648274,0.017284751847145216
0.6866185127242387,0.03626519190654986,0.05,0.9630500581780388,0.052867725888541606
0.7198858093608803,0.03757270687044742,0.05,0.9630500581780388,0.052867725888541606
0.7520389092458204,0.040047612578796216,0.05,0.9612494909679673,0.016676539658708786
0.7841801639666702,0.044181559560848266,0.05,0.8508634429159924,0.03736055172465778
0.81708625,0.050769999999999996,0.05,0.846436901419352,0.005295943638995225
0.8487699518141266,0.058156316643209846,0.05,1.4227562977871284,0.13916439344496537
0.8805759727788912,0.06538847933963164,0.05,1.4227562977871284,0.13916439344496537
0.9120560922541341,0.07372669712793734,0.05,1.3896615178213705,0.1709528451534104
0.9415668665760968,0.07945534571520504,0.05,1.340139896322489,0.16780232050779914
0.9676725755859024,0.08221577673087244,0.05,1.340139896322489,0.16780232050779914
0.9891260920088195,0.08162719295631965,0.05,1.1956800487947208,0.2113135868944559
1.0060044716706793,0.07874965199151432,0.05,1.0493608138015513,0.2012582153885889
1.0161681417775235,0.06856158811328851,0.05,1.1817541816974402,0.21169736737844166
1.0166446266193139,0.05788664028888439,0.05,1.1817541816974402,0.21169736737844166
1.011617924826279,0.05014496209728364,0.05,0.07645419955985182,0.05436054231852096
0.9951081610313066,0.049900492447742674,0.05,-0.46537655615596096,-0.007407676113894565
0.9743485961245295,0.06081904506693345,0.05,-0.46878657811919877,-0.010974361733575655
0.9595375157933631,0.05988702917898351,0.05,-0.46878657811919877,-0.010974361733575655
0.9223215034089827,0.04905257104033566,0.05,-0.4024220193177819,0.011184587830607872
0.8818755581686115,0.04314448827101691,0.05,-0.594747718659915,-0.03575214654353077
0.8331351934550391,0.018844457444654832,0.05,-0.5855609207206955,-0.03408784741612318
0.7777663478043199,0.002287875482763556,0.05,-0.9433926084575966,-0.12548272397134871
0.7159242784846388,-0.016820806378458376,0.05,-0.9433926084575966,-0.12548272397134871
0.6511068947832932,-0.03812397609903872,0.05,-0.8889328904810024,-0.06259124293586991
0.5829696723850369,-0.05719841345008339,0.05,-0.8862099971952945,-0.06369267314022137
0.5109300554429473,-0.06972517318469058,0.05,-0.8862099971952945,-0.06369267314022137
0.4368450941325252,-0.07611325610250781,0.05,-1.232954737584446,-0.21372425485469873
0.36222798061350864,-0.07891832547394494,0.05,-1.2241676307208296,-0.18955989492293956
0.2886061638691526,-0.07335210767250011,0.05,-1.2581855529042594,-0.19200250692799678
0.22158323741778665,-0.06948273162710895,0.05,-1.1863699054902475,-0.12157234416662566
0.1534137060226595,-0.06776352116875371,0.05,-1.1863699054902475,-0.12157234416662566
0.09120698468913215,-0.07577296868665187,0.05,-1.2411049674010155,-0.0617488366698173
-0.10543241372116588,-0.10019194969303212,0.05,-1.2209048175653308,-0.09801966282562039
-0.16803520849724626,-0.10416980723839496,0.05,-1.219416755633655,-0.10411082635623092
-0.2290103761499595,-0.09106258192716526,0.05,-1.2344554783647985,-0.10325505129732139
-0.2906166576245722,-0.08387845964443702,0.05,-1.238472217583599,-0.07674174672814095
-0.352653792647164,-0.07466823784660134,0.05,-1.238472217583599,-0.07674174672814095
-0.41692560699158865,-0.06425584919167214,0.05,-1.2170163851408566,-0.0647448578921422
-0.48345177979836496,-0.05325070548418619,0.05,-1.2072626308842447,-0.06573916558691333
-0.5460479841784217,-0.04672929851315288,0.05,-1.2072626308842447,-0.06573916558691333
-0.6046957533331743,-0.044215761919526794,0.05,-1.212641980010372,0.0021715281884707675
-0.6603691364351432,-0.043720094627449115,0.05,-1.1785448387227824,-0.0020102888365736847
-0.7115673863677002,-0.04404968440439152,0.05,-1.1850847185415254,0.004359549567167591
-0.7625210405304245,-0.037764883434926746,0.05,-1.0309796197731431,0.01979381729535663
-0.8030282035078515,-0.02984000077501818,0.05,-1.0309796197731431,0.01979381729535663
-0.8373152751785055,-0.019459884850579916,0.05,-0.9997707975391438,0.00659943128067375
-0.8658989213886339,-0.010976345656346491,0.05,-0.9937042413139782,0.00944005090235337
-0.8885217204518912,-0.003434849369592678,0.05,-0.9392972117938083,-0.005933209986708094
-0.9022338121131901,0.0025001043418118518,0.05,-0.9392972117938083,-0.005933209986708094
-0.9102155963795076,0.009075906613718756,0.05,-0.8906786211435455,0.014695911298108509
-0.9102471652033024,0.013919274711397563,0.05,-0.9134191505358042,0.02409695793664804
-0.9029646278687352,0.01979581397011511,0.05,-0.9134191505358042,0.02409695793664804
-0.8864185844533756,0.023034302512790546,0.05,-0.7168890334037288,0.011179616209701553
-0.870356439759395,0.027295299565243285,0.05,-0.6291240583340588,0.010583627734655644
-0.8437358749284896,0.0316446134868421,0.05,-0.6226278222994494,0.01189957304840084
-0.8119181869127677,0.0395697745266371,0.05,-0.6226278222994494,0.01189957304840084
-0.7685626232406945,0.05609962134743159,0.05,-0.23018000608816327,0.03934418626132263
-0.7334503632738767,0.0557268845006869,0.05,1.1695733718706574,0.12868663260117755
-0.6861858056220309,0.06415280536009811,0.05,1.251510208030479,0.14650142497201454
-0.6391827874021369,0.06865179098350903,0.05,1.2357675007967335,0.18847311251982093
-0.5923474462189382,0.07720202014182706,0.05,1.2357675007967335,0.18847311251982093
-0.5430961155995663,0.08433573535194652,0.05,1.2528003211510674,0.14335925351111717
-0.4922030198043398,0.08817046180336269,0.05,1.258022025319689,0.1449653972048233
-0.4421246817033046,0.09131461661341853,0.05,1.258022025319689,0.1449653972048233
-0.3948590828045988,0.0945201456802786,0.05,1.3195355109306761,0.12462926656917757
-0.34677707998092855,0.09480651558495738,0.05,1.3264924668864073,0.15962902665711523
-0.2999391517809264,0.09679716654551522,0.05,1.338189110663169,0.1610092780130282
-0.25259330683795317,0.0979448256548371,0.05,1.338189110663169,0.1610092780130282
-0.20717944854692713,0.10230529121010005,0.05,1.3831346377618319,0.11814200176950647
-0.15330853574237838,0.1051609247252878,0.05,1.4010761559906657,0.07424528079957102
-0.10151269952352591,0.10494813579511614,0.05,1.3869196110893522,0.07408421039566436
-0.051197472649918974,0.1000662074554295,0.05,1.3869583848012546,0.1007821699640796
0.08934432055209239,0.0939261376774455,0.05,1.4083714797781215,0.1173819927830895
0.13771253805175038,0.09081743721461187,0.05,1.3802396642582704,0.10733626588614871
0.184408229602604,0.08420526075759202,0.05,1.3802396642582704,0.10733626588614871
0.23003375019363448,0.0785607654818222,0.05,1.430906899680471,0.09354222888152755
0.27492722375739964,0.07649881635837393,0.05,1.405282168148526,0.09291817319603575
0.3214712442544476,0.07488303990330801,0.05,1.405282168148526,0.09291817319603575
0.3694602843686658,0.07394387772743531,0.05,1.4062591885439053,0.08860019385123943
0.4178866850354254,0.07454980080631694,0.05,1.3518322868772894,0.10685852633712602
0.46648999558988297,0.07570529631218861,0.05,1.3236073750638913,0.10678195364162996
0.5153996780975296,0.07575641154679945,0.05,1.398536263880212,0.0932058445603512
0.56312198745618,0.07523356068013261,0.05,1.398536263880212,0.0932058445603512
0.6099127404505503,0.07544732836034489,0.05,1.3552567005592373,0.08001083691107341
0.6558793067089225,0.07837583012641035,0.05,1.3231134755906013,0.07825349419733955
0.7014554258691998,0.08304894367036555,0.05,1.2518080053073048,0.11687865240517346
0.7439069297137546,0.08523869348380486,0.05,1.2518080053073048,0.11687865240517346
0.7843075019364834,0.08717893642376215,0.05,1.2929639914949846,0.09926544719580704
0.8230791182782877,0.08718224931441518,0.05,1.2032293862581311,0.09839573373193629
0.8565072154568419,0.08763184547924313,0.05,1.2032293862581311,0.09839573373193629
0.8850943003004077,0.083764653815893,0.05,1.0760643456510817,0.12763525085165203
0.8911460445111635,0.10107335882955655,0.05,0.9834250660182795,0.13319099876665738
0.8970972943258607,0.10323427991705103,0.05,1.012835615191494,0.13214629278829126
0.9036098734916078,0.09456298646765221,0.05,1.012835615191494,0.13214629278829126
0.9059078896363354,0.08587928400186066,0.05,0.619581967627317,0.1592085869803212
0.9022956855862406,0.08069945887316893,0.05,0.56892615855082,0.13602842236070092
0.8939730719258094,0.07630302055023125,0.05,0.569995778354329,0.1367127184995218
0.8789806579778172,0.07319874581541358,0.05,0.569995778354329,0.1367127184995218
0.8561621287659483,0.07317910099710519,0.05,0.7096063444585142,-0.01697347350508682
0.832285637834808,0.0673358644191094,0.05,0.7288719905171114,-0.01421002165631606
0.8055624472674405,0.06241110184236242,0.05,0.7195761152190094,-0.014834401130910212
0.7756284603157594,0.0595967013144735,0.05,0.7079514882949306,0.014091379244655842
0.7479075752789434,0.051714860289910354,0.05,0.7079514882949306,0.014091379244655842
0.7229733861166714,0.03898749821275379,0.05,0.5961575571368303,-0.04397629314621932
0.7026032085673068,0.02517054168604027,0.05,0.5847394454923331,-0.056472120777913845
0.6848376253991327,0.01537031674450746,0.05,1.4317955061801813,0.004780706153274043
0.6741199940959673,0.009987735714030128,0.05,1.4317955061801813,0.004780706153274043
0.6876756021223321,-0.01789731250745201,0.05,1.2255019937680118,-0.10380091136312104
0.7035208297075968,-0.02911387216745539,0.05,1.3663237930727359,-0.12392463206775498
0.7214933115119313,-0.030142367671761636,0.05,1.2349813734222073,-0.13850030734003765
0.7445199295699116,-0.03318065168686616,0.05,1.2349813734222073,-0.13850030734003765
0.7709394519183751,-0.04194136790821377,0.05,1.2698962468124306,-0.1492372237741566
0.7986164434426327,-0.0551579011779559,0.05,1.2502910298232655,-0.1453418455431521
0.8291426487066396,-0.07069767075932769,0.05,1.2144876819913608,-0.11176934552271814
0.8671049129864711,-0.08651284492520413,0.05,1.2144876819913608,-0.11176934552271814
0.9081350529415974,-0.08685268821691745,0.05,1.1442085883669373,-0.18323358363773254
0.9446165212883852,-0.08546157723519107,0.05,1.1212896758250692,-0.18456566211553246
0.9793755977496484,-0.0847518635724332,0.05,1.1212896758250692,-0.18456566211553246
1.0020047825516485,-0.08994032307123431,0.05,1.10779864623557,-0.14686709462824407
1.0233242647058822,-0.08300712074303407,0.05,0.9992190682868681,-0.15177459999447204
1.0364970917546057,-0.07186805580397067,0.05,1.1048422434206184,-0.1403975282506105
1.0473138791870307,-0.061833586839909395,0.05,1.027723031825723,-0.030239170137391875
1.051964506187558,-0.05332314820334295,0.05,1.027723031825723,-0.030239170137391875
1.0503445539332539,-0.045896019070321814,0.05,0.6401882126407324,-0.16021980435366595
1.040759969195386,-0.043797561251727915,0.05,0.6322600223175342,-0.1798487056235132
1.028813955276364,-0.03844194181874531,0.05,0.7131064613243547,-0.060295809859420776
1.0228011551440428,-0.020625676392731086,0.05,0.7131064613243547,-0.060295809859420776
1.0199477191466537,0.0026679506584828083,0.05,1.4990355837124565,0.175619090558051
1.0136395771995281,0.023948157474401915,0.05,1.4109937281619764,0.20223534725840334
1.0030589229320843,0.043654218357107956,0.05,1.4135808619976176,0.15748777517613008
0.9901373953338581,0.06592115925952433,0.05,1.4135808619976176,0.15748777517613008
0.9703325967097811,0.0816437673600763,0.05,1.29552470012693,0.23315161215786284
0.9518649738931407,0.09664227344252914,0.05,1.3190300443953304,0.24377367641370867
0.9460013934748662,0.09426712728421403,0.05,0.8389037253567156,0.2553107884993931
0.9393692997567897,0.11414961372469538,0.05,0.5763951959824815,0.25772459253890107
0.9131469314402203,0.14768065698651692,0.05,0.5763951959824815,0.25772459253890107
0.8897386928322764,0.16830855310219847,0.05,0.6537010202498921,0.2704252293226812
0.8624343249714121,0.18474017831618067,0.05,0.5538491721985632,0.283592184086388
0.8326949428448698,0.1984231051702125,0.05,0.5538491721985632,0.283592184086388
0.7979985218225591,0.21704353189359268,0.05,0.43262921337977206,0.3195172597506852
0.7623990558502712,0.23864714013232402,0.05,0.43208451669869263,0.3118234166961205
0.7218034173412334,0.25575463364766754,0.05,0.36071891403638423,0.2694272733518548
0.6669855158564635,0.26014273528465365,0.05,0.36071891403638423,0.2694272733518548
0.605433161003111,0.25961981281064134,0.05,0.2263982486565749,0.29128734779811805
0.5445398939023663,0.2628762505215474,0.05,0.22548539688435906,0.2912235042633024
0.4851614809782609,0.26854722897597255,0.05,0.14559290297216743,0.2712797676166911
0.4218351418245145,0.2679581552077866,0.05,0.14559290297216743,0.2712797676166911
0.3565392598288153,0.26316037479436377,0.05,0.13000103301761615,0.2752541797256134
0.28885096842632213,0.2549293686456335,0.05,-0.49342093424432715,0.22629936744512205
0.2075788126608215,0.26237172728247404,0.05,-0.49342093424432715,0.22629936744512205
0.13164763670617413,0.2586760743328643,0.05,-0.5067394881976259,0.23263814647324477
0.06773247104523139,0.23397819217387159,0.05,-0.3596746164272129,0.19719161409613037
-0.06307128228013804,0.20195913453528502,0.05,-0.42011246516478135,0.18667535834654028
-0.11773672118147888,0.19579085838470803,0.05,-0.42011246516478135,0.18667535834654028
-0.16543906114083484,0.18527239159447575,0.05,-0.3961801084540135,0.1763307246516056
-0.20506056315783203,0.17794934231699902,0.05,-0.42587220371881385,0.18485095759581668
-0.2357109103633115,0.17541397349612864,0.05,-0.4765507122178072,0.17575995563693683
-0.25877836766564144,0.17309701320840187,0.05,-0.4765507122178072,0.17575995563693683
-0.27616387237085144,0.16986759280224037,0.05,-0.35458061389048107,0.17290160889846373
-0.2892677942630469,0.165883536338404,0.05,-0.36149744226911884,0.17243953805014017
-0.2952863712145571,0.1616908863563288,0.05,-0.31344824687196626,0.17062549092822968
-0.29466051238329183,0.1581782740898847,0.05,-0.31344824687196626,0.17062549092822968
-0.28748224380993276,0.15736176649491912,0.05,-0.20109740239503415,0.15943731389046836
-0.273370141893422,0.15760718018855557,0.05,-0.20017261806431585,0.158832744070731
-0.25176400734154886,0.15672527918146498,0.05,-0.20017261806431585,0.158832744070731
-0.22187716400300334,0.15637078461868495,0.05,-0.14358713030297757,0.14198505366767333
-0.18377087525150906,0.1578213110021073,0.05,0.1914246913678117,0.18276186048342888
-0.13886903518809898,0.16178102918037476,0.05,0.18295144087172893,0.17061298283263693
-0.09024445259042033,0.1647306451612903,0.05,0.2247559180771637,0.16787835123446745
0.05097942214380239,0.15010141602784965,0.05,0.2597791739056901,0.16557061578460197
0.09522336267836495,0.1344302686947918,0.05,0.2825639794679962,0.15343211040226873
0.13665747210034335,0.12350819850486455,0.05,0.2825639794679962,0.15343211040226873
0.1788127529845317,0.11515284976565014,0.05,0.32118233056571033,0.14930181876431028
0.22213460062679488,0.10958757849831385,0.05,0.32043502067899815,0.15130543935853824
0.2655101312353173,0.10376613043633805,0.05,1.4836825295725657,0.008312073801681967
0.3086104219796458,0.09937811866911363,0.05,1.4836825295725657,0.008312073801681967
0.352633562992126,0.0924536327845383,0.05,1.4374589157429718,0.019778686313545586
0.3968078985325847,0.08523575289966503,0.05,1.424545181430455,0.0181045168909268
0.4403667727782149,0.07982056775639651,0.05,1.414627421130196,0.1067846918569073
0.4842989309406767,0.07517287590082565,0.05,1.414627421130196,0.1067846918569073
0.5270944600648113,0.0708856870115326,0.05,1.367151791729204,0.07489177545039523
0.5697537595956707,0.0665275914270729,0.05,1.3778686447657464,0.08174066778657904
0.6114500838065471,0.06225098838041611,0.05,1.4506986326642732,0.04203738675852443
0.6547460978662535,0.05720732745261652,0.05,1.4506986326642732,0.04203738675852443
0.698679085598474,0.05449304005722461,0.05,1.3545398192719826,0.06099279397733141
0.7432925233644859,0.05348242448264352,0.05,1.348286462957585,0.06290064391706118
0.7868342003646895,0.057018255926204006,0.05,1.3824697833445705,-0.014874267319134112
0.8315426779964221,0.056678559928443645,0.05,1.3824697833445705,-0.014874267319134112
0.8728073369565217,0.05636997282608695,0.05,1.4171805292067405,0.01661366831899615
0.9115323428762208,0.05380092259172261,0.05,1.3250496168409847,0.034000306618662955
0.9450773563547102,0.05029316091132242,0.05,1.171205294514673,0.07204956433246752
0.9739174694125784,0.042174081781106154,0.05,1.171205294514673,0.07204956433246752
0.9956639711146109,0.03223956946333548,0.05,1.1405699668806848,-0.03239828409139014
1.0135940766259774,0.024136608334922753,0.05,1.149223671419072,-0.03196228760663278
1.027616389375887,0.019547643624697367,0.05,1.07440543535258,0.028326760300107272
1.037739124357767,0.016336728575345405,0.05,1.07440543535258,0.028326760300107272
1.0471263675340916,0.015326416959447389,0.05,0.9867177413745772,-0.1101304508607542
1.0549089095697144,0.01586311411923118,0.05,0.9527711501452265,-0.10711661273571363
1.0616951318549062,0.015185882349436354,0.05,1.35287560149761,-0.015142127233637219
1.0661683286516854,0.0113337649971434,0.05,1.35287560149761,-0.015142127233637219
1.0723095756723586,0.0045498450924083365,0.05,0.997549674158417,-0.011017909694982576
1.0788913563988274,-0.0034693490334421857,0.05,1.262958434795939,-0.015634721460414613
1.0840714267401232,-0.008678530032554647,0.05,1.1542684365543077,0.028994221127817108
1.0907023089940533,-0.010583049898106328,0.05,1.1542684365543077,0.028994221127817108
1.1026578826761704,-0.01454421217936493,0.05,1.1402599733125356,0.0377136918259647
1.11627565083679,-0.020414250464883425,0.05,1.2493890530574157,0.038702325711920255
1.130947055196082,-0.027738478175383403,0.05,1.4237286220325838,-0.11057657994283486
1.1445038684304611,-0.03844344178286259,0.05,1.4237286220325838,-0.11057657994283486
1.1563475573631465,-0.0478565252445623,0.05,1.3675102514461017,-0.1218265507457996
1.1718770549619595,-0.04330913001741038,0.05,1.396012570779551,-0.11775914319156724
1.1905540289699572,-0.027785071232713395,0.05,1.1498029524331996,-0.28192635170721786
1.1992055484366992,-0.023441389031266018,0.05,1.1498029524331996,-0.28192635170721786
1.2092776707363602,-0.030554052603967954,0.05,1.1498029524331996,-0.28192635170721786
1.2134166634888097,-0.040202917868293726,0.05,0.5716101484602948,-0.14687866610513814
1.2102772899172176,-0.042628434875826335,0.05,0.5716101484602948,-0.14687866610513814
1.2051925473834784,-0.03940416080581714,0.05,0.5716101484602948,-0.14687866610513814
1.191720067573204,-0.03564766949910022,0.05,-0.09319690270971993,-0.06577727535255845
1.1691579513748123,-0.03188731309469869,0.05,0.14172864949548336,-0.06034562800729698
1.1407191997163761,-0.027319741938174796,0.05,-0.14176466689095582,-0.10012815148635391
1.1062997866278863,-0.0286201541285716,0.05,-0.14176466689095582,-0.10012815148635391
1.0728599691369058,-0.037367513614318566,0.05,0.8778430291497609,-0.0769851905168364
1.0443220796523478,-0.04245305477067611,0.05,0.8542525227736637,-0.07454813006360714
1.0155589744964844,-0.03732736384221189,0.05,1.3349899005822057,-0.08180342991699363
0.9888836273843181,-0.022102027639599658,0.05,1.375487095002215,-0.08713040665818095
0.9695117317619848,-0.009696502914982651,0.05,1.375487095002215,-0.08713040665818095
0.9500575537445302,-0.016858239337538303,0.05,1.1939944902564914,-0.08535374442414792
0.9313884967460488,-0.04121375658537748,0.05,0.9857029981057714,-0.0840762128415174
0.9256719844126129,-0.05715365195319017,0.05,0.9857029981057714,-0.0840762128415174
0.9211654522702896,-0.06542287331664878,0.05,0.9586813778144259,-0.1048730374172009
0.9238151544769716,-0.07224277915514446,0.05,0.9548479755865601,-0.10443531819641354
0.9334829363282041,-0.08485766785062994,0.05,0.962151658479029,-0.1201499505397173
0.9445394048797358,-0.10045098411581621,0.05,0.962151658479029,-0.1201499505397173
0.9618981815743997,-0.11461096984685061,0.05,1.166767904166311,-0.1730986725457339
0.9896506479340024,-0.12025713740731027,0.05,1.2303150811162773,-0.1835263035264993
1.0258209279456463,-0.12344723761845164,0.05,1.17022919631519,-0.20666477016747306
1.0627559968652411,-0.12463287265489047,0.05,1.17022919631519,-0.20666477016747306
1.092928305647247,-0.11829790328538915,0.05,1.158167762487446,-0.2191074101719405
1.1136634828346645,-0.11796893580879723,0.05,1.2097685727201777,-0.22755484434944442
1.1347037376494284,-0.12531838164308787,0.05,1.1457635715041592,-0.24229426668682597
1.1581298443050954,-0.13496116151260104,0.05,1.1457635715041592,-0.24229426668682597
1.1783070808008582,-0.14064958169467287,0.05,1.1311924133869913,-0.23597635452029855
1.195560378921522,-0.14509083210164966,0.05,1.1346835497918912,-0.23661388310968196
1.2126711309311025,-0.14639080396082074,0.05,1.3106979245669332,-0.30506906324728306
1.2261150788303061,-0.14845878284099176,0.05,1.3106979245669332,-0.30506906324728306
1.2363938573127229,-0.15053396105826397,0.05,1.0823469832030526,-0.3167865999359245
1.242332657367668,-0.15416432761087268,0.05,1.1685533694481858,-0.32206653370552896
1.2471537271838526,-0.15447112855729223,0.05,1.3078795532639063,-0.3224827673104446
1.2504290337375807,-0.1509142622286817,0.05,1.3078795532639063,-0.3224827673104446
1.249937128102129,-0.14650697934298043,0.05,1.3494155721042211,-0.2958027265608334
1.2448694375573648,-0.14522199378970832,0.05,1.2667940428892435,-0.28404628475236965
1.2307938687958053,-0.14854440713817552,0.05,1.1011642963227448,-0.29523215416282766
1.218140208181894,-0.1478837666980469,0.05,1.1011642963227448,-0.29523215416282766
1.201280985869345,-0.14660099754560293,0.05,1.1374791888641638,-0.25659280550725483
1.1723062232463304,-0.1572979255845565,0.05,1.0967655868469268,-0.2398828198040349
1.1411632182743536,-0.16388987115460255,0.05,0.8517934191436984,-0.20287312339679675
1.1091229143320378,-0.1661882978469755,0.05,0.8517934191436984,-0.20287312339679675
1.070750506738641,-0.17471271851428163,0.05,0.8542102516580534,-0.21798524996876117
1.0359017574074516,-0.17142922993492407,0.05,0.8917203295562437,-0.220285582655132
0.9946828028380456,-0.1720257497229867,0.05,0.6142017462379132,-0.21025644102567317
0.9548857067102017,-0.16926244771619578,0.05,0.6142017462379132,-0.21025644102567317
0.9107190353803085,-0.17488209244147954,0.05,0.5657833019437039,-0.21158336043379974
0.8703281146045713,-0.18019753460671747,0.05,0.5861885308760714,-0.21587143162891573
0.8321208393395361,-0.1828720583505081,0.05,0.4980412694160253,-0.20575440029672204
0.7900383811170054,-0.19240619091613517,0.05,0.4980412694160253,-0.20575440029672204
0.7520650255175045,-0.19751049616045024,0.05,0.989576797861843,-0.2940816938186043
0.7076401820414392,-0.21274252879044372,0.05,0.8339771354864839,-0.2785350909315803
0.6705758545684251,-0.22098201949893923,0.05,0.688971745795069,-0.26474705651829805
0.6326045230174911,-0.23339020638838218,0.05,0.688971745795069,-0.26474705651829805
0.6016042878764404,-0.24258500643538983,0.05,0.5857235628216688,-0.25208260500593277
0.5831582567440309,-0.2375052012182765,0.05,0.5145979382166864,-0.2453390576151863
0.5740123452118467,-0.22786519188367793,0.05,0.4983338509503007,-0.243642370625147
0.5631361226363355,-0.23066534653170231,0.05,0.4983338509503007,-0.243642370625147
0.5641132372066386,-0.2238117627933614,0.05,0.5192587466839849,-0.22764679581660016
0.5623665548351727,-0.23003157938645627,0.05,0.5620962112817077,-0.2319183956182453
0.5715266386235087,-0.2249064826037359,0.05,0.5620962112817077,-0.2319183956182453
0.580466217295905,-0.2276455388871664,0.05,0.43676977215420376,-0.2124317404611899
0.5984753894340701,-0.2166866425304878,0.05,0.9119815619830377,-0.23404628446835998
0.6158597786856932,-0.20389387097542674,0.05,0.7209490522683804,-0.2299123467821776
0.6325830958649528,-0.19778235635744154,0.05,0.8273452128092941,-0.22930050437850513
0.6468370585008705,-0.1989603706088574,0.05,0.8273452128092941,-0.22930050437850513
0.6612785880250224,-0.19937425856419422,0.05,1.0744140929405253,-0.20335906522568556
0.6797124054440408,-0.19567911608791472,0.05,0.9114174738590696,-0.1948842469908944
0.6939982716255546,-0.1977349247340045,0.05,0.8127628671432636,-0.20550648658360246
0.7111447475036343,-0.19156391828126118,0.05,0.8127628671432636,-0.20550648658360246
0.7293411299744867,-0.1828469801378192,0.05,0.8580606492213225,-0.20520591062288404
0.7510030212542765,-0.1724581625719701,0.05,0.7272832495756103,-0.19109858211242725
0.7691320766919802,-0.17323794125010433,0.05,0.7282917975174029,-0.1775042638664699
0.7931395911822214,-0.1665144087700892,0.05,0.7282917975174029,-0.1775042638664699
0.813394197748736,-0.1633531428861013,0.05,0.9300611749544211,-0.14921305221286493
0.835478961953801,-0.1548195469498677,0.05,0.9358260191288271,-0.15316134636418607
0.8481825325325325,-0.15559086944086944,0.05,0.9358260191288271,-0.15316134636418607
0.8605441363614699,-0.14691655515704685,0.05,1.1364185920261194,-0.18185794632368632
0.8685914011676397,-0.13937189503157393,0.05,1.1826508231605015,-0.12515068083142555
0.8736300734312417,-0.13202533139423994,0.05,1.0860641173826548,-0.13413921841904092
0.8733647646470301,-0.12311807668028442,0.05,0.9273825315033423,-0.10216491819681202
0.8771537230616943,-0.10256559857601165,0.05,0.9273825315033423,-0.10216491819681202
0.8756812032875994,-0.0890464430034211,0.05,0.776171019036482,-0.04823830798972545
0.8749652739554666,-0.07385845723578398,0.05,0.8475357185769886,-0.06400441962129144
0.8742638963360142,-0.05992107834375931,0.05,0.8533236934592922,-0.07064124681217866
0.8706599549211119,-0.05344842760545239,0.05,0.8533236934592922,-0.07064124681217866
0.8630736883644464,-0.05104858084845308,0.05,0.7528153684807598,-0.06577243321011053
0.8546098559469579,-0.0474012858045744,0.05,0.7527597037163666,-0.05657524483935877
0.8428681445603577,-0.041571296572280175,0.05,0.7525320720751504,-0.03624160242083586
0.8283615808100668,-0.036554171582120855,0.05,0.7525320720751504,-0.03624160242083586
0.8138888171543028,-0.030919879223597298,0.05,0.7416573315643743,-0.034459303893407935
0.798273750074489,-0.026500552708420236,0.05,0.7424744577308445,-0.03377823160669923
0.7852930581059812,-0.0208632869884575,0.05,0.7449123031016135,-0.022451846962579725
0.7721659844077818,-0.019035727398436012,0.05,0.7449123031016135,-0.022451846962579725
0.7587437486596611,-0.020107847237114874,0.05,0.7430060713591484,-0.0045384434659870515
0.7472066044033329,-0.020928634776078484,0.05,0.7472417721047286,-0.0075066193551848286
0.7394234418579704,-0.021819518343703066,0.05,0.7472417721047286,-0.0075066193551848286
0.7356518442012137,-0.022989591157849553,0.05,0.7500132633748083,-0.024528956172843494
0.7382760873841973,-0.019973624971682702,0.05,0.7560297781039615,0.0004420839037691107
0.7454033834272843,-0.014017404867177537,0.05,0.7556827200034844,0.001978970884016135
0.7549079426555759,-0.0077438579974736035,0.05,0.7654413855169075,0.03554658060946085
0.7677872605466748,0.00010357615420376952,0.05,0.7654413855169075,0.03554658060946085
0.7816932677409358,0.00811742211151105,0.05,1.0643525656805526,0.07493992221429399
0.7962379918912473,0.013985037562604342,0.05,0.9059085166650415,0.06511456618137464
0.8123100153816802,0.020555566021987458,0.05,0.9188066396332437,0.08035636062341017
0.829475013418416,0.02802714992843511,0.05,0.9188066396332437,0.08035636062341017
0.8477127878137483,0.035934615453407266,0.05,0.9100597575672444,0.09430080096202814
0.8669046946651262,0.04367506312755339,0.05,0.9772875009367826,0.10470854113115333
0.8886668034155416,0.05241944497447885,0.05,0.9291568667798011,0.09075096021640308
0.9146078752264709,0.06465282224420711,0.05,0.9291568667798011,0.09075096021640308
0.9430880920613741,0.0784108072048032,0.05,1.1654936987151119,0.12940990062447316
0.9736925343934251,0.09221903430409148,0.05,1.269835158948831,0.144685416384991
1.0045106896859917,0.10786035780253828,0.05,1.2077369626122436,0.15851601528219372
1.033550682923341,0.12569740298436305,0.05,1.2077369626122436,0.15851601528219372
1.0624669601134846,0.13475721378504674,0.05,1.4701309933285989,0.25714835741595743
1.0929082454446868,0.13237626768200397,0.05,1.360557069575559,0.25197981985252144
1.1180992173716084,0.1319827157145582,0.05,1.3446111405934693,0.27273529670005003
1.1378280039707145,0.1280421342888486,0.05,1.3446111405934693,0.27273529670005003
1.149804273023023,0.12533113738738738,0.05,1.164315086003899,0.2860151307269579
1.1584547221559742,0.12834379322680659,0.05,1.1294421164146031,0.28713724513492395
1.1652782841167846,0.13225466851849643,0.05,1.0914722706094817,0.27858091689317893
1.1634553439891298,0.13992891695868792,0.05,1.0914722706094817,0.27858091689317893
1.1498444098434912,0.15349765117471065,0.05,0.32656058765756324,0.23368248443422227
1.1295871771569552,0.16726150673992587,0.05,0.32540189848078166,0.23266478886823835
1.101903015135264,0.17849259504230722,0.05,1.0484884995533075,0.32898116738037403
1.0760051200943597,0.16966094371768295,0.05,1.0484884995533075,0.32898116738037403
1.0371354197704492,0.16276053269847324,0.05,0.27755092753890553,0.26547579547722516
0.9935176497407473,0.15201010012515648,0.05,0.28160672851383806,0.270982879575158
0.9401811557160221,0.1485964851290484,0.05,0.19165036300083504,0.2656113993964201
0.8861556039724362,0.13692352702734928,0.05,0.19165036300083504,0.2656113993964201
0.8258320220298978,0.1269306004577641,0.05,-0.7801310675371272,0.08285633882684053
0.7519728058890794,0.12552874737945494,0.05,-0.7947233820610867,0.07859599934934093
0.6798324720553887,0.11767986319652987,0.05,-1.2252031267705639,0.08332086868499382
0.6100634124087592,0.10748353370545298,0.05,-1.2252031267705639,0.08332086868499382
0.5419686198490935,0.09853365417853695,0.05,-1.368213570443627,0.09295099275705541
0.4756330174458095,0.08534977030875746,0.05,-1.441268952880303,-0.007735024440822051
0.41000822923619723,0.07593058846667303,0.05,-0.656284264242133,-0.220290342416161
0.35191372602805077,0.06665462056340044,0.05,-0.656284264242133,-0.220290342416161
0.30480051195556296,0.0568645096788805,0.05,-1.1914892891457716,-0.13735493942280827
0.2628681812222911,0.0517805685989417,0.05,-0.9281538807131803,-0.17061239914864804
0.22423672085509214,0.04879427355318692,0.05,-0.9281538807131803,-0.17061239914864804
0.17827099462012858,0.06317915627870357,0.05,0.0,0.0
0.14341968320674303,0.07748059060930021,0.05,0.05764239404968625,0.4458030890483039
0.11238797538084067,0.0977519449969628,0.05,0.05237227293978585,0.41698800187549684
0.09130405104181566,0.11035213607972154,0.05,0.05237227293978585,0.41698800187549684
0.07126378006483755,0.13037326881361588,0.05,0.04321091898870493,0.3712451858880481
0.05354717740494036,0.15533278351068266,0.05,0.05216045365969366,0.33999446368239955
0.0515657106072527,0.2943100046491667,0.05,0.17120621727784913,0.1491935874952261
0.06179710025274804,0.2796823457879301,0.05,0.1846526152821277,0.1784335648677668
0.07191473616473618,0.2612048405548406,0.05,0.1846526152821277,0.1784335648677668
0.08101842505366086,0.24229260583114717,0.05,0.13977361088410403,0.2634403310999293
0.09410843165999239,0.21897209072273074,0.05,0.15244550857060438,0.26134846317600335
0.11160461810770221,0.19501233640849602,0.05,0.15244550857060438,0.26134846317600335
0.13262877501877526,0.1696996733701289,0.05,0.2001471076983616,0.14812433855037968
0.15541634407961386,0.1469145715392408,0.05,0.22660906695140023,0.10908625856333444
0.18132670716005816,0.12661954799599437,0.05,0.19339082566785284,0.12864234346875875
0.2088260286705037,0.10701507703857291,0.05,1.421566128472225,-0.0410915008930073
0.23766698447127244,0.09017041765484037,0.05,1.421566128472225,-0.0410915008930073
0.2675437007662881,0.07689997020652835,0.05,1.3906495172608604,-0.06365206405326257
0.2975338866244771,0.06352977046015232,0.05,1.408691417116224,-0.051352884948690045
0.327568341220364,0.04857980761207729,0.05,1.3959937164702818,-0.06752818331150172
0.3602468592350535,0.03249871614449785,0.05,1.3959937164702818,-0.06752818331150172
0.39558761665812464,0.014301995554178236,0.05,1.4282598517890872,-0.06459789636575516
0.4333582842476779,-0.002210170269593524,0.05,1.4308629379501903,-0.06692707123811886
0.47136262242928295,-0.013356156614160094,0.05,1.3803182613666058,-0.04865658683010981
0.512362184285493,-0.020589994576683316,0.05,1.3803182613666058,-0.04865658683010981
0.557122978846452,-0.02758284016789287,0.05,1.5,-0.02162111416190681
0.6025153037884203,-0.027813600190612346,0.05,1.44344035641949,-0.028282251119475504
0.6499107811046719,-0.024322193007560042,0.05,1.328296235013427,-0.13085271631057172
0.6978688356899305,-0.019499556498724337,0.05,1.3315030758055049,0.006616756493119712
0.7467680099360233,-0.016038388612888237,0.05,1.3315030758055049,0.006616756493119712
0.7955350138779691,-0.013218142019869917,0.05,1.3661393790737473,-0.008258459703753598
0.8430178753666039,-0.007129197763418299,0.05,1.3031900781071435,0.04502832531277664
0.8859655096566523,0.0012661909871244624,0.05,1.3031900781071435,0.04502832531277664
0.9243613301593355,0.009359082539833872,0.05,1.2716973001897205,0.0540740727650747
0.9566117507322998,0.017435365614060155,0.05,1.2614670588808166,0.054118883379536
0.9827865974471328,0.024152762430939227,0.05,1.1620351828715378,0.04477961807734583
1.0044024906748656,0.023701560842777636,0.05,1.1620351828715378,0.04477961807734583
1.0249998572620536,0.017328514512187854,0.05,1.1428574695414198,0.0325067569473985
1.0392953896777424,0.015066968298818506,0.05,1.1438314556856781,0.03209869145612277
1.0510421171171171,0.013165701415701414,0.05,0.9710895722139428,0.03102425332460944
1.0571165088940817,0.014286555748962754,0.05,0.9710895722139428,0.03102425332460944
1.0591511321092166,0.015527115178252057,0.05,0.9354114249257731,0.05286198736890678
1.0531259869165783,0.018042079942328086,0.05,0.8614286827959983,0.04810461610521905
1.0399361694903138,0.018889971882669714,0.05,0.9164869510055595,0.062009556191796024
1.0223919540641098,0.0182699162850601,0.05,0.9164869510055595,0.062009556191796024
1.001318237707362,0.01951324432624536,0.05,0.9519749236018459,0.07297116652873463
0.9768301937836678,0.020872761834390047,0.05,0.9012014628080889,0.06779693227528648
0.9485768986135594,0.023170597098480152,0.05,0.8978442490040491,0.06124485242274773
0.9184131979574305,0.02712552973179345,0.05,0.8978442490040491,0.06124485242274773
0.8898233236811687,0.030062638377483047,0.05,0.766858149909919,0.044455449979666335
0.8671822157851446,0.025299664735543397,0.05,0.7668581483620804,0.044455449891855486
0.8490550118008868,0.0176309165355457,0.05,0.7683537115528625,0.054216850889551055
0.832773632153628,0.017174610208484816,0.05,0.7683537115528625,0.054216850889551055
0.8142948136239133,0.023902403239252114,0.05,0.7916465073658119,-0.028052776900446445
0.7984221532455147,0.028139577099600643,0.05,0.9714819558564292,-0.031721276141904654
0.7832060587730486,0.03163676950857579,0.05,0.8524516649908045,-0.023579092535778494
0.772247831489737,0.030980702732018972,0.05,0.8524516649908045,-0.023579092535778494
0.7644357173455182,0.028963217077785312,0.05,0.7730915802665812,-0.02089195866118298
0.7620028630685611,0.022769342996090396,0.05,0.7838438184577364,-0.01566931884096909
0.7647018334267285,0.016449125463498384,0.05,0.7604848608612554,-0.022883784165088263
0.7712932628447422,0.011182935779269557,0.05,0.7604848608612554,-0.022883784165088263
0.779355623852883,0.0050192739494195875,0.05,0.7984056004424775,-0.035951734359375875
0.7883390024303363,-0.0016401684556642333,0.05,0.8054740483837174,-0.0399821948929396
0.7987722308929528,-0.010032831357598141,0.05,0.8259248987560297,-0.058713212746192275
0.810778471030043,-0.02182699391988555,0.05,0.8259248987560297,-0.058713212746192275
0.821766817564104,-0.03284082068735322,0.05,0.930555861595417,-0.07502827335947473
0.8284557643767114,-0.03683044588641505,0.05,1.1343726902336548,-0.08487711356987297
0.8333760640073437,-0.0373892848201619,0.05,0.8922231884521622,-0.06008811523296415
0.8392761756289496,-0.03791353821390246,0.05,0.8922231884521622,-0.06008811523296415
0.8458550293812651,-0.038072072004958456,0.05,0.8553165147986229,-0.054082338327977195
0.852359918611025,-0.03898624430992159,0.05,0.8816746699519109,-0.06184248289219729
0.8558113305408915,-0.040611330540891596,0.05,0.7962731490380053,-0.0379740025348421
0.856217859018115,-0.04223498949855605,0.05,0.7962731490380053,-0.0379740025348421
0.8545023482077977,-0.0434617717131047,0.05,0.8489805610957539,-0.048025776982652986
0.8512566075238697,-0.04303646609371461,0.05,0.9049412938075354,-0.049098338950501634
0.8467605335422151,-0.04203459089338687,0.05,0.8396230191386657,-0.03447718396412633
0.8413357857738591,-0.040876433933039434,0.05,0.8396230191386657,-0.03447718396412633
0.8364503533516221,-0.03968214157919847,0.05,0.7981153219995868,-0.03487859300316487
0.8308966484524902,-0.03710513681488279,0.05,0.7988662828367439,-0.03473142774773299
0.8260791823734314,-0.033161691797490095,0.05,0.7768549881240556,-0.03383887156666992
0.8238235316565895,-0.027041996112244046,0.05,0.7768549881240556,-0.03383887156666992
0.8247182674070451,-0.020154159857332012,0.05,0.7972755533268122,-0.03854911949770992
0.829217874172975,-0.012735694701078857,0.05,0.8312345127214557,-0.04146044480852626
0.8346725388925315,-0.008015673541157538,0.05,0.8332755304453654,0.007046592507083673
0.8378254154051542,-0.004486876892268816,0.05,0.8332755304453654,0.007046592507083673
0.8394186536901865,-0.0024858171127331713,0.05,1.1497882457546087,0.018688999530020414
0.8394157726661831,-0.002357886333091497,0.05,1.2864652943014823,0.02615126086521819
0.8389113618203718,0.00022484645382881533,0.05,0.9982949892604142,0.049274690562082286
0.8368756116435502,0.0039268435621167925,0.05,0.9982949892604142,0.049274690562082286
0.8346436486744231,0.007810134941827199,0.05,0.8961193757106495,0.03908485271609034
0.8342564054118489,0.01239184467755394,0.05,0.8647611450246296,0.03872681364977758
0.8341043875701905,0.01736576020219602,0.05,0.759175956152497,0.03579663146667987
0.8333115237123978,0.02024974385123691,0.05,0.759175956152497,0.03579663146667987
0.831489283204079,0.02075932031259307,0.05,0.7721674686678304,0.05172900382591034
0.8289108832328193,0.01990580439083693,0.05,0.7573034376627205,0.02824559013419665
0.8254351242058336,0.01596574684419439,0.05,0.7601022890912523,0.020183980957404556
0.821788783949661,0.00820982260966977,0.05,0.7615145911595108,0.022672085547582255
0.8177752479969478,-0.002341310568485311,0.05,0.7615145911595108,0.022672085547582255
0.81216312683136,-0.014200845701217333,0.05,0.7646071157659075,-0.001366610593646507
0.8077675437497763,-0.02171405181977597,0.05,0.7687514637801878,-0.04986969176235518
0.8025604071859141,-0.023617402492196994,0.05,0.7687514637801878,-0.04986969176235518
0.7999257540713894,-0.02797584110255371,0.05,0.841725057059111,-0.08260139754262782
0.8020498446390019,-0.03476450284480599,0.05,0.8738929916969658,-0.08374619109822883
0.8090936056774809,-0.04541713442270992,0.05,0.8608117619743814,-0.10010809249013229
0.824091617868047,-0.05972826274926057,0.05,0.8608117619743814,-0.10010809249013229
0.8436664994814577,-0.07529779053272777,0.05,0.9069808452447908,-0.11131040782521881
0.8655331716164539,-0.09317610283168341,0.05,0.906964390128278,-0.11130844777435198
0.8891723323552565,-0.10814410649108995,0.05,1.2914869947555554,-0.19047914142248065
0.9169548283261801,-0.11917591201716739,0.05,1.3028558407638102,-0.23880584976687594
0.9477148766094422,-0.12810167799237004,0.05,1.3028558407638102,-0.23880584976687594
0.9809447861663707,-0.13522209703565086,0.05,1.3111032884733964,-0.2571789444980963
1.017683408240147,-0.13583776853198543,0.05,1.3614143841156876,-0.25897224932300633
1.0487482174576495,-0.13853133292800687,0.05,1.3614143841156876,-0.25897224932300633
1.074723296517935,-0.13609385602059915,0.05,1.3046234057999793,-0.256968233944694
1.0950994128575853,-0.1316449524212181,0.05,1.326749893617277,-0.26148437311511163
1.1128193562216426,-0.12692579579150443,0.05,1.0680949637615686,-0.2666079788214189
1.1313206307294337,-0.12872730995267442,0.05,1.0680949637615686,-0.2666079788214189
1.1478779533617425,-0.1290030066287879,0.05,0.8858653758809396,-0.23040371787339997
1.1568041947348966,-0.127170622250307,0.05,0.8267013741992457,-0.2247482144322695
1.1621779678895803,-0.12099280733748123,0.05,0.7049215376465996,-0.18114326345894788
1.1591118655578325,-0.11488661178096553,0.05,0.7049215376465996,-0.18114326345894788
1.1526273707974934,-0.10647796349686672,0.05,1.0452444087493318,-0.19127604990296584
1.142395441544512,-0.09763151590990346,0.05,1.1481208858217284,-0.2211525280511636
1.129797748891432,-0.09198690101559148,0.05,1.0402885734483065,-0.18205550455566477
1.1117144189498533,-0.08889142433888929,0.05,1.0402885734483065,-0.18205550455566477
1.0719860625588689,-0.11144099292978672,0.05,0.7862833315097957,-0.19980193828342477
1.0329042693682957,-0.1280846716328963,0.05,0.7959585035132992,-0.20006921422702484
0.9919490981868432,-0.14306102368301923,0.05,0.9702584178723421,-0.27212441050461295
0.9501000170019328,-0.15375949513207818,0.05,0.9702584178723421,-0.27212441050461295
0.9085721501710552,-0.1641565892050399,0.05,0.5801206417264683,-0.23042895047277936
0.8687119610064393,-0.17410081624135465,0.05,0.6778714982316378,-0.22328395252529698
0.8277986411420379,-0.18715481662883765,0.05,0.6120016601708773,-0.1869890849896759
0.7911369859336412,-0.19333610633880957,0.05,0.6120016601708773,-0.1869890849896759
0.7532159684364972,-0.20319141785258435,0.05,0.5899617286332651,-0.19994963489258274
0.7267526999249275,-0.2072847600066731,0.05,0.6101175282619464,-0.1993305408199771
0.7068515710455764,-0.2126792761394102,0.05,0.5079634918207485,-0.19791779532398374
0.6915327274894225,-0.22038688904117754,0.05,0.5079634918207485,-0.19791779532398374
0.6781744137528164,-0.227043284236001,0.05,1.1072585603963798,-0.21649778308977427
0.6681112390788705,-0.23253325655267768,0.05,1.124235063270865,-0.22022900432853637
0.6644457873405651,-0.23442490165693172,0.05,1.046849634804723,-0.19947524553145346
0.6646288559675688,-0.23579305472755455,0.05,1.046849634804723,-0.19947524553145346
0.6869139435226242,-0.2108873322247652,0.05,1.0797441979658284,-0.19055700647585844
0.7115507386769965,-0.19303204856972586,0.05,1.122771240238941,-0.19487473866644944
0.7389024636221712,-0.18332769184016398,0.05,1.1265406560067106,-0.18179981549665292
0.7722621721585085,-0.1728637979542691,0.05,1.1265406560067106,-0.18179981549665292
0.8109288367931281,-0.16354133858267716,0.05,1.1252520459081203,-0.16094124240638175
0.8554037303821018,-0.15432770864141582,0.05,1.1334500263183578,-0.16161752511314828
0.9004441823805664,-0.14463374982120722,0.05,1.3829994175256524,-0.15567041067614806
0.9395215654152717,-0.14125514309032203,0.05,1.3829994175256524,-0.15567041067614806
0.9788638641133264,-0.12962936778593914,0.05,1.2318676524368626,-0.19905049357859295
1.009996853201054,-0.11810298790885133,0.05,1.2372628305681574,-0.19938344478854209
1.0337022059787988,-0.11011583445619642,0.05,1.135764177381793,-0.1689589493869023
1.054928334941395,-0.10035915195587955,0.05,1.135764177381793,-0.1689589493869023
1.073482837884549,-0.09265764777048047,0.05,1.0276991085406644,-0.1103136844712642
1.0892900216932668,-0.0854660273907291,0.05,1.024919013249794,-0.11030997352114122
1.10004234097329,-0.08643133335717094,0.05,0.9205848587304473,-0.08541421642318023
1.1104011874962751,-0.08680555039036891,0.05,0.9205848587304473,-0.08541421642318023
1.121584966316919,-0.08889595564564205,0.05,1.4227301014694396,-0.18395802613750578
1.1310279389149172,-0.09240169253603234,0.05,1.3931517748745188,-0.18140080586657328
1.1363439023808954,-0.09216006101194024,0.05,1.2033671269502804,-0.16313504177819507
1.1404589479172875,-0.08884143346642036,0.05,1.2033671269502804,-0.16313504177819507
1.1402252953448173,-0.08672801066936878,0.05,1.3468122831028118,-0.17258797792791764
1.1359208729477923,-0.08403652393547312,0.05,1.3771668121399154,-0.1910445762633455
1.1273385430936924,-0.07902668979689083,0.05,1.3771668121399154,-0.1910445762633455
1.1160135921404044,-0.06829249332315909,0.05,1.1500871487552775,-0.1804221079340881
1.1018626476483644,-0.05809762509843225,0.05,1.052582258297213,-0.11609949530189578
1.0860964782473845,-0.051158584737978505,0.05,0.8509174437750059,-0.10608087662016966
1.0701642744827093,-0.04594187314615174,0.05,0.8331421700013574,-0.0778960880705243
1.0569655992746188,-0.0384828079887375,0.05,0.8331421700013574,-0.0778960880705243
1.0413053876356964,-0.0332865385073702,0.05,0.7777569563214178,-0.06903189670387648
1.0225530868239945,-0.029147031052794512,0.05,0.7776149491564063,-0.06879780026785054
1.0020562582007302,-0.020423600209938688,0.05,0.7632214593546166,-0.040017009696310654
0.9773729088415906,-0.015353015262624456,0.05,0.7632214593546166,-0.040017009696310654
0.948302097889591,-0.011082451412900917,0.05,0.7639857080574936,-0.019137185326250337
0.9149516687743828,-0.007289004879561913,0.05,0.7639857074749692,-0.019137189282743272
0.8816748274587867,-0.005565973919158929,0.05,0.7688665874287046,-0.011958769979126895
0.8501197626655855,-0.003950725834336882,0.05,0.7688665874287046,-0.011958769979126895
0.8204290145637433,-0.0008955465574981825,0.05,0.838691358788411,0.010736342513509457
0.7926047541149688,0.00426532490673532,0.05,0.7530432832722227,0.00022822241498946652
0.7719982967340665,0.00839673823680103,0.05,0.7573208983167593,-0.010213015138559146
0.7573241103361945,0.006982829637577492,0.05,0.7573208983167593,-0.010213015138559146
0.747419739931586,0.0012721201177578341,0.05,0.7618493288045334,0.0125318269242478
0.7417570786061105,-0.005891533350035192,0.05,0.7618493303491295,0.012531827277105447
0.7392565982859118,-0.010258695898346703,0.05,0.7598347283477722,-0.008286943057584874
0.7361271752735855,-0.014305674665617623,0.05,0.7598347283477722,-0.008286943057584874
0.7359931544816242,-0.01619123284895157,0.05,0.765419875686755,0.021637812163175518
0.739582332761578,-0.014947310367829236,0.05,0.7654198733017337,0.02163781272594307
0.7454857190551707,-0.012253515983640766,0.05,0.7660170547036016,0.026457730260282666
0.7551137198321092,-0.004946609689497281,0.05,0.7660170547036016,0.026457730260282666
0.7666523226094727,0.003743536788799524,0.05,0.7702543241109568,0.019430143033194337
0.7790274496776269,0.01312867302673134,0.05,0.7702542826600273,0.01943013473577505
0.7915709012486895,0.022845152988275667,0.05,1.347372442786311,0.04963148524531623
0.8024791509703877,0.029604550331410046,0.05,1.347372442786311,0.04963148524531623
0.8137799930879145,0.03508198776084184,0.05,1.2062710709128597,0.07422297431280259
0.8254709757843255,0.03734255039961828,0.05,1.1251697080528604,0.06981213738233559
0.8363033294392522,0.03974289886515354,0.05,0.7992580849269575,0.06480363397283175
0.8458543846575736,0.04469576974437238,0.05,0.7992580849269575,0.06480363397283175
0.8560054543937841,0.05149827263627047,0.05,0.8924293973515308,0.09309834370111103
0.8674313563515819,0.058563055830481395,0.05,0.8861712363973,0.09259856030264615
0.8812904915726989,0.06426963012849549,0.05,0.9250267137155778,0.10881823113705372
0.8955677447896186,0.06902431660291472,0.05,0.9250267137155778,0.10881823113705372
0.910343430552577,0.07500024006957848,0.05,0.8647716194362796,0.11186636620209084
0.9245268271029708,0.07989946911829546,0.05,0.9867478276816368,0.12624916905656988
0.9393436166722344,0.08496082579698387,0.05,0.9878553488283767,0.15072269645992795
0.9537536827803204,0.09025179490846683,0.05,0.9822287895638779,0.16952897947182202
0.9671733448958185,0.09748954310303724,0.05,0.9822287895638779,0.16952897947182202
0.981329025519691,0.10460100123963004,0.05,0.9822511008299947,0.16953225387176943
0.9945017532366989,0.11149438475922771,0.05,1.2686087895156974,0.22138330864797615
1.0080939487485103,0.11427323122765197,0.05,1.2686087895156974,0.22138330864797615
1.0179219589879398,0.11715462369824287,0.05,1.2842952930492362,0.2929044278245628
1.016751229576575,0.1307658322508372,0.05,1.1059147599493504,0.2568837386929389
1.008867890474147,0.1488090216691697,0.05,0.7150786983966506,0.23364041672961416
0.9977794630612365,0.165149469322044,0.05,0.7150786983966506,0.23364041672961416
0.9859356420147626,0.17206653331107427,0.05,0.9397665837586296,0.28182730491470104
0.9611425617078051,0.18565863909272848,0.05,0.9462023900617622,0.2828323393051525
0.9306552846012723,0.1991251542731886,0.05,0.7094950366563555,0.2700889737881055
0.8939644169219584,0.21503281698871152,0.05,0.7094950366563555,0.2700889737881055
0.8601633234104495,0.22028489792752917,0.05,0.7316158944558522,0.2773269330011187
0.822434410047077,0.22643538227757584,0.05,0.6074652519790532,0.26055907456795485
0.778616617317637,0.23361126796225248,0.05,0.42496995897443407,0.23787892599829222
0.7294512858370021,0.24448113389885107,0.05,0.42496995897443407,0.23787892599829222
0.6818079260883033,0.25281651993137794,0.05,0.3736060971690487,0.2720298971532328
0.6360075571968478,0.2584281981353649,0.05,0.38203096655348945,0.273401704595671
0.5880216172128024,0.2646149647551915,0.05,0.4000439813561877,0.3006843945520995
0.5383421824502402,0.26937403163870105,0.05,0.4000439813561877,0.3006843945520995
0.4854512663130922,0.27095081699541146,0.05,0.38901952310014837,0.3032856299936496
0.44007152462358284,0.2590439138442831,0.05,0.3904323639214985,0.3028564804393077
0.3969113381935669,0.2361865200052457,0.05,0.3698182158862157,0.28730681663806323
0.35223594675261233,0.2102173959537228,0.05,0.3698182158862157,0.28730681663806323
0.30503985812220563,0.19468941997019376,0.05,0.17523380421484658,0.12788846916595617
0.26430515486646566,0.17513059014908652,0.05,-0.6204573702133545,0.09049596917842276
0.22143252590411006,0.16024258945711664,0.05,-0.8903537279356954,-0.03695690579645042
0.18005273582880046,0.14495468794732322,0.05,-0.8903537279356954,-0.03695690579645042
0.1284875938796433,0.13850228410662346,0.05,-0.9261263285775846,-0.04091794148783405
0.07639682229902867,0.12887387670579822,0.05,-0.9254735745478376,-0.040728253298171466
-0.07525077506438997,0.08362954605074883,0.05,-0.4886687470077394,0.09980976629039995
-0.12077326549463646,0.08001155750893921,0.05,-0.4395912258715743,0.10750880930892462
-0.15817711585671043,0.07863776574826609,0.05,-0.37766934449715034,0.12477197751257697
-0.19322177773272592,0.07825042752880006,0.05,-0.37766934449715034,0.12477197751257697
-0.21940149410824605,0.0782742495169716,0.05,-0.434213291617942,0.11341150537519232
-0.2405289814384321,0.07986517828403848,0.05,-0.41438058066365985,0.11681756526186617
-0.253673965128621,0.08684574036087822,0.05,-0.20627414208998046,0.14546473764989093
-0.25910275240298614,0.09815681780237079,0.05,-0.20627414208998046,0.14546473764989093
-0.2589638294697639,0.11023181595721823,0.05,-0.22648229194485797,0.1350618310894893
-0.2519579069365058,0.1206391015238118,0.05,-0.2245850282546569,0.13547301693154656
-0.23824232695701952,0.12741917306683204,0.05,0.33979511485538744,0.10472800911528718
-0.21776642301822,0.13333535664886006,0.05,0.33979511485538744,0.10472800911528718
-0.18742564479220053,0.13946995727208802,0.05,0.3281331385523144,0.18702538262144353
-0.15048821547316865,0.14698316470630296,0.05,0.4107560064515207,0.19823303087297392
-0.1074922078386497,0.1529272850808182,0.05,0.6305509523231536,0.1926402777585254
-0.060796317270321185,0.15432123202746847,0.05,0.6305509523231536,0.1926402777585254
0.08615770834822811,0.14644098806034173,0.05,0.9984302448291488,0.16425345299158986
0.13443497276876692,0.1402019216789217,0.05,0.9927875643104351,0.1611742615964877
0.18291640488084027,0.1343550984155748,0.05,0.9927875643104351,0.1611742615964877
0.23190820272927715,0.12820365294082595,0.05,1.0127482095640679,0.16153906434589155
0.2787119953954268,0.1228745133255385,0.05,0.9925038956584316,0.14433893763843253
0.3261194047009209,0.1151996295016738,0.05,1.011803859157517,0.1264617867972797
0.37102328894394554,0.10586248064416227,0.05,1.011803859157517,0.1264617867972797
0.4144361389620763,0.09537831668236388,0.05,1.0164320031409058,0.12664634398898053
0.456745209225484,0.08656031604499421,0.05,0.725026093283555,0.009720929528846494
0.4982510470564391,0.0774241845299125,0.05,0.725026093283555,0.009720929528846494
0.5367465694922933,0.06844238797429876,0.05,0.8075721964573388,0.024774493076558973
0.5722442049979731,0.059722535291031796,0.05,0.8346848626487567,0.024092355078711034
0.604483417199275,0.05232991688924926,0.05,0.7094782781119588,-0.011172566625132043
0.6329311926222667,0.046270956434651976,0.05,0.7094782781119588,-0.011172566625132043
0.6579008339791356,0.039846861698956786,0.05,0.759474303110759,0.0289893712781445
0.6787653588285776,0.034672875992276336,0.05,0.7594736964953749,0.028989301843382224
0.6966537407182274,0.029324105195408873,0.05,0.7626000238733698,-0.019792774916076266
0.7101207965762243,0.025716234919650943,0.05,0.7626000238733698,-0.019792774916076266
0.7202495242921014,0.023004021460506705,0.05,0.7680418352134875,-0.013697225240290671
0.7267864505772048,0.021046564767271472,0.05,0.7680418352134875,-0.013697225240290671
0.7313008541482947,0.017534316681364254,0.05,0.7643845392657114,-0.021784308714732276
0.731873366340173,0.01590541127475513,0.05,0.7643845392657114,-0.021784308714732276
0.7300502446306406,0.014366248420776622,0.05,0.7295531160524591,0.030719268782076214
0.7266576334740206,0.014696137062736963,0.05,0.7295531160524591,0.030719268782076214
0.7220294412129302,0.013241373843806619,0.05,0.6990711935588744,0.0339169134233706
0.7139395803778983,0.012566412946295524,0.05,0.6990711935588744,0.0339169134233706
0.7049278865752052,0.01122975136178886,0.05,0.6867320569318648,0.013153750202934654
0.6951170529682976,0.010394575991517448,0.05,0.6867320569318648,0.013153750202934654
0.6810491385680744,0.014910068711934303,0.05,0.751587361609555,-0.06608978133082208
0.6683554579961625,0.015712755485108868,0.05,0.5916195949422558,-0.0025473215009010584
0.6592429899413643,0.010730374934452018,0.05,0.5916195949422558,-0.0025473215009010584
0.6442445122096557,0.011946453896483095,0.05,0.5916199630039369,-0.0025472747638971335
0.6267427616913228,0.013959642733677446,0.05,0.5847824936560971,0.04891869879756955
0.6020944273248536,0.020940653796178193,0.05,0.5847824936560971,0.04891869879756955
0.5771922313606294,0.022569362894093812,0.05,0.5677295108233728,0.057462898999090725
0.545719550857865,0.02863798929308104,0.05,0.567730736198503,0.0574632558750841
0.5108494716987878,0.03563065338911336,0.05,0.13851818636961014,0.0977029819847273
0.47371797667735827,0.04145268818486413,0.05,-0.6686763602505276,0.07517442697329255
0.4359356918089063,0.0447188161533327,0.05,-0.6686763602505276,0.07517442697329255
0.3937896578755976,0.04467732136682842,0.05,-0.660409770903061,0.07643650564701876
0.3472355945539951,0.04653592479553637,0.05,-0.7378796734384514,0.07398595173560558
0.29788818744189377,0.04921319995709075,0.05,-0.7378796734384514,0.07398595173560558
0.2470812112541726,0.052814800906056274,0.05,-0.7592991900793595,0.06772586290561021
0.19613997065454675,0.053725222178482385,0.05,-0.7595701590063083,0.06771330659688053
0.1542385136824807,0.053965960512527396,0.05,-0.8005196476514054,0.05999804103156028
0.11258210019313766,0.057314552683659606,0.05,-0.8005196476514054,0.05999804103156028
0.06940807134940592,0.06599947176174756,0.05,-0.758991418151633,0.08491559453157221
-0.07462200941260574,0.06685366674609794,0.05,-0.05,0.05
-0.10806639685999832,0.06604529386889658,0.05,-0.05,0.05
-0.14396291340412598,0.06340911187386034,0.05,-0.7841316207613034,0.09563740440592365
-0.18050101344505762,0.06168669708094449,0.05,-0.7841316207613034,0.09563740440592365
-0.21761853227016664,0.06155622387242,0.05,-0.7734169543260501,0.08777500657849359
-0.2544572836429542,0.06582195287720889,0.05,-0.7733826760321972,0.08777690561063126
-0.287535324013354,0.06813894121855253,0.05,-0.708180734062859,0.08136197101126279
-0.31488581217275147,0.07041940173896448,0.05,-0.708180734062859,0.08136197101126279
-0.3384453461964879,0.07515176495833482,0.05,-0.7190133376987242,0.08446707285286843
-0.36352623377320026,0.07560508946345766,0.05,-0.7190148440030592,0.08446697455316658
-0.38762070661309744,0.07070142586344615,0.05,-0.7448828132523363,0.09199573014536334
-0.4035549713876967,0.0745444325226514,0.05,-0.7448828132523363,0.09199573014536334
-0.419645742912302,0.07455766686925745,0.05,-0.5323232180724017,0.06599863833146133
-0.43061469289358256,0.07545385149470774,0.05,-0.5325159186714147,0.06598376519891656
-0.4383491886077307,0.07571564678959224,0.05,-0.15051167724932785,0.10651609997576278
-0.43779685229807586,0.07549766733070105,0.05,0.8249492472881761,0.04415537346018015
-0.4317427326170687,0.07206244678694507,0.05,0.8249492472881761,0.04415537346018015
-0.41474619180433386,0.06791892297790174,0.05,0.8249498343472788,0.044154516331251975
-0.3891725105490262,0.06601321280425299,0.05,0.9311592512818835,-0.008605226035612722
-0.35762957170958515,0.06358863465665236,0.05,0.9311592512818835,-0.008605226035612722
-0.32247906504791873,0.06235872699423067,0.05,0.8473927581114439,-0.012591835954464085
-0.28077990270888975,0.059508603586417394,0.05,0.847414028085975,-0.012598416769367765
-0.23527607418616844,0.056790841713931645,0.05,1.0909657849086767,0.0749244244816639
-0.1881537267506285,0.051602548941341884,0.05,0.738936568208845,0.031293259460188905
-0.14033781904557538,0.04327008899300216,0.05,0.738936568208845,0.031293259460188905
-0.0865878633487075,0.041072970074010506,0.05,0.5732147702304156,0.01967447534068249
0.05602403737259343,0.029431936579841448,0.05,0.5804007702572062,0.015329416304254549
0.10061358011082644,0.025433994220342013,0.05,0.5804005398571326,0.015329457907674697
0.1463894680381897,0.022082817323623015,0.05,0.599546944323619,0.02732036988017144
0.19440496604919888,0.01957946869974388,0.05,0.599546944323619,0.02732036988017144
0.24163747794783771,0.016338681280694226,0.05,0.6518904625833571,0.03189391640028694
0.2836480511505902,0.012436158936449266,0.05,0.6521706441015346,0.03189048374096631
0.32467556837825917,0.009642198583674103,0.05,0.7054192431631764,0.036693771816504926
0.36445429639002963,0.008096837694585045,0.05,0.604588094645459,-0.02619829997435528
0.40306816156320746,0.006854634218992017,0.05,0.604588094645459,-0.02619829997435528
0.437825146031519,0.006271075030398398,0.05,0.6046914382896206,-0.026216164306350164
0.4678165063414867,0.008306950305154246,0.05,0.6085397736880606,-0.06938775328804662
0.4913894413048144,0.012969056561032023,0.05,0.6085397736880606,-0.06938775328804662
0.5087901604951535,0.013805270257365228,0.05,0.6478089305988235,0.017914931683112294
0.5240825473216201,0.0023503418003671304,0.05,0.6481364342086938,0.01788974160678602
0.5288796725073008,-0.007002897967697717,0.05,0.589515465377766,0.03296342869705909
0.5278106674768849,-0.016848459393766085,0.05,0.2529058903800835,0.07172840033376392
0.5144485427144662,-0.016157068326460564,0.05,0.2529058903800835,0.07172840033376392
0.49277448555009773,-0.014532046711812675,0.05,0.2527545097913262,0.071734687252373
0.4643322315798257,-0.017165821800236028,0.05,0.2326724646141818,-0.09562809305814521
0.4295864609286524,-0.019323454133635336,0.05,-0.08246152316961429,-0.058259505898755816
0.3915441479596094,-0.020467892013686054,0.05,-0.08246152316961429,-0.058259505898755816
0.3533367339583978,-0.021871648121232337,0.05,-0.08245805024018028,-0.0582570539444427
0.3153000378462785,-0.02519005477280313,0.05,0.05000000000000001,-0.05
0.27754883559439225,-0.02924066806542368,0.05,0.05,-0.05
0.23922046253799847,-0.0334525970078083,0.05,0.05,-0.05
0.20065082575866017,-0.03762987940166047,0.05,0.05,-0.05
0.1626075616732213,-0.04323283518055059,0.05,0.05,-0.05
0.12699715126060446,-0.05157881253803291,0.05,0.05,-0.05
0.09548928477705942,-0.05559383662952979,0.05,0.05,-0.05
0.06507621073025335,-0.04631521997019374,0.05,0.05,-0.05
0.05155865910471947,0.0764540891706085,0.05,0.39610721016638367,0.2085406333174612
0.07131855013711697,0.09792365446524383,0.05,0.30639505340031387,0.22452575555731577
0.09438205574082897,0.11903575154835637,0.05,0.3060829753275071,0.223727772987357
0.12035609729935881,0.14061745405572904,0.05,0.3060829753275071,0.223727772987357
0.15036309726606706,0.16412414140210851,0.05,0.4775036817042918,0.34867959263124465
0.1824602035465726,0.18532190270759843,0.05,0.44036696993737723,0.32327994868521764
0.21983099356299918,0.1974114402789367,0.05,0.4640748554238669,0.38101374425327794
0.2564012982173731,0.2076385679365647,0.05,0.4640748554238669,0.38101374425327794
0.28306333907929426,0.22908209795173393,0.05,0.464858916252459,0.3379599837140063
0.30422981715096525,0.25464536438646906,0.05,0.5362376288730119,0.36838103198867334
0.32592446507968675,0.27474599718682574,0.05,0.5538366861169535,0.34559611680492314
0.34530929264455223,0.28669128186943516,0.05,0.5538366861169535,0.34559611680492314
0.36062744815874154,0.2888422404957693,0.05,0.49892973764429593,0.3571492496524171
0.37572905445662536,0.28296602478551003,0.05,0.3721500498718094,0.2900703832056273
0.3907648164705602,0.2697479373055327,0.05,0.3556418057136344,0.27063689124739154
0.3985269457027059,0.2650593974251997,0.05,0.40919860279304554,0.29212651022532804
0.4015902107176919,0.26079563215307583,0.05,0.40919860279304554,0.29212651022532804
0.3980296352031086,0.2553440569276247,0.05,0.21281929127239416,0.16148210553969758
0.394228660892063,0.2507692576872176,0.05,0.4458885674643508,0.15893648839811098
0.38967677586021954,0.2503198625198145,0.05,0.3481669908329825,0.13168299373860104
0.3856243974754759,0.24907152877933655,0.05,0.3481669908329825,0.13168299373860104
0.38066474042690124,0.2555226417343011,0.05,0.20148864157301222,0.1432524983699254
0.375961652650888,0.2671154952771193,0.05,0.2919714022937913,0.20631944425429197
0.37180617712977754,0.28179883407644074,0.05,0.4322339005750305,0.33620341277260823
0.3776049567244072,0.2826371466720711,0.05,0.4322339005750305,0.33620341277260823
0.3841868059694376,0.2826352924523804,0.05,0.5242942242686881,0.39128311009267625
0.3915415973843442,0.286975630687503,0.05,0.5290356944164432,0.4124217543557576
0.39856809778657165,0.2984076912762077,0.05,0.5290356944164432,0.4124217543557576
0.407660069125797,0.31206094422263275,0.05,0.5507613126171083,0.4296000078546587
0.4144600575157945,0.32662404398617234,0.05,0.49771032474313237,0.3971391880081427
0.4171438942399389,0.3463525236028991,0.05,0.43459407092215396,0.3341024214510599
0.4252905885156064,0.3585906004288778,0.05,0.6031864074130469,0.44515372845956996
0.4355897385121916,0.3693279494918166,0.05,0.6031864074130469,0.44515372845956996
0.44770145045904375,0.376378287826398,0.05,0.4789626120827283,0.37252375118171194
0.4583842981807777,0.381775795164636,0.05,0.5372752551338337,0.4182423767614719
0.4653046166779952,0.384029292920259,0.05,0.4024932406449976,0.2966492521964592
0.4693026720696025,0.3845239559621,0.05,0.4024932406449976,0.2966492521964592
0.47098670917364527,0.38106191346921275,0.05,0.5612326295310648,0.4037152059750972
0.46620222317433113,0.38236371512901074,0.05,0.5031548954077236,0.3811522187621736
0.46242394275491955,0.3799048041144902,0.05,0.49288524968247477,0.3776402021875925
0.4581526660067739,0.3810297908815532,0.05,0.49288524968247477,0.3776402021875925
0.4585355631326076,0.3787199442053434,0.05,0.43785917246895334,0.3723893262513655
0.45897445400140674,0.3704787415209279,0.05,0.5525172608382641,0.39617177996004355
0.45610454561691793,0.3665671286704294,0.05,0.4805991724214332,0.3541494040997347
0.4533426312588688,0.3614672285090805,0.05,0.4805991724214332,0.3541494040997347
0.451263698433919,0.3590139395530939,0.05,0.4567735359332873,0.33965978929584406
0.4492908754601885,0.3590147811349529,0.05,0.47439984412745767,0.37822324121313333
0.4498666436217131,0.3593443816005912,0.05,0.4455583279119227,0.33005577427561766
0.4516130671322504,0.3577135941913263,0.05,0.4455583279119227,0.33005577427561766
0.45120645102622503,0.3578286684118257,0.05,0.44313219549298116,0.3308057805578397
0.450550933429467,0.3560648133141066,0.05,0.4553870527071141,0.34134661499568175
0.44823190753375647,0.3554665823751133,0.05,0.43093830943261335,0.3260826448761135
0.4436349056266533,0.35420142453707015,0.05,0.43093830943261335,0.3260826448761135
0.4398351678104225,0.353383586210594,0.05,0.5552835929476923,0.39812561846493344
0.43963980554164583,0.35059494062522356,0.05,0.459118455536881,0.3417273107234609
0.43943046397464464,0.3513117238790854,0.05,0.4509345405502844,0.34066262558892757
0.4397626424586333,0.34939976187353966,0.05,0.4509345405502844,0.34066262558892757
0.43721238107444327,0.34610194602746913,0.05,0.39938692463353154,0.30435109858792514
0.43245224098065627,0.3484493572935413,0.05,0.44401059006625276,0.341715918573648
0.4306972286807841,0.3506738937973959,0.05,0.7282965703483028,0.4998599965252262
0.43181319243112976,0.354685349929012,0.05,0.7282965703483028,0.4998599965252262
0.43382277518122847,0.3603622782334987,0.05,0.4722268873605845,0.3491798535783772
0.43948820991107884,0.36197575440141894,0.05,0.36789168986939363,0.27129561074288544
0.4466111866892408,0.35925953297882485,0.05,0.5349689886967653,0.4121055761784535
0.44924618006722133,0.36267470739672475,0.05,0.5349689886967653,0.4121055761784535
0.4534270986271332,0.3636093469944704,0.05,0.550047390324929,0.4172421397917095
0.45546637951563357,0.3682336502512324,0.05,0.5236553103201389,0.4090813014521185
0.4627483472157675,0.36480021300301485,0.05,0.5012400574849664,0.39179740575834077
0.4679561154272369,0.36397754370077334,0.05,0.5012400574849664,0.39179740575834077
0.47077326338380826,0.3631223679503994,0.05,0.511087407783649,0.3876054876912439
0.4713712981393852,0.36027706354220057,0.05,0.520965454800704,0.3980069621494904
0.4663677877740705,0.3621262946854147,0.05,0.5141107068628714,0.3920676875296236
0.46189677473202256,0.3625301052832393,0.05,0.5141107068628714,0.3920676875296236
0.464284309423884,0.3601582506676841,0.05,0.4748753319371455,0.3632982139410216
0.4652281532121674,0.3624701662656916,0.05,0.45934834873956537,0.33476864797792677
0.47131441792324735,0.35446726279806573,0.05,0.42637852585105,0.3177180420158362
0.47250841064933513,0.3473880841929521,0.05,0.42637852585105,0.3177180420158362
0.46948925220111215,0.34388858028266917,0.05,0.4411138123719545,0.32778151991184323
0.467063536415317,0.33640106725303015,0.05,0.4258287078668384,0.3224829530384327
0.46038882185038194,0.33068720666928864,0.05,0.4974245838918776,0.3714693359877732
0.45376454708611086,0.3242565751815591,0.05,0.4974245838918776,0.3714693359877732
0.44742432071694155,0.315285471684622,0.05,0.45703386730708667,0.33296425692637077
0.4395348256423702,0.3080065351337179,0.05,0.46139921302016806,0.33564297424175593
0.43008031066305785,0.3009577752208802,0.05,0.4236580317259921,0.30478130146885785
0.4171415050539967,0.2963299926097218,0.05,0.4236580317259921,0.30478130146885785
0.4045503194888179,0.2902204872204473,0.05,0.3967123112367739,0.28518774468800023
0.39094824346551293,0.2828967041513212,0.05,0.39489155434695955,0.2839908480152493
0.38102607708804953,0.26815077922077923,0.05,0.38547039079130674,0.2776123941261398
0.3690636754812853,0.25576933103127464,0.05,0.38547039079130674,0.2776123941261398
0.3536407080672209,0.24692784993042424,0.05,0.26769424139456216,0.2011671352046105
0.3415980804997854,0.23225549829510234,0.05,0.26291171920498535,0.18633809440592006
0.32757394714249943,0.22308578791419748,0.05,0.26291171920498535,0.18633809440592006
0.31707449766230056,0.21522648708614395,0.05,0.2571325417145444,0.18234388113200797
0.31160939957112227,0.20929373957588757,0.05,-0.1867240890056907,0.1315843145140525
0.3089010225661555,0.20555958555241804,0.05,0.21512197821463785,0.1516154386901767
0.30606108124538106,0.20957947648222758,0.05,0.24868882504777726,0.1381463564725734
0.3063570416905307,0.21038446568346694,0.05,0.24868882504777726,0.1381463564725734
0.30655887088124883,0.21257618631948996,0.05,0.3174960244672655,0.2238988875642105
0.30692166614960564,0.21597332919684514,0.05,0.46024362598937146,0.2400998238394114
0.3110385361141917,0.21906863842879118,0.05,0.4265072132822196,0.30752545252303454
0.31836233776294615,0.2216381920028604,0.05,0.4265072132822196,0.30752545252303454
0.3267616560175472,0.22553966240701892,0.05,0.40773508838564443,0.29343490017851137
0.3389651393983422,0.22747905422303735,0.05,0.4102490237891904,0.29532286341426006
0.34593165837074435,0.2369005885540088,0.05,0.3947219507531565,0.2838782978296577
0.35534903934426226,0.24195008792846498,0.05,0.3947219507531565,0.2838782978296577
0.3631734905547941,0.24842387968535845,0.05,0.43694893016215414,0.31532459465010637
0.36921656108084916,0.25896048577422315,0.05,0.3880176043040264,0.2785103968387622
0.377147446097186,0.2679523670754818,0.05,0.4052885743807803,0.2893786969501134
0.38525337116154873,0.2758066815277513,0.05,0.4052885743807803,0.2893786969501134
0.3925671086039193,0.2803132974538693,0.05,0.3082726310283977,0.22060473781981793
0.4001343083679964,0.28302095276688555,0.05,0.3105156637394534,0.22237671684449628
0.4122680749160054,0.2804398080634784,0.05,1.3625444544593843,0.32710763889398237
0.42743321987625027,0.27476381931115057,0.05,1.3625444544593843,0.32710763889398237
0.4432734400514917,0.2743906385210437,0.05,1.3643968073759705,0.3535987926736862
0.4648629481264232,0.26851702641963826,0.05,1.3413656677440728,0.323116625958501
0.48465870648248577,0.2678494928667628,0.05,1.1024041691396076,0.28736944971111356
0.5104824067119694,0.2615887035050072,0.05,1.1024041691396076,0.28736944971111356
0.5406095762176591,0.2527817246844871,0.05,1.1589264136413462,0.27450833664035507
0.571200973209925,0.25085413018618447,0.05,1.2630134082465294,0.28485842797547817
0.6113383798619637,0.24128540338057722,0.05,1.4190882363394262,0.2567240853581526
0.6537029677192312,0.2363473704772925,0.05,1.4190882363394262,0.2567240853581526
0.6990958132544492,0.2308104942983921,0.05,1.2353898921286344,0.17967241881046409
0.7476297154064431,0.2229028930300212,0.05,1.1966790567299685,0.2064265943397639
0.7959664031302524,0.21572609636313786,0.05,1.275503648016165,0.18714446812875293
0.8440390951200029,0.20813877767577169,0.05,1.275503648016165,0.18714446812875293
0.8923293321095229,0.19737882043365795,0.05,1.3383588837602636,0.17787400616516083
0.93717635332388,0.18896586364882093,0.05,1.3573013235424163,0.17950940445910982
0.9826103859680495,0.179924436695279,0.05,1.3710554532934311,0.18093454113408602
1.0261284890787543,0.1729427555142459,0.05,1.3710554532934311,0.18093454113408602
1.0663877100014298,0.1645753544704985,0.05,1.1947118375101777,0.19755384133508638
1.1042660597447174,0.15708510821504762,0.05,1.3936552625907608,0.1771484746197836
1.1396168959679533,0.15098029459453016,0.05,1.356045536565245,0.18569530278497845
1.170450171536803,0.14684997855789964,0.05,1.356045536565245,0.18569530278497845
1.1963533326580227,0.14124936749213463,0.05,1.251856031547311,0.17733409024256777
1.219611915743058,0.13140057621260876,0.05,1.2753523586704565,0.17804184329875897
1.2362212339543033,0.12413279937068689,0.05,1.4073235075945536,0.15637254920868096
1.2465509459250168,0.11682707799711695,0.05,1.4073235075945536,0.15637254920868096
1.250888299842771,0.11005469334397408,0.05,1.2416487899672914,0.08316341396211689
1.2497173032910969,0.10057736551321325,0.05,1.2632863211845304,0.08427759371574585
1.2398355537940733,0.09116817203852479,0.05,1.2116369082725937,0.0832032978772991
1.225142004244057,0.08285408252068382,0.05,1.2116369082725937,0.0832032978772991
1.206720546785578,0.07765487528615032,0.05,1.1057206150909948,0.08534705545162932
1.1858731886387996,0.07561819399785637,0.05,1.0089760054519328,0.08231923906111437
1.1599267466194463,0.07378406757530229,0.05,0.7807816688406122,0.0233083088338928
1.133277832133664,0.07226554723996569,0.05,0.7807816688406122,0.0233083088338928
1.1083356691429866,0.07149883199580258,0.05,0.8987474141514679,0.12544957298903367
1.083478866025511,0.07209649104490078,0.05,0.9933763765541758,0.14117371212740232
1.059859446319128,0.0708293992798035,0.05,0.9415050497910519,0.07329720311504005
1.0411180216512015,0.07050458600999286,0.05,0.9415050497910519,0.07329720311504005
1.0274556662771703,0.07155981828804445,0.05,1.1505797998465923,0.0998209480076132
1.0173053408820025,0.07515367938021454,0.05,1.2298502653835643,0.10394231152110499
1.0145983121558158,0.07693446670798866,0.05,1.2298502653835643,0.10394231152110499
1.0177963782540287,0.07794579091971013,0.05,0.8272937695268504,-0.02579512837574109
1.0258695439370455,0.07870587635626565,0.05,1.250081405025192,0.04879994689842013
1.0368452557790204,0.08167354794291914,0.05,1.4288000204945404,0.04643424643729133
1.053174327852825,0.08304665834058637,0.05,1.2520725823354049,0.05936730242386174
1.0712451506692435,0.07926110514637463,0.05,1.2520725823354049,0.05936730242386174
1.0881682667733537,0.07146464876872,0.05,1.2722880968244867,0.03960449443973704
1.1011605448542208,0.06005556774024364,0.05,1.2587221830623099,0.040092446541557636
1.111015059235775,0.04625657076112607,0.05,1.2587221830623099,0.040092446541557636
1.1171714000071515,0.032886632854963294,0.05,1.1725744692670708,-0.007820625929158541
1.1220037615209433,0.018339484195590745,0.05,1.112714619627588,-0.004159926206972287
1.1250920497205306,0.005999180362058895,0.05,1.131920625817796,-0.004755037955906519
1.1275150524496365,-0.0020746930504231746,0.05,1.131920625817796,-0.004755037955906519
1.1261300619859338,-0.013040943497437122,0.05,0.905500362687864,-0.04961549707213472
1.126018911731737,-0.029784203355672688,0.05,0.9980384527889133,-0.10691523923572403
1.126720789680695,-0.04876074123073623,0.05,0.9874808942614747,-0.10574603653184114
1.1256383530449712,-0.06011830499785398,0.05,1.2851349372540306,-0.24842663433402437
1.1222532552843978,-0.06487893781518617,0.05,1.2851349372540306,-0.24842663433402437
1.1199006778014802,-0.0736111394811169,0.05,1.2820437491997054,-0.18115926362341828
1.1177734695337935,-0.08473772675229883,0.05,1.4107560717657803,-0.19453121478431135
1.115008853707367,-0.0959912994256024,0.05,1.252867452347767,-0.24352223839006343
1.1102885967945813,-0.10546597104629253,0.05,1.252867452347767,-0.24352223839006343
1.1081461206845185,-0.11799784598333989,0.05,1.4233735611159177,-0.1725057865103131
1.1098480225904512,-0.1295557757644394,0.05,1.4013076060823189,-0.17384416260599975
1.1237930833263865,-0.1276557510926391,0.05,1.1221565259006596,-0.20375985803567195
1.1438543668916341,-0.1202012356314986,0.05,1.1221565259006596,-0.20375985803567195
1.1609748080705729,-0.11776127436371221,0.05,0.8743153301568988,-0.2523723947203791
1.177314244642857,-0.1181507107142857,0.05,1.1417396742825354,-0.25603261794536425
1.1898095809293343,-0.12188785463951936,0.05,1.1417396742825354,-0.25603261794536425
1.2016466014209424,-0.12133964154587068,0.05,1.0047202035993705,-0.2871045543327365
1.2053075154343058,-0.11883788645356598,0.05,1.128691811634593,-0.21178150924619496
1.203469525390788,-0.11326885142305262,0.05,1.143767231404805,-0.2179056453329555
1.200375031582209,-0.11596099180054345,0.05,1.1080615860061143,-0.23069780912015825
1.1974667043992184,-0.125223688098756,0.05,1.1080615860061143,-0.23069780912015825
1.189551572622904,-0.1307098427377096,0.05,1.0713731964389148,-0.20527746035931105
1.1837803559507916,-0.12984746209231357,0.05,1.2989912558062848,-0.2233933408009044
1.1751673828171567,-0.1260206774670386,0.05,1.2989912558062848,-0.2233933408009044
1.1660582589019535,-0.11736495832240217,0.05,1.2067057962225543,-0.29023702278443986
1.155987541583698,-0.10065192119665661,0.05,1.2067057962225543,-0.29023702278443986
1.1423062752349304,-0.08022205845571158,0.05,0.9146661638428827,-0.14871403624024382
1.1177353310760867,-0.07049829097021865,0.05,0.9146661638428827,-0.14871403624024382
1.0871962752352513,-0.06739637308319157,0.05,0.8757900391930934,-0.11063532497770211
1.0598729267915,-0.06120684200495521,0.05,0.7761070078295184,-0.07680330132072848
1.0307623787766869,-0.05839453631338163,0.05,0.8502304080492948,-0.0846542373848415
1.0044790090122309,-0.05545341534940277,0.05,0.8502304080492948,-0.0846542373848415
0.9775200204488005,-0.05581295041016835,0.05,0.8154842202042857,-0.07987309789388347
0.9533547995780591,-0.051582260900140654,0.05,0.7744623020582997,-0.0655768064922337
0.9272004189860894,-0.04850150995911459,0.05,0.7746273720301888,-0.06590871375256464
0.8986660518848804,-0.043516381530317845,0.05,0.7746273720301888,-0.06590871375256464
0.8689244177661769,-0.036247935662268624,0.05,0.7715420986878117,-0.05574286393546056
0.8427041181904876,-0.028844249016569314,0.05,0.7653456653571704,-0.010003960739415738
0.815376412670212,-0.023766278050699925,0.05,0.763143286450582,-0.012425590835528319
0.7926156590589302,-0.019429271899072283,0.05,0.763143286450582,-0.012425590835528319
0.7738765255177515,-0.01714962093195266,0.05,0.7637470830395796,0.004147650026607477
0.75794908417051,-0.01832710724202448,0.05,0.7657767071517162,0.01119123656977669
0.7472195543314972,-0.020527491236855287,0.05,0.7565768453018645,0.002432019308693585
0.7406196081235698,-0.023365539187643024,0.05,0.7565768453018645,0.002432019308693585
0.7360442868449554,-0.02551010372406898,0.05,0.7574995287674492,-0.0002448485328099823
0.7315603257694097,-0.02692972496810274,0.05,0.7591828672303039,0.010331160749612753
0.7293593000393237,-0.02429106370428628,0.05,0.7593340470958218,0.008834219283487819
0.727440063594426,-0.021509326983824247,0.05,0.7593340470958218,0.008834219283487819
0.7272224441370758,-0.016898854720625762,0.05,0.762245211149296,0.023092476057201716
0.7283761451472672,-0.011212448340340388,0.05,0.7620570913432658,0.02854835638311011
0.7325959850948993,-0.003329700289523537,0.05,0.7615842464383278,0.027690230626016065
0.740759630351354,0.008227662864702518,0.05,0.7615842464383278,0.027690230626016065
0.7518946639868314,0.020586033148050954,0.05,0.7637336299261078,0.038494371771268125
0.763597491953749,0.03218662653474789,0.05,0.7648940029386789,0.04365881140798654
0.7755184927425698,0.04070058810210453,0.05,0.7643477963684979,0.04395543552405058
0.7894945170444383,0.04979320040777879,0.05,0.8088335853641705,0.07840726402160339
0.8053755691977589,0.05783732804863512,0.05,0.8088335853641705,0.07840726402160339
0.8257533234599981,0.06653726905931152,0.05,1.1800965582838443,0.1319864527670328
0.8487158509978778,0.075352157001836,0.05,1.2384861192569618,0.13639572496542843
0.874539024761155,0.08510787025441013,0.05,1.314777649305054,0.17497197078604013
0.9030699929663099,0.09658785138647147,0.05,1.314777649305054,0.17497197078604013
0.9338379706054002,0.10847777867104964,0.05,1.3868826796237872,0.19311695767016537
0.9669808956362164,0.12009400247861006,0.05,1.3955579601223773,0.20396551212643507
1.0004258520695246,0.13160363299318106,0.05,1.3955579601223773,0.20396551212643507
1.0381647446065045,0.13606215071972905,0.05,1.328951082380519,0.20265872247734804
1.075586139286523,0.13232668238000453,0.05,1.4050943902561708,0.19621894375538296
1.1052893779356714,0.12909217829808542,0.05,1.3932575192140366,0.24365418249103077
1.1260850935932418,0.12324069161294937,0.05,0.9896035529209356,0.1448011858904443
1.142714505845479,0.11979208357664668,0.05,0.9896035529209356,0.1448011858904443
1.158757859323388,0.11902547460618419,0.05,0.9388582772555912,0.15118591710937412
1.172818380061379,0.12416540895465576,0.05,1.026411956732824,0.18735475151099878
1.1822539411610538,0.12809566630133068,0.05,0.9385196688692662,0.16983384538343274
1.1859179585016264,0.12869260374593416,0.05,0.9385196688692662,0.16983384538343274
1.1818549476589606,0.1298029407556663,0.05,1.0210755274897656,0.19727751569270577
1.175519892466709,0.13206493931879687,0.05,1.0805143437664564,0.2117156628027048
1.1685718050756582,0.13583818479685453,0.05,1.0954265909442866,0.23425059991024796
1.1617473512795145,0.14040002324223175,0.05,1.0954265909442866,0.23425059991024796
1.1562034277868452,0.14460474928221684,0.05,1.1294997060521277,0.21684400753705882
1.1493168592436975,0.1496301100553858,0.05,1.183470045495062,0.1993645439376912
1.1439509124435494,0.15365979856535159,0.05,1.183470045495062,0.1993645439376912
1.1345141756204014,0.16380505413978558,0.05,0.9828513468210561,0.16517967118763785
1.1283038625561366,0.18182797092212943,0.05,1.2312712431402324,0.24797837332609035
1.1269717189571364,0.19960739063190458,0.05,1.2709104957254458,0.2975796010923412
1.1325684740894355,0.21414413794336384,0.05,1.2709104957254458,0.2975796010923412
1.1394470763737379,0.2223818722653409,0.05,1.1866094469240391,0.2709336210741271
1.1461109589041096,0.22763413242009128,0.05,1.1803628750210815,0.2774775025222626
1.1517872048886293,0.22909249812296656,0.05,1.2504886828666404,0.302630018744219
1.1593729011999951,0.23142561072249962,0.05,1.2504886828666404,0.302630018744219
1.1698589780190962,0.23535794244913041,0.05,1.211107331888046,0.2893554554629331
1.1811723808984882,0.2381271357262839,0.05,1.0253505143602593,0.2198546001491681
1.1897977703701936,0.23801061414702798,0.05,1.2691893731687132,0.24805596314691727
1.1927079213643839,0.23356443251972445,0.05,1.2691893731687132,0.24805596314691727
1.1935721059972106,0.2206104808139327,0.05,1.2985245568698451,0.24026745343398895
1.1863031042577787,0.20780987821299618,0.05,1.2031456357645518,0.2281647029194684
1.1720611463411728,0.19688333591598822,0.05,1.1320677291616468,0.2284266085442741
1.142357687080507,0.1997595215245407,0.05,1.1320677291616468,0.2284266085442741
1.1199598787943794,0.18535309449747936,0.05,1.0692860115826988,0.206717539252787
1.085893494481394,0.17707271329471502,0.05,0.6931745533915408,0.1515497810136953
1.0446637458887458,0.17559167024167024,0.05,0.6779453732585219,0.14946764637823534
1.0054698676740692,0.16688330898313572,0.05,0.6779453732585219,0.14946764637823534
0.9540242006437769,0.17335877145922748,0.05,0.2594802242054235,0.18322693108195295
0.9039906049987485,0.16377169074266099,0.05,-0.7672905034901437,0.2111145925312917
0.8467878575855823,0.15475576010775247,0.05,-0.7027980207789883,0.21309467374171806
0.785308682014594,0.14222241509636102,0.05,-0.7027980207789883,0.21309467374171806
0.71892800085841,0.13188381122132672,0.05,-0.8214372463858226,0.196189249365641
0.6503632554674931,0.12253596716524641,0.05,-1.0812721523202546,0.22636987626744745
0.5800060774270399,0.11279592197736747,0.05,-0.9970280905231627,0.2166815421855101
0.5112020391254589,0.09964492930713843,0.05,-0.9970280905231627,0.2166815421855101
0.44069453868444275,0.09512150301700494,0.05,-1.1454219156645784,0.2261014552226199
0.3751677769635005,0.0911766113752547,0.05,-1.2145986758218077,0.2611511335993133
0.3163273873809439,0.08458685942137825,0.05,-1.2829193013409608,0.2437497333128628
0.27093865407995427,0.06585032539512264,0.05,-1.2829193013409608,0.2437497333128628
0.21693594036861308,0.06665736451205265,0.05,-1.230764773120454,0.24846712033320473
0.16999326010775245,0.06275109272194145,0.05,-1.3329196139714177,0.21173416839202688
0.12769264593666538,0.055493952689813046,0.05,-1.315134272350981,0.2511767888782143
0.07637414441653673,0.059762865296939534,0.05,-1.315134272350981,0.2511767888782143
-0.06521860768020218,0.07150778124180357,0.05,-1.3045616015019201,0.26606945479001987
-0.11121962100794237,0.08519820700264746,0.05,-1.3045616015019201,0.26606945479001987
-0.15727795327214208,0.09780783466444154,0.05,-1.3104227475386303,0.2523477400945475
-0.20221178602078765,0.10944133033756079,0.05,-1.2703000247651008,0.2583809104955961
-0.2494150135837186,0.1222908500548115,0.05,-1.2708457785461624,0.2621657013068632
-0.2997275969962453,0.13980876095118897,0.05,-1.2708457785461624,0.2621657013068632
-0.3513552426094847,0.1538060685204642,0.05,-1.312198826090784,0.2649509215732909
-0.4053748244850768,0.16815679650996473,0.05,-1.2794438364193417,0.23965389197875211
-0.46438959115449246,0.1825350566698845,0.05,-1.2992054426888315,0.22850265521764834
-0.527373971725428,0.19551407741251325,0.05,-1.2992054426888315,0.22850265521764834
-0.5932545604382503,0.20665780022413238,0.05,-1.2718944344598524,0.24118480166308365
-0.6598546874255065,0.2154691942789035,0.05,-1.171359807759674,0.2480206561320871
-0.7242431022446568,0.21791986091719473,0.05,-1.1508103575914925,0.2502977478335371
-0.7848400137790343,0.21468770176443217,0.05,-1.1508103575914925,0.2502977478335371
-0.8417143125447174,0.20541138683520152,0.05,-1.151635897839132,0.25048295276354277
-0.8946154163290596,0.1954005993517945,0.05,-1.1445394170677705,0.23465114020199515
-0.9395926335081656,0.18963961199189414,0.05,-1.0975647417180696,0.24017593796027467
-0.9817966054936541,0.1777265310135256,0.05,-1.0975647417180696,0.24017593796027467
-1.0174387632407673,0.1649246170913255,0.05,-1.1740279035801073,0.20535528719930143
-1.0480541743682699,0.14934120586236094,0.05,-1.1155472257567236,0.1884172034108641
-1.0701954812563323,0.1328441286727457,0.05,-1.1012660021107241,0.1832824907212005
-1.0826390641392465,0.11648350619933238,0.05,-1.1012660021107241,0.1832824907212005
-1.0798146849042438,0.11340226251623746,0.05,-1.0201708974039074,0.19159633182474
-1.066686662654479,0.11616026832000571,0.05,-0.8975469532376074,0.16233383237695984
-1.0511854459646277,0.11314796682080373,0.05,-0.8952341405991859,0.16207652411957627
-1.0240037607061598,0.12150735017332363,0.05,-0.8469392695724015,0.1523908869340789
-0.9907475540400368,0.1300574675402096,0.05,-0.8469392695724015,0.1523908869340789
-0.9523649608554515,0.13664122111896124,0.05,-0.6576673723957666,0.14222638864296278
-0.9088703134515494,0.14499630664517285,0.05,-0.6593631448827506,0.14216843080163152
-0.8589440145120776,0.16118922576459244,0.05,-0.6593631448827506,0.14216843080163152
-0.808980177274949,0.17717642642553139,0.05,0.5005181569818757,0.36788153294851655
-0.7548436494314525,0.1971900772366445,0.05,0.503808226273178,0.36973698961745105
-0.6999888196869822,0.21316878941032028,0.05,0.5040920784235683,0.3708235131243244
-0.6438871991775433,0.22877400947613086,0.05,0.5040920784235683,0.3708235131243244
-0.587150409357422,0.2454370322480694,0.05,0.4934789159185988,0.3529596293003244
-0.5293132392569275,0.26515006826203086,0.05,0.5969685507915045,0.346564731961123
-0.47151409508818376,0.28701366579615784,0.05,0.6101119656529327,0.3033838048944522
-0.4163651819569313,0.31076943248753963,0.05,0.6101119656529327,0.3033838048944522
-0.3705946381720173,0.32181258765443876,0.05,0.7592497394947898,0.32089356683487874
-0.32879824090957843,0.3261596133218921,0.05,0.7816483537265152,0.28616154089848256
-0.28187357170942107,0.33543255579120446,0.05,0.9159943533684397,0.3114042585190069
-0.23813302146526344,0.33341200016685935,0.05,0.9159943533684397,0.3114042585190069
-0.19411131061012704,0.32990776793701915,0.05,0.889954815220929,0.3557978548651141
-0.1492950689359063,0.329536860732772,0.05,1.2885354780875264,0.3835959077600468
-0.10480769803543134,0.32605701031726175,0.05,1.2812298097423502,0.33205422398360207
-0.062228925962122934,0.31677307456229215,0.05,1.327425139456055,0.32415056997183883
0.08310984086902663,0.27688729691743297,0.05,1.2343144005475588,0.31535939204126173
0.13255385204842268,0.26471428141212955,0.05,1.2343144005475588,0.31535939204126173
0.18117945693665752,0.25265073183824405,0.05,1.2706193655931608,0.14084839702544316
0.22991408477141634,0.239765513121514,0.05,1.4124720335804077,0.19195121720078584
0.2788423839795809,0.22546295158808727,0.05,1.4107023631360731,0.19113503345703803
0.32729789501906575,0.209500552907531,0.05,1.4350811428738326,0.14011851649476262
0.3750266227494933,0.19363897281507098,0.05,1.4350811428738326,0.14011851649476262
0.4228512722456997,0.1787120924349741,0.05,1.4496041542103102,0.133364902794252
0.47120426317796216,0.16427504706415022,0.05,1.4300930369274307,0.12564752103143326
0.5180800458222954,0.15057998854442614,0.05,1.4300930369274307,0.12564752103143326
0.5658379237060795,0.1392291005448714,0.05,1.4319517460015134,0.09346897705702911
0.613504652582551,0.1279306996593129,0.05,1.3857492435359684,0.09877161165114809
0.6616640235184789,0.1197297939452427,0.05,1.4268194697877947,0.11962378964437524
0.7096619668076992,0.11451162117871402,0.05,1.4268194697877947,0.11962378964437524
0.7550938770703903,0.1152293086178319,0.05,1.469023199436105,0.10975777767579944
0.8014354448685074,0.11607986970004174,0.05,1.4645164841443858,0.14494922918360786
0.8467863821622652,0.11966427120078177,0.05,1.4835881631893133,0.15534314032460833
0.8925642181069959,0.12457984612631956,0.05,1.4835881631893133,0.15534314032460833
0.9374262264802965,0.1296952778870101,0.05,1.4493024858985037,0.16277333762869808
0.9790881041756042,0.1330148326898327,0.05,1.339739175986749,0.16118859579023898
1.0201151981118581,0.13506479610689934,0.05,1.3734644055117136,0.18011651113749716
1.0588143385638202,0.13879467419666155,0.05,1.3734644055117136,0.18011651113749716
1.0933995671873138,0.14472550077500895,0.05,1.2390971720522936,0.11411125577949302
1.125958845195666,0.1468476487907215,0.05,1.2993294650618479,0.2582494578936461
1.154654825868275,0.1480268015065195,0.05,1.2134584900798335,0.14819277292949104
1.1787001153474732,0.14595487946636146,0.05,1.2134584900798335,0.14819277292949104
1.192711580358739,0.14425483761396818,0.05,1.2172467231731077,0.20975385645409464
1.1998559955182608,0.13703653809478403,0.05,1.2464177986644855,0.2525732648495689
1.1988667472025931,0.13179431223709143,0.05,1.2248626005985586,0.2449474781569244
1.1877098710323375,0.13603115665637627,0.05,1.2248626005985586,0.2449474781569244
1.1604048214668796,0.1578776338998403,0.05,0.8641668838780168,0.16976778924726776
1.130902216607875,0.17450664267327676,0.05,0.46236336614830137,0.11393733975794895
1.0915083049231136,0.19202944033853855,0.05,0.4582246942903244,0.11478922335186353
1.0521559328193701,0.19728377917853268,0.05,0.7958643433620511,0.39244956325541
1.000429769113405,0.21365522087396,0.05,0.7958643433620511,0.39244956325541
0.9522347826216532,0.22210277072455475,0.05,0.6414671822532617,0.4239897481619084
0.8992008946653641,0.23343386981487219,0.05,0.5141035414406596,0.37122567985371235
0.8425313733552633,0.24918424479166662,0.05,0.4799483698071107,0.34655286505226235
0.7901702754308081,0.2607528533581555,0.05,0.4799483698071107,0.34655286505226235
0.7355859705269425,0.2791679443286693,0.05,0.5066819228940297,0.37400650431755644
0.6817225345526033,0.2991737873823424,0.05,0.4928227271777047,0.36480895687135045
0.6295728830777297,0.3217989218770481,0.05,0.4928227271777047,0.36480895687135045
0.580839292651247,0.3459676280103433,0.05,0.4188966817744992,0.3454017540749127
0.5356231587795542,0.37228501239999523,0.05,0.4564936944094548,0.3929480263934169
0.4945358607875366,0.39493182126777676,0.05,0.46921334912094265,0.39571452254734624
0.4658173447371558,0.3985527673143402,0.05,0.46921334912094265,0.39571452254734624
0.450737850406,0.38481478769957195,0.05,0.4581345261460997,0.4055703008320067
0.4343578246548253,0.3785310931227142,0.05,0.3676100549220208,0.4182055734102617
0.425404912140575,0.3685850495922941,0.05,0.36764522525028104,0.4191253849747279
0.4079791777441314,0.37624413679228413,0.05,0.36764522525028104,0.4191253849747279
0.40022795025872143,0.3730551464100913,0.05,0.3550998069397898,0.41287789287969884
0.3881867944317315,0.3780500333714722,0.05,0.40707215616494896,0.33655537649964323
0.3785434004247399,0.3802264612365181,0.05,0.44166106400478844,0.366981318887243
0.3699832805775123,0.3759183083562836,0.05,0.44166106400478844,0.366981318887243
0.35775959103374266,0.37383541850482893,0.05,0.32854828883876647,0.3438934763116836
0.34528413951575404,0.36770995165885817,0.05,0.3113310507641676,0.35843051836508116
0.3333178788474601,0.3591190040396096,0.05,0.3065746895169619,0.3562882633064497
0.3241041811680572,0.34541117520858167,0.05,0.3065746895169619,0.3562882633064497
0.3224515686099189,0.3243152426084883,0.05,0.319731395468224,0.29338680988032545
0.3236953727322574,0.302831629794741,0.05,0.21945677824052404,0.33301474717918383
0.3291573860591409,0.28133460265097837,0.05,0.21996143845304683,0.33723029049395603
0.3331020339377034,0.2713686818295605,0.05,0.21996143845304683,0.33723029049395603
0.3401024771659552,0.26077518601101757,0.05,0.27385086131706105,0.20987041978974205
0.34802078844503764,0.24582590928591855,0.05,0.5368486868972528,0.17109335097490425
0.3581367451384832,0.22952067143180763,0.05,0.5388723064271842,0.17147122610995666
0.3714723667111758,0.21374550954958393,0.05,0.5946903980089936,0.14115589454558647
0.38825639208440127,0.19930622608332835,0.05,0.5946903980089936,0.14115589454558647
0.40820164443093215,0.18752867694398742,0.05,0.6614631881716395,0.1166350012181702
0.42482653732481646,0.18664645342740013,0.05,0.6616493797284846,0.11586002337284355
0.44882844067311817,0.18178845997997806,0.05,0.12976674225470858,0.10569953154096476
0.4840492022545629,0.16615988220207564,0.05,0.12976674225470858,0.10569953154096476
0.5175515206747435,0.15614132089632252,0.05,1.436991183360887,0.19043797469290857
0.5550419404547997,0.14680657745992837,0.05,1.3012753341808316,0.18227629829682399
0.5925587306317044,0.1435628873659118,0.05,1.428539570203135,0.17602675000730428
0.6294087691592573,0.1455812552144168,0.05,1.428539570203135,0.17602675000730428
0.6660519756992862,0.15085593573837702,0.05,1.329002078274539,0.18149495194980286
0.7023812810759894,0.15602050121024957,0.05,1.3177115118560683,0.17938463699987423
0.7390110403852572,0.15701338506651408,0.05,1.4573571523650242,0.14172329982504156
0.7762164394788289,0.158012754506008,0.05,1.4573571523650242,0.14172329982504156
0.815079830158106,0.15955702988168852,0.05,1.354341045481207,0.16830136507976606
0.851414103473348,0.1621369576618671,0.05,1.2435796553707725,0.1625499572119725
0.8893133913240484,0.15630091904750548,0.05,1.1807128161762723,0.14343967493135618
0.9242159343867677,0.14589420402545403,0.05,1.1807128161762723,0.14343967493135618
0.9541598591549296,0.1323330985915493,0.05,1.1546060559325282,0.10690286465434846
0.9798064576570555,0.11079028785564253,0.05,1.1693726911179505,0.10749785756858322
0.9962757697213149,0.09149021562924645,0.05,0.9941572528581856,0.09210552768076169
0.9991869436131017,0.08323236731968474,0.05,0.9941572528581856,0.09210552768076169
1.0046530937052933,0.06998198319027182,0.05,0.8216412669066424,0.07303971488491771
1.0044804510404501,0.061748048113364956,0.05,0.8197070951746639,0.07290309581933964
1.0036372859987126,0.05227203199885548,0.05,0.7928832008268067,0.07621251931993761
0.9992340844617146,0.04860227007247068,0.05,0.7928832008268067,0.07621251931993761
0.9916636346568762,0.048462727825392474,0.05,0.7721232379437505,0.06907495647997243
0.9765917805931333,0.050768862286164194,0.05,0.7721232041763263,0.06907495616349794
0.9561607332181786,0.049984731669545535,0.05,0.785875479063785,0.083534935041668
0.9345440658868976,0.04958022588260543,0.05,0.785875479063785,0.083534935041668
0.9139179329379398,0.04989393779699167,0.05,0.9820113562317676,0.11925164727685811
0.8962631831610044,0.05135402391956926,0.05,0.9825252191037955,0.11929409604561748
0.8798896427933027,0.05416729637132812,0.05,0.914450698580093,0.10611456080766196
0.8658352690230029,0.05909752441598397,0.05,0.914450698580093,0.10611456080766196
0.8560051925668825,0.06580507388986295,0.05,0.8824127490979943,0.09560386093870347
0.8556261531948387,0.07062551637369714,0.05,0.882540017880631,0.09561381126780709
0.860596363820581,0.07705769194092474,0.05,0.9022332370994951,0.11481587436248634
0.8697246100416512,0.08195100995333628,0.05,0.9022332370994951,0.11481587436248634
0.8784634522759244,0.08661082703450249,0.05,0.8796568563247817,0.10427744712171289
0.8881280966173208,0.08721133996042815,0.05,0.8796727713330746,0.10427894076269516
0.8947434163467728,0.08966253606256408,0.05,0.982112929194991,0.10964842285852588
0.8985050635174108,0.08781392377910718,0.05,0.982112929194991,0.10964842285852588
0.9012038136503615,0.08205005729427774,0.05,0.9364608491432218,0.10640573284796408
0.9084170153042981,0.07251921142339507,0.05,0.9362876836147078,0.10639340196871835
0.9157245397748952,0.06634206171308661,0.05,0.9087137972954025,0.11085874852780993
0.9176983210134129,0.06059409508196722,0.05,0.9087137972954025,0.11085874852780993
0.9152122904195188,0.0563700171718858,0.05,0.8877361571642858,0.1125724239474107
0.9112915978183119,0.05025382778969957,0.05,0.8877455548049371,0.11257326815278952
0.9058556073318397,0.04640525069123325,0.05,0.8306817382515618,0.09811316328386618
0.8999570384037581,0.044386784624189234,0.05,0.8306817382515618,0.09811316328386618
0.8931899700010714,0.047259703224884826,0.05,0.7787123430126363,0.07674361709846955
0.8873652568380906,0.05356638400572076,0.05,0.7787123311939914,0.07674362064513333
0.8838821288049505,0.06054918267339129,0.05,0.7982707489802933,0.09313468623362234
0.8826303477561237,0.07026645717861613,0.05,0.7982707489802933,0.09313468623362234
0.8833273989748481,0.07725959589939206,0.05,1.27155945275951,0.08622315980081975
0.8852471385237012,0.08261927704740224,0.05,1.3735577774582575,0.07586190979807084
0.8888516754897402,0.08423382366968321,0.05,1.3898705163136718,0.07870419935270376
0.895285295554761,0.08104916279346919,0.05,1.3898705163136718,0.07870419935270376
0.9019172746614856,0.0750968168923429,0.05,1.3898704186433255,0.07870397158886222
0.9057364572531913,0.07060027979404297,0.05,1.060963426937334,0.1266896120087617
0.9092472801077703,0.06673746691781311,0.05,0.8420281183908048,0.0872356605135077
0.9135005282424907,0.06521527133539225,0.05,0.8420281183908048,0.0872356605135077
0.918854111189253,0.06481935948172075,0.05,0.8480668960694274,0.09347037199207782
0.9209821900255085,0.06862268279018763,0.05,0.8551469955283153,0.09716992277955813
0.9218374758681507,0.0697325434373287,0.05,0.7671558885060299,0.049032292178400355
0.919583862607245,0.07224403002859867,0.05,0.7671558885060299,0.049032292178400355
0.9155738400648514,0.06918323875828525,0.05,1.0259779815295995,0.049192498869016825
0.9086372655569996,0.06195675696622113,0.05,1.025406748658309,0.04922769887412874
0.8973659509897447,0.05398315168137372,0.05,0.907156071447695,0.03900299819266396
0.8828225687827538,0.043716510838494524,0.05,0.907156071447695,0.03900299819266396
0.8653631675748505,0.035668327232403686,0.05,0.8444175364074126,0.052453100343003434
0.8456319055985706,0.030098521143537817,0.05,0.8444175700206688,0.05245310086995997
0.8228054442114293,0.027364292693389258,0.05,0.7797507863338184,-0.01047473570561444
0.8006988057229992,0.02320112309690024,0.05,0.7797507863338184,-0.01047473570561444
0.7778811589498635,0.02252204976712606,0.05,0.7141351519337555,0.03572189399676242
0.7569574486730095,0.02416389584376565,0.05,0.7133029994163279,0.0357593822815314
0.7374725453960155,0.025781461554970013,0.05,0.6900863606945422,0.0035253228458148643
0.7171914817286834,0.02782587125455889,0.05,0.6900863606945422,0.0035253228458148643
0.6989912439210452,0.02562274959473634,0.05,0.6257594671766015,0.00609446696063107
0.6820499618448038,0.022464527590976297,0.05,0.6287063398884442,0.00574025306213064
0.6678210455764075,0.020646749776586235,0.05,0.6484431066436673,0.021308966316318335
0.659400458261823,0.013855987795575897,0.05,0.6484431066436673,0.021308966316318335
0.6534674018497771,0.007033340683177992,0.05,0.5962076430264432,0.006255216370946763
0.6473045619915547,0.0021206038122957276,0.05,0.5962403857750694,0.006250200764728074
0.6404376876876876,-0.0027638287096620425,0.05,0.7815861120000084,-0.06060735013248632
0.6304122061401939,-0.00812276094035138,0.05,0.7815861120000084,-0.06060735013248632
0.6204674216785633,-0.014816899436347819,0.05,0.7396826216661354,-0.08517967642156112
0.6121718848298542,-0.021735483092650842,0.05,0.7396515511225783,-0.08517751985485364
0.6079429867465137,-0.028972476648335264,0.05,0.5656960162559916,-0.016626628813724936
0.6056309732772087,-0.03241980837337976,0.05,0.5656960162559916,-0.016626628813724936
0.6073363618746646,-0.03681159143760062,0.05,0.5385879077898094,-0.12739829471990127
0.6099749999999999,-0.04058262938886309,0.05,0.5387321076998374,-0.12742980911719362
0.6135030301765765,-0.04281260566570887,0.05,0.5814954092106581,-0.05115049778399013
0.6192407614591404,-0.047135114442391365,0.05,0.7772764402656084,-0.10348124491831225
0.621685046252697,-0.05019694171921752,0.05,0.7772764402656084,-0.10348124491831225
0.6226413578114951,-0.054538257747183384,0.05,0.7772764501419034,-0.10348125613096266
0.6206386570651915,-0.059897387810577525,0.05,0.6844260510973685,-0.07947188368577966
0.6100389666404181,-0.06538441787768154,0.05,0.6483626810939048,-0.026716203591185282
0.5934477672881052,-0.07013058341771397,0.05,0.6483626810939048,-0.026716203591185282
0.5739715894051579,-0.07300499219038761,0.05,0.6483626816140212,-0.026716205333550538
0.5560109624553039,-0.0682232461263409,0.05,0.5237039834869531,-0.07146877702029995
0.535289255607944,-0.061784676680001906,0.05,0.5237039834869531,-0.07146877702029995
0.5076684777167241,-0.06020808252976865,0.05,0.3619477819618772,-0.13047412888546348
0.4780849210319445,-0.06310087454441506,0.05,0.3624857371018021,-0.13067403711880188
0.4434473017916533,-0.06211101276687051,0.05,0.05,-0.05
0.40295111051534105,-0.05896512779267202,0.05,0.05,-0.05
0.3582062898592187,-0.055824085696575244,0.05,0.05,-0.05
0.312078024734014,-0.05420185385962613,0.05,0.05,-0.05
0.26646770108229234,-0.05580821672070182,0.05,0.05,-0.05
0.22201471747504503,-0.058760027608496024,0.05,0.05,-0.05
0.18057589674204583,-0.06053451905539594,0.05,-0.05,-0.05
0.14231188618796375,-0.06013505502423687,0.05,-0.05,-0.05
0.1075004387585993,-0.05652751928510963,0.05,-0.05,-0.05
0.0781274027746326,-0.04955615353443858,0.05,-0.05,-0.05
0.05363117262252303,-0.043058718408541155,0.05,-0.05,-0.05
0.06292048197436141,-0.029796054136484944,0.05,0.752721282972592,-0.06271974852596489
0.08617241492419815,-0.03590738635685914,0.05,0.752721282972592,-0.06271974852596489
0.111438840573663,-0.04540273151570062,0.05,1.0579710432749674,-0.13222145384497386
0.1387579359591817,-0.05544732606933384,0.05,1.168311834946489,-0.1455748434950121
0.17409706709569775,-0.056496949708020494,0.05,1.1932360207026855,-0.15149298159111477
0.20307738413440887,-0.07000889456350531,0.05,1.3594451260308837,-0.16636045541822791
0.23515472660395131,-0.08415649598788616,0.05,1.3594451260308837,-0.16636045541822791
0.27767454937771213,-0.0881335463258786,0.05,1.2809081035026908,-0.16340096832731774
0.3223029715154043,-0.09418262111912282,0.05,1.400084962295493,-0.1612788617155102
0.36953640396846194,-0.1001744545151378,0.05,1.026497610921168,-0.11202313872972894
0.4191391030609446,-0.10352938721486234,0.05,1.026497610921168,-0.11202313872972894
0.47006487760068716,-0.10434657377362093,0.05,1.1635679643711785,-0.14573887733790186
0.5204435881848091,-0.10730128736947504,0.05,1.230423699477089,-0.1587415459412516
0.5712304252479024,-0.10965591807303586,0.05,1.2596940264596297,-0.1627247949300873
0.6197368758422478,-0.11124322564487854,0.05,1.2596940264596297,-0.1627247949300873
0.667212531598779,-0.1140211550844224,0.05,1.376430358785599,-0.15417849718896923
0.7136769742256361,-0.11642709945970445,0.05,1.1405564274771147,-0.13206701203220186
0.7598257787985444,-0.11750405237725944,0.05,1.1405564274771147,-0.13206701203220186
0.8049747451655976,-0.11739013269272039,0.05,1.2483740187701542,-0.1508275176142292
0.8519030834038397,-0.11509129645959698,0.05,1.246341989421533,-0.14892492894852294
0.8900479037776108,-0.12441912467665606,0.05,1.2721176524528746,-0.15083288430009015
0.937334615338783,-0.11581312858981388,0.05,1.2721176524528746,-0.15083288430009015
0.9787853539596292,-0.10953084173399108,0.05,1.2387985005909656,-0.15318326170406962
1.0086369560942472,-0.11032848123517704,0.05,1.204074041037189,-0.14142855639300878
1.0349764718147914,-0.10769236300594565,0.05,1.2363621307467523,-0.14339257129059943
1.0569218268348215,-0.10548864061699112,0.05,1.2363621307467523,-0.14339257129059943
1.0719557240412716,-0.10717361782071928,0.05,1.0078309191937163,-0.13861588280149625
1.082556129286089,-0.10645560231770708,0.05,1.0453394598164008,-0.13825791264282553
1.0900511196786957,-0.10321438301473042,0.05,1.0531243955427991,-0.13894237074762927
1.0934559537121853,-0.10086087959933858,0.05,1.0319440214983997,-0.14093181309090058
1.0926788299141221,-0.09801241203482824,0.05,1.0319440214983997,-0.14093181309090058
1.0890422306481615,-0.0935037970382029,0.05,1.0125664369249703,-0.12430013219278539
1.0829641105502452,-0.08902095192066731,0.05,1.02480403590297,-0.1251612231487557
1.0746627246079787,-0.08589378246985369,0.05,0.8264486780191777,-0.10580173830082486
1.0671445734563267,-0.08217143533912546,0.05,0.8264486780191777,-0.10580173830082486
1.0569413989705216,-0.08204629763124657,0.05,0.9570496102254231,-0.09302864217794288
1.0508105176257405,-0.08106172913462799,0.05,0.956469653215932,-0.09299021370445167
1.047178785503999,-0.08227514600889164,0.05,0.9820606905034379,-0.10961847284676583
1.0467928088923837,-0.08299427874477286,0.05,0.9820606905034379,-0.10961847284676583
1.0495056571452406,-0.08440571702655036,0.05,1.2361314698166872,-0.12175472733672421
1.0562796465477169,-0.08517608937914924,0.05,1.2705853029343244,-0.13267636227799598
1.065829185540589,-0.08664031529383717,0.05,1.3063387017307961,-0.13704302591773096
1.0805919971266083,-0.08382696159669976,0.05,1.3063387017307961,-0.13704302591773096
1.09525280760146,-0.08393052931071504,0.05,1.336653715654696,-0.11012767504820425
1.1126713144919251,-0.08180846970130055,0.05,1.1751881546340888,-0.10592133037918762
1.128408959220429,-0.07969078762180794,0.05,1.1751881546340888,-0.10592133037918762
1.1399231030601185,-0.0788669828233136,0.05,1.397613414395761,-0.1072423667631801
1.1488519845053635,-0.07339984028605483,0.05,1.2920803786767312,-0.09963917668769197
1.1518780621005438,-0.06279228274348947,0.05,1.1844090455602847,-0.08519453366184997
1.1465377524800877,-0.05543894661849573,0.05,1.1844090455602847,-0.08519453366184997
1.136758665101199,-0.043802896512265474,0.05,-0.4327082468917117,0.04343991910336106
1.1260752754820937,-0.03148308915602304,0.05,-0.055575999545593904,0.04899685705628841
1.1119810183088183,-0.01954428207023148,0.05,0.8959408579219672,-0.018722876944438638
1.0907586808490375,-0.010861729027035392,0.05,0.8959408579219672,-0.018722876944438638
1.067117465267426,-0.003174663705205412,0.05,0.7017306501697841,0.03911196619342835
1.0418587454851054,0.0012636975646389888,0.05,0.7881475120816566,0.08506353792253411
1.0215533340089178,0.0103003522973843,0.05,0.8294891192500153,0.08904084389514126
1.0082812196255002,0.026747650443110345,0.05,1.1585234983529402,0.14844753918451026
0.9923223674797911,0.03610253058158667,0.05,1.1585234983529402,0.14844753918451026
0.9763408040703979,0.047568012046757153,0.05,1.0966144095022126,0.13479633610524802
0.9653685097099531,0.061722975751940204,0.05,1.1035880887043104,0.13819632570438042
0.9618653590290775,0.07504083948306488,0.05,1.0649101422971161,0.20543895877566665
0.9664830266970321,0.08641882951578093,0.05,1.0649101422971161,0.20543895877566665
0.9786279670513065,0.09020595079153157,0.05,1.3278982799257069,0.20672186697841954
0.9991273187515652,0.08826352848573031,0.05,1.367577112072839,0.20853039089048744
1.0251824195701669,0.09397912906917144,0.05,1.367577112072839,0.20853039089048744
1.0499771033632366,0.10257849756364892,0.05,1.2487218246947251,0.20712181179457195
1.0733170688258145,0.11288961356974334,0.05,1.2583052631431946,0.15433252194462388
1.104120372741457,0.10776653247418383,0.05,1.2911038684433693,0.15703923475740797
1.1298889823082698,0.10573081210286,0.05,1.2703066172261919,0.08676498783621604
1.1569310793489926,0.10590714200548468,0.05,1.2703066172261919,0.08676498783621604
1.181738624171475,0.11049510276095562,0.05,1.1457127215134313,0.21653375689325852
1.196300022052688,0.11485725473834783,0.05,1.1426162698051536,0.21648254209294984
1.201735158883291,0.11595466585676682,0.05,1.1206780605040154,0.20512572321598813
1.2072837140490353,0.12174524666563369,0.05,1.1206780605040154,0.20512572321598813
1.2135189135977507,0.11994254047871516,0.05,1.0766652630173341,0.2004812186666573
1.2149457552002667,0.11685067252019347,0.05,1.1102506180329155,0.2028004638101403
1.2137922892298165,0.11666216618624486,0.05,1.1266441944303,0.22176274312499078
1.212267380730992,0.121870066518847,0.05,1.1266441944303,0.22176274312499078
1.2063197405258579,0.1286937332467625,0.05,1.1607886877543465,0.20157026878334752
1.197711132230617,0.13561285840265033,0.05,1.2707087691892123,0.21190052636111914
1.1905558609192666,0.13513484043819957,0.05,1.2719573382894611,0.17543077128522264
1.1886219376073268,0.12620088723526046,0.05,1.2719573382894611,0.17543077128522264
1.1853292925803725,0.11701137690136149,0.05,1.1566629319496826,0.21227222524459674
1.1723290897711016,0.12357550190748688,0.05,1.161778614236657,0.21251439327959826
1.1624871056486477,0.12600976603903916,0.05,1.161778614236657,0.21251439327959826
1.149258985790578,0.12966421419034901,0.05,1.1431620009916086,0.1958140905594499
1.1369416809738417,0.12953228771729022,0.05,1.0884527293365889,0.12635913503115412
1.1263347781657411,0.12289568337822056,0.05,1.10633044579173,0.13063137854856713
1.1162155452616016,0.11680791124147469,0.05,0.9683986602239055,0.09360056881967654
1.1084904949964258,0.11094477662616153,0.05,0.9683986602239055,0.09360056881967654
1.1019460252803968,0.11286169143851536,0.05,0.9561752074594528,0.10346288632763755
1.0979536200768147,0.1158384968629977,0.05,0.9556015786222948,0.10341274038290066
1.0936404643632374,0.11448853344226319,0.05,1.2186285258089953,0.06258631869841297
1.0904231120334422,0.11001813085058236,0.05,1.2186285258089953,0.06258631869841297
1.0869256574008983,0.10577975312466491,0.05,1.1077298554800246,0.18294515302729358
1.0835456295081967,0.09987042295081967,0.05,1.1326839505321662,0.18422301495353252
1.0793015296999606,0.09466720755998999,0.05,1.1326839505321662,0.18422301495353252
1.0721910271149286,0.08970909767807575,0.05,1.125340234726424,0.17534843124282964
1.0607821920745144,0.08510676685684337,0.05,1.1186311050656992,0.12274418498448426
1.0500188605640854,0.0806827061081442,0.05,1.1301663232132864,0.1233872034534634
1.039414375029786,0.07754952789162656,0.05,0.9386784512323616,0.07137399833399329
1.0300245159174912,0.07407588440443544,0.05,0.9386784512323616,0.07137399833399329
1.019843901188645,0.07238453628527486,0.05,0.8294615933621914,0.033950598959239124
1.0126824076389136,0.07328777517829292,0.05,0.8663378779263269,0.03516997529919494
1.0052251966978603,0.0725153805805567,0.05,0.9723294388920327,0.10090970738493424
0.9922002619751555,0.07155136709902006,0.05,0.9723294388920327,0.10090970738493424
0.9772225421415287,0.0674141048948548,0.05,0.7923049288855422,-0.024922890145080315
0.958552516614659,0.05880583269812534,0.05,0.8850084640338873,-0.042579633679466225
0.938500992351862,0.052660921231326395,0.05,1.0238268148460707,0.11857424062885848
0.9165941417794833,0.047751167592239484,0.05,1.0238268148460707,0.11857424062885848
0.8954954378647382,0.04272319137636796,0.05,0.8260459438286606,0.03655983516567553
0.8751837119991407,0.04069232552726752,0.05,0.8462885122496685,0.03716817323903609
0.8574200709807381,0.041561550908267374,0.05,0.7728701190792521,0.02065550123454318
0.842942428921656,0.045217581848691485,0.05,0.7728701190792521,0.02065550123454318
0.8373811429388834,0.048668686597766096,0.05,0.845686376603559,0.04993157515405628
0.8355615318580694,0.053791324279855016,0.05,0.8000431307830523,0.04966189525185459
0.8392609058083277,0.05893410098434111,0.05,0.8000431307830523,0.04966189525185459
0.8467162241079303,0.06373427764403022,0.05,1.0210832349694734,0.1437099020446454
0.8572863232173935,0.06654324147138055,0.05,0.9504218042384865,0.1197911072695842
0.8664801098108845,0.06808758356471276,0.05,0.8880866406491489,0.11122372493955936
0.878226996290686,0.06686346892406045,0.05,1.0127887910203222,0.13453599745219014
0.8939298628495816,0.06828447416732232,0.05,1.0127887910203222,0.13453599745219014
0.9135811433050404,0.06892505841400029,0.05,0.973986841998326,0.1051409927614192
0.9357901673203706,0.0727443190353,0.05,0.9740042676879214,0.10514236098276318
0.9603128797898198,0.07685637123486798,0.05,1.4114667258387128,0.09488849178084174
0.9861018478779209,0.0799634501669051,0.05,1.4114667258387128,0.09488849178084174
1.012383472914332,0.08381933400491165,0.05,1.4381102498904363,0.05160780339850852
1.0394704355533801,0.08562082920481813,0.05,1.4624070382984027,0.05957266566517477
1.066727877131926,0.08571729467361121,0.05,1.4643329940542906,0.050998037472295955
1.0943007314384459,0.08487775145989751,0.05,1.4643329940542906,0.050998037472295955
1.12138897806824,0.08307126301415607,0.05,1.4037115155888007,0.12380746849150114
1.1490013970824844,0.0818954708784726,0.05,1.1540980307395838,0.11268377415192338
1.1759212479131886,0.07899827629382304,0.05,1.1540980307395838,0.11268377415192338
1.2022774291014948,0.0764543848503287,0.05,1.3117570852628804,0.042620267113439116
1.2274793837012492,0.07359634458138649,0.05,1.3215197281327338,0.038833161006575766
1.2514233274542985,0.06837409788593084,0.05,1.5,0.04194006951688267
1.2707921338376318,0.06287998987432247,0.05,1.4360918560459366,-0.013582039046205217
1.288810800941934,0.054395180040538935,0.05,1.4360918560459366,-0.013582039046205217
1.3012506682005676,0.04687218056317208,0.05,1.4057799435128655,-0.0034298078906465977
1.3102476964349588,0.03634728687254084,0.05,1.3618711296749815,0.019420776659441336
1.3152227973174364,0.023870411326378536,0.05,1.0053693880044,-0.061164561693695135
1.3171672909142917,0.012578963599957093,0.05,1.0053693880044,-0.061164561693695135
1.3181981965767142,0.0018124538118623064,0.05,1.2627142131646862,-0.04776786302058232
1.3168154723864935,-0.007067770531285768,0.05,1.3001569871442427,-0.05666564736972663
1.3122181588029471,-0.016015485616021206,0.05,1.3001569871442427,-0.05666564736972663
1.304801686983151,-0.025019794273253734,0.05,1.2822945543942859,-0.08099295109171918
1.2970030974717193,-0.03571251385726717,0.05,1.2727782014465323,-0.14210400223789377
1.28626484916028,-0.046391165655506154,0.05,1.2978695404895806,-0.14375973022503585
1.270899202948643,-0.052490038794798764,0.05,1.2978695404895806,-0.14375973022503585
1.2539682045779688,-0.05851408351216023,0.05,1.2581932926712895,-0.09018087383955337
1.236327132235541,-0.06462748671448658,0.05,1.1750275276110014,-0.1602125998443284
1.2178550619785458,-0.06982186650774731,0.05,1.2646159388372942,-0.17163741924368042
1.200489958049292,-0.07438658232826428,0.05,1.191982703935278,-0.046985215960696436
1.1835819189775627,-0.07470780180738691,0.05,1.191982703935278,-0.046985215960696436
1.168054492136304,-0.07091770969855832,0.05,1.136578823094551,-0.0976383915137635
1.151866557039776,-0.06208088973701473,0.05,1.1461264968033196,-0.09346408002285168
1.1345392182581322,-0.05522907922350473,0.05,0.9949058590528153,-0.10670274185567474
1.118264078126488,-0.05145207995999619,0.05,0.9949058590528153,-0.10670274185567474
1.1010121154304793,-0.05181336602671118,0.05,0.926134550150652,-0.09852252519364116
1.0824736528089351,-0.055160972029974706,0.05,0.9260872432456633,-0.09851841538457863
1.0636936367049235,-0.05675191193821731,0.05,0.9260872432456633,-0.09851841538457863
1.0424029555857532,-0.054824801530539265,0.05,0.8357337785135945,-0.034253725685202054
1.0168703385335973,-0.04970505208209187,0.05,0.9908707025258793,-0.125120461949299
0.989239284734727,-0.04519898070524822,0.05,0.9913106553079483,-0.12516462872135184
0.9636557880263331,-0.04407884132331758,0.05,0.9913106553079483,-0.12516462872135184
0.9397546456589647,-0.041334780146410094,0.05,0.4842567806415569,-0.022612125485476097
0.9150780507211823,-0.03952137233281679,0.05,0.8477921990437283,-0.04606946117396584
0.8918059569800162,-0.03781724734105976,0.05,0.763463692768329,-0.033789118293300995
0.8703306642464561,-0.03633849833685039,0.05,0.7659731224641512,-0.0421268540425522
0.8507484617723149,-0.037772489836550266,0.05,0.7659731224641512,-0.0421268540425522
0.8314552532150987,-0.04291670331700457,0.05,0.765462501077528,-0.03420251017173751
0.815510219076006,-0.05084145514157974,0.05,0.7654625007561777,-0.03420249946373677
0.8028763541865344,-0.05509047539576578,0.05,0.7663958257107976,-0.041904561377002096
0.7916541694482857,-0.056261380000953695,0.05,0.7663958257107976,-0.041904561377002096
0.7821771279069768,-0.05257689147286821,0.05,0.7682089560668837,-0.05011394223933427
0.7748705283196493,-0.04614933356769188,0.05,0.7682088799167085,-0.050113883518890553
0.7692310344724828,-0.04071560797682763,0.05,0.7682088799167085,-0.050113883518890553
0.7670596298328046,-0.03860962983280464,0.05,0.7689101579293739,-0.05426139278936724
0.7664617566230298,-0.039251796146600855,0.05,0.7687454272620469,-0.059186621952452154
0.7695375081933999,-0.03875673139949231,0.05,0.768755754963755,-0.059193343324553976
0.7748348858273347,-0.038559639724460124,0.05,0.768755754963755,-0.059193343324553976
0.780623864543494,-0.04144473198222349,0.05,0.7705706484052053,-0.05104261296763255
0.7893751045788244,-0.04405003217809982,0.05,0.7859045882744482,-0.07144154850654337
0.8011472357142857,-0.04742651190476191,0.05,0.7858506074586982,-0.07143896157262337
0.816460084737677,-0.048555581296885995,0.05,0.7858506074586982,-0.07143896157262337
0.8333730668859257,-0.0506644219425875,0.05,0.9147340052136433,-0.10184565563967077
0.8518749925491458,-0.05370961398614737,0.05,1.0060432769007934,-0.10516587586448368
0.8707935263866707,-0.0578212708268777,0.05,1.0084841841554597,-0.10550467697962726
0.8869980257510729,-0.06491537672865999,0.05,1.0084841841554597,-0.10550467697962726
0.9047321963468687,-0.06800604267943952,0.05,1.0462078616983868,-0.12852955749668063
0.9210869625482901,-0.0722863848547718,0.05,1.0130334046466078,-0.14701597648666703
0.9361623626897323,-0.07610449013510616,0.05,0.99532385062046,-0.14483902046796246
0.951671326149922,-0.07747827127310869,0.05,0.99532385062046,-0.14483902046796246
0.9643612774201239,-0.08101878993800668,0.05,1.009654223176137,-0.15066978202294984
0.9781613038918946,-0.08113787089778116,0.05,0.9932213008989415,-0.15853650884073728
0.9901617973708069,-0.08248777198549412,0.05,0.9937474813562618,-0.1586291205200301
1.0010489247953411,-0.08280178315711594,0.05,0.9937474813562618,-0.1586291205200301
1.009643099285876,-0.08266709039211244,0.05,0.9779897802307712,-0.15275258089318686
1.0158034585533922,-0.08074446136696908,0.05,0.9669314265372351,-0.14492290373800104
1.0206015876517303,-0.07664644552023467,0.05,0.9675423293895391,-0.14502151682754294
1.022446074599297,-0.07489438300661384,0.05,0.9540631654499659,-0.1425787555391323
1.0221597989560491,-0.07499396153112785,0.05,0.9540631654499659,-0.1425787555391323
1.0221348573795503,-0.07608319188499774,0.05,0.9533961926137046,-0.13612939336204455
1.024756395896421,-0.08021432169341186,0.05,0.9407910185053094,-0.13413816045864552
1.0318805148899644,-0.08208618356739229,0.05,0.9407910185053094,-0.13413816045864552
1.0371363701372998,-0.08885736556064074,0.05,1.0728339370736892,-0.10929436914145252
1.0442702749898682,-0.09489662192767064,0.05,1.1261079111088108,-0.152570997779362
1.0525134142273371,-0.10173350459273026,0.05,1.225363368013588,-0.15299298141439135
1.0617205130957494,-0.11093262129669387,0.05,1.225363368013588,-0.15299298141439135
1.0726017632467113,-0.11601056188954216,0.05,1.1543871831190173,-0.20642945504324944
1.0855623570926172,-0.11753240138049427,0.05,1.3466176415896791,-0.22137844134587675
1.0967657844539818,-0.12242512994754412,0.05,1.1542750006636622,-0.21969589720846636
1.1068266503164745,-0.12700377921876677,0.05,1.1542750006636622,-0.21969589720846636
1.1186693921166526,-0.12567333528072205,0.05,1.204079626455669,-0.20852094848273614
1.1297970361009109,-0.12223451881348658,0.05,1.1315153432503287,-0.19508068856271968
1.135523739080172,-0.12168645136877734,0.05,1.1422280931732927,-0.19670235204939
1.1395596119924198,-0.12042506614781355,0.05,1.1177063870140695,-0.18124167540633204
1.1411211088659203,-0.12117694556703981,0.05,1.1177063870140695,-0.18124167540633204
1.142461475307244,-0.11801189996543132,0.05,0.9757205968921553,-0.15786572399451998
1.1416529103053434,-0.1112770038167939,0.05,0.9544230860354291,-0.14326612760404997
1.1405266988932174,-0.1073473807736755,0.05,0.9544230860354291,-0.14326612760404997
1.1407220428505,-0.10320908099149906,0.05,1.3887572008141362,-0.18081436361365338
1.14344848692359,-0.10026810302734376,0.05,1.3230874320611807,-0.09932640723634568
1.1488031136239263,-0.09665352197292346,0.05,1.4161776964249762,-0.10662272128569678
1.1540963873762229,-0.0907881972331121,0.05,1.4161776964249762,-0.10662272128569678
1.1616486447863574,-0.08508366687705426,0.05,1.4026444738123558,-0.0919322454613745
1.1684147856861973,-0.08292570782540307,0.05,1.3307615117795524,-0.10376787169897367
1.1768260933083683,-0.07389890669163159,0.05,1.4002413523596484,-0.09896995278054042
1.182474940101559,-0.06700402124159634,0.05,1.4002413523596484,-0.09896995278054042
1.1808103943133048,-0.06737135193133047,0.05,1.3802689769996652,-0.07749050028352752
1.1760350211649675,-0.06499298157753532,0.05,1.1448831230468282,-0.07402444087422162
1.171134775820561,-0.05743798417276476,0.05,0.8713038182032486,-0.08450472724925273
1.1631921110038264,-0.048203557081381354,0.05,0.8713038182032486,-0.08450472724925273
1.1548856964936953,-0.03799057635925917,0.05,0.8193331458812454,-0.07747279226155045
1.1450511151031983,-0.03283451606368273,0.05,0.7675474521348666,-0.06077914307222533
1.1296952119730488,-0.030609624053425554,0.05,0.7688182087554902,-0.062220259398266184
1.1095828854617669,-0.02302888950513472,0.05,0.7688182087554902,-0.062220259398266184
1.083399715397728,-0.017725170463350377,0.05,0.7624810956994321,-0.04804547479781862
1.0547491722604416,-0.014395680373898632,0.05,0.754841634432172,-0.031775096301910034
1.026494796409755,-0.016776894652776122,0.05,0.7523337572822227,-0.03398533406434365
1.0037911624858487,-0.014205996544122027,0.05,0.7523337572822227,-0.03398533406434365
0.9785968081999069,-0.004067835513060478,0.05,1.4058299888234285,-0.0098770493988917
0.9506273978315263,0.0056723936613844875,0.05,0.983287925850523,-0.010986324041589893
0.9226301359048606,0.008690372561636817,0.05,1.1208552207561464,-0.004667952981906078
0.9004380167061878,0.011427157088213917,0.05,1.1208552207561464,-0.004667952981906078
0.8901146719435438,0.017165549303833683,0.05,1.0766069821022382,0.015711415695124752
0.8891171357556683,0.01786912416851441,0.05,0.9980794985962311,0.042862105967538124
0.8952608109799712,0.016292204935622317,0.05,0.7469561177447885,0.029982717565523172
0.9092572089292318,0.014661627920846406,0.05,0.9393286051382324,0.08193490470885643
0.9279343263523017,0.01753760221231554,0.05,0.9393286051382324,0.08193490470885643
0.9484514295248424,0.025154710460141342,0.05,1.2905517010185847,0.07451315818795066
0.9741826802704056,0.03638290769487564,0.05,1.4259079854152144,0.09517524623789411
1.003276930324643,0.046771331965746725,0.05,1.4259079854152144,0.09517524623789411
1.0359358674388366,0.06211825116600862,0.05,1.3918367050487812,0.10369916038286124
1.0701849691494312,0.07692435195904095,0.05,1.402879153537332,0.16640585039390124
1.106576151331488,0.09116162069294645,0.05,1.320364344707817,0.14791515187229357
1.1367623445318085,0.09989794138670478,0.05,1.2960768327803756,0.23716197077408538
1.1685494398092968,0.10008584922526818,0.05,1.2960768327803756,0.23716197077408538
1.2016679824561403,0.0992257232366631,0.05,1.1929326880770914,0.16528763034562732
1.2331801767405817,0.1048368487720553,0.05,1.3598491510898427,0.19512951704850423
1.2636845839143753,0.11210052412962898,0.05,1.4259260267233425,0.2753229192999469
1.2858990503462495,0.12427935017103899,0.05,1.4259260267233425,0.2753229192999469
1.299257859468938,0.1399819263527054,0.05,1.423237403157481,0.3386825559078434
1.3070048668691923,0.1522309965451513,0.05,1.3266238774860644,0.33413472520757026
1.3118300912841794,0.16003078828748257,0.05,1.267777644846958,0.3553722261084593
1.3134882534646852,0.16657778635832357,0.05,1.267777644846958,0.3553722261084593
1.3118235828137481,0.17217421972794794,0.05,1.2137194876701092,0.3831678124342814
1.3079553361003768,0.1747283323791804,0.05,1.1846435913205304,0.36794383616179854
1.3018819113106097,0.17444300970468662,0.05,1.1846435913205304,0.36794383616179854
1.2888524583715748,0.17713169004851187,0.05,0.9466439074991596,0.38619796969139997
1.2556139315022807,0.20293381829226168,0.05,1.0785590438680406,0.45044117002345047
1.222340143144897,0.22106163603532739,0.05,1.197771477500338,0.4406089100542432
1.1857224376212179,0.23540720851230917,0.05,0.9432918226098498,0.3860591086015674
1.1384360241473381,0.2516296215884588,0.05,0.9432918226098498,0.3860591086015674
1.0867504251031457,0.26865125384560345,0.05,0.7117741183694429,0.34670096136753203
1.036337959861237,0.28065327148204666,0.05,0.5768611645438141,0.3637962227527472
0.9849116284269649,0.29041121820480104,0.05,0.5768611645438141,0.3637962227527472
0.9311858055062484,0.3014343071323906,0.05,0.4657129736911644,0.3437106369019655
0.8888658392420904,0.2993941038550914,0.05,0.42777944686780217,0.3132390903365193
0.8460767948779008,0.3081803932657848,0.05,0.40066134374953916,0.29150496597880854
0.8032479123247865,0.32278826918267456,0.05,0.5154632659438286,0.365691790894799
0.759368965476091,0.3386384837762688,0.05,0.5154632659438286,0.365691790894799
0.7164559036467644,0.35053217107615303,0.05,0.6957335127062855,0.4046398310061123
0.6737728997532277,0.3626489711860568,0.05,0.651803571370154,0.41705149832332156
0.6303312261632341,0.3778260392829901,0.05,0.6261370742872013,0.42459881385567416
0.598203662943691,0.38387759903790053,0.05,0.6261370742872013,0.42459881385567416
0.5860437275739983,0.36799010990975956,0.05,0.5213369946791636,0.40535496674498644
0.5721314380523058,0.36382747486673106,0.05,0.4837381155244388,0.36338524725784727
0.5618290800771714,0.3627157016279818,0.05,0.4779748733465109,0.3790851751202738
0.5674669294858042,0.3537466539726811,0.05,0.4779748733465109,0.3790851751202738
0.5815638783972166,0.3480793596373125,0.05,0.8114466627046745,0.4205190164308422
0.5974811705805221,0.3462760019072595,0.05,1.3217662353664679,0.3863207580604993
0.615629662331464,0.3434354593723899,0.05,1.3217662353664679,0.3863207580604993
0.6429985515629286,0.3321783596107288,0.05,1.0656742371943837,0.32794821374528216
0.6649055772165784,0.33011222218247727,0.05,1.2749516640522307,0.32809471463665535
0.6923584289496911,0.3177797109443954,0.05,1.1651274055213416,0.3240002009992863
0.7206307389937108,0.3006724949971412,0.05,1.1643852478728778,0.35603464466755863
0.7496070020029568,0.2812659986170061,0.05,1.1643852478728778,0.35603464466755863
0.7787194255669219,0.26289883933042424,0.05,0.859111635397645,0.2650845527543042
0.802526389137304,0.2510810203899123,0.05,1.042164944748819,0.26599397905929695
0.8210755554893312,0.24361107700560258,0.05,1.042164944748819,0.26599397905929695
0.8251586631892698,0.2527163725782414,0.05,1.075489891035587,0.23881441584721483
0.8243199413489735,0.2617232404692082,0.05,0.8036675863534327,0.20454781014184167
0.8182877176931972,0.26552611692553435,0.05,0.8414043796574984,0.20365794885701452
0.8045819529518317,0.2730887974593036,0.05,0.8414043796574984,0.20365794885701452
0.7897326926741541,0.2759374953848719,0.05,0.4012573540536456,0.16340057942530312
0.7622611441944667,0.28415320885389994,0.05,0.49063605559363077,0.3541074983496769
0.7371716694681879,0.282670278244698,0.05,0.5123689317891438,0.3701349227911424
0.7127259057496188,0.28031843398541745,0.05,0.4751797023133197,0.34679182585453106
0.6799181281498338,0.2862590825420276,0.05,0.4751797023133197,0.34679182585453106
0.646786045402518,0.28986857592521936,0.05,0.47531763045039216,0.3465562659734752
0.6095157754615843,0.2956498910065515,0.05,0.46889246498087267,0.3412147161151656
0.5702456853396901,0.30561554648390943,0.05,0.44457627053013415,0.32121357719204874
0.5329824565378103,0.3175863812510433,0.05,0.44457627053013415,0.32121357719204874
0.5001211490320427,0.3275025596628839,0.05,0.42138688184838974,0.3098815729026543
0.4714733694032075,0.33189271895307937,0.05,0.4162755605016646,0.3033138185640168
0.4461172476068997,0.33511535786236246,0.05,0.39214492824016306,0.2836718986434103
0.4341458577114191,0.3225062865671286,0.05,0.39214492824016306,0.2836718986434103
0.42195700634095756,0.3131038495691248,0.05,0.46294886186604156,0.33510495435459037
0.410700421400217,0.30960640415082197,0.05,0.4399628212577147,0.3173850747977302
0.4062877899634232,0.30025096773617055,0.05,0.39884470237471686,0.2881842633694871
0.3942569614027138,0.3046919791691508,0.05,0.39884470237471686,0.2881842633694871
0.3967747756471373,0.2927885058635648,0.05,0.4007064313092345,0.29401067103610073
0.3963360922000191,0.28943165269696686,0.05,0.40513344243958266,0.2900399064879963
0.39189714762500744,0.2941355071815961,0.05,0.40513344243958266,0.2900399064879963
0.390604142801005,0.29446035700251255,0.05,0.37344148200169147,0.26819256276652575
0.3881987511921793,0.2936323670720076,0.05,0.3795948593643467,0.27186172433578204
0.3844714715206846,0.29471457397232514,0.05,0.37212794281381356,0.2669317397255916
0.3817482831978643,0.29173216158558385,0.05,0.45513243520724894,0.32449534866131435
0.3778910686385592,0.287144590315463,0.05,0.45513243520724894,0.32449534866131435
0.3739371864237108,0.2829140169346093,0.05,0.3792109588522405,0.26863759049358094
0.3712173229051079,0.28088602570068366,0.05,0.37278935778946853,0.26495270663039266
0.3722959674248472,0.2758584690631367,0.05,0.37278935778946853,0.26495270663039266
0.37443125707848024,0.2721733825300128,0.05,0.35878946298404335,0.2548813019506319
0.3815866856798865,0.2670405428602081,0.05,0.364065363642551,0.25889583122276694
0.38971060615094744,0.2680529720238024,0.05,0.3539212001099078,0.24964023083756112
0.402370205479452,0.26766208414872794,0.05,0.9377563318429546,0.3013970810215798
0.4221057529525215,0.2618576322086766,0.05,0.9377563318429546,0.3013970810215798
0.43849966490331344,0.2609769694749258,0.05,1.296604608472266,0.20348074159946636
0.4587019229392819,0.2588536299654062,0.05,1.317283007973586,0.2784010071301665
0.48318464794105725,0.2531531802141205,0.05,1.3229628377550746,0.26893872992738177
0.5119662236832693,0.24518605541117283,0.05,1.3229628377550746,0.26893872992738177
0.5425319473910037,0.23934962188028894,0.05,1.221746994759376,0.22090643261938786
0.5793648062236814,0.23151938833773467,0.05,1.1927181809980514,0.21129907509026297
0.6179689126288813,0.22261627242386314,0.05,1.4264015471296265,0.22281424768423397
0.6608099998212775,0.2140027305818013,0.05,1.4264015471296265,0.22281424768423397
0.7023169668076992,0.2091839574518801,0.05,1.2843028506818108,0.19727830019775672
0.7451957594235034,0.20072375277161864,0.05,1.3772482494009626,0.19544437250934518
0.7905255791919915,0.18854752770825886,0.05,1.0466411511156524,0.14439599811403125
0.8317168176238544,0.17746092731411411,0.05,1.0466411511156524,0.14439599811403125
0.8701101451218786,0.1660634319685321,0.05,1.0368521593964446,0.13277741926948003
0.9096814790630553,0.14893876465466863,0.05,1.0434338648547847,0.13334800886981124
0.9443077691794449,0.1330151603698276,0.05,1.1042414156406566,0.12978683609911779
0.9729125818240351,0.12039349103959746,0.05,1.1042414156406566,0.12978683609911779
0.9970873464468515,0.11088304249494109,0.05,0.942377352683282,0.061821284889349855
1.0145704254850088,0.10013247354497354,0.05,1.1601581863796628,0.07798796131758813
1.0277540712975755,0.08415491413804602,0.05,1.1419808046251625,0.05924335564338626
1.0337833756405674,0.06818239125253248,0.05,1.1419808046251625,0.05924335564338626
1.0348575966406575,0.0536373613675621,0.05,0.9067447636139224,0.0653356294224677
1.0322968035033364,0.038532432673975214,0.05,1.137431250548268,0.08257658355093372
1.0233102016253963,0.030535852856359777,0.05,0.9271279781752099,-0.09937582466432672
1.0079256956366236,0.023248109799713878,0.05,0.9271279781752099,-0.09937582466432672
0.9878709738943856,0.01674184050542377,0.05,0.8839427594577592,-0.09429526656638519
0.9661895714421898,0.011752863407252057,0.05,0.8768860229502443,-0.06497863044763147
0.9405229732388825,0.01087116740009302,0.05,0.8739834845799916,-0.03180477510871569
0.9144164671193709,0.011660357100309746,0.05,0.8739834845799916,-0.03180477510871569
0.8876727054868015,0.012117889334001004,0.05,0.7647830533468417,-0.0296761765845758
0.8594145190313892,0.01114796279524275,0.05,0.7583495094567957,-0.02936370643547958
0.8316516681364778,0.010763845026277844,0.05,0.7547258865002509,-0.024768709360404012
0.8078620895433408,0.00781648920949088,0.05,0.7547258865002509,-0.024768709360404012
0.7879687878679453,0.004072830196555509,0.05,0.7590493865134995,0.0044701324404563605
0.7712563386746787,0.0027884436774208944,0.05,0.7591068483573764,0.004495918004770448
0.7568402705102686,0.006990830423018702,0.05,0.757890618849072,-0.013319166231124115
0.7472746059330623,0.011608661722448104,0.05,0.757890618849072,-0.013319166231124115
0.7405688313934075,0.016056565138577495,0.05,0.7587483843606031,-0.00360692042080154
0.7343864116566905,0.02077299203491284,0.05,0.7587477765369185,-0.003607909703458583
0.732667233559415,0.020794284684061845,0.05,0.7595035581463594,-0.004214518820790044
0.7334593564114484,0.020501993705968603,0.05,0.7595035581463594,-0.004214518820790044
0.7365011240273127,0.01983648634960735,0.05,0.7610751882331916,0.003916238876368966
0.7397747525932992,0.019315739239298916,0.05,0.7609577747590826,0.003944510581076861
0.7452715436937152,0.016973804021537146,0.05,0.7612066182022174,0.013990841864677292
0.7514385193081926,0.014528489113085736,0.05,0.7612066182022174,0.013990841864677292
0.7575585499177377,0.01298850473306469,0.05,0.7652411274551391,0.02180223741834552
0.7625790899990467,0.0124454070931452,0.05,0.7652233852195206,0.021801518190224415
0.7674069494617118,0.012784133910368754,0.05,0.7652233852195206,0.021801518190224415
0.7700890418265907,0.014913045629008033,0.05,0.7661277152260455,0.029048904190659704
0.7709114980210766,0.016651478231843975,0.05,0.8580270742549719,0.046322271829218026
0.7708846390352028,0.018574846271182402,0.05,0.7586880433618876,0.032245476460336556
0.7701753084285936,0.02000175699998808,0.05,0.7586880433618876,0.032245476460336556
0.7687838168539193,0.021390203495645337,0.05,0.7583269556824276,0.038358496082371116
0.7679059186057601,0.02223454069711997,0.05,0.7560889133945288,0.041304625622099585
0.7668446965372908,0.02354318279109589,0.05,0.7560914456658752,0.04130333393914945
0.7656268034426112,0.025573455765064403,0.05,0.7560914456658752,0.04130333393914945
0.7654086740532358,0.02687906003027738,0.05,0.7615274891497789,0.05260200229375968
0.766018974108335,0.028901637898149913,0.05,0.77554537812662,0.05466246496311697
0.768093260288998,0.031992232581429726,0.05,0.7633579739600563,0.05371275839659182
0.77140922743601,0.034878794354408466,0.05,0.7633579739600563,0.05371275839659182
0.7766236410452031,0.038559649175090596,0.05,0.7583804413517072,0.06296596505229779
0.7840151580716687,0.043114920248909235,0.05,0.7832282938689309,0.06300578409613002
0.7956562497020545,0.049587330171139817,0.05,0.7764949959146646,0.06312797507699049
0.8108716036656578,0.05748113783158948,0.05,0.7764949959146646,0.06312797507699049
0.8294031577693041,0.06530884622259293,0.05,1.1416892123122364,0.11493732008225016
0.8518483067254423,0.07352859832012867,0.05,1.1364184660549272,0.12999159184579112
0.878131695593091,0.08067167365986816,0.05,1.1310119800027678,0.10721162708692072
0.9078280202121202,0.08766188533371425,0.05,1.1310119800027678,0.10721162708692072
0.9397306179775281,0.09336532611674431,0.05,1.1506858119039867,0.14274217549973475
0.9721189318420299,0.09841794035581417,0.05,1.1834784516201644,0.13825380987739858
1.0048111280778775,0.10058167112044283,0.05,1.3866861015297138,0.17411684305838546
1.0351524953547095,0.10231672244985468,0.05,1.3784018707145467,0.16701466584825336
1.0631250893388924,0.10346833234067898,0.05,1.3784018707145467,0.16701466584825336
1.087181724438189,0.10211527028961305,0.05,1.4019477125195308,0.18988612641406302
1.1038571992821882,0.10449647205065221,0.05,0.99506238244111,0.11032542002795419
1.120297315564244,0.10728315701326721,0.05,0.99506238244111,0.11032542002795419
1.1333751113506174,0.1105663322178423,0.05,0.9985362476372333,0.13174576396508966
1.1430605263942737,0.115676110945422,0.05,1.0510867896810954,0.11935880225552016
1.1534230215076837,0.11846397194701766,0.05,1.0037005586177794,0.10967527629071784
1.162844888449254,0.12711130762263434,0.05,1.0037005586177794,0.10967527629071784
1.1722788808104887,0.13442579856972586,0.05,1.1490667316309557,0.20454555047610787
1.1770485426008968,0.13934910313901347,0.05,1.3045312841090448,0.2449843004683484
1.1809755363591938,0.14185005572176068,0.05,1.4439534854100333,0.24521625889402504
1.1830544796258786,0.1430878255689265,0.05,1.2414764065285988,0.29586324752068155
1.185394669639238,0.146584989508572,0.05,1.2414764065285988,0.29586324752068155
1.187160602520237,0.15146207991082605,0.05,1.387272858297209,0.301996933104069
1.1882958472394394,0.1595113461905216,0.05,1.3374292252332678,0.28008145379708527
1.1931445780153254,0.16711691752171892,0.05,1.3877837416491183,0.41722536671577365
1.1981402268011732,0.18003788366602275,0.05,1.3877837416491183,0.41722536671577365
1.2054819186212815,0.19261990369946605,0.05,1.2430750148225338,0.32420639154027847
1.2185096198781606,0.1996146579678354,0.05,1.3410447496912477,0.3767163632060269
1.2297346262656343,0.20374170637284097,0.05,1.3233380441418714,0.37368456257457044
1.2386768179000571,0.20886691779515543,0.05,1.3233380441418714,0.37368456257457044
1.2492055995893714,0.21384629837419722,0.05,1.2061622757701695,0.33301381958821225
1.2572878544609332,0.21876687019488647,0.05,1.138037596570196,0.3256465154072439
1.2625268199153805,0.21643304600440977,0.05,1.311737055905786,0.33009187956155384
1.2630683108832996,0.21389138812730957,0.05,1.311737055905786,0.33009187956155384
1.262368874024194,0.2120676583636255,0.05,1.1645980546121546,0.28103048468987407
1.2563343033236374,0.211775,0.05,1.3878208952887128,0.34826946725588714
1.2486217018233823,0.20818560362292934,0.05,1.286574521649854,0.3330003084647476
1.2332236384428457,0.20207879997141087,0.05,1.286574521649854,0.3330003084647476
1.2036276933257029,0.2072171149581515,0.05,1.0216244106496875,0.22244044865356846
1.162940501359376,0.22228727373542248,0.05,1.021454745997841,0.22246724087386105
1.1317520724276497,0.21711324302731838,0.05,0.31660100388455953,0.2244604002139773
1.0955919250769266,0.21580632051618445,0.05,0.31660100388455953,0.2244604002139773
1.0596977988489311,0.21457652641738761,0.05,0.3294750824518307,0.23106309896011468
1.0239522967397265,0.20623939874549838,0.05,0.36873956864095914,0.21497252583275595
0.9804227437985005,0.2058482393820553,0.05,0.7299052200701904,0.18645066831254925
0.936621797827097,0.200622914656374,0.05,0.7299052200701904,0.18645066831254925
0.8941245860996221,0.18508393565920117,0.05,0.7530688994736868,0.21105313555594712
0.8381640471735219,0.18232947778982875,0.05,0.7530688994736868,0.20255473281144137
0.7878220304426506,0.16605663380717672,0.05,0.049999999999999996,0.05
0.7356716965552601,0.149371338547939,0.05,0.049999999999999996,0.05
0.6762910938282498,0.14144504089857632,0.05,0.05,0.05
0.6175614957061069,0.12895072996183207,0.05,0.05,0.05
0.5538091711673044,0.1212883025143961,0.05,-0.7929317033787148,0.0012801821187239603
0.49095034012591515,0.11426472020842773,0.05,-0.7929317033787148,0.0012801821187239603
0.43784640480789866,0.09512807886766354,0.05,-0.8371140893763793,-0.019995751630426717
0.39156973411478807,0.06452483382174255,0.05,-0.8371140893763793,0.15422301752771486
0.33118705516385716,0.05441176437254691,0.05,-0.7935570829870299,-0.06387194658814527
0.2734576560880598,0.03596575890783032,0.05,-0.7935570829870299,-0.06387194658814527
0.21275930150082845,0.018408613670771394,0.05,-0.8466050817940242,-0.031007811504403807
0.14805596455777692,0.009176483018013184,0.05,-0.8466050817940239,-0.05692516663638844
0.08714168315003039,-0.00527626306256926,0.05,-0.8582057975389873,-0.0823668120364675
-0.1006816621591031,-0.03435077621436146,0.05,-0.9193193284813062,-0.0541787996989427
-0.1700962537542906,-0.03505987795575896,0.05,-0.9011006540868237,-0.03600395253340654
-0.24036989606179082,-0.034760138743205875,0.05,-0.9011006540868237,-0.03600395253340654
-0.30558596968866547,-0.041862516829701296,0.05,-0.900788917429841,-0.07266357187812054
-0.37122189467658845,-0.04281472285823316,0.05,-0.9007889174298409,-0.05733499132185579
-0.43216177252303256,-0.043042817896857086,0.05,-0.8598162987038903,-0.09718263399062174
-0.488490169014756,-0.041544964123101866,0.05,-0.8598162987038903,-0.09718263399062174
-0.5398312748125276,-0.03864800367195603,0.05,-0.8345571237477837,-0.08280278533413013
-0.5841922902791513,-0.03213754661456161,0.05,-0.8345571237477837,-0.08281216971715169
-0.6232833039311513,-0.023019269554437744,0.05,-0.8546673164918485,-0.03217601217475515
-0.6567326066757202,-0.015336929692897818,0.05,-0.8546673164918485,-0.03217601217475515
-0.6831919727992382,-0.010885301470150587,0.05,-0.8188694642357552,0.15516623871047996
-0.702827446485004,-0.010242735376542841,0.05,-0.8188694642357554,0.02753211201254141
-0.7204840972428987,-0.01046611087953314,0.05,-0.7747320401404761,0.14568636345136107
-0.7379965802772249,-0.00872601843795812,0.05,-0.7747320401404761,0.14568636345136107
-0.7390720753491588,-0.010887261666428333,0.05,-0.05,-0.05
-0.7295497659125835,-0.005412470664617657,0.05,-0.049999999999999996,-0.05
-0.7155545311512926,-0.01601628723315494,0.05,-0.05,-0.05
-0.7050925375847968,-0.019085101696531825,0.05,-0.05,-0.05
-0.6839654296875001,-0.0158201416015625,0.05,-0.05,-0.05
-0.669732102062716,-0.021033435078097056,0.05,-0.05,-0.05
-0.6621564823868921,-0.024247062892031768,0.05,-0.7992366668021796,-0.08003147961247806
-0.6543525652028799,-0.022249373003385305,0.05,-0.7992366668021796,-0.08003147961247806
-0.6512626981761831,-0.030484787817379903,0.05,-0.8549765921478703,-0.08808492472279958
-0.6583352682243547,-0.04157785867556774,0.05,-0.8549765921478703,-0.06927213989272211
-0.6740157138344915,-0.05563373818519887,0.05,-0.9386428581012198,-0.0949598493212932
-0.6935833618602322,-0.06607631502045587,0.05,-0.9386428581012198,-0.0949598493212932
-0.7195514405991366,-0.07024198845612613,0.05,-0.9767654533687937,-0.05116051632617819
-0.7510286982407209,-0.07220474415361511,0.05,-0.9767654533687937,-0.1175098637686278
-0.7806481273988605,-0.0767726398788948,0.05,-1.0190915116917718,-0.1255801188335398
-0.8039249785417959,-0.08646995165943447,0.05,-1.0190915116917718,-0.1255801188335398
-0.8352837533077455,-0.0915269906071948,0.05,-1.0493421895255912,-0.1218534111544294
-0.8718338312462731,-0.09595980858676208,0.05,-1.0493421895255912,-0.1225648716768411
-0.9082862183651816,-0.0739634973237808,0.05,-1.101575323921171,-0.12489896003500223
-0.93466242054139,-0.059195052139132925,0.05,-1.101575323921171,-0.12489896003500223
-0.9656617633566867,-0.05396029424030121,0.05,-0.9404485968450839,-0.10990505974097405
-0.9849669428680434,-0.05700493347322238,0.05,-0.9341335762009809,-0.09841925852017287
-0.9852541441205215,-0.06929213725536937,0.05,-0.7576976823075054,-0.09320531791104664
-0.9828613332061569,-0.08650600014307346,0.05,-0.7576976823075054,-0.09320531791104664
-0.9714994496161915,-0.08670246048679318,0.05,-0.5104456437612113,-0.06620495364673917
-0.9504668748956868,-0.08495070158079206,0.05,-0.5405329300409547,-0.06968402644292741
-0.9118814756003097,-0.08938583805040816,0.05,-0.5979722913006061,-0.05635633164228476
-0.8745538184094431,-0.08227141409323953,0.05,-0.5979722913006061,-0.05635633164228476
-0.8244449742575201,-0.08602783584401964,0.05,-0.19676006297747134,-0.1452971299683521
-0.7753303819341,-0.09016385628314366,0.05,-0.1968222359081581,-0.14534557533648435
-0.7259876952053979,-0.09822220275135302,0.05,0.2041463975203753,-0.03477006297679632
-0.6785252060202025,-0.10265522086796817,0.05,0.2041463975203753,-0.03477006297679632
-0.6382838832729353,-0.11007133082204845,0.05,0.25019958273187903,-0.1784029446366739
-0.6009038448006487,-0.13331842284160433,0.05,0.250351651187475,-0.1785025727967536
-0.568221324703807,-0.16690236328637156,0.05,0.2931394080805452,-0.21062720310445254
-0.5431740960839244,-0.19835520832091555,0.05,0.2931394080805452,-0.21062720310445254
-0.5185033372281572,-0.22657425123998476,0.05,-0.45452514886921125,-0.3370167582611763
-0.494971685860067,-0.23996767133984237,0.05,-0.45452515188610876,-0.33701675445909735
-0.48559780650005363,-0.25194341950016086,0.05,-0.5427801072356333,-0.4117085510248824
-0.4847645584626016,-0.26537400159649244,0.05,-0.5427801072356333,-0.4117085510248824
-0.4866935602765032,-0.29021686490673976,0.05,-0.5468332626849366,-0.4129438184537801
-0.49761305309734516,-0.30723343868520864,0.05,-0.5468332728978957,-0.41294382155066905
-0.5149088848346093,-0.3282022942453078,0.05,-0.560124389573205,-0.4278867192200569
-0.5336710321715817,-0.3561881084301459,0.05,-0.560124389573205,-0.4278867192200569
-0.5564933997950746,-0.3813267222069985,0.05,-0.7236303330629779,-0.49999999999999994
-0.578321757763605,-0.3976493643082792,0.05,-0.7236292517362961,-0.5
-0.5968407356412274,-0.4067257441646997,0.05,-0.6579443191127862,-0.5
-0.6113937036728079,-0.419134910146102,0.05,-0.6579443191127862,-0.5
-0.6145229943974252,-0.4330332399570867,0.05,-0.7041100218667302,-0.5
-0.615468300020274,-0.4313390403811523,0.05,-0.7041101482274197,-0.5
-0.6082836502354414,-0.4317908580199082,0.05,-0.5393016442703323,-0.4777601858954024
-0.5950262101724817,-0.4278174043126364,0.05,-0.5393016442703323,-0.4777601858954024
-0.582458088787218,-0.42193293866390247,0.05,-0.445502460016897,-0.39384867325898026
-0.5671473017916533,-0.41599506222508315,0.05,-0.4454941176338311,-0.3939126776419682
-0.5497060515435666,-0.40703946341550595,0.05,-0.4008144942932633,-0.3384208164261904
-0.5320043310325095,-0.39215389053801125,0.05,-0.4008144942932633,-0.3384208164261904
-0.5170632616754476,-0.3784243217631773,0.05,-0.39233092530926666,-0.33387772209088273
-0.4949873153678338,-0.3732525517685347,0.05,-0.36246474355502595,-0.2971356460093186
-0.47560887083313463,-0.35617067993228096,0.05,-0.31505409918729177,-0.24833513266727242
-0.44804169776119407,-0.34580233208955224,0.05,-0.31505409918729177,-0.24833513266727242
-0.4250212382155585,-0.3265413551958809,0.05,-0.4586292795603752,-0.36082419800908844
-0.39651498610713604,-0.31504736810723144,0.05,-0.4586292900528884,-0.36082423916242007
-0.37095798517158757,-0.3033489692227003,0.05,-0.337904836847755,-0.25734877467186734
-0.3492650555714558,-0.28806147204731924,0.05,-0.337904836847755,-0.25734877467186734
-0.3388841254322165,-0.2635917813282461,0.05,-0.2659177906265458,-0.19905403902593247
-0.32806783184891086,-0.24685191007618845,0.05,-0.2658746486875071,-0.199005165368205
-0.319595846346406,-0.22741612975324832,0.05,-0.24199327256934383,-0.18049904901963706
-0.31396592043191734,-0.2092779406884127,0.05,-0.24199327256934383,-0.18049904901963706
-0.31076220689285583,-0.18955105542389636,0.05,-0.2691184911880897,-0.2027740010890201
-0.3114034307648293,-0.1680350061987412,0.05,-0.26927490902365003,-0.2029634815196817
-0.3127885472163621,-0.14428735682530602,0.05,-0.3672628275422317,-0.026099403088653026
-0.3133476973762529,-0.12264083474202994,0.05,-0.3672628275422317,-0.026099403088653026
-0.31512361950574014,-0.09343047548370946,0.05,0.0,0.0
-0.3157984522347667,-0.06554302686011994,0.05,0.0,0.0
-0.3155540590471877,-0.04031457585906864,0.05,-0.4114252204514462,0.21857425592166832
-0.3161238392250778,-0.015181257818922687,0.05,-0.5369311288385912,0.21758866791625409
-0.3139505303617186,0.00802700673380609,0.05,-0.4920768207201701,0.18630701887653042
-0.31257758762566934,0.031664853132341894,0.05,-0.29584655706001495,0.2094680439635783
-0.30922334243602284,0.05637307531779913,0.05,-0.29584655706001495,0.2094680439635783
-0.3049704916078581,0.08158018071714668,0.05,-0.2480940391015459,0.17670725449719316
-0.29567665398039283,0.10203523776340397,0.05,-0.20275686337125906,0.14433744690705574
-0.28097821188421,0.1255148084672612,0.05,-0.21847200996618693,0.15563906379059406
-0.2634732830546252,0.1503616401864146,0.05,-0.21847200996618693,0.15563906379059406
-0.24078379995491006,0.17148871594522758,0.05,-0.206054942288099,0.14673257246097351
-0.21257726547334072,0.19046144675884574,0.05,0.8723808697074973,0.32168796000724814
-0.18302928340741978,0.20853890878430717,0.05,0.9215528989084664,0.31894616877175563
-0.1503033251671972,0.22342538446407495,0.05,0.9215528989084664,0.31894616877175563
-0.11042300123843432,0.23240476172047111,0.05,1.1218528144816224,0.37311910495126055
-0.06731449792639908,0.23800128855229288,0.05,1.2601378467386917,0.3551034659442924
0.0768811373390558,0.24167654387219842,0.05,1.3449286169575085,0.3030480402815301
0.12673997865388284,0.24022582880175541,0.05,1.2885918378828005,0.25272289324859426
0.17590492882180414,0.239220850919236,0.05,1.3816503410908516,0.24506084238900325
0.22255626839790724,0.24253024735129722,0.05,1.3941418562094094,0.21217221814142817
0.27556111124352023,0.23462604123219927,0.05,1.3941418562094094,0.21217221814142817
0.3267362674377012,0.2300196882079409,0.05,1.4333765169970885,0.2056929966874603
0.3764738468552222,0.2194423937140201,0.05,1.4190761714180369,0.2005894054635765
0.4251126438392101,0.2069730628659329,0.05,1.4190761714180369,0.2005894054635765
0.47358551939924903,0.19335266493831577,0.05,1.470675033132446,0.2025944882588064
0.5208641408846689,0.17829355172085154,0.05,1.5,0.1652938760916207
0.5683875893708294,0.165767069828408,0.05,1.5,0.18439461787657024
0.6175219121430102,0.15459933514755972,0.05,1.4278113003990585,0.18531078229510964
0.6678690093030459,0.14742114983740515,0.05,1.4278113003990585,0.18531078229510964
0.7191537587912743,0.14307044373584454,0.05,1.4543645265572847,0.16808867985031842
0.7674376369960927,0.14112957924330508,0.05,1.4583335937502682,0.18853456841497226
0.8145965726479425,0.14473619999046303,0.05,1.4583335937502682,0.18853456841497226
0.8598995994727237,0.14968142871628473,0.05,1.4266230954931418,0.14900783066464426
0.902386848476897,0.15719200341117817,0.05,1.4210824892460765,0.2062816070884717
0.9431939571638002,0.1607410957557121,0.05,1.4196185692393237,0.21144666727353675
0.9831799289478077,0.15991525595479364,0.05,1.4196185692393237,0.21144666727353675
1.018243680427131,0.16593879108751416,0.05,1.4519986520025754,0.1771361804218328
1.053117983282457,0.16887266109415244,0.05,1.3934925081292038,0.2820437805458062
1.082419968212772,0.17759287347016525,0.05,1.1071040234847553,0.2413762108635367
1.108912897965754,0.18357987515501287,0.05,1.1071040234847553,0.2413762108635367
1.1324732279174456,0.18810768497898034,0.05,1.1570947260456796,0.2234524386639156
1.1536675430181846,0.19201400801973356,0.05,1.174787834051338,0.25438044076744376
1.1743782702899241,0.1908590070812074,0.05,1.212644530609471,0.3093470524791049
1.189004550814049,0.19400849511094173,0.05,1.0887408860058168,0.2890856744308719
1.1994528984038813,0.19511945500709255,0.05,1.0887408860058168,0.2890856744308719
1.208057081651125,0.19234237617159122,0.05,1.2337978776871223,0.22876407774064195
1.2133767514784433,0.18905589529282715,0.05,1.2183826984889863,0.23679026520165303
1.2126394565036098,0.18456981879482476,0.05,1.1189946690322636,0.2560246644112426
1.208452533113175,0.1767876935824223,0.05,1.1189946690322636,0.2560246644112426
1.199078157142006,0.16736574012275787,0.05,1.1572203919178372,0.2390475165069015
1.1763913335716838,0.17464390954594208,0.05,1.1633154754763473,0.23290262738419262
1.1458910077944366,0.18854647879770217,0.05,0.7933336115380282,0.23746115332791412
1.1100372607477191,0.20076121906863037,0.05,0.7933336115380282,0.23746115332791412
1.0754371344262297,0.20231023785394936,0.05,0.7465048425775019,0.2501596302505399
1.0332020712421495,0.2077934993624197,0.05,0.691446801020792,0.23514085211159438
0.9915729668593907,0.20810274691541994,0.05,0.691446801020792,0.23514085211159438
0.9487589646585006,0.2052249186764215,0.05,0.495689275106456,0.18418935368826547
0.8930356787753787,0.21417082404415888,0.05,0.35912999611937757,0.2560572360452524
0.832428588034718,0.22441017901425916,0.05,0.2628572599301527,0.18642135366751647
0.7705361755065554,0.23230315286054826,0.05,-0.3965516404420542,0.2799088464573751
0.7068536730606455,0.2383239079767766,0.05,-0.3965516404420542,0.2799088464573751
0.6399007223606855,0.24570942914723876,0.05,-0.46010260151876414,0.2773475841973827
0.5703037903254639,0.25241504600112025,0.05,-0.41648649890321027,0.2841881327899142
0.4986299151309986,0.25645036355400863,0.05,-0.41648649890321027,0.2841881327899142
0.4243248524519799,0.2603618709088958,0.05,-0.6573868849112782,0.28712005263920987
0.34941460586819784,0.2655498588344611,0.05,-0.7297493319676677,0.2753001772544104
0.28284176445334863,0.25738682801469187,0.05,-0.7944820714121719,0.2521263256960867
0.22354019748225046,0.24103336614760457,0.05,-0.7944820714121719,0.2521263256960867
0.1614481272036402,0.22655318723794546,0.05,-0.9585834195786703,0.19503069957558247
0.09523763286926024,0.22558324863104398,0.05,-0.9191113159456833,0.1876960809321042
-0.10388467816913999,0.21678917575540857,0.05,-0.9799661700321964,0.18913467663870157
-0.1664838000452521,0.20826233268630764,0.05,-1.0858059501155104,0.17963275264038156
-0.22901696263686513,0.2003485214397198,0.05,-1.0858059501155104,0.18538097491216024
-0.29059342045671244,0.1917458205210717,0.05,-1.0572381785101284,0.17937336329930126
-0.35416008835207285,0.18428613969404667,0.05,-1.0572381785101284,0.17937336329930126
-0.421146992133961,0.17897178565043798,0.05,-0.9813175277424748,0.20332375339843817
-0.4874126009385198,0.17581980360162933,0.05,-0.9841389578525753,0.18599501464174864
-0.5512747214434834,0.17324925857441098,0.05,-0.949548149345361,0.1804872036077132
-0.6114351496809589,0.16735060081102032,0.05,-0.949548149345361,0.1804872036077132
-0.6707256206761053,0.15949420523689883,0.05,-1.0658476070659038,0.19673915072597575
-0.726423679756868,0.1497408202729277,0.05,-1.0658475731495487,0.19673909069755344
-0.7762652052672347,0.14419709527498065,0.05,-1.0658475731495487,0.19673909069755344
-0.8204276500303813,0.14026640326212572,0.05,-0.9952321553539765,0.17365592048998293
-0.8617225451618674,0.12976090055446252,0.05,-0.9645837155129767,0.1698605643183456
-0.8950256064898582,0.12056242560232358,0.05,-0.9645841931185106,0.16982958134195675
-0.9164323996953977,0.11949852934177334,0.05,-0.9645841931185106,0.16982958134195675
-0.9231385890681987,0.13094412469309433,0.05,-0.9516791690907097,0.16919025139212193
-0.9203460918779729,0.14231625299524336,0.05,-0.9283843289341541,0.16468687778208377
-0.9143435656045489,0.14962238612928988,0.05,-0.9283843070457247,0.1646869016565008
-0.9008423699886817,0.16010556323345446,0.05,-0.8609682795086898,0.15778488755305833
-0.8906137883490509,0.15975779694401337,0.05,-0.8609682795086898,0.15778488755305833
-0.8624071745817883,0.1744245761246706,0.05,-0.5348918961783851,0.19569107243602338
-0.8298318893696143,0.18871305943910086,0.05,-0.6498428157875843,0.1670321576715137
-0.7936822878404809,0.20010204944425894,0.05,-0.3159198141352371,0.2229587268359024
-0.756521389590582,0.2088556375411086,0.05,-0.3159198141352371,0.2229587268359024
-0.7138602674207929,0.21934284603189744,0.05,0.38934342451939297,0.32493848780503287
-0.6634769043875947,0.23447796912962696,0.05,0.3886167667804694,0.3260552705030482
-0.6130559912529494,0.24687928653144892,0.05,0.3366428425695043,0.24303028830610807
-0.5624169828408008,0.2558334985700667,0.05,0.3366428425695043,0.24303028830610807
-0.5092852056509299,0.2667436224368145,0.05,0.28359088761622325,0.21168726851806496
-0.45641210890475453,0.2745619399516085,0.05,0.4269850263110545,0.23180364201114334
-0.4106768053089965,0.2687377128185577,0.05,0.4166220327874574,0.22610389985693885
-0.37188665647827074,0.2487122472264922,0.05,0.4166220327874574,0.22610389985693885
-0.33261091918734276,0.22963420469042484,0.05,1.0409103104227533,0.22597067056759448
-0.2904031613203161,0.21671753746021527,0.05,1.0421477789440445,0.2258052985687464
-0.2501360935581176,0.20300659807089289,0.05,1.1183127052381767,0.18744131408152465
-0.1992812719015948,0.201212972895659,0.05,1.1183127052381767,0.18744131408152465
-0.1584928176301577,0.1827350069743321,0.05,1.2360858603364413,0.08540846956981502
-0.11336977249976164,0.16175931034893698,0.05,1.0738680891139605,0.06528051041273884
-0.06802198852259725,0.1480174750309878,0.05,1.1454686460023351,0.13066483507641652
0.07501049848042429,0.12786996901257375,0.05,1.2448085845245338,0.1261250079753483
0.1204383368905529,0.11460486484552923,0.05,1.0511050305228609,0.12651737197324014
0.1672470087609512,0.10456149472554979,0.05,1.0511050305228609,0.12651737197324014
0.213965087979686,0.09432563749508244,0.05,1.310722329191549,0.15308449810252384
0.2611302102452861,0.08721379228147125,0.05,1.3020021841203988,0.15209709067517
0.3094580797844437,0.08527618389050502,0.05,1.228992797320571,0.10137402427314515
0.35722689173734873,0.08575112277232441,0.05,1.228992797320571,0.10137402427314515
0.4042997349202378,0.085635128727498,0.05,1.176926009904716,0.0034360331102020344
0.45148251731784966,0.08316174275392557,0.05,1.420123247776284,0.027111436592877732
0.4979724360884334,0.07502428639532806,0.05,1.299628056754718,0.01978692434796473
0.5403367494219447,0.06404021298657958,0.05,1.299628056754718,0.01978692434796473
0.5786104287127887,0.052339435675198796,0.05,1.3754947641709707,0.04414966137501924
0.6078796171265122,0.04215156635480603,0.05,1.4318955741148733,0.053388721691520084
0.6325126589368066,0.027220380554595608,0.05,1.4455897094221108,-0.04713876961192068
0.6553378652912186,0.012150211507941242,0.05,1.4455897094221108,-0.04713876961192068
0.6746150750938673,-3.007300792657485e-05,0.05,0.3655478780171207,-0.17541948802399457
0.6887432343764885,-0.0066717371629989525,0.05,0.3533548130954631,-0.17232626064376566
0.6971478728221752,-0.013715238220082467,0.05,0.46642982666975674,-0.14009446783819335
0.7003783345255127,-0.0210298897234144,0.05,0.46642982666975674,-0.14009446783819335
0.7002466608660414,-0.027110745360492974,0.05,0.7500399392081989,-0.053378931236202694
0.6971933498182685,-0.028903285169516773,0.05,0.7145205271464432,-0.05835388313293247
0.690167751105496,-0.02564507264687303,0.05,0.6316530121195166,0.004546998132162636
0.6846161634155932,-0.025384825609799693,0.05,0.6316530121195166,0.004546998132162636
0.6747001057794305,-0.017628397754496372,0.05,0.41230273366116377,-0.008516367667365528
0.6637224236083789,-0.010209371162535619,0.05,0.43679565395108894,-0.006488631628278982
0.6521257865101591,-0.0069138869689566815,0.05,1.2204661344770735,0.11119810930190241
0.6483858127608826,0.00304086702444842,0.05,1.2204661344770735,0.11119810930190241
0.6499463782917853,0.017529251182124606,0.05,1.146848249021426,0.06585948795837523
0.6549016014404617,0.03477458920607665,0.05,1.1476399510035786,0.06589687169391084
0.6608131862628189,0.052588315048891,0.05,0.7881525186255098,0.1678527125110837
0.6673308509876896,0.06263846800744345,0.05,0.7881525186255098,0.1678527125110837
0.6739488228352088,0.06939830458468434,0.05,0.8867688371773557,0.16727821537504928
0.682256807385978,0.07510200989321046,0.05,0.8867735189401897,0.1672790949486604
0.6927869970930579,0.08492172254190643,0.05,0.2766937106418835,0.1670196855243954
0.7064603326264624,0.09438361290476303,0.05,0.2766937106418835,0.1670196855243954
0.723881591009334,0.09681687269779585,0.05,0.9455284629433907,-0.0830830669585977
0.7404737632866342,0.09472645959553878,0.05,0.25893269053840623,-0.0941944367063693
0.7563051489343949,0.0882390525174025,0.05,0.996825519481799,0.14777477353767976
0.7613522437387501,0.09266687527566189,0.05,0.996825519481799,0.14777477353767976
0.7633415872401262,0.09277605677011973,0.05,0.715463993460945,0.1626530903268603
0.7532230666952862,0.10639589519312177,0.05,0.7143078671361517,0.16241279005085751
0.7429505328776584,0.11993431493962703,0.05,1.1257097170838848,-0.03593670953752643
0.7194323647360268,0.13378863156953877,0.05,1.1257097170838848,-0.03593670953752643
0.6910051986364233,0.1413766782483283,0.05,0.37708421412459725,0.2836136835567
0.6615261486752244,0.14458366557013622,0.05,0.4117370133308796,0.3100671867221984
0.6278659504137157,0.14764142046402937,0.05,0.40275699303962165,0.31620972554479876
0.5920204690722272,0.15167487005390803,0.05,0.40275699303962165,0.31620972554479876
0.5501893504891738,0.15267740594873505,0.05,0.4024367268444654,0.31599953046466345
0.5035252216264522,0.15121360411081322,0.05,0.40035538121215863,0.31552436832863623
0.45437083631101266,0.1459147871554825,0.05,0.05,0.05
0.4032343277891627,0.14038045084115713,0.05,0.05,0.05
0.34782349785407723,0.1414402288984263,0.05,-0.05,0.05
0.2926103962284393,0.14202928174655205,0.05,-0.05,0.05
0.23873787437281752,0.14230810778600117,0.05,-0.05,0.031067446781463455
0.1914917311890815,0.13496961053912504,0.05,-0.05,0.031067446781463455
0.1496617326546647,0.12395940286270625,0.05,-0.05,0.03359603555834888
0.11908753324190567,0.10044613559119908,0.05,-0.05,0.03615429974358442
0.08727739362019042,0.0846058537195696,0.05,-0.05,-0.01515536176790322
0.06154079218843173,0.06452416219439475,0.05,-0.05,-0.01515536176790322
-0.055992531793562554,0.052743912099448835,0.05,-0.05,0.05
-0.06840167014489297,0.05619979309522389,0.05,-0.05,0.049999999999999996
-0.08417945222626214,0.0619040710496513,0.05,-0.049999999999999996,0.05
-0.10493081144275047,0.0675665360389378,0.05,-0.049999999999999996,0.05
-0.1308048112555557,0.07415369147909392,0.05,-0.7720919467606535,0.1459638340269096
-0.16093924253264175,0.08135000029809814,0.05,-0.7527061880643742,0.11779335135246587
-0.19518540124193934,0.08627731669453069,0.05,-0.7527061880643742,0.11962215932360076
-0.23257120892480426,0.08963740032895912,0.05,-0.7820853665472669,0.1263185840193121
-0.2720386242378049,0.08991798780487804,0.05,-0.7820853665472669,0.1263185840193121
-0.31360624292978007,0.08778621828076065,0.05,-0.7502340891821122,0.13599496823050386
-0.3540330741584017,0.08342784397053214,0.05,-0.6227484442746278,0.15184452351933125
-0.3930098436438203,0.07983760834058583,0.05,-0.6529126560022362,0.13285880008693343
-0.43244901594508595,0.0737462478996103,0.05,-0.6529126560022362,0.13285880008693343
-0.4691024772331752,0.0715860615777052,0.05,-0.6710724524286961,-0.15590239890912697
-0.49474903499988077,0.07611850457764108,0.05,-0.7567423261311025,-0.12089907949142277
-0.51183418378301,0.08341138177198884,0.05,-0.1051266096049089,-0.05828990829109774
-0.5251665703390336,0.08669248763629862,0.05,-0.1051266096049089,-0.05828990829109774
-0.5310466452331859,0.09142821978951884,0.05,0.25908707693369315,0.16059131424957643
-0.5285915295092126,0.09545518735251353,0.05,0.4517562382846214,0.14737296974683958
-0.5186723725146618,0.09946358800600771,0.05,0.4823923395670951,0.1494300155694718
-0.5002968572297127,0.09999556882801044,0.05,0.4823923395670951,0.1494300155694718
-0.4749989628040057,0.09857445517405818,0.05,0.854984051680042,0.12216290586372781
-0.44355874400114603,0.09868941694721008,0.05,0.8544056054417831,0.12212026623111781
-0.40646116351826467,0.09861682438472082,0.05,0.5477100097153534,0.14914230655462513
-0.3644523741187119,0.10118272794397866,0.05,0.5477100097153534,0.14914230655462513
-0.31950292006243447,0.10623888928605471,0.05,0.7440332962817928,0.1465344453416166
-0.2723355885893402,0.11096868802440886,0.05,0.7423395296538606,0.1464980591658737
-0.22285154649318434,0.11193038007894957,0.05,0.964377683557512,0.12934296372085383
-0.1681462458711439,0.11475490186141352,0.05,0.964377683557512,0.12934296372085383
-0.11450659264027464,0.11631039766834746,0.05,0.9400961664649787,0.0721388787920352
-0.06773971976260561,0.10969223969443814,0.05,0.9403171051527242,0.07212942222886609
0.06898548424591396,0.08156548913367428,0.05,1.244759955455104,0.05506931977789909
0.11313887332673764,0.07000355929576961,0.05,1.244759955455104,0.055069345694969185
0.1581286643505,0.05844121694099138,0.05,1.250512543695977,0.017117597604297936
0.202441489330013,0.05047659722139478,0.05,1.250512543695977,0.017117597604297936
0.24739917477984197,0.043622877962748906,0.05,1.2661764546062486,0.021687255405922635
0.29364477015879076,0.03703923066377378,0.05,1.2661764546062486,0.02168725382493062
0.3411509515488388,0.03234912508796832,0.05,1.2164179663619252,-0.022209488370405355
0.3893231991651759,0.028251661896243292,0.05,1.2164179663619252,-0.022209488370405355
0.4384291844444974,0.025445564083617377,0.05,1.2272215046136765,0.02358866706026655
0.48724658849757985,0.023235834187748872,0.05,1.2272215046136765,0.02358866265227052
0.5357829057638432,0.024241455266138162,0.05,1.1824449354835462,-0.018144685931776344
0.5830096611705236,0.026774963041119728,0.05,1.1824449354835462,-0.018144685931776344
0.6298010412072521,0.027586399342018997,0.05,1.147952557199513,0.029279789925839787
0.6745851545753346,0.0281409731815367,0.05,1.147952557199513,0.030222374595225223
0.7162024751885433,0.028598814232780906,0.05,1.1026781636724836,0.033748128532481894
0.7538768139224359,0.02602122462118051,0.05,1.1026781636724836,0.033748128532481894
0.787711893114215,0.02098602285727905,0.05,1.023874801227614,0.07631940544363756
0.8160996411112436,0.013783310182425177,0.05,1.023874801227614,0.0767388429774065
0.8321556042658269,0.011684464803349674,0.05,0.9336545044736996,0.04351053513391155
0.8332411283787005,0.01826424774753301,0.05,0.9336545044736996,0.04351053513391155
0.8278914167312624,0.023276129926659114,0.05,0.8271464583078496,0.04770744419022212
0.8234630567477348,0.022911945636623746,0.05,0.8271464583078495,0.04753291545825722
0.808671311040656,0.03393987592223983,0.05,0.05,0.01886378976491021
0.7858102968537557,0.021107115127734173,0.05,0.05,0.01886378976491021
0.7522359609448556,0.023162640184966686,0.05,0.05,-0.012598290150185803
0.7160204147248477,0.017230325450839697,0.05,0.05,-0.01989710394102093
0.6681914287417298,0.01199830810037551,0.05,0.05,-0.033932239155511176
0.6132987456190544,0.008396511336814244,0.05,0.05,-0.033932239155511176
0.5534905586025992,0.00350779182067485,0.05,0.05,-0.04703245334043812
0.4928404168156358,-0.0023576951495650144,0.05,0.049999999999999996,-0.04693538577609159
0.4335608757735831,-0.008809316683161827,0.05,0.05,-0.04609183814630522
0.3768622012083005,-0.013888264441101325,0.05,0.05,-0.04609183814630522
0.3263831572986827,-0.015692879239434944,0.05,0.05000000000000001,-0.05
0.2792360161763303,-0.010958988472725542,0.05,0.05,-0.05000000000000001
0.2406874226711961,-0.00982005661839204,0.05,0.05,-0.05000000000000001
0.21305346060346061,-0.01932758472758473,0.05,0.05,-0.05
0.18629361596872054,-0.028585449820596267,0.05,0.7786684528800946,-0.08624384802536708
0.1538127843954735,-0.03369599315068494,0.05,0.7786684528800946,-0.08624383548284009
0.12836106788365523,-0.05060482763962204,0.05,0.7840896283094902,-0.07954978219356854
0.10917170933339694,-0.04046614496349669,0.05,0.7840896283094902,-0.07954978219356854
0.09612324931140974,-0.046294994157415906,0.05,0.05,-0.05
0.08356984098602965,-0.04379676965622468,0.05,0.05,-0.05
0.0795715663239749,-0.044854532118407564,0.05,0.05,-0.05
0.07935342219492707,-0.049547637943165156,0.05,0.05,-0.05
0.08356431322973441,-0.05178981263938747,0.05,0.05,-0.05
0.09128518090104701,-0.05465079181473444,0.05,0.05,-0.05
0.10183661228235351,-0.056662969705275956,0.05,0.05,-0.05
0.11333914592658909,-0.05643190778871979,0.05,0.05,-0.05
0.12572913975162683,-0.05646883476747789,0.05,0.8005970974400144,-0.10597448985731643
0.140716052252059,-0.06043197309924793,0.05,0.8005970974400144,-0.10597234371562445
0.15827727768636426,-0.06537864382124291,0.05,0.8088290806315703,-0.09962670684508047
0.17978866657930476,-0.0682651592766434,0.05,0.8088290806315703,-0.09962670684508047
0.2077816328781826,-0.06816818764534018,0.05,0.8207541113769036,-0.09379872662692226
0.24016130535852656,-0.06672753978661262,0.05,0.8207541113769036,-0.10386465249667
0.275949269727198,-0.06471474757767529,0.05,0.731279779414696,-0.10660195872123863
0.31339950606678835,-0.06583628351050504,0.05,0.731279779414696,-0.10660195872123863
0.3557045718302811,-0.065625,0.05,0.747115634282473,-0.10305212243209191
0.39561955359163403,-0.0705527310949392,0.05,0.7471156546588178,-0.10305211770778788
0.43580862336206794,-0.07394584719390493,0.05,0.7736945051166427,-0.10638698659763109
0.4779438979757278,-0.07257052734794116,0.05,0.7736945051166427,-0.10638698659763109
0.5106835904846068,-0.08302021961355656,0.05,0.8712357721221318,-0.10320871299497336
0.5487275638275049,-0.07823861832224846,0.05,0.871269389693352,-0.10319696753961985
0.577603393557306,-0.07729597212456352,0.05,0.6754820683183039,-0.10079439811922908
0.6006996836649589,-0.08007561360657692,0.05,0.6754820683183039,-0.10079439811922908
0.616581899697136,-0.08633031919967568,0.05,0.6702861844888385,-0.10284826278471233
0.6353305878425902,-0.07990090304352492,0.05,0.6702862751482711,-0.10284825229978836
0.6405260362261811,-0.08792552049796094,0.05,0.7455582972069558,-0.11934454626445169
0.6521745540930444,-0.07847953746095335,0.05,0.7455582972069558,-0.11934454626445169
0.6458123714381055,-0.08587638751504606,0.05,0.6477941503597431,-0.11103225862583364
0.6403093408923509,-0.08207500000000001,0.05,0.6477940151308347,-0.1110322101464436
0.6215152038505095,-0.0873415175537939,0.05,0.4407343175070752,-0.10530188386064936
0.5945347483095417,-0.09396739472648563,0.05,0.4407343175070752,-0.10530188386064936
0.5598502850216224,-0.10127617135845414,0.05,0.4845434934229064,-0.10512594128200703
0.5239662017167382,-0.1018292784334764,0.05,0.484539320167749,-0.10512670968130611
0.4851689225432699,-0.09823013874982121,0.05,-0.6227302398216645,-0.11042142567333163
0.4415425225703348,-0.09685657968490978,0.05,-0.6227302398216645,-0.11042142567333163
0.40186157910736,-0.08296475216365068,0.05,-0.5380782012597715,-0.12166680205007283
0.3486650052465897,-0.08107077649527807,0.05,-0.5381018252907988,-0.12167210903044842
0.297107172145803,-0.07518068634228908,0.05,-0.7226757463945018,-0.005677880111926761
0.2449602540017653,-0.06646178224671391,0.05,-0.7226757463945018,-0.005677880111926761
0.18982220811728948,-0.05200336045056321,0.05,-0.7113566769602409,-0.026821756537721363
0.12321009440034326,-0.04837471453431549,0.05,-0.7113566769602409,-0.026821756537721363
0.06336329145608849,-0.030898177505482984,0.05,-0.7325099702407321,0.04394209165382149
-0.07056481180103488,-0.019310968536137545,0.05,-0.7421310391244882,0.04526572208106997
-0.14055409545731018,-0.01686506338775657,0.05,-0.7421310352421774,0.04526572136510607
-0.20447185205711285,-0.005270665284134255,0.05,-0.5670088906861266,0.10410555422154645
-0.266575250501002,0.006716046378471222,0.05,-0.5670088906861266,0.10410555422154645
-0.32488174975864986,0.01918656812032942,0.05,-0.7286897433839048,0.012746868925585466
-0.37948372034807487,0.030071544284181663,0.05,-0.7286897433843658,0.012746869443890694
-0.4284769636346305,0.04005751197483497,0.05,-0.7302881805007064,0.07545512965856113
-0.4708958574255773,0.05110083364131665,0.05,-0.7302881805007064,0.07545512965856113
-0.5079342562791307,0.06126572643612392,0.05,-0.7641940132206513,0.08324090052773753
-0.5412475140410917,0.06829232539559509,0.05,-0.7641070290867912,0.0832514069529598
-0.5737845950987521,0.07457900401683015,0.05,-0.28517409317891035,0.15444167821487004
-0.6055552651659672,0.07539891918637924,0.05,-0.28517409317891035,0.15444167821487004
-0.626683157631419,0.07831851749276345,0.05,-0.2572822028315443,0.15950466735252955
-0.6338236105313376,0.08765144015743336,0.05,-0.2572821673236364,0.15950466528285182
-0.6399301391063256,0.08958301534471838,0.05,-1.0817293064097502,0.1355612471607323
-0.6391835249270356,0.09709028947525165,0.05,-1.0817293064097502,0.1355612471607323
-0.6424092959492645,0.09155017702596381,0.05,-0.24412935871672048,0.1777644905700577
-0.6353216140802748,0.09385963755932365,0.05,-0.24886053174579412,0.18067126034584083
-0.6267119186115813,0.09318373781200087,0.05,-0.2572400937603435,0.18214017245101155
-0.6162355740244265,0.08984961364313375,0.05,-0.2572400937603435,0.18214017245101155
-0.6032343421680995,0.08580159383954154,0.05,-0.9139264018946148,-0.027192089213090964
-0.5883592933091751,0.08157340328521534,0.05,-0.768240643965889,-0.022162234153385245
-0.5754389356577316,0.07205139153868168,0.05,-0.5281782142436159,-0.04145513887746574
-0.5639570177896481,0.05626230102898567,0.05,-0.5281782142436159,-0.04145513887746574
-0.5533151730796739,0.03907385149954703,0.05,-0.5026033625649561,-0.04285040127079979
-0.5408097318833675,0.024973434298918476,0.05,-0.5026012970651548,-0.04284977657489943
-0.5245830099054748,0.0144938475200553,0.05,-0.46931986553744104,-0.022148896961474367
-0.5055850539001504,0.007928351300050132,0.05,-0.46931986553744104,-0.022148896961474367
-0.48615366697252077,0.0038421184966276538,0.05,-0.10518570664887167,-0.07419104541966155
-0.47489082333579796,-0.009857146647744897,0.05,-0.10518617417545134,-0.07419135711086149
-0.4538127516178627,-0.015602064488064173,0.05,-0.5237985551475188,-0.06687820625128357
-0.4343773384597043,-0.026300659573199818,0.05,-0.5237985551475188,-0.06687820625128357
-0.40268737525485565,-0.02280472869048897,0.05,-0.05,-0.05
-0.3750155547673268,-0.027525143073456302,0.05,-0.05,-0.05
-0.34273328840648853,-0.031134770395992373,0.05,-0.05,-0.046428581982074724
-0.30873798444534434,-0.03247276744241443,0.05,-0.05,-0.046428581982074724
-0.2761343966411195,-0.03286459319165167,0.05,-0.05,-0.05
-0.24614483378230193,-0.03425102865452465,0.05,-0.05000000000000001,-0.05
-0.21740323244003626,-0.03390673608793096,0.05,-0.05,0.008664915274582942
-0.1910488804902475,-0.03092315918737184,0.05,-0.05,0.008664915274582942
-0.16578999511142378,-0.026660086861653297,0.05,-0.05,-0.04530257079292982
-0.1413485740255096,-0.023044804207891293,0.05,-0.05,-0.04529035439672591
-0.11802739201945081,-0.02062841461670481,0.05,-0.05,-0.029118848384313233
-0.09499098184267626,-0.016912591501943304,0.05,-0.05,-0.029118848384313233
-0.07704981220041494,-0.019374044904967455,0.05,-0.05000000000000001,-0.05
-0.05999523128278493,-0.018943904983309494,0.05,-0.049999999999999996,-0.05
0.052345393474088286,-0.04927444504715014,0.05,0.3884746289361141,-0.2767166226320852
0.06475200917868637,-0.05540059423054,0.05,0.2850833644595261,-0.20286611595641066
0.07546870588795392,-0.0647325093133696,0.05,0.2436704637203761,-0.17389240789934066
0.0841246834309993,-0.0753042228096767,0.05,0.2283161108818091,-0.16244027069572403
0.0881277993278753,-0.08627832665975475,0.05,0.2283161108818091,-0.16244027069572403
0.08771435690781629,-0.09817508941771187,0.05,0.19025441047500033,-0.13521342035914594
0.08167712883852285,-0.11068051782075575,0.05,0.19004276277036328,-0.13506115828729434
0.07099877743469915,-0.12378811620033144,0.05,-0.9983711051721404,-0.19552726831097136
0.0547075932642178,-0.13619846458524715,0.05,-0.9983711051721404,-0.19552726831097136
-0.06420613468414779,-0.17461301191895115,0.05,-0.975668940044863,-0.19030169277126963
-0.10919978961045153,-0.17979453136175083,0.05,-0.9727351946013616,-0.2373906059066109
-0.15850416939819065,-0.18624160041479432,0.05,-0.7604986442982578,-0.2111952228810789
-0.21037492082862075,-0.1920083909756533,0.05,-0.6209638908377031,-0.3212829331141181
-0.2594162980872427,-0.20266166704428915,0.05,-0.6209638908377031,-0.3212829331141181
-0.31014123159024504,-0.21579779351261105,0.05,-0.7644322293631333,-0.27147056146063947
-0.3585449505965364,-0.2245358842564451,0.05,-1.0185255073855048,-0.23024171902057475
-0.40251047543383556,-0.2317391722607061,0.05,-0.8754560989132157,-0.19258758872737658
-0.43932055132627573,-0.23894267663851554,0.05,-0.8754560989132157,-0.19258758872737658
-0.47005714051645037,-0.24479027723161617,0.05,-0.5691802137933971,-0.26477395867274695
-0.4887384372580549,-0.25439651450181644,0.05,-0.613951781378873,-0.26623934642478564
-0.5057990468474479,-0.25424079105704617,0.05,-0.4959111768597778,-0.2604355114224965
-0.5131676248018782,-0.2564793107146688,0.05,-0.4959111768597778,-0.2604355114224965
-0.511789455244797,-0.26014390154451666,0.05,-0.4702815521577691,-0.2773556082831976
-0.5042934255354633,-0.26440182438710597,0.05,-0.5193607793853009,-0.2546121530840864
-0.4927735875638903,-0.2639621468909726,0.05,-0.4467653548054899,-0.2476830884693631
-0.4772899959531518,-0.2598791551609217,0.05,-0.4467653548054899,-0.2476830884693631
-0.45649123394052177,-0.2580844155960348,0.05,-0.33316987973696727,-0.2282847419196339
-0.4319136018979947,-0.2572406536874985,0.05,-0.33614601297377716,-0.2383213071838334
-0.40771574285918566,-0.2537250232366925,0.05,-0.3140424922407272,-0.22300794868699406
-0.3862041938751192,-0.24468299630600573,0.05,-0.3140424922407272,-0.22300794868699406
-0.3651496318400248,-0.23533229731824523,0.05,-0.2854886726082573,-0.20283678433057092
-0.34333575170136943,-0.23089903400355172,0.05,-0.284234313877334,-0.20190856320987663
-0.32435728810428854,-0.22661093022008796,0.05,-0.26109164140051727,-0.18531713724153798
-0.3112473519728995,-0.2180440001908488,0.05,-0.26109164140051727,-0.18531713724153798
-0.29622539103947354,-0.21608993013745992,0.05,-0.25793674329676863,-0.18275162552425936
-0.288854511464118,-0.20413883261434326,0.05,-0.25843529382034475,-0.18306145152701986
-0.27817359050445106,-0.20091216617210683,0.05,-0.29400577219791335,-0.20839618373529706
-0.26818554155435226,-0.1975371445695475,0.05,-0.29400577219791335,-0.20839618373529706
-0.2620377566585235,-0.19303775665852352,0.05,-0.2863005093997929,-0.20287736882648214
-0.255526322814377,-0.18737928246257984,0.05,-0.28581777263141184,-0.20315931727741054
-0.24893516587988462,-0.18486887531888516,0.05,-0.26690577867109294,-0.18949722407590094
-0.23858793892856714,-0.18593371478138523,0.05,-0.26690577867109294,-0.18949722407590094
-0.22709249079008548,-0.1869915826150196,0.05,-0.22982085000469848,-0.1629842514615289
-0.21323802638950143,-0.1883031175131411,0.05,-0.2297890686544328,-0.16295955848864935
-0.19436397021165092,-0.19332347633964198,0.05,0.3016076231046554,-0.21387606195700226
-0.1727547017487394,-0.19760344383649822,0.05,0.39799118323220933,-0.2084528892377493
-0.14737321349827787,-0.20139701216823386,0.05,0.39799118323220933,-0.2084528892377493
-0.1197516100088236,-0.20201796198697922,0.05,0.3746494403262998,-0.21372580923304824
-0.08865647936394497,-0.20094914001548447,0.05,0.7103121704294608,-0.24328694057577094
-0.051523814328059706,-0.20376484708879447,0.05,0.7103121704294608,-0.24328694057577094
0.06921623477608028,-0.20415323694496748,0.05,0.5618174110755878,-0.23524599592251869
0.11265524626607702,-0.20545804089733352,0.05,0.5618174110755878,-0.23524599592251869
0.15977658621881186,-0.20623633081524204,0.05,0.7064730659640329,-0.2176381438473197
0.2069997019693863,-0.20701919197940014,0.05,0.7461321797089416,-0.20978275331205695
0.25664191930025265,-0.2051787168120502,0.05,0.7795289616729851,-0.20448293992618902
0.3067860587702142,-0.20258109287792778,0.05,0.7795289616729851,-0.20448293992618902
0.35264222438128845,-0.20630583573744696,0.05,1.2168194697790962,-0.22822169662725608
0.39834519655990364,-0.21239350511961666,0.05,1.2199420793742037,-0.2282870564963574
0.4486337448007914,-0.21050350238955037,0.05,1.2024381376764077,-0.2192645544658074
0.49788176640213533,-0.21012907819165416,0.05,1.2705064996843194,-0.24736302094758225
0.5449793410428031,-0.2105360241049949,0.05,1.2705064996843194,-0.24736302094758225
0.592601955961793,-0.20625331449218332,0.05,1.154039752567501,-0.23681960167041824
0.6390009664948454,-0.2015383949026346,0.05,1.199830048296395,-0.26385903777104314
0.6845732599368334,-0.19585534801263332,0.05,1.2911776369027148,-0.24451175831953248
0.7294099874865928,-0.18834947771421764,0.05,1.2911776369027148,-0.24451175831953248
0.7717701523710774,-0.1787532300642378,0.05,1.282043183501594,-0.2424560174884533
0.813881011775643,-0.16491156259683917,0.05,1.1580295149601514,-0.10443490184013753
0.8472322921009685,-0.15614100474108664,0.05,1.1580295149601514,-0.10443490184013753
0.8750081628090007,-0.1465734056571149,0.05,1.1041694941754132,-0.03946698409513566
0.900211611463374,-0.1353732688136159,0.05,1.0962311253620989,-0.0392285842865249
0.9213606244336339,-0.1289412919707159,0.05,0.8574322616093804,0.0033085479614981365
0.9387744006512326,-0.12373643414319964,0.05,0.8574322616093804,0.0033085479614981365
0.9563990882437072,-0.11087348398169337,0.05,0.8480209334983443,-0.049472704792357235
0.971196464164799,-0.0935834461875924,0.05,0.8868616786090914,-0.05080176794021606
0.9765062570815195,-0.08435487059454948,0.05,1.0054173606316945,-0.11725232623477272
0.9792704683130021,-0.07164361678072002,0.05,1.0054173606316945,-0.11725232623477272
0.9778118370862191,-0.05720474484748067,0.05,1.0364167604153325,-0.10431908312697026
0.9642799157018683,-0.04840763273676806,0.05,1.0212967288159218,-0.10011600021581354
0.9393942120999154,-0.0489694449738538,0.05,0.9160118707657107,-0.04629129938360908
0.9112088945661375,-0.046658622992261194,0.05,0.9160118707657107,-0.04629129938360908
0.8784821492403933,-0.042837540959189756,0.05,1.0063187107952525,-0.11663296741103465
0.8405607521912826,-0.040823179893864414,0.05,1.0099735876940592,-0.11689275402041063
0.793793423830711,-0.04654751410542388,0.05,1.026000991412895,-0.08006979266101226
0.7495187153452655,-0.04661170331373789,0.05,1.026000991412895,-0.08006979266101226
0.7035951991295535,-0.04691349341203124,0.05,0.8696857710950514,0.023745430821037042
0.653161043427468,-0.04597915141797895,0.05,0.8847009316568408,0.024452953204658182
0.5981120655979801,-0.04295960210085035,0.05,0.9950848288248229,-0.06667419671082474
0.5410238556401021,-0.039020363225437116,0.05,0.9950848288248229,-0.06667419671082474
0.4866997335987413,-0.026981258939639555,0.05,1.0083976586734011,0.09018922065366669
0.4263965020330778,-0.025804163337824787,0.05,1.0103454876476312,0.09028557040769675
0.3687654709803594,-0.023546824653875056,0.05,0.8756386664840398,0.04576527454598453
0.31126465995112357,-0.023991616498778092,0.05,0.8769626381143235,0.05392100401436886
0.25752600713936663,-0.024331771373404375,0.05,0.8769626381143235,0.05392100401436886
0.21166899539895584,-0.023150739623811003,0.05,0.8945970837846309,0.05456986275139016
0.17539125691529953,-0.014880484547882492,0.05,0.9225214736043599,0.06404193109799855
0.1406264467440807,-0.010454814730918721,0.05,0.9225214736043599,0.06404193109799855
0.10806351935933646,-0.009503364198634305,0.05,0.9752311168194526,0.05665475798920443
0.07924884787818809,-0.010520345904825503,0.05,0.9809104569777514,0.05726837947390227
0.058489164064548425,-0.0053982915405334595,0.05,0.9855092664216071,0.06392408759484189
-0.05352454412185355,0.04862712921910754,0.05,-1.276324930384119,0.24399266333822456
-0.07878434987193995,0.06236856721662992,0.05,-1.276324930384119,0.24399266333822456
-0.10844736314847941,0.07602578354203936,0.05,-1.2737581296818858,0.23135691318753446
-0.14087648385635793,0.08930621044539527,0.05,-1.317000040151071,0.24142163465716251
-0.17738316256016776,0.1035480543773531,0.05,-1.2765561522498714,0.23308298918605447
-0.21856505846384897,0.11773091968819281,0.05,-1.3206577000456154,0.2374607692196767
-0.2630677688832197,0.1314975993634066,0.05,-1.3206577000456154,0.2374607692196767
-0.3121839972330885,0.14584489194733327,0.05,-1.265614876943967,0.24750664810536532
-0.3649574672926149,0.15911502692848462,0.05,-1.2624305296088392,0.22955869068021237
-0.42313264655778327,0.17259656314403823,0.05,-1.2624305296088392,0.22955869068021237
-0.4858338700453912,0.18700859573251366,0.05,-1.2812210354196236,0.23597158751778796
-0.551350189529395,0.19923246316692889,0.05,-1.2382073643011857,0.24179410087289696
-0.6164328362388436,0.20692670845199654,0.05,-1.2808472938884943,0.2325532824582214
-0.6834307573089325,0.20799307480872428,0.05,-1.2237944341648257,0.23810939962134384
-0.7521387519664394,0.20488221027792344,0.05,-1.2237944341648257,0.23810939962134384
-0.8183572362066704,0.19917126831856719,0.05,-1.1854978418614839,0.23212080544677283
-0.8805379131258715,0.18951013908918632,0.05,-1.1880335646514053,0.23518537017793117
-0.9326957598941763,0.18424107676998797,0.05,-1.1880335646514053,0.23518537017793117
-0.9790857064109746,0.17896444912577616,0.05,-1.125017865483812,0.2228677450722592
-1.0216874485780718,0.17239866302986942,0.05,-1.1884610792503538,0.22078889582304934
-1.0588316780883142,0.1628755398963113,0.05,-1.1713389424707492,0.2284077883357835
-1.0885128772983472,0.15237273769944829,0.05,-1.0950483477724586,0.21562542207209048
-1.1113019213791457,0.14129777469577667,0.05,-1.0950483477724586,0.21562542207209048
-1.1262746620252257,0.1288826035383038,0.05,-1.0584485558435974,0.19921650233558
-1.1347828728260998,0.11785118990857402,0.05,-1.1101920194525419,0.2017027216805107
-1.1201905444860212,0.13044116416807683,0.05,-0.971783277677235,0.17888197429097386
-1.1039707588434402,0.13496317309067507,0.05,-0.971783277677235,0.17888197429097386
-1.0810353269808353,0.14320409783800533,0.05,-0.7895766284560786,0.14011345162271516
-1.06688337922403,0.13493490225877586,0.05,-0.7037411616336161,0.13563906646657956
-1.0272505229015372,0.15574377288066876,0.05,-0.7037411616336161,0.13563906646657956
-0.9895016697665544,0.1657529991415695,0.05,-0.4735481893093943,0.1960187754686231
-0.9429049844887245,0.18306707433480493,0.05,-0.5143444608120328,0.36501584996906583
-0.8933501129428313,0.20191451628283985,0.05,-0.5147462059743035,0.36499727278048405
-0.8502735368789929,0.21074724659101746,0.05,-0.5147462059743035,0.36499727278048405
-0.8126506171440837,0.2135575375056646,0.05,-0.4782104562186601,0.35355750581139994
-0.7768153746947043,0.22044411955679988,0.05,-0.46319270733869655,0.3282286081801434
-0.750888020634542,0.22153892742127862,0.05,-0.4629502183989865,0.3278829181207651
-0.7265523081963307,0.2302768379199428,0.05,-0.45094543841409584,0.31949139702865403
-0.7116006159191408,0.23958878711307643,0.05,-0.45094543841409584,0.31949139702865403
-0.7023330584694242,0.2508707161163429,0.05,-0.9817158629641649,0.2684261816331118
-0.6996532607658925,0.2601138311316706,0.05,-0.9824272800329837,0.21826825576792316
-0.7158312627400494,0.24386586739620214,0.05,-0.9824272800329837,0.21826825576792316
-0.7315312045210545,0.23004907103662173,0.05,-1.1449471106636693,0.15364102871244412
-0.7522436012383164,0.21113966095136036,0.05,-1.0350208120693787,0.20199881019061916
-0.7605082413719134,0.21295936635999618,0.05,-1.0550460632807697,0.19937831739519685
-0.7891888147155198,0.18604201817098598,0.05,-0.9423914982809651,0.18129262148403313
-0.813001662495531,0.16961945834823025,0.05,-0.9423914982809651,0.18129262148403313
-0.8402918495821063,0.14813461244977524,0.05,-0.926156773931781,0.17785756565384228
-0.8642676004719678,0.12993079829328755,0.05,-0.9285448327815856,0.17814913418582967
-0.8760082293029564,0.12777350436327406,0.05,-0.9285448327815856,0.17814913418582967
-0.8789417145685254,0.13188268795019797,0.05,-0.8859609858375472,0.16808544037947518
-0.8821167728161824,0.12662691725108535,0.05,-0.8364670715437741,0.1559216233961463
-0.8685037147864235,0.13701000464944385,0.05,-0.8363984923920741,0.1559135721124727
-0.8620689902728604,0.13092289185709688,0.05,-0.6486743758153266,0.15083780194399637
-0.8442960645222823,0.1341579067216672,0.05,-0.6486743758153266,0.15083780194399637
-0.8232912662051379,0.13994838514608454,0.05,-0.5425117151884377,0.15067899135942334
-0.7991648993932603,0.14783861409447974,0.05,-0.5425870710659891,0.1506839742361185
-0.7702201124319679,0.16160242409051845,0.05,-0.5425870710659891,0.1506839742361185
-0.7391233518710586,0.17462115655138705,0.05,-0.3341753036097639,0.15070983950010267
-0.7022306032684491,0.1922504464019644,0.05,-0.6867700180463674,0.2726977642388007
-0.6653826504523404,0.20517033564966566,0.05,-0.585989704557402,0.30106519766495154
-0.6293720496894409,0.21586162989933602,0.05,-0.44766531046112185,0.30896999374739026
-0.5870166715351965,0.23613039035673408,0.05,-0.44766531046112185,0.30896999374739026
-0.5479390102230484,0.2526429153560194,0.05,-0.42751055349867,0.3013465353476447
-0.5139516372810994,0.26415461719234623,0.05,-0.4268283530874431,0.3020836411383952
-0.49014481404343946,0.26263169413864923,0.05,-0.40732876378282185,0.2915511416246394
-0.46915350422152263,0.2619692884230109,0.05,-0.40732876378282185,0.2915511416246394
-0.44836269580144483,0.2666419634980807,0.05,-0.3831870459819716,0.2721990579778149
-0.43262123579968764,0.265787501043045,0.05,-0.38309608274901485,0.27215031284798413
-0.4098735858778399,0.27453491642740563,0.05,-0.36131687749741526,0.23619127249371014
-0.3939300311803212,0.27218085093064015,0.05,-0.36131687749741526,0.23619127249371014
-0.37610924533025,0.2668775658294692,0.05,-0.33681986735436453,0.23909527698442898
-0.3579268895366165,0.2583935377251648,0.05,-0.33827112740765203,0.2400604292865054
-0.3456138820404712,0.24445328128535865,0.05,-0.3083823441854824,0.21914533880130194
-0.3333566989996065,0.2390749737679898,0.05,-0.3083823441854824,0.21914533880130194
-0.32689475967957277,0.22981035428189964,0.05,-0.28509503093304606,0.2027213289627069
-0.3224518262159875,0.21961537012979274,0.05,-0.278350845918272,0.1973968571491765
-0.31576195973402293,0.21259842999630585,0.05,-0.2577754771168455,0.18292263123796398
-0.310818196176127,0.20372718311202231,0.05,-0.2577754771168455,0.18292263123796398
-0.3038706605561449,0.19998124143315174,0.05,-0.3588199770144242,0.20285563648556734
-0.29564081364594874,0.1971760105793631,0.05,-0.3094344316694682,0.21939458269849388
-0.2870485105202891,0.1934060590066557,0.05,-0.2724411843691161,0.19301271993808516
-0.2797503217656593,0.18799957574601964,0.05,-0.26288473293077813,0.186549337731502
-0.2710919106078665,0.18442355184743742,0.05,-0.26288473293077813,0.186549337731502
-0.2644893910944206,0.17790685354077254,0.05,-0.2631511910578316,0.18669717016013443
-0.2584910953595955,0.17121744175648607,0.05,-0.249291230238582,0.17693309090380807
-0.2508284308932425,0.16608841294730692,0.05,-0.249291230238582,0.17693309090380807
-0.24462642121634667,0.16015849452369885,0.05,-0.21330353237502625,0.15156544819162954
-0.23684971178467218,0.15972572292026438,0.05,-0.2133087183015342,0.15157032873662923
-0.2251584490161002,0.1636488488372093,0.05,-0.19985962028034,0.14204595054190608
-0.20960189428258072,0.16848025308759715,0.05,-0.19985962028034,0.14204595054190608
-0.19009213115828874,0.17604388194204384,0.05,-0.17227292668195598,0.12244801061750844
-0.16825676167717482,0.1861789950895677,0.05,-0.17232667219822917,0.1224866689312825
-0.1427562211583177,0.1975864979192254,0.05,0.7569058047563906,0.24499377939336742
-0.11775713229683327,0.20427862993609308,0.05,0.7569058047563906,0.24499377939336742
-0.09176938406877065,0.2094771836586267,0.05,1.3413071439863136,0.3101296986938028
-0.06314893724817014,0.21653017577426506,0.05,1.3851126587015556,0.3130513421763771
0.07690226947777287,0.2399849828426408,0.05,1.3347506119863337,0.2989392234428811
0.11700569476896665,0.24492966626531879,0.05,1.3480338075566987,0.3062909243149219
0.16057929537082294,0.2499776570379466,0.05,1.3480338075566987,0.3062909243149219
0.20735096332570777,0.2520716024449528,0.05,1.4200054428811808,0.24460122003360707
0.256154938242167,0.2500305656564452,0.05,1.2554787212213516,0.25727858947058735
0.3062466501787843,0.2443359258045292,0.05,1.3368020091544999,0.2456597356968517
0.35370724153749,0.23944648303923552,0.05,1.3368020091544999,0.2456597356968517
0.4032562182650361,0.23275024404634198,0.05,1.1396317429319758,0.1898603897238657
0.4544382901708638,0.22516686164195984,0.05,1.3669264955864302,0.22630321270523412
0.503899150855699,0.21363852254850552,0.05,1.4437258475438932,0.20106558545091216
0.5528815072740281,0.20337170790603387,0.05,1.4437258475438932,0.20106558545091216
0.6013991027460145,0.19197805901009932,0.05,1.3492570724080875,0.1794870716445639
0.6485487862573588,0.18099548972757823,0.05,1.2940638527291608,0.21520378915710658
0.6950159669575169,0.17472835788871405,0.05,1.2525222070131008,0.16208646246147315
0.7419961311618143,0.16586870042818125,0.05,1.266552020610375,0.15955533684846918
0.7873393675488795,0.15425883583690986,0.05,1.266552020610375,0.15955533684846918
0.8265026590356565,0.14875223180236438,0.05,1.264526052547104,0.1593182098701983
0.8651798851739679,0.1393969668876541,0.05,1.1783695614902068,0.13764686729090195
0.8995098805875831,0.12949659290083343,0.05,1.1783695614902068,0.13764686729090195
0.9287089181984088,0.12286726982120065,0.05,1.0930208857445525,0.09780263271474214
0.9529845605063653,0.11770327981213942,0.05,1.0852813104394499,0.09735742832633261
0.9715406172990867,0.11366047630723962,0.05,0.973733089134906,0.09434289574365409
0.9879183220484455,0.10535851015639901,0.05,0.973733089134906,0.09434289574365409
1.0009865851986937,0.09619765131469164,0.05,0.9485373151916591,0.08626462097753732
1.0085389243032636,0.08962381236074206,0.05,1.1156076088191318,0.09908635060047728
1.0125825265358637,0.08573252653586362,0.05,0.9791767823134921,0.07438516337255736
1.013972968397964,0.08196363083672083,0.05,0.9791767823134921,0.07438516337255736
1.0128035059485492,0.07915031232863648,0.05,0.9689532782275988,0.058562262258215134
1.0091503846566396,0.07559137368007054,0.05,1.1500985157166264,0.06757103501768999
1.0017569756425992,0.06959272078363143,0.05,0.9893771693105492,0.07912809616321151
0.9931567110832886,0.06407727031538782,0.05,0.9893771693105492,0.07912809616321151
0.9822477735194545,0.06280444640473011,0.05,0.9494410876294418,0.08368747149034185
0.9735196750482867,0.05936503684097574,0.05,0.9893968917477008,0.08475423780172817
0.9651016502968032,0.05775098546975945,0.05,0.9259705183633498,0.05351445434780949
0.9577336752452588,0.05717378205051793,0.05,0.9100342585059905,0.02868999871414614
0.9519587724786386,0.05583735386650459,0.05,0.9100342585059905,0.02868999871414614
0.9479897781223906,0.0539588351425504,0.05,1.163406737675404,0.03220964838755989
0.9458537627839892,0.050811349440961204,0.05,1.0069491669057022,0.025339017401545514
0.9446444719393231,0.045943254943115415,0.05,0.9795463073249178,-0.01418190467407785
0.9415364615861361,0.041953089318490615,0.05,0.9795463073249178,-0.01418190467407785
0.9386153777600267,0.03647893557155801,0.05,1.039913877734761,-0.01234921105186338
0.9353818058833344,0.03298897709122982,0.05,0.8612254314098051,-0.0215822900340778
0.9323782184325974,0.03091217455056983,0.05,0.8612254314098051,-0.0215822900340778
0.928824568955238,0.030124856318412704,0.05,0.8528782981805362,-0.018855499308075004
0.925620885193133,0.029212571530758225,0.05,0.9031368653194788,-0.0244212762635322
0.9242266475789824,0.029677373645886712,0.05,0.8783663820163302,-0.02208286903778943
0.923406256937896,0.03146002220126762,0.05,0.8783663820163302,-0.02208286903778943
0.9236023415616768,0.03241021937613979,0.05,0.9845952603038872,-0.02474387402093603
0.922113602954326,0.0327485577095032,0.05,1.0285416964743015,-0.02564027426076842
0.9206458056888974,0.031786865269853366,0.05,0.9159382010620811,0.058916760917103704
0.9191293470614186,0.02934520937913601,0.05,0.9159382010620811,0.058916760917103704
0.914854025016992,0.02724978804717217,0.05,1.2986705007656627,0.11273905833401125
0.9091579321252412,0.025199596111230245,0.05,0.9450787060034129,0.07833343810721767
0.9028135909979266,0.023534624436923512,0.05,0.9063483597087979,0.058431664768774184
0.8952343800283674,0.024987674763703973,0.05,0.9063483597087979,0.058431664768774184
0.8884158536294745,0.028516284972117632,0.05,0.8631265249813556,0.03047642652609978
0.882987544522139,0.033194988504651746,0.05,0.8148252386770535,0.028479662945329203
0.8783289572077713,0.03725021229143559,0.05,0.8188188876973925,0.03453812108594452
0.8752981547902765,0.03977171651572926,0.05,0.8188188876973925,0.03453812108594452
0.8761481442622951,0.04094155260804769,0.05,0.8234699833267076,0.02065014272352281
0.8809220689306049,0.04229896163375181,0.05,0.8969947847869258,0.022532555716390717
0.8893282137024188,0.0419136434080803,0.05,0.9024736061853061,0.030478667698046486
0.9004986413043479,0.04137841819221968,0.05,0.9024736061853061,0.030478667698046486
0.9135958582632119,0.03998463028294915,0.05,0.9172609914209131,0.040253135113997696
0.927268348117943,0.04117782278737585,0.05,1.159349177740183,0.05069126976887707
0.940133178817417,0.04439443772492195,0.05,1.133105075759132,0.046856277315048794
0.9531159038901602,0.04518253241800153,0.05,1.133105075759132,0.046856277315048794
0.9669570062479134,0.041372608146134394,0.05,1.1694308723827296,0.05282082168409207
0.9774852626998414,0.03600408475303711,0.05,1.1969753041747122,0.05467702148536488
0.9776139855202002,0.03975079281372899,0.05,1.1319356865246946,0.03920008242315472
0.9790891914368495,0.035748692038964594,0.05,0.8779104937492694,0.024440339821615153
0.9828073941014286,0.02657910047384314,0.05,0.8779104937492694,0.024440339821615153
0.9858394897023263,0.017116153172684063,0.05,0.9043522304046762,0.02281575350572716
0.9892062992243436,0.0062848353221957014,0.05,1.0471831051709748,-0.08546530692431836
0.991220015361166,-0.005664014980113842,0.05,1.0471831051709748,-0.08546530692431836
0.9887782086278624,-0.01995120304919479,0.05,0.8456551444333216,-0.13523098471461392
0.9811793114957327,-0.03227581533400086,0.05,1.2084531939708592,-0.16222427481759294
0.9681358054027014,-0.042149037018509264,0.05,0.7282783657657846,-0.07410316662362904
0.950893958355681,-0.05273304787785605,0.05,0.7282783657657846,-0.07410316662362904
0.9323849414612045,-0.06287265278506367,0.05,1.3389392710500774,-0.182623137731909
0.9160234495107796,-0.0731284728098297,0.05,0.7440815474322019,-0.1464967284923871
0.9040292235306737,-0.08475704001239585,0.05,1.0225601599301137,-0.15384218588244072
0.8939100604629532,-0.09375708173828008,0.05,1.0225601599301137,-0.15384218588244072
0.8863817178279789,-0.09792876348572452,0.05,0.8374587578455289,-0.10251480988375346
0.8856712862459296,-0.09765990105800541,0.05,0.9774982453210884,-0.16055103067194115
0.8995019186302904,-0.10386493963123206,0.05,1.0202553478311744,-0.146397055923401
0.9167473584309704,-0.10404690580340648,0.05,1.0202553478311744,-0.146397055923401
0.9340650169834931,-0.10084215898933319,0.05,0.9936657268973669,-0.153715023221064
0.9547424348810872,-0.09938865798414497,0.05,1.0131085070447412,-0.16585737263051045
0.9765576254768717,-0.09787859889127325,0.05,1.0010373355210425,-0.13103380918909105
0.9999638906756242,-0.09512718100819517,0.05,1.0010373355210425,-0.13103380918909105
1.0270629083019407,-0.0937538839349578,0.05,1.1300445570689455,-0.1428286870722061
1.0559213522623059,-0.09580902183104463,0.05,1.2467300222214002,-0.13418863385720725
1.0846951322215606,-0.097379194758785,0.05,1.2883344100629475,-0.13285597500956933
1.117200646346117,-0.09469449055523756,0.05,1.2883344100629475,-0.13285597500956933
1.1500047131514002,-0.08948606352158518,0.05,1.2832292643807601,-0.12137494335545582
1.1801356688885443,-0.08536199813982329,0.05,1.358156574668029,-0.14804598502004696
1.2063257561199767,-0.0793831627537806,0.05,1.3436494944790132,-0.14949101858346606
1.2253061214267824,-0.07275147997090146,0.05,1.3436494944790132,-0.14949101858346606
1.2369701925713945,-0.06520236570679068,0.05,1.365224808187963,-0.08018027128142817
1.2423867428438695,-0.0573461065647,0.05,1.3257313502976174,-0.08379094572553784
1.2424652115866015,-0.04837183871736798,0.05,1.3257313502976174,-0.08379094572553784
1.2351690958397903,-0.04018030307545596,0.05,1.1943381827887127,-0.07336111943306205
1.2236778041224832,-0.030608443345645185,0.05,0.9854556109927125,-0.07773204408024396
1.2092012996650257,-0.026429559109277963,0.05,0.9854812580662543,-0.060968195806450194
1.189337070147208,-0.02168939120328983,0.05,0.9854812580662543,-0.060968195806450194
1.162277759247126,-0.01869682172851272,0.05,0.8607498585957515,-0.12772055226660622
1.1294776295100715,-0.009906050255506192,0.05,0.7600114488578488,-0.06566533757807436
1.092078402049571,0.00035774547187797574,0.05,0.7582063723648564,-0.0625779101227012
1.054240933594634,0.008005900713613453,0.05,0.7582063723648564,-0.0625779101227012
1.0093043034864444,0.01364456965135557,0.05,0.760799255344873,-0.06114849027771923
0.959399977048633,0.012603621546862516,0.05,0.7596116751748787,0.0696171388433957
0.9124798062713035,0.01113469894882368,0.05,0.7490081322326704,-0.0027524275685271407
0.8705980588922951,0.010729332824372842,0.05,0.7490081322326704,-0.0027524275685271407
0.8365447425839374,0.014840191601487978,0.05,0.7461348070541156,0.00917728357102607
0.8081023879625427,0.018789524557463987,0.05,0.7562704445462892,0.007395598035986673
0.7798990696400067,0.019784864674910058,0.05,0.7486415007297181,-0.012506595293516847
0.753298491864831,0.015830757196495616,0.05,0.7486415007297181,-0.012506595293516847
0.733390871606645,0.012689232428438637,0.05,0.7485778459897205,0.018420489501939447
0.7184635149222611,0.008430194793590275,0.05,0.7543900097391587,0.04647539232614896
0.7066197992831115,0.009959259711339222,0.05,0.7477090210632731,0.08977690011282184
0.7013285378174314,0.011270804060259787,0.05,0.7477090210632731,0.08977690011282184
0.7021268155975112,0.01603857004934563,0.05,0.7541105230389183,0.016577274724923673
0.7065140025758443,0.01962804092730395,0.05,0.7376080742699119,0.04385179573316906
0.7169584852709853,0.02341204597454597,0.05,0.7507949501433798,0.038329569157395306
0.7302632972326085,0.028566848162614015,0.05,0.7507949501433798,0.038329569157395306
0.7475825997995658,0.032508192154429835,0.05,0.7378451728155254,0.0429602133775853
0.7705444708616375,0.0412995477297104,0.05,0.8031761662603252,0.051113082006166176
0.7933896769487286,0.051022115762520096,0.05,0.8549418509019922,0.0794303485541532
0.8126501048617731,0.05940840830552908,0.05,0.8549418509019922,0.0794303485541532
0.8299643702360646,0.06618574427731323,0.05,0.9156352337731991,0.09459611344103759
0.8495467807116885,0.07155375126661499,0.05,0.9150180461773684,0.12459899347874943
0.8769128059456176,0.07206952543442789,0.05,1.068016624557006,0.1345065392747502
0.9062851251564455,0.0747853942428035,0.05,1.068016624557006,0.1345065392747502
0.9344636707615241,0.07676143449221778,0.05,1.0332068937196193,0.11475682312258695
0.9601818394511272,0.07920682782751755,0.05,1.0115423007306514,0.1635064713557544
0.9838585380630067,0.08483097595769318,0.05,1.0434870353402959,0.19436551799728147
1.0049760217098438,0.09372022586106177,0.05,1.0434870353402959,0.19436551799728147
1.02603912790767,0.10245563143085379,0.05,0.9927078018969697,0.18016674186939097
1.0455049483356573,0.11002093269929802,0.05,1.0521953059405365,0.1907427154057319
1.061792444778219,0.11850008999988079,0.05,1.2791822031188087,0.19704968931271982
1.0759331568402977,0.1236067973669147,0.05,1.2791822031188087,0.19704968931271982
1.0853445448041494,0.13189700947952065,0.05,1.2104247315732493,0.2892419209954753
1.0910166850594734,0.13708362781708205,0.05,1.1146933133700396,0.28767807506969273
1.0758855927104183,0.16196337872938707,0.05,1.1016986248078422,0.2996140764649613
1.060447467931906,0.1767076742883029,0.05,1.1016986248078422,0.2996140764649613
1.042989498217713,0.18489753221826158,0.05,0.9261400304544973,0.2518487486452041
1.016308428486293,0.19718284564958283,0.05,0.9384370998123649,0.26074384541428774
0.978425891634415,0.21797716135754686,0.05,0.7373957075897304,0.2564935153103271
0.9415124111656968,0.22922384336544885,0.05,0.7373957075897304,0.2564935153103271
0.8958212078752177,0.24660133976484058,0.05,0.514395864293159,0.255040888133498
0.8454970539142046,0.26547018563559627,0.05,0.3430259494162774,0.254109869756481
0.7915191523342987,0.2822956296706833,0.05,0.3840872036897549,0.29550773190633267
0.7347111974819972,0.2950720814058849,0.05,0.3840872036897549,0.29550773190633267
0.6757054950920173,0.3054263859236907,0.05,0.4265611426561017,0.339711693712061
0.6164699023453802,0.314407310980481,0.05,0.31763561163410137,0.2983397778989269
0.5586115824731208,0.32069298579159417,0.05,0.3073587763968221,0.34887644010714053
0.5035263172010966,0.3329100762903803,0.05,0.3073587763968221,0.34887644010714053
0.45415270692285686,0.34428475612663295,0.05,0.27601631502112417,0.40412230556220036
0.40713126989425497,0.3618887519223662,0.05,0.16471924187247408,0.4166247307638618
0.3784920746670479,0.36219583184428084,0.05,0.18762262886628023,0.1506884145991263
0.3491933757070557,0.37093213486156595,0.05,0.18762262886628023,0.1506884145991263
0.319714853262101,0.3833003810057598,0.05,0.28876614820152696,0.5
0.2950928470499673,0.39308137734009607,0.05,0.34339119366024695,0.5
0.2740347335748159,0.3998300285370446,0.05,0.3272428262885782,0.5
0.2480478431232433,0.41369321167405076,0.05,0.3272428262885782,0.5
0.2277095845454979,0.4177374457506676,0.05,0.23882999200651464,0.5
0.20872317884145977,0.4153897841876526,0.05,0.26486379467775506,0.5
0.19104296974531773,0.4071325303320752,0.05,0.1729607598476456,0.5
0.17555663726820445,0.3920871551334238,0.05,0.1729607598476456,0.5
0.16272834728033475,0.36410776770494346,0.05,0.145717681302159,0.5
0.15030585909567623,0.3394578079563331,0.05,0.0,0.0
0.13881872810153736,0.3214362245262782,0.05,0.0,0.0
0.12792913800708094,0.30485796041102914,0.05,0.0,0.0
0.11899913932028983,0.2903744055221974,0.05,0.0,0.0
0.1117232391931523,0.27741877876064,0.05,0.0,0.0
0.10695662472132478,0.26672342898699314,0.05,0.0,0.0
0.10478871298459778,0.26150970387678224,0.05,0.0,0.0
0.10658285018539052,0.26060112009251646,0.05,0.17486044070348739,0.47551364802219687
0.11260471740296905,0.25880199427651585,0.05,0.25738416012752297,0.45403907680761796
0.12060033977920312,0.2577674777653258,0.05,0.28348300484794225,0.47098592131976647
0.13004157368998237,0.25875057574023747,0.05,0.2742562708871905,0.4035228986053338
0.13886237236986496,0.26431360036261276,0.05,0.2742562708871905,0.4035228986053338
0.1481503352404792,0.27488059181119257,0.05,0.3544951210673863,0.47245593201792613
0.15845800984470162,0.28872600532758064,0.05,0.3773369911287388,0.469676318262306
0.16614308774439676,0.31000090128755364,0.05,0.2437026063657902,0.46653695678032264
0.16834880584735354,0.3388169223294025,0.05,0.2437026063657902,0.46653695678032264
0.16825412464427325,0.3606263044306586,0.05,0.1685337171041663,0.4919239626669855
0.16286215493495187,0.37187065560868576,0.05,0.1805091004209047,0.5
0.15046176235664385,0.3781683531627763,0.05,0.12174784219514365,0.4690440887962426
0.12962364300875245,0.3817114634757101,0.05,0.12174784219514365,0.4690440887962426
0.10160712268703309,0.3811087097427588,0.05,-0.36565142698149306,0.3611113611002971
0.06890806713928274,0.37405567079709284,0.05,-0.7630306872990287,0.17852117477985507
-0.0753540172025321,0.3156255391438075,0.05,-0.4011246950109459,0.2886391881706625
-0.1075082502026125,0.2994223803394355,0.05,-0.3509040049906896,0.24887226522357397
-0.13578717606389318,0.28044905113839547,0.05,-0.3509040049906896,0.24887226522357397
-0.16198301287783937,0.2602050393489537,0.05,-0.2947761102621883,0.21002647082877202
-0.18790371906737235,0.2412669503647547,0.05,-0.27150430677107956,0.1943763715929806
-0.2123289901891831,0.2211830006437231,0.05,-0.2538119078866983,0.1809996166082888
-0.2296831200247867,0.2102771771771772,0.05,-0.2538119078866983,0.1809996166082888
-0.24303708990987552,0.2041984424920128,0.05,-0.2690136767763816,0.19228641572073563
-0.25368248728243126,0.20004091721369088,0.05,-0.23053446252946183,0.1641004524257976
-0.2570912040619531,0.19907716312098953,0.05,-0.3057368590974523,0.21928232363411693
-0.2552940958023867,0.19480655511975298,0.05,-0.3057368590974523,0.21928232363411693
-0.2480567527708259,0.18884918037182694,0.05,-0.24901418038134576,0.17807140578331337
-0.23841217830334804,0.18435104104610983,0.05,-0.22650698903463495,0.1615157688570034
-0.22537461388120889,0.1844924957097912,0.05,-0.21954321503470747,0.1574489324745914
-0.21374048374211552,0.18567443511750747,0.05,-0.21954321503470747,0.1574489324745914
-0.1994007586058828,0.18690286206732032,0.05,-0.2175930359639179,0.15613588792481958
-0.18376832538736593,0.1848737544696067,0.05,-0.18578934867088404,0.13276131547353773
-0.16480030802471343,0.1848674815185172,0.05,-0.18578934867088404,0.13276131547353773
-0.1440233122488643,0.18717548557870012,0.05,0.3726742411615034,0.26458033454846924
-0.12031067427447709,0.19035520380191884,0.05,0.36731045465320333,0.2513360305800094
-0.09273791889700886,0.19402420721021446,0.05,0.3358355834880146,0.2541964497723648
-0.060219085627457994,0.19586254320104873,0.05,0.40261884029320505,0.2129216314256273
0.08851486747389999,0.2014625887877199,0.05,0.3564182542328387,0.23566046942760144
0.13210164726023313,0.20117683665191302,0.05,0.3564182542328387,0.23566046942760144
0.17837797808539305,0.19867113513610188,0.05,0.6844082140799436,0.2091175842341413
0.22796487302930277,0.19677015801327502,0.05,0.9468762936110652,0.22016916495724767
0.2774275045906565,0.1921053639138626,0.05,0.9468762936110652,0.22016916495724767
0.32625182840314293,0.18277040812676612,0.05,1.0666314925284552,0.22635267370596007
0.37480545104707363,0.1716714032575622,0.05,1.040547022381042,0.16788195294591307
0.42214678601215305,0.1622881347551531,0.05,1.0586292324662294,0.1382620761184221
0.4689578618675883,0.15289787021035697,0.05,1.002661927190708,0.18650962618604108
0.5164971910648656,0.1449199838313207,0.05,1.002661927190708,0.18650962618604108
0.5642849731237262,0.1381757913900576,0.05,0.6752933677259904,0.018493015598646224
0.6123569752402069,0.1333586936437546,0.05,0.8601845998450977,0.026444517345536274
0.6591298541579855,0.13352248020715518,0.05,0.975712569280623,0.017689939111872967
0.7071578633069515,0.1316574818823305,0.05,0.975712569280623,0.017689939111872967
0.7559315762962433,0.1281,0.05,1.4951991869184857,0.1770117629704767
0.8031552220473192,0.12823004197672203,0.05,1.4966359311530133,0.17566069210111013
0.8464840201885375,0.1302436130212492,0.05,1.4966359311530133,0.17566069210111013
0.8894726536985388,0.13066089805478082,0.05,1.455038984857386,0.19921499572674553
0.9286977359705282,0.13372251988030093,0.05,1.4208513281250914,0.19468846245156504
0.9611106145751307,0.13526948958407906,0.05,1.4300712244419345,0.20188168739989276
0.9901384114955676,0.13213988656944048,0.05,1.2166047584397448,0.26060230411405866
1.0134735637530263,0.13019154769997734,0.05,1.2166047584397448,0.26060230411405866
1.0141314363167877,0.1498867766524711,0.05,0.9359642574399439,0.24331058425719526
1.0128425167149344,0.1599574528942758,0.05,0.9785893597282571,0.2608883141205042
1.0054374033040514,0.16596988152138933,0.05,0.9621553317361563,0.23030472635135374
0.9881932842313513,0.17274602089217825,0.05,0.9621553317361563,0.23030472635135374
0.9662111307473148,0.17624666336857917,0.05,0.07016068919054078,0.03716284041262513
0.9341210026462279,0.18106962410451408,0.05,0.5755232475632073,0.23569155763325614
0.9004427921056394,0.17554348631834868,0.05,0.47385441825566676,0.20975902311017158
0.8564202860497829,0.17549414727480805,0.05,0.47385441825566676,0.20975902311017158
0.8021197208361188,0.180577842075733,0.05,0.32257527761103794,0.215049311257314
0.7418818540939262,0.18221758016849984,0.05,0.2901035348833754,0.20657837503442247
0.6795306479118467,0.18282855796980466,0.05,0.2901035348833754,0.20657837503442247
0.6138600255290722,0.18073088987903513,0.05,0.2627055905534361,0.22368061270351727
0.5483218656858772,0.1798649669758459,0.05,0.2444511342195904,0.20895255845127095
0.4873728353611307,0.18233420343911244,0.05,0.24584747770152993,0.21019676056661807
0.428124478278498,0.19024539841635166,0.05,0.22441658298831485,0.19787334220395145
0.3710261498569385,0.19816892137577494,0.05,0.22441658298831485,0.19787334220395145
0.331522069360165,0.18586339397479765,0.05,0.1907105266946514,0.1858251135872229
0.2884634320175439,0.18399292763157893,0.05,0.20682922847096152,0.1975591447208312
0.24334068215418367,0.18678659298471517,0.05,0.19793490588944296,0.19901880501226774
0.19977348739596001,0.1873347407049677,0.05,0.19793490588944296,0.19901880501226774
0.15251106049584412,0.19017425617420133,0.05,-0.2666716720725424,0.18207186665860292
0.10625742053047177,0.187628983599919,0.05,-0.27791405388607837,0.1810852250105054
0.05714743084181181,0.19455500786294647,0.05,-0.3338575722617324,0.25825378858193054
-0.06696612583491088,0.1790137127787501,0.05,-0.31017943907416395,0.22593759813520772
-0.10596132265484405,0.1730877399978548,0.05,-0.36910211034827384,0.20886732991778129
-0.13991616190510245,0.17302022383523438,0.05,-0.36910211034827384,0.20886732991778129
-0.1707520702687236,0.17702769081284725,0.05,-0.42124883431018595,0.16150274061774533
-0.20445140927792022,0.1753217050265339,0.05,-0.419732830732478,0.15825969488937044
-0.23361703586246363,0.17582377736181984,0.05,-0.419732830732478,0.15825969488937044
-0.2597549012475252,0.17452000214679292,0.05,-0.41259912377477,0.16446515377601964
-0.28110577874471004,0.17290876885021159,0.05,-0.36921687161680267,0.14551943600377878
-0.2980000455715205,0.17085595676364762,0.05,-0.3656573470036207,0.14302823577966767
-0.30896673377729594,0.1664019364791937,0.05,-0.3377467576023453,0.1485756406821983
-0.3130658315952565,0.16033606131934924,0.05,-0.3377467576023453,0.1485756406821983
-0.31062505275456315,0.15214422888923332,0.05,-0.282287678584232,0.15496924226987058
-0.3019336684853828,0.14557870493912464,0.05,-0.2777648685983302,0.15185282240565712
-0.2894874025865864,0.1379767995455032,0.05,-0.23463918161414568,0.1513636769373931
-0.27367849593447474,0.1322756190686251,0.05,-0.23463918161414568,0.1513636769373931
-0.2550502027115653,0.12846628459511344,0.05,-0.14412007996829676,0.11037417033467399
-0.2333185671399981,0.12929008863051558,0.05,-0.1475287982096939,0.11299333959658078
-0.20963363227897888,0.13031191511930018,0.05,-0.12000279990072721,0.10771692784215041
-0.1859013191763192,0.12812377556127558,0.05,-0.12000279990072721,0.10771692784215041
-0.16223146367648814,0.12060375730645354,0.05,-0.1249396541447411,0.08746491586068326
-0.1332189825571005,0.11826550916824534,0.05,-0.1249936985932721,0.08670692988567072
-0.10595289558716568,0.11313500727324756,0.05,0.3770931497149524,0.13260977940544827
-0.07695510558761805,0.10968387955499381,0.05,0.3770931497149524,0.13260977940544827
0.05387667835671342,0.08902884876896651,0.05,0.5314536199105581,0.11611017701299545
0.09160949578680143,0.08513635418280634,0.05,0.6066262567442062,0.11292470142841361
0.13085171573010934,0.08219756679901277,0.05,0.5840989063202915,0.10874229370786936
0.17176299904659756,0.07790369115719223,0.05,0.7382837149231768,0.07749758890723638
0.21455359552906111,0.0731400169895678,0.05,0.7382837149231768,0.07749758890723638
0.2577125292070001,0.06863351175432741,0.05,0.7365472329820743,0.04249802016471055
0.29979408474697417,0.05923677094253312,0.05,0.7875511826801452,0.05354141192247225
0.3412714088315525,0.0477586305375883,0.05,0.8157638996266338,0.05080678337216911
0.38340366996278447,0.03460252695739301,0.05,0.8157638996266338,0.05080678337216911
0.42382928062397957,0.020416369036978778,0.05,0.7801437538051403,-0.06726506105897068
0.4591894313349454,0.003921523865111793,0.05,0.7389315941040084,-0.059107696313248664
0.4876614199628067,-0.012662203168585937,0.05,0.590165289073436,-0.14346957049446254
0.5098914324636922,-0.029825580688240764,0.05,0.590165289073436,-0.14346957049446254
0.5289401117868002,-0.04691628510105526,0.05,0.6517232773950081,-0.1780125942626103
0.53999579634932,-0.0591719470293486,0.05,0.7183453015501978,-0.16208362633817278
0.5466997833962983,-0.07089783396298371,0.05,0.6275628930064778,-0.16817247033398774
0.5458940016103059,-0.08322894882805511,0.05,0.6275628930064778,-0.16817247033398774
0.5413316631726899,-0.08954462979726995,0.05,0.545566718555567,-0.17107800848885416
0.5264976504028221,-0.10059410306526195,0.05,0.5388086990413756,-0.1793950779103913
0.5024369396402731,-0.11319471554405998,0.05,0.37191395978090847,-0.13672550260249156
0.4753627527661198,-0.12418264021365889,0.05,0.37191395978090847,-0.13672550260249156
0.4467123758065863,-0.13462503041471355,0.05,0.20138561352724582,-0.1450055120421899
0.41479020747481005,-0.13993998296848573,0.05,0.24558355322666284,-0.17879775408313106
0.37829140706002934,-0.14198880900737706,0.05,0.1760674271994355,-0.1537201326847122
0.3330949883151104,-0.1434506560827004,0.05,0.1760674271994355,-0.1537201326847122
0.2821540782192859,-0.14801688351181816,0.05,0.1430476136211827,-0.16128658303102836
0.2286534262326335,-0.15512436015060888,0.05,0.14399754062180223,-0.16647705980870992
0.1749704378083367,-0.16310029671822493,0.05,-0.17725969166946176,-0.09711605899674353
0.12130586219852574,-0.17023885529234953,0.05,-0.17725969166946176,-0.09711605899674353
0.06231530943751639,-0.1742952266982999,0.05,-1.2412677351779986,-0.26621223596641
-0.1091883170635772,-0.1877362890056974,0.05,-1.391059477076422,-0.2700969440915829
-0.17229940167423888,-0.19070981468894216,0.05,-1.3461944048960364,-0.2898188280488792
-0.23186664741123644,-0.18653945943853548,0.05,-1.336986554257151,-0.28616736246616165
-0.29006400756617423,-0.17765414886507386,0.05,-1.413537615053149,-0.18751978277189044
-0.3521458050529028,-0.1682175700499803,0.05,-1.413537615053149,-0.18751978277189044
-0.41797257510729613,-0.15896466976633286,0.05,-1.4436613269774725,-0.10628436677282806
-0.4838171544153569,-0.1522958637679778,0.05,-1.4556840826398376,-0.10716843829706749
-0.5506577285250829,-0.14707360004532333,0.05,-1.4556840826398376,-0.10716843829706749
-0.6165670722256664,-0.13923613608183508,0.05,-1.386510820680196,-0.049091276243531434
-0.6818761631095744,-0.12654188088708715,0.05,-1.4665703332197144,-0.0030204929171945066
-0.7466248832999905,-0.11003006335143373,0.05,-1.4639898040184054,-0.0029920135903211977
-0.8120243431640183,-0.09312706766245067,0.05,-1.4011838038199984,-0.0364958967561231
-0.8781738788182155,-0.07662283212366072,0.05,-1.4011838038199984,-0.0364958967561231
-0.9397824068550842,-0.06226527242576442,0.05,-1.4129896034058316,-0.03709552008575562
-1.0024139228102362,-0.04520620800371712,0.05,-1.3926706316472564,-0.017015737660102507
-1.0604556384347743,-0.03482147895715171,0.05,-1.3926706316472564,-0.017015737660102507
-1.1097464435632938,-0.031386316558344764,0.05,-1.365962077694519,-0.018858771110135408
-1.1534895508475587,-0.028735107567870205,0.05,-1.3691088252109538,-0.0011963487446468518
-1.1921272327441328,-0.02517782154733668,0.05,-1.401571355852723,0.0420321389759973
-1.2222382228822435,-0.020790814723108425,0.05,-1.3735501696920354,0.00805389637570639
-1.2475738859068408,-0.014237895568676565,0.05,-1.3735501696920354,0.00805389637570639
-1.2642944076476408,-0.010152641917752687,0.05,-1.2949424067848159,-0.040156509529900686
-1.2747906886934133,-0.006569046341986697,0.05,-1.2699873682438376,-0.04618068925044965
-1.2804412171346808,-0.0030529162940439985,0.05,-0.9780324075270024,-0.08600789955949198
-1.2775213867769382,-0.008283762840527205,0.05,-0.9780324075270024,-0.08600789955949198
-1.2680105413385827,-0.009053432056788354,0.05,-0.6021687502782259,-0.10682922281811894
-1.2488536987851357,-0.012821023999523583,0.05,-0.5698175867916042,-0.1064033457663829
-1.2195283088366558,-0.01642888455816721,0.05,0.7537741424882282,-0.09479438188424186
-1.172619890319504,-0.030126802575107293,0.05,0.7537741424882282,-0.09479438188424186
-1.1285443550312102,-0.03365754771026532,0.05,0.21881915489120798,-0.16731921848168083
-1.0798741092933966,-0.04131462750101352,0.05,0.2244744136086328,-0.17190812222122398
-1.0273542560417561,-0.05183615818199152,0.05,0.21393795104283303,-0.18199836074597384
-0.9788932645529773,-0.0540983667397992,0.05,0.21393795104283303,-0.18199836074597384
-0.9233779900856778,-0.06445441586529868,0.05,0.2657309473973121,-0.18731302573873138
-0.8666591483035192,-0.07150597045608933,0.05,0.37563981903007826,-0.16119520771602192
-0.8102635927505331,-0.07788942418791914,0.05,0.5671420777500312,-0.15955987951621628
-0.7557207405995329,-0.08337184625649335,0.05,0.5671420777500312,-0.15955987951621628
-0.6984860309905525,-0.09472947323217865,0.05,0.8859659043797264,-0.16099941662335374
-0.6451424003455878,-0.10159021360900912,0.05,0.7342790276613848,-0.15986658823144578
-0.5883031928780905,-0.11154991297298587,0.05,0.7342790276613848,-0.15986658823144578
-0.5324419218194402,-0.11419832529890461,0.05,1.0748923371879744,-0.12469714700190647
-0.47608619105502126,-0.12094132673125738,0.05,1.1254829616199618,-0.09282182078111166
-0.4230001162111586,-0.122461261159251,0.05,1.1228581336235093,-0.0921111676025243
-0.37298714653569215,-0.12155634268752086,0.05,1.1681054019001187,-0.049045926124894376
-0.33403220412737394,-0.10885363201754909,0.05,1.1681054019001187,-0.049045926124894376
-0.28728809980806136,-0.10647970785994446,0.05,1.1950763748606732,-0.109298919583325
-0.24189157042572462,-0.10061826045242181,0.05,1.1744125127775518,-0.11416647723046754
-0.19732699406959298,-0.0888831358515731,0.05,1.2167793785720287,-0.054651766593460785
-0.14925662205484513,-0.08341944427892121,0.05,1.2167793785720287,-0.054651766593460785
-0.10606191990036706,-0.06844281266386995,0.05,1.2338881289181773,-0.03052027566930443
-0.061560081029551954,-0.06113994399428027,0.05,1.2437385226290687,-0.03349219450022606
0.07636391385455282,-0.052029902375645164,0.05,1.2690555827287446,-0.054226575525681275
0.12530248307065023,-0.049647565511814776,0.05,1.310347339123011,-0.011732241656983758
0.17242494160966657,-0.043939178722085845,0.05,1.242916323615498,-0.015674099300133373
0.21949329928888467,-0.03689609960387533,0.05,1.242916323615498,-0.015674099300133373
0.2662060482862147,-0.029633012259194395,0.05,1.236411025711353,-0.01572809607788524
0.31278497627676316,-0.025017645200514995,0.05,1.2319885882155026,-0.004358944683055554
0.3601009038763938,-0.022572182049938057,0.05,1.216274600702144,-0.034567251964818
0.40770743315763114,-0.02124495969184535,0.05,1.216274600702144,-0.034567251964818
0.45465926731846906,-0.020532690473351618,0.05,1.2065006364035002,-0.031325422647913284
0.5020155316386334,-0.01819240243960547,0.05,1.2039878389499807,-0.0001720060473380627
0.5490713636797177,-0.016643709762029665,0.05,1.1990666270851442,0.008051226306917712
0.5958460552039004,-0.014562517731764592,0.05,1.162356110118685,0.003365501551736947
0.6413917282936182,-0.014391672025532015,0.05,1.162356110118685,0.003365501551736947
0.6831842547260837,-0.015660082014079976,0.05,1.150553192206737,0.0031705332575012292
0.7197819251821553,-0.018234911516033247,0.05,1.150553192206737,0.0031705332575012292
0.7548016502683363,-0.01719747465712582,0.05,1.1215764435389335,-0.011620737205588209
0.7859507476429431,-0.012915387618150828,0.05,1.054152516349681,0.00027056520167353953
0.8111902598098778,-0.005844490803611846,0.05,1.0499963759893878,-0.0006265581928152609
0.8315993116395494,0.0042933443590202035,0.05,0.8089887159674679,-0.004918159843205132
0.8469532908230187,0.015208403985118408,0.05,0.8089887159674679,-0.004918159843205132
0.8565851916293259,0.026779528553722946,0.05,0.8522000082567277,-0.026213043010560426
0.8633425367528705,0.03170949672711664,0.05,0.9241352645729028,0.019143916306611608
0.8660212494785148,0.03335752190237797,0.05,0.7100583952497206,0.07968909433135851
0.8618769074138116,0.036989482690771194,0.05,0.7100583952497206,0.07968909433135851
0.85264438029781,0.03991117979470427,0.05,0.4024878158044987,0.07932973463761038
0.8403020722904483,0.047014519731278216,0.05,0.37146418508879014,0.07858269606990806
0.8254389770723103,0.0595072694718528,0.05,1.1705198700988926,0.19199859932386767
0.8055257746076353,0.07647206113505918,0.05,1.1705198700988926,0.19199859932386767
0.776827909090909,0.09565439046199703,0.05,0.8545175742877005,0.2205357467126489
0.7450455890239542,0.11255276039804554,0.05,0.877071779502202,0.22553309385443823
0.7137167013090657,0.12886339737710384,0.05,0.7494561708313411,0.22582267142956328
0.6795329250557284,0.1452562287665844,0.05,0.7494561708313411,0.22582267142956328
0.6444853360051528,0.1599838832033207,0.05,0.6287559869593349,0.2528371688112327
0.6108247153773708,0.17453905827164026,0.05,0.5590495513174826,0.22527788695889278
0.5780210686577125,0.1815636251772754,0.05,0.4811597035180183,0.25803637214748115
0.5447898868201161,0.18476901678328347,0.05,0.4811597035180183,0.25803637214748115
0.5114835247660487,0.17914384425105798,0.05,0.4811597035180183,0.25803637214748115
0.47141880250223417,0.17943124962764373,0.05,0.4078527422879514,0.27198962779315594
0.4279314953800298,0.17834906766020864,0.05,0.34801194402836366,0.28662589827871743
0.3876033465669969,0.16986224799408658,0.05,0.34801194402836366,0.28662589827871743
0.3471131455161148,0.16645437061060964,0.05,0.0,0.0
0.30497190053074125,0.15846750551613095,0.05,0.0,0.0
0.2589280035756854,0.1413854645411204,0.05,0.0,0.0
0.21357349331887046,0.11598880687304065,0.05,0.0,0.0
0.1696076806169764,0.08227140881837577,0.05,0.0,0.0
0.12718683796539065,0.05182334819087572,0.05,0.0,0.0
0.08536373178989534,0.027743973677308596,0.05,0.0,0.0
-0.06342876105667215,-0.06523000441074792,0.05,-0.6642119047580711,-0.2937014484651005
-0.11847012157348615,-0.09445298334544502,0.05,-0.6642119047580711,-0.2937014484651005
-0.17065845617173525,-0.12159740638044127,0.05,-0.5993987890717496,-0.27078122193342363
-0.21914759011021748,-0.14111525022341379,0.05,-0.5688260534667198,-0.2565709807248986
-0.26250317158394354,-0.15980339399432347,0.05,-0.5656667791011475,-0.25129723682662414
-0.3100427212249711,-0.15959338588257718,0.05,-0.5938163875636121,-0.256015251380356
-0.35043158049983913,-0.16098796107595312,0.05,-0.5938163875636121,-0.256015251380356
-0.38507902067451655,-0.17117392601076076,0.05,-0.5286850750915358,-0.24042019707251724
-0.4169958642784765,-0.18536014275496215,0.05,-0.47903504136210306,-0.22252553036446876
-0.4482405798569726,-0.19303262902264598,0.05,-0.5538365521829327,-0.18806949727017944
-0.46994579966149375,-0.20511868816896708,0.05,-0.5538365521829327,-0.18806949727017944
-0.4900584956948398,-0.2061262986935655,0.05,-0.4766215225460067,-0.12198959743837695
-0.5111211672806171,-0.20101112233706472,0.05,-0.7461091210922608,-0.09265301341015059
-0.5267026021241343,-0.2041579988795251,0.05,-0.7553071836834024,-0.2181264954948417
-0.5350770643815201,-0.2084389442622951,0.05,-0.7553071836834024,-0.2181264954948417
-0.53171012084772,-0.21085529051077515,0.05,-0.3575085100091748,-0.23601339475785124
-0.5235106857289258,-0.20262917759002838,0.05,-0.36157191578737724,-0.23182402287926884
-0.5118722547675805,-0.18891829380214542,0.05,-0.26524278642226035,-0.19718535861661876
-0.49523818386612317,-0.1717010834584853,0.05,-0.26524278642226035,-0.19718535861661876
-0.47727738354972166,-0.14731258688317417,0.05,-0.24905765944086816,-0.18714330246247698
-0.4482286632536296,-0.12888130498009395,0.05,-0.24799828221378908,-0.1862077977745903
-0.4112997892496453,-0.11870694879988554,0.05,-0.24799828221378908,-0.1862077977745903
-0.3772571857233102,-0.10012045822953791,0.05,0.07701721146127698,0.0543586895412552
-0.3423437943262411,-0.07735857321652065,0.05,1.2726595980778002,0.15146762061650676
-0.3070076254411905,-0.05109479514451971,0.05,1.2736297902278317,0.15163807253145517
-0.2683092134724406,-0.028690186270306325,0.05,0.9989905283767252,0.21491794199725386
-0.2332531067660578,0.0030574718974017007,0.05,0.9989905283767252,0.21491794199725386
-0.19159841516026668,0.03194538364174422,0.05,0.939623866157768,0.23522103641687891
-0.14354132790439994,0.05651529255477583,0.05,0.929115266232998,0.23695458828963664
-0.09648357365967644,0.08586562071555455,0.05,0.8932098535097553,0.23397725085516802
0.05880520772503546,0.15075701474216113,0.05,0.9413350070811793,0.23420153215541495
0.11736028922812912,0.15568629741518,0.05,1.094860971163117,0.22592286072291576
0.17014186564940098,0.16458883322405676,0.05,1.094860971163117,0.22592286072291576
0.224520597210633,0.16333115508403862,0.05,1.0754293585920012,0.2558508234997642
0.2695201900379122,0.16946314110970695,0.05,0.9417560704173331,0.22548962411538492
0.3154276538942852,0.1735561003515881,0.05,0.9417560704173331,0.22548962411538492
0.36455203219076004,0.17124211028315947,0.05,0.9396223139271134,0.21930279470860428
0.4124997653731343,0.17101102686567163,0.05,1.0230568214662112,0.22864949252158606
0.4559404751398347,0.1776657971472528,0.05,0.9907555577324533,0.2212545022088418
0.4999096416056828,0.18267207992658102,0.05,0.7929859161528258,0.23319592536409497
0.5361399155755885,0.1889157335861296,0.05,0.7929859161528258,0.23319592536409497
0.5624643867868298,0.1996446862408507,0.05,0.683546898477004,0.25214735148558526
0.5932481984181814,0.19428180849036375,0.05,0.8351702216019294,0.3047625581031487
0.6076524985097759,0.2001828284453982,0.05,0.8351702216019294,0.3047625581031487
0.6204738074389126,0.19376264907013593,0.05,0.6753870392300948,0.2829795369355925
0.615377690230029,0.19810035535839923,0.05,0.6811265099618156,0.2854858134735769
0.6063547258168299,0.19045459295536332,0.05,0.6060860840819863,0.26923670129757143
0.5858343003575686,0.18774220679380213,0.05,0.6060860840819863,0.26923670129757143
0.5620845631785302,0.1817260856482309,0.05,0.4844532540137922,0.2465812517994255
0.5345204726403738,0.18283621053384344,0.05,0.0,0.0
0.5080799143974438,0.18236344246268302,0.05,0.0,0.0
0.48029925407383567,0.17507115176006388,0.05,0.0,0.0
0.44781610036124325,0.1727102322448347,0.05,0.0,0.0
0.415557061096008,0.17050657461725569,0.05,0.0,0.0
0.3901261389630194,0.16376951963400685,0.05,0.25863898150625975,0.15759300168401266
0.3650361789417233,0.1587462677273269,0.05,0.26538768965142684,0.16181152142553618
0.3481347450364234,0.14865126767604625,0.05,0.18526751637773525,0.13511590626597605
0.3407117453904006,0.12897338827904317,0.05,0.4255817003640861,0.18801370108023469
0.32221663766181136,0.12906572102891745,0.05,0.38545517945382746,0.17449591834738024
0.3150470643284614,0.11765550565079518,0.05,0.38545517945382746,0.17449591834738024
0.3034593882962875,0.12348241761516,0.05,0.3863767642480317,0.1495897051645117
0.301253042107271,0.12161650403547881,0.05,0.3883786958040046,0.164668895942638
0.2949340670934516,0.13481882443403312,0.05,0.37988137870368394,0.1613822408540365
0.29753501138097055,0.14065491943941272,0.05,0.37988137870368394,0.1613822408540365
0.3039281437696635,0.14311144532367243,0.05,0.3684987686757015,0.1659661987161576
0.3100060449683397,0.14198993399635101,0.05,0.3416880472736133,0.14476210506146117
0.3145155439225828,0.1396884374739301,0.05,0.3373966761289072,0.14293780049531427
0.3199196143030765,0.1386423664895265,0.05,0.27210781539378803,0.1277404645328949
0.325536262295082,0.13290821907600595,0.05,0.27210781539378803,0.1277404645328949
0.3302958918886704,0.12198100572143751,0.05,0.31700553787811764,0.14286500853210946
0.33276356805777346,0.10957992230140381,0.05,0.3166654359535573,0.1426618720537829
0.3380425911804306,0.09429165256711189,0.05,0.2579200132768056,0.09790966047850246
0.34426730143403783,0.07787777956585488,0.05,0.2579200132768056,0.09790966047850246
0.3511143762885984,0.06158195366408848,0.05,0.6189777216281247,-0.02716956867713527
0.36342029434892953,0.03976845801908711,0.05,0.7078023382023191,-0.09376234504263849
0.37747638791286015,0.018944272663387215,0.05,0.7078023382023191,-0.09376234504263849
0.3954356100716679,-0.002222930156572337,0.05,0.6003356583432392,-0.12249490072487601
0.4177510363744783,-0.020619024448419794,0.05,1.357189165878421,-0.1874118145014207
0.4496104232703354,-0.04355615541361805,0.05,1.3919928368610603,-0.196795294467034
0.4852379609544469,-0.06303509511096278,0.05,1.3919928368610603,-0.196795294467034
0.5235678138303581,-0.08585431199990459,0.05,1.434596757777896,-0.2361676713608324
0.564889393975516,-0.11164070311475605,0.05,1.298692705782106,-0.2160681052049187
0.6078864127714347,-0.13777734846137343,0.05,1.2844043227414723,-0.21569734527910572
0.6515118213613289,-0.16193745799470913,0.05,1.2649444919789403,-0.2564864042489873
0.704090265154226,-0.1657091050597581,0.05,1.2649444919789403,-0.2564864042489873
0.7510180049111347,-0.1673682909966504,0.05,1.2546287718238978,-0.2571460568504469
0.7926787850957754,-0.16993734107010805,0.05,1.1859421165021151,-0.29800064323734193
0.816849570232979,-0.17347477380683102,0.05,1.1859421165021151,-0.29800064323734193
0.8271646662651752,-0.17124902837073963,0.05,0.12047566045805842,-0.09872016585205075
0.8329985537313255,-0.1596132876679663,0.05,0.9464587005477122,-0.3480424907487471
0.8285514840686129,-0.15650890441167706,0.05,-0.03328433372343797,-0.20002567990248848
0.8256814315352696,-0.1509902489626556,0.05,-0.03328433372343797,-0.20002567990248848
0.8183977707082261,-0.14322444267705653,0.05,-0.8121755563646953,-0.10694240463474422
0.7927407990704325,-0.13944377189846263,0.05,-0.6512703273130142,-0.10653918671395857
0.7642718661698956,-0.12842693651266768,0.05,-0.7008660134786256,-0.11162703667309841
0.7198036404005483,-0.1212971150980509,0.05,-0.6146837621899508,-0.09987214841415884
0.6680649909333842,-0.10773532162626456,0.05,-0.6146837621899508,-0.09987214841415884
0.6102623538351512,-0.0906465793551463,0.05,-1.0216581999252727,0.055791984596858336
0.5484724495752767,-0.07503569343674422,0.05,-0.9087392156537841,0.04613616609069978
0.483950545146324,-0.061286232155603144,0.05,-0.9087392156537841,0.04613616609069978
0.405529643019066,-0.06278218555372611,0.05,-1.0883865523929415,-0.08368798617205729
0.3268879759477218,-0.06192892414648398,0.05,-1.154263253572654,-0.02311057951381143
0.24821155896665237,-0.060372656958160395,0.05,-1.1790691929350308,-0.028862837731262952
0.1784393061601765,-0.05542318862186177,0.05,-1.1790691929350308,-0.028862837731262952
0.11289328159830252,-0.05450262400314702,0.05,-1.224410485997703,-0.10710447070383859
-0.09595018646491123,-0.053622845823900867,0.05,-1.2448983087565637,-0.09060868872143775
-0.1675491661699845,-0.05619658719752057,0.05,-1.2448983087565637,-0.09060868872143775
-0.23009853155151644,-0.051528840030054736,0.05,-1.2230851646042584,-0.14585457003921146
-0.2986657216494845,-0.0528520618556701,0.05,-1.2104318630170665,-0.14353660172225363
-0.359726636649514,-0.04859019439679817,0.05,-1.1928634179381985,-0.09911893107250107
-0.4212391119801603,-0.04724737159004196,0.05,-1.1928634179381985,-0.09911893107250107
-0.48400403923367447,-0.047421581201672766,0.05,-1.227657923203557,0.021945155206336872
-0.5473566026993836,-0.044403289873734667,0.05,-1.2004325288656645,0.01880380674991868
-0.6100805453701279,-0.040686667539703326,0.05,-1.2034295896966116,-0.028087995180987025
-0.6701194611349547,-0.036614467989985695,0.05,-1.2034295896966116,-0.028087995180987025
-0.7253111464816271,-0.03521008238548299,0.05,-1.136413466677645,0.004088531568886722
-0.7733960870186979,-0.03447314271924493,0.05,-1.1432015042564805,-0.007326462529364499
-0.8137537726238279,-0.027081499398286604,0.05,-1.1432015042564805,-0.007326462529364499
-0.8454836493851897,-0.01417186899948716,0.05,-1.1007395829609363,-0.0037990297815915
-0.8694170474065943,-0.0007856772200219505,0.05,-0.96474549571445,0.043300838424256125
-0.8985377296501931,0.0015976117571367293,0.05,-0.8079434166229176,0.050535558753770575
-0.9220743048354608,0.002711991215837713,0.05,-0.9452976989332799,0.030082439707922678
-0.9362389893255816,0.011849497551793563,0.05,-0.9452976989332799,0.030082439707922678
-0.9385236892926114,0.010582036931073124,0.05,-0.7370499748384737,0.13461936325827917
-0.9230097073231781,0.008148155498343227,0.05,-0.6113272362509512,0.13333873498190246
-0.9100174311926605,0.008281618610747051,0.05,-0.6963309501474917,0.055503421566293135
-0.8802640703622445,0.0049978197362459155,0.05,-0.6963309501474917,0.055503421566293135
-0.8432973896778497,0.005839629896587876,0.05,-0.7449220714405139,0.05700908104545812
-0.8015970025487418,0.011925267677429343,0.05,-0.5510636991288217,0.028781563586361643
-0.7555181379211675,0.01332767723013091,0.05,1.2009202495718125,-0.1858760969934899
-0.7091951824578141,0.012952592570508617,0.05,1.2009202495718125,-0.1858760969934899
-0.6616558570339215,0.0070853224153749,0.05,1.332498796158786,-0.07884996221062983
-0.615002746221152,0.0010664934197978254,0.05,1.3363466021591108,-0.08325578281137785
-0.5685029341841842,-0.009851876876876877,0.05,1.4205831158487805,-0.04715371940137825
-0.523138761954733,-0.021644781058455964,0.05,1.4205831158487805,-0.04715371940137825
-0.4798168193522238,-0.03426099365813535,0.05,1.4262635586774748,-0.04677649313830349
-0.42851296608654194,-0.03696491953748957,0.05,1.416005997761226,-0.16427833790804477
-0.3794294288099213,-0.04099309682804674,0.05,1.416005997761226,-0.16427833790804477
-0.3409646399080109,-0.05461724884715752,0.05,1.4404578464339703,-0.10057472137599863
-0.3139569319101819,-0.059477976176302495,0.05,0.690715900941199,-0.08938819226354977
-0.3069601766009676,-0.062048433589933026,0.05,-0.1363583648593028,-0.09401586455984291
-0.29824410590660483,-0.06764330815151984,0.05,-0.9949468024167533,-0.11796957955418337
-0.3065876695753761,-0.07152273740552655,0.05,-0.9949468024167533,-0.11796957955418337
-0.3208934247676912,-0.07801135007147963,0.05,-0.9049566749991685,-0.13256748159626155
-0.3420270191070663,-0.09020811008004956,0.05,-0.982055942390819,-0.1451514073499191
-0.37111340867713033,-0.09494713667789188,0.05,-0.9831533567367405,-0.12244372068444809
-0.4041855371408131,-0.09790426314534398,0.05,-0.9831533567367405,-0.12244372068444809
-0.44136367369562884,-0.09458139848136271,0.05,-1.0014158802552122,-0.11348749321733019
-0.483041105167854,-0.09198759321912749,0.05,-0.9946171542569656,-0.11669863974439956
-0.5279610622474884,-0.09127241946440702,0.05,-0.9946171542569656,-0.11669863974439956
-0.5778110210890027,-0.08957890503991421,0.05,-1.0650165852430102,-0.07326366672311029
-0.6304434189826953,-0.08320908495018353,0.05,-1.1090216647137752,-0.05232099379949258
-0.6801567134704285,-0.07676971327979792,0.05,-1.0880768770510814,-0.06456944819716072
-0.7244769360680543,-0.07003494126267379,0.05,-0.9071446107433139,-0.07534122185406027
-0.7624183818181818,-0.06260938181818182,0.05,-0.9071446107433139,-0.07534122185406027
-0.7843961632733388,-0.06988601102086092,0.05,-0.8492612842930064,-0.0758136516832419
-0.8008268015656463,-0.06994915372883577,0.05,-0.8663344906557272,-0.07490394028510236
-0.8178030142076242,-0.05795213203682311,0.05,-0.8531298539524422,-0.09523488076455243
-0.8157359776882552,-0.06107013480012395,0.05,-0.8531298539524422,-0.09523488076455243
-0.8183893781812113,-0.050603818347617735,0.05,-0.576129301715854,-0.08609112278547887
-0.8020504184100419,-0.057245099774702275,0.05,-0.5749990222294914,-0.08613999153351454
-0.7806585641004253,-0.06030257319209274,0.05,-0.48164252921986206,-0.11072778227616543
-0.7534150901169375,-0.05943071515418817,0.05,0.12542347856569158,-0.05543189654851951
-0.7201810854792561,-0.059845001490224134,0.05,0.12542347856569158,-0.05543189654851951
-0.6814186384926169,-0.05988037708415269,0.05,0.2047925544756479,-0.15501230308538455
-0.6418854746722288,-0.05579824016686532,0.05,0.24480703544615803,-0.18035482101226613
-0.5952580968280468,-0.057733305509181966,0.05,0.24480703544615803,-0.18035482101226613
-0.5453406579621707,-0.060576253828826136,0.05,0.22418573272713502,-0.15988477226651715
-0.49131602125253004,-0.06586630402428861,0.05,0.4219716000041815,-0.1155585133253554
-0.4383774385372949,-0.0709579350081076,0.05,0.4219716000041815,-0.1155585133253554
-0.3862165218790219,-0.07540119047619048,0.05,1.1421175798195788,-0.02593053150566654
-0.3432256391156665,-0.06401648739646028,0.05,1.285258947758621,-0.01475959512196055
-0.296368188208941,-0.060725863835668664,0.05,1.295103472603787,-0.014089300975439272
-0.24145563095238098,-0.06790816726190475,0.05,1.3005743560498864,-0.010846771766484593
-0.1981010865416726,-0.05965224225943419,0.05,1.3005743560498864,-0.010846771766484593
-0.1440924685294679,-0.0677162484503147,0.05,0.6199961739460542,-0.11268102042748726
-0.10147205991036096,-0.06144459215419826,0.05,0.8533482890226544,-0.08924058829089687
-0.05364043870521775,-0.05778448621075966,0.05,0.8876390295261816,-0.02707042134663993
0.08993175603249089,-0.05386138193468474,0.05,0.8245612689916441,-0.10206890180122785
0.13886859935996573,-0.05379252599395655,0.05,0.8683059761638539,-0.09925418411038921
0.1865616624955309,-0.05069905434393993,0.05,0.8683059761638539,-0.09925418411038921
0.23575965424136944,-0.051060100371924474,0.05,0.88079108875856,-0.05839735819781692
0.28284582548463244,-0.049164042120699115,0.05,0.8848041244756095,-0.05509383846275863
0.32988330533013976,-0.04629819736889143,0.05,0.8742168100457243,-0.07092268817408688
0.37682831272084805,-0.04447349644255563,0.05,0.8742168100457243,-0.07092268817408688
0.4224135701763801,-0.04264118010089084,0.05,0.8442605251318755,-0.06602186675190433
0.46562010045760044,-0.03941473973973974,0.05,0.8506649743458107,-0.06940216601567559
0.5001315281483776,-0.043867343474531854,0.05,0.8506649743458107,-0.06940216601567559
0.5290178956212905,-0.04782913170691012,0.05,0.7833066680564378,-0.09795680614673902
0.561091318761254,-0.03699067214013999,0.05,0.7235609812010454,-0.02292541831564758
0.5867325010427217,-0.0282623461240541,0.05,0.7266240418660538,-0.0372830785482693
0.6057683377057,-0.025374999999999998,0.05,0.7266240418660538,-0.0372830785482693
0.6209725622122015,-0.026100647173907855,0.05,0.6983561088648519,-0.03103993983954215
0.6381838502246749,-0.022862342816958488,0.05,0.5849974939383373,-0.026830783652375522
0.6576171894695142,-0.010570247956207007,0.05,1.3296697473031776,0.07350972054153145
0.677166712562287,0.005382441050950101,0.05,1.2577600459706417,0.09313110030097772
0.6930205851653922,0.01902767174434279,0.05,1.2577600459706417,0.09313110030097772
0.7045961422660498,0.028654192800248023,0.05,1.2517925750131844,0.09284031850324459
0.7136435687466476,0.037854132844627214,0.05,1.207808663415778,0.12345977795226476
0.7200476709480632,0.048273550262722065,0.05,1.0583910705105763,0.19041858573397227
0.7219223913561849,0.06158500178837555,0.05,1.0583910705105763,0.19041858573397227
0.7206547399864061,0.07637900931302989,0.05,0.6730676965447199,0.2023866012625502
0.7193855676824693,0.0882088421278268,0.05,0.6671657141274305,0.20267998189921094
0.7271209327749115,0.0952945970903285,0.05,0.8195054396692178,0.19834298242256435
0.7246631515867054,0.11523334108499397,0.05,0.8195054396692178,0.19834298242256435
0.7087758641253787,0.1267593691109468,0.05,0.5753925440477726,0.19651476841221183
0.6917963775321845,0.14095508461456013,0.05,0.7175186461980684,0.20645825096301923
0.6712761793493163,0.16057754527246934,0.05,0.3360739653768953,0.22712157241892666
0.6483316482572703,0.1815017009805091,0.05,0.3360739653768953,0.22712157241892666
0.6179700343282158,0.19604092030609327,0.05,0.28239604568659,0.22786157373264287
0.5821575544048243,0.19697462309910854,0.05,0.27480800916994974,0.22691799794502426
0.5394936523158296,0.19058895394548747,0.05,0.2292931648495515,0.23823590915698303
0.49165748539057846,0.18290643947525345,0.05,0.2292931648495515,0.23823590915698303
0.44136930137198577,0.17467947951557342,0.05,0.21009614816988847,0.2687089507615663
0.38492176694597074,0.1620412805873729,0.05,0.1863019261407929,0.2700534250150765
0.3237939768583617,0.14455868645582592,0.05,-1.1516778319413135,-0.11097882203486151
0.2610980463769497,0.12286083667973452,0.05,-1.1516778319413135,-0.11097882203486151
0.19803607440973048,0.09935300143095636,0.05,-1.2232881507057753,-0.14818385938059356
0.13298946618835364,0.08126871797010941,0.05,-1.2087681239840102,-0.14642206365559113
0.06220054048578169,0.07467529437704097,0.05,-1.2829608677029931,-0.15514210418339722
-0.06589122439978067,0.0319798452661946,0.05,-1.2842182165167173,-0.17386938307933533
-0.12765887698209413,0.010773897413597971,0.05,-1.2456764848772683,-0.17133471318266977
-0.1905373431784876,-0.013239022196275598,0.05,-1.2062138686821822,-0.1461760897043276
-0.25411432781121507,-0.03575307877957213,0.05,-1.2062138686821822,-0.1461760897043276
-0.3180431276063386,-0.057947154176099136,0.05,-1.1978029832745138,-0.12220223258069489
-0.38567552327313903,-0.0729152655104595,0.05,-1.194976933235792,-0.12737675421189018
-0.45238782394835886,-0.08351847458434566,0.05,-1.194976933235792,-0.12737675421189018
-0.5152563174463113,-0.09102086051059466,0.05,-1.176025410317225,-0.0964741185827839
-0.5737228206265661,-0.0937721384296282,0.05,-1.167726086177938,-0.10054076140345844
-0.6259310493621278,-0.09305331026432084,0.05,-1.1671903859273907,-0.10029905882232519
-0.6722555541323102,-0.08704298025594587,0.05,-1.1202030521520718,-0.06409776465400997
-0.7134127563192614,-0.07308089877253045,0.05,-1.1202030521520718,-0.06409776465400997
-0.7502052600508057,-0.05578974913236889,0.05,-0.9592167106375393,-0.04000849719884033
-0.7822002145360063,-0.04093843948892756,0.05,-0.8903502605613967,-0.028704148602015513
-0.8058022624313015,-0.03319752268094085,0.05,-0.8903502605613967,-0.028704148602015513
-0.8161322735456487,-0.03260877350391682,0.05,-0.8878208035699623,-0.019463245276955872
-0.8283450836820084,-0.030504162643493187,0.05,-0.7704863489206394,-0.011517151770760771
-0.8275273957874171,-0.02863394191019669,0.05,-0.7651282973556909,-0.011166921541306682
-0.8110243599370663,-0.01663080168776371,0.05,-0.7651282973556909,-0.011166921541306682
-0.7902805848556803,-0.0055063840132685785,0.05,-0.6965140343159277,-0.010995900262598807
-0.757773121423462,0.006248932403433478,0.05,-0.32604239846337457,0.037268607612207315
-0.7166520256016019,0.013786428946019717,0.05,-0.28347820436413673,0.04507601202106893
-0.6740364539505834,0.025203122206462536,0.05,-0.28347820436413673,0.04507601202106893
-0.6283022757354256,0.041039496857970745,0.05,0.9439649106422308,0.19735835194058604
-0.5805527597383253,0.0557729847118123,0.05,1.2564721540704549,0.14482787057034546
-0.5297848184503955,0.0707869591632517,0.05,1.1894907091447056,0.14222481594189945
-0.4769471114540752,0.07943831531778475,0.05,1.224736488932745,0.1364388669000073
-0.4242706484641638,0.08183519952743502,0.05,1.224736488932745,0.1364388669000073
-0.3722764308881046,0.08091815320041973,0.05,1.2853300179637699,0.16715643467028332
-0.32067416000190707,0.08003820009773657,0.05,1.2875430148301474,0.17000171734946076
-0.27265537052927646,0.08662706389216633,0.05,1.295669161432805,0.12945389435033136
-0.2280734294504866,0.10043080399732876,0.05,1.295669161432805,0.12945389435033136
-0.17152596189375066,0.11358486030489767,0.05,1.2976607776168385,0.14275337246603018
-0.12106752481611083,0.12399440119974292,0.05,1.3280373605061122,0.14286693894061767
-0.07700431341594186,0.12270253902061241,0.05,1.2889683287923528,0.143836769958896
0.05477923328488372,0.12312449127906977,0.05,1.2208118312204528,0.1626959758241442
0.10125320509001658,0.11999638593334845,0.05,0.6251020207347493,0.05967900107129053
0.1496581316395026,0.10985469191515745,0.05,0.6251020207347493,0.05967900107129053
0.19232989600353015,0.11163660031723695,0.05,0.5480715770907121,0.060607172776728425
0.2356063412104159,0.1122058446203739,0.05,1.1886036068501924,0.1670727208633728
0.28101745704549247,0.11221583537878607,0.05,1.3115215447943147,0.13619013106592864
0.3280978231466807,0.11002302572780247,0.05,1.3115215447943147,0.13619013106592864
0.3762791478938711,0.10769732353572195,0.05,1.2984949425239365,0.11881659131847877
0.4255569992385666,0.1069378946961405,0.05,1.2244426599813858,0.11672987367762803
0.47529565512802174,0.10446588828493777,0.05,1.219728307555033,0.11237757270450724
0.5248932956130832,0.10125399431215196,0.05,1.219728307555033,0.11237757270450724
0.5725904916185799,0.09659786053221422,0.05,1.3137924048717942,0.11393705793757676
0.6190742510099746,0.0933730363590862,0.05,1.2551437246130077,0.09434330371766046
0.6640592795488686,0.09165692583275711,0.05,1.0736074683542856,0.13186618448792414
0.7060577703467925,0.08968773529797457,0.05,1.0736074683542856,0.13186618448792414
0.7431594824401463,0.08523590385279993,0.05,1.1277387362474807,0.08028059389084237
0.7724944716324317,0.08149675492662224,0.05,1.0978015185856138,0.08068672916084102
0.7954771246112972,0.07653935132784484,0.05,0.9539963757200365,0.09753631207506529
0.8122558470241785,0.07478233851161238,0.05,0.9539963757200365,0.09753631207506529
0.8320527259021787,0.060352080552509894,0.05,0.7756180671305108,0.12975771654818816
0.842583758106046,0.04891401749952318,0.05,0.7910962728790225,0.1323091050051623
0.8458234449447303,0.04266631408423861,0.05,0.6135566849003525,0.12013649130715305
0.8465723708068902,0.040880258386219406,0.05,0.6135566849003525,0.12013649130715305
0.8443074344622866,0.041958784855095785,0.05,0.827561223454952,-0.016075997037886564
0.8392430419247261,0.03802791090995712,0.05,0.8043479809209524,-0.015452348098034002
0.8381887887887888,0.02683955830830831,0.05,0.17099011176735027,-0.12042214177846249
0.8397263194452724,0.014645393567927881,0.05,0.17099011176735027,-0.12042214177846249
0.8425975464879114,0.004162767626045159,0.05,1.5,-0.032540060128804914
0.8460830968076483,-0.0004246650295632258,0.05,1.5,-0.030544627164241517
0.8510443765791106,-0.0007032294298517409,0.05,1.453215871449474,-0.08549493226798563
0.8593890393075575,-0.001852517972745805,0.05,1.453215871449474,-0.08549493226798563
0.8736368635073576,-0.0017111617257745224,0.05,1.3941803722224633,-0.06749200073774293
0.897266847826087,-0.0016784646739130423,0.05,1.3848636577258007,-0.06643264379815546
0.9261860646260937,-0.0017711745214427032,0.05,1.4283548762827991,0.011635673276918347
0.9578974840817496,-0.004133773519662317,0.05,1.4283548762827991,0.011635673276918347
0.9886388395623777,-0.005909044131668016,0.05,1.4280416132881735,0.00926514147006193
1.019631541710854,-0.011811330624501029,0.05,1.3711397150797675,-0.005708352273379513
1.0447668493803624,-0.0215900142993327,0.05,1.3190161647057235,-0.013956081407740918
1.0694712399137078,-0.02930692542401163,0.05,1.3190161647057235,-0.013956081407740918
1.103063400264626,-0.02263583535974825,0.05,1.2348378046461272,-0.11230160638956177
1.1247689517954584,-0.025194720852098073,0.05,1.2146940320102153,-0.11298705246298554
1.1416140327503368,-0.02521214188633356,0.05,1.1191617994187573,-0.15159037531681763
1.1510836401049744,-0.021669104139329595,0.05,1.1191617994187573,-0.15159037531681763
1.1538920273443551,-0.019109054688710617,0.05,0.9380865130868343,-0.18967068549266716
1.1501564542464187,-0.017785897909565463,0.05,0.9719008058798673,-0.19437407599785542
1.1382906205352892,-0.01856114391846842,0.05,0.9578457613993464,-0.04141942051154441
1.119670301215588,-0.01843292098677154,0.05,0.9578457613993464,-0.04141942051154441
1.0928037658650633,-0.02106758934535738,0.05,0.6378593944459076,-0.10779998840830707
1.0589207102001907,-0.017975154909437557,0.05,0.7235119762476369,-0.10422035013622058
1.030416752509717,-0.0010923999093878905,0.05,1.462844906428016,0.27363496438966706
1.00922415140568,0.016898523678374706,0.05,1.462844906428016,0.27363496438966706
0.9896862467376148,0.02804407080120604,0.05,1.4309249120271283,0.08837816126472309
0.9760208116197813,0.039017696793350584,0.05,1.4434808147658251,0.08913726082051891
0.9769764066709582,0.05941726986624705,0.05,1.1431472099619315,0.1876833506897008
0.9784077488870057,0.08034874855280903,0.05,1.1431472099619315,0.1876833506897008
0.9721537211215221,0.08021257420785352,0.05,1.2394557059609725,0.1970874110617422
0.9773594572779909,0.09180714932450142,0.05,1.2551941529218025,0.19301001639196425
0.976746475310187,0.1132050416562377,0.05,1.2465937419501774,0.22131366232463467
0.9757682725410078,0.1352589708387435,0.05,1.2465937419501774,0.22131366232463467
0.988379750223547,0.13732849120715349,0.05,1.2205315920316742,0.23060676685621667
1.0004699410720244,0.13634765122265124,0.05,1.1621850857782399,0.21661260008221728
0.9950267892988577,0.15224955551307176,0.05,0.5672719994663684,0.22898383252463733
0.9780310443784866,0.1794547999213274,0.05,0.5672719994663684,0.22898383252463733
0.9688974852176817,0.2007624260884078,0.05,0.5297367197663824,0.2670871712906137
0.9749268952035853,0.19853276199103653,0.05,0.5289730017295518,0.26619307237699463
0.9657522298650518,0.1910433169615183,0.05,0.34609096580796633,0.2391243302849786
0.9435277778771509,0.19057156924122634,0.05,0.35872364907426957,0.24084915120517403
0.9297824545931257,0.1934063653048577,0.05,0.35872364907426957,0.24084915120517403
0.9177844694847989,0.20389773832366018,0.05,0.41410646637857096,0.18825034120829526
0.8950515750378557,0.21105280549892097,0.05,0.7411607833254984,0.11692967721517798
0.8705888789590334,0.20676671015943376,0.05,1.3025721423507313,0.1979845640015427
0.8541108593414714,0.20761274915359307,0.05,1.3025721423507313,0.1979845640015427
0.8419556159528208,0.203491555965926,0.05,1.2441409678853195,0.19324549707326807
0.8329782236434293,0.19088928243610528,0.05,1.2476792313279523,0.2198637179915936
0.8243278395658716,0.17231803704897677,0.05,1.2476792313279523,0.2198637179915936
0.8028870638789888,0.17331443118019382,0.05,1.4324864465068776,0.1733924318276912
0.7827566297832279,0.1705776169961746,0.05,1.4324864465068776,0.1733924318276912
0.7806540192945217,0.14145640845238378,0.05,-0.7334612426050245,0.036568792988482736
0.7878537967324549,0.09207321179416851,0.05,-0.7870825770082542,0.00709614097955623
0.7932136377731133,0.06002622602805076,0.05,-0.8429062411843143,-0.046652836620998735
0.7745534637207806,0.03713203114756053,0.05,-0.33979993171964995,-0.09060633443875171
0.7533682039500346,0.007985554780805268,0.05,-0.1722730728244606,-0.32985511585868943
0.7351040632639676,-0.021817433665255497,0.05,-0.1722730728244606,-0.32985511585868943
0.7000635862891207,-0.0381734998509687,0.05,-0.16315198241657927,-0.36337417050770854
0.6543801457791975,-0.05574428922211362,0.05,-0.24447814386111405,-0.34814827309316854
0.6139958035916441,-0.07561815543930311,0.05,-0.19995922795899543,-0.15657791553320446
0.5789443208919628,-0.08443781898402097,0.05,-0.19995922795899543,-0.15657791553320446
0.5373684110305862,-0.10197121009845758,0.05,-0.18428763380698404,-0.16404446904439726
0.49613467038986403,-0.11336335111576841,0.05,-0.18763350479439253,-0.1657359932910407
0.4566214741641338,-0.1168195035460993,0.05,-0.21412048923098134,-0.16473369268226906
0.42120591893342874,-0.11764402738010021,0.05,-0.21412048923098134,-0.16473369268226906
0.3922081061265364,-0.12132702012374674,0.05,0.504205069294989,-0.01488377590921498
0.37101754350393,-0.12329999999999999,0.05,1.1397057308935454,-0.05394631142133483
0.3572049474386785,-0.11623228468928033,0.05,1.1292538708394275,-0.028871684913001808
0.3534946960012425,-0.09745613343926596,0.05,1.1292538708394275,-0.028871684913001808
0.3521817780241791,-0.08554890818370413,0.05,1.4027164090730417,-0.021866901259958205
0.3656576096932998,-0.06613063068432407,0.05,1.421157144329837,-0.020979365594215746
0.39135930206222436,-0.04783362736917391,0.05,1.4817913584720046,-0.029399935602813825
0.4211103926923214,-0.03592645694456038,0.05,1.4642146856604592,-0.04658346266144087
0.4610816542688887,-0.03182362372743961,0.05,1.4642146856604592,-0.04658346266144087
0.5107378992277625,-0.029616274192010676,0.05,1.4363194199230045,-0.04761183775288732
0.5603053398376503,-0.02742713724625415,0.05,1.4439412020120275,-0.02151928329919884
0.6087121489475881,-0.030566051815634127,0.05,1.4439412020120275,-0.02151928329919884
0.6569754993564381,-0.02608463495733422,0.05,1.4032287066055915,-0.044987386950297435
0.7037992997532747,-0.021332861833871678,0.05,1.4323506406852606,-0.0403603334136829
0.7528851326863928,-0.020877119048186735,0.05,1.3895454567272,-0.022308246474340456
0.804758853179852,-0.01920153362170664,0.05,1.2225880277979921,-0.032885604729261844
0.8557452494245884,-0.013096571977150485,0.05,1.2225880277979921,-0.032885604729261844
0.9038687530539036,-0.005033005100763918,0.05,1.2797042115832693,-0.029765357692565685
0.9486697935807183,0.0028565475480252997,0.05,1.4126887571249607,0.094209926328143
0.9864921293922666,0.011041949051496983,0.05,1.4126887571249607,0.094209926328143
1.0177829323684746,0.019391836649539234,0.05,1.2470544707158857,0.08272790448359771
1.0448931010228655,0.025392075177034408,0.05,1.2708610746114744,0.0826917096334776
1.0694815480518243,0.025566832739365192,0.05,1.199916419066089,0.09337777028660782
1.0931722195087084,0.023454840842486484,0.05,1.199916419066089,0.09337777028660782
1.1148488987189848,0.023999487237379984,0.05,1.1596083796354772,0.11366449956680298
1.1330974506578946,0.02671614583333334,0.05,1.1723670227234415,0.11344421554136012
1.1492219230769232,0.028326813953488374,0.05,1.1661776806967559,-0.10853740657226876
1.160904597307032,0.028141220124511028,0.05,1.1661776806967559,-0.10853740657226876
1.167490409011243,0.026273449143347685,0.05,1.1701992225524676,-0.1089908781655366
1.167735873827487,0.02429333410805593,0.05,1.464976455785855,0.04555246921184648
1.1619670721601545,0.02203710518785249,0.05,1.1257173722868223,0.13026624496760736
1.1469212374861288,0.02078210262865871,0.05,1.010150576666513,0.11175211976893634
1.1272248811056282,0.01723615193449189,0.05,1.010150576666513,0.11175211976893634
1.1010855960225445,0.01695361492082028,0.05,0.9404125287370294,0.12335089796529763
1.0763012450840186,0.013721733106900254,0.05,1.1197845977980556,0.11238464782312876
1.053103695735094,0.011913480701838038,0.05,0.8751915850732673,0.09866939664558201
1.0312986977459384,0.013742087838079462,0.05,0.8751915850732673,0.09866939664558201
1.0080337417833667,0.021708214847099176,0.05,0.832839055101017,0.09422714295590687
0.9822430296877603,0.03424289899254531,0.05,0.7783871545330083,0.05983106472500444
0.9557383207567413,0.04158198984335885,0.05,0.7783871545330083,0.05983106472500444
0.9298159797498511,0.04278428231089935,0.05,1.052781446191109,0.09682733238659377
0.9054798436792296,0.04087824918353239,0.05,1.3158566364946525,0.08758080315201879
0.8817063747974647,0.04026514755289745,0.05,1.1268111588613887,0.08702365377435595
0.8598478321340925,0.04219032873889115,0.05,0.7668155920536653,0.005788670412623544
0.84064755939898,0.045071162599494785,0.05,0.7668155920536653,0.005788670412623544
0.8241617534137312,0.045153926534839704,0.05,0.7760994008831822,0.0031560555772537327
0.8110648915610909,0.04173684119485602,0.05,0.787031730407116,-0.014278720795101254
0.8057048955800314,0.0327260048633958,0.05,0.787031730407116,-0.014278720795101254
0.8043424470669494,0.024152375139924267,0.05,0.7716006486320008,-0.014924514413019502
0.8096002056975233,0.011502322295226632,0.05,0.7607885298731893,-0.01673156084776193
0.8156917225884119,0.0021005605087190313,0.05,0.7609096689622434,-0.02191213874062824
0.821632569553712,-0.006930195072235725,0.05,1.2683260082263703,-0.14546511244481192
0.8296633479505996,-0.019256645486546143,0.05,1.2683260082263703,-0.14546511244481192
0.8440875491809143,-0.035985504447146904,0.05,1.2887862927126708,-0.18776108228807956
0.8656475988077498,-0.052415923994038736,0.05,1.262204430327889,-0.14971581832358624
0.8918450113250282,-0.06202852774631937,0.05,1.262204430327889,-0.14971581832358624
0.9189774859063443,-0.06976074663599632,0.05,1.2655957036948666,-0.15008505822464294
0.9457919355799355,-0.07907590203575982,0.05,1.2515892041400212,-0.08764013070206722
0.9709368341361058,-0.09066978635128047,0.05,1.1835432171830127,-0.0837788331940278
0.9961010051300406,-0.10315373150799331,0.05,1.1580208391560267,-0.1530883371345455
1.024274576165099,-0.10685843735469794,0.05,1.1580208391560267,-0.1530883371345455
1.0511414892348776,-0.10259258601368589,0.05,1.1895789138537818,-0.15527278424335367
1.0749458917178463,-0.09019521793572237,0.05,1.1426891644312989,-0.13922337119478312
1.0898543301404016,-0.07592124065083322,0.05,1.1426891644312989,-0.13922337119478312
1.0993747773445883,-0.06322414246369554,0.05,1.1208041175236871,-0.12698619393620092
1.10813579682937,-0.053772313308302046,0.05,1.1401842796765362,-0.13064360277073483
1.1132134988737532,-0.04388784725946583,0.05,1.01895126393199,-0.053314751722092914
1.1170120137572572,-0.03753872506944196,0.05,1.01895126393199,-0.053314751722092914
1.1114207871264699,-0.03512697288402375,0.05,0.9978295497117374,-0.052258743517288535
1.0969827868266044,-0.03110670355090263,0.05,0.9342995594771688,-0.05421709063010283
1.0754956252084227,-0.026439530929922347,0.05,0.8859453332378263,-0.0744272889072159
1.0483267594503358,-0.021123492538737722,0.05,0.8859453332378263,-0.0744272889072159
1.0207912440117264,-0.02090712813118192,0.05,0.8374479747697358,-0.07154738736945024
0.9936078787336792,-0.025922715077803606,0.05,0.8266448368566002,-0.06759877961492139
0.9681507956180082,-0.029032940428213076,0.05,0.8471812882321601,-0.08632428685871818
0.9409554389278861,-0.024213682680046235,0.05,0.7800857035229329,-0.07584073414591645
0.9143129794969603,-0.02457402372154011,0.05,0.7800857035229329,-0.07584073414591645
0.8934879216228456,-0.032858723272389215,0.05,0.9407538479157248,-0.09076219429768088
0.8763724593241552,-0.047382934918648305,0.05,0.937905822134495,-0.1029405288637842
0.8649148191542646,-0.06097890162898301,0.05,0.937905822134495,-0.1029405288637842
0.8568184424519191,-0.07358344918861558,0.05,0.8947009952087093,-0.10503053967666291
0.850393411513605,-0.08250512305344239,0.05,0.9041475743920266,-0.10663092774892513
0.8508436435425235,-0.08928628911138924,0.05,0.9502607178657219,-0.11877259658164564
0.8563040548758676,-0.09499054130595501,0.05,0.9502607178657219,-0.11877259658164564
0.8705893395720331,-0.09739203671693387,0.05,0.909710662594162,-0.12235902830387868
0.8899086115814829,-0.0993657283741563,0.05,0.8823942454261487,-0.12373395049843935
0.9124790730538065,-0.09973974014978057,0.05,1.0302342102499318,-0.14989051339307027
0.9348102196781073,-0.09995825401174634,0.05,1.0302342102499318,-0.14989051339307027
0.9516611930294906,-0.09439928448019064,0.05,1.1413615688151106,-0.1669619173631977
0.9644278815660842,-0.07867753433558261,0.05,1.1619713954132773,-0.14805050082206736
0.9744475827214648,-0.06198404929913226,0.05,1.1157689075202992,-0.1326125592259033
0.985381220345247,-0.05617503367826232,0.05,1.1157689075202992,-0.1326125592259033
0.9918745475072686,-0.058700271972260604,0.05,0.863071081750274,-0.10881637909952079
0.9939756380226958,-0.061256070006675246,0.05,0.8154297703035421,-0.10295364758352205
0.9938108787658413,-0.06048885984573016,0.05,0.7062972646067484,-0.06311762835089481
0.9915601476883816,-0.059585818159052686,0.05,0.7062972646067484,-0.06311762835089481
0.990878708819012,-0.056879394325447384,0.05,0.9420555088464728,-0.1255317595334695
0.9901186582777983,-0.05600915761614668,0.05,1.1587548498027107,-0.14004194453528168
0.9870513414416026,-0.05979417367197282,0.05,0.7262107939152106,-0.14847369890381132
0.9837293275076894,-0.06434487792375002,0.05,0.9838194206092216,-0.1460160408434294
0.9806109089391537,-0.069593485518738,0.05,0.9838194206092216,-0.1460160408434294
0.9799806597706078,-0.07433082145281736,0.05,1.0088978356436402,-0.14529535498662857
0.9798230443867649,-0.07912717915441309,0.05,0.9636676531462156,-0.13098693828497804
0.9845610655395658,-0.081358147139127,0.05,0.9636676531462156,-0.13098693828497804
0.9922872860023144,-0.08514846040968253,0.05,1.361726222820965,-0.143477486431649
1.0016625713928005,-0.09212023382260007,0.05,1.3757236145538339,-0.14172417040378976
1.012269543086698,-0.09712528162214354,0.05,1.1256444924768372,-0.14911960137774893
1.020818503360023,-0.09912447514536268,0.05,1.1256444924768372,-0.14911960137774893
1.0306193637208858,-0.093446606431926,0.05,1.083264426289003,-0.14390135252113564
1.0384052682403433,-0.08753112541726275,0.05,1.1185963614415178,-0.1499346655055164
1.0462344090827822,-0.08480788038619703,0.05,0.9090958414699658,-0.11908884361947193
1.0558912702245113,-0.08240964606359767,0.05,0.9090958414699658,-0.11908884361947193
1.062929719967097,-0.08120924323164408,0.05,0.8607468298278631,-0.10689029681270566
1.0680778800195476,-0.07771527527801947,0.05,1.0580465105639087,-0.11542212862054073
1.0727117816365934,-0.07288790074607299,0.05,1.3605477485110178,-0.010292112187009034
1.0749310631536269,-0.0684149831860623,0.05,1.1099399997769672,-0.10106869967567601
1.073737049521357,-0.06634012702216183,0.05,1.1099399997769672,-0.10106869967567601
1.0685092505540859,-0.06320811080527156,0.05,1.0929045807179443,-0.09676120025001361
1.0614916779927752,-0.05642407990271469,0.05,1.0569134813929526,-0.09512988532035885
1.0482712056737589,-0.05136886524822694,0.05,1.0569134813929526,-0.09512988532035885
1.0334975009835126,-0.04469562932894626,0.05,1.1517154918114374,-0.04926429168247597
1.020709831283225,-0.0387732752866576,0.05,1.0012038086019432,-0.049205818882856835
1.0085253381679935,-0.03868861074033465,0.05,0.9374565492104867,-0.059072124214931035
0.9984066076587008,-0.04093505741638217,0.05,0.9374565492104867,-0.059072124214931035
0.9890495303946474,-0.04594414558660417,0.05,0.7625848486517229,-0.040413173874285606
0.983353765972156,-0.048980162045866305,0.05,1.4182841900118441,-0.012574152655006469
0.9863984018400886,-0.04573965337448903,0.05,1.261261150616828,0.01546813063655873
0.996483028578926,-0.03801109252367661,0.05,1.261261150616828,0.01546813063655873
1.0105125952128355,-0.028211319450238997,0.05,1.2766068798137964,0.018074518574723277
1.0219976391753807,-0.02263818305929485,0.05,1.2598274819670154,-0.0058254682718483315
1.0321070011800746,-0.020012660770266883,0.05,1.2531162569922123,0.0436047980231147
1.0434481410822025,-0.016800250399446735,0.05,1.2611810526194627,0.04442783688558628
1.0589872133902183,-0.008081187434455142,0.05,1.2611810526194627,0.04442783688558628
1.0768094676039193,0.00031956117005406577,0.05,1.27398137940166,0.0899737078460749
1.096531132412692,0.005549941913806049,0.05,1.1004123877237137,-0.028824285287343876
1.1212704778767393,0.010004049969596168,0.05,1.1004123877237137,-0.028824285287343876
1.1494064928096157,0.015311657246428662,0.05,1.4584089391462902,0.08022322597943526
1.1766619889206575,0.022336138313080775,0.05,1.4257955148257886,0.08017448751134186
1.2017559745666535,0.03542603483496399,0.05,1.4202327351836768,0.1489299202624414
1.2248306601637449,0.05467401979478257,0.05,1.4348126650308868,0.1432753638996061
1.2460210046029645,0.07262265022239713,0.05,1.4348126650308868,0.1432753638996061
1.270104030854336,0.07829760902739694,0.05,1.4514909758053076,0.1388557928651204
1.2836791334429865,0.07435931007973684,0.05,1.1785225094519158,0.23216607079223317
1.285130010366275,0.06551523604127445,0.05,1.1785225094519158,0.23216607079223317
1.280096757011464,0.05346702076896465,0.05,1.1824411581291971,0.18998451587934526
1.2728384901521292,0.051481585912537556,0.05,1.1965349711872555,0.19164941333498106
1.264284100588116,0.057214388562157784,0.05,0.9145688840967828,0.18773393091377893
1.2537853751996377,0.06582008354985579,0.05,0.9145688840967828,0.18773393091377893
1.2427666800801231,0.07553347015058841,0.05,0.8652477457906826,0.14748733952595033
1.2314719438877755,0.08726526266819354,0.05,0.8549466092239004,0.14482707105526332
1.2169266569334365,0.09748487247482272,0.05,1.4451921606563025,-0.001153487435064684
1.1988257544413974,0.10608737182544416,0.05,1.4451921606563025,-0.001153487435064684
1.1813157700377925,0.11625205832210685,0.05,1.3514345231540774,0.27469219288905217
1.1667054553310685,0.1263705390666905,0.05,1.3428028604637594,0.27348470668189867
1.1572969137570874,0.13030737272455986,0.05,1.3407794794650443,0.21285048017766134
1.1539170156724867,0.12969362761456407,0.05,1.3656722785492497,0.25726898892493383
1.153273006639568,0.12953035337521307,0.05,1.3656722785492497,0.25726898892493383
1.1485979671208038,0.13699890661162942,0.05,1.2195151053059239,0.29040175366140597
1.1469184475878498,0.1471498377010125,0.05,1.1560934080866048,0.23573825419138236
1.1504738675397166,0.15838033759124087,0.05,1.2153113601057182,0.22212756658635854
1.1541312023799586,0.17509563713975698,0.05,1.2153113601057182,0.22212756658635854
1.1612181232715049,0.1818683148960519,0.05,1.2497272015818732,0.22845527495859327
1.1676667034119483,0.1827000881886761,0.05,1.1482735753867945,0.2393139910142219
1.172288127399318,0.1831933194639834,0.05,1.1482735753867945,0.2393139910142219
1.1763175169621884,0.17531989822687002,0.05,1.0583430270193837,0.2366626635292174
1.177303220725549,0.1658211117264542,0.05,1.0823440450227926,0.2370239742543526
1.1801115498557497,0.15710634254071196,0.05,0.8855037332866424,0.17979542524059908
1.1841097527390647,0.15269795330177996,0.05,1.15386596257319,0.21951097002892156
1.1898657365459357,0.1462731496936026,0.05,1.15386596257319,0.21951097002892156
1.191022957905287,0.14343852417940367,0.05,1.2607845290664639,0.2227666877124026
1.1918305695930966,0.13870101249076305,0.05,1.1263706398261415,0.2053930266806722
1.1895434960294748,0.13234107228024994,0.05,1.1263706398261415,0.2053930266806722
1.1847846679362057,0.1252148500357058,0.05,1.323742606503301,0.18436068201735298
1.1762527455820277,0.12150120197467269,0.05,1.3561378546515448,0.180455391903303
1.1651525604958874,0.119708248301347,0.05,1.0283117830346191,0.1929675412368066
1.1504126198701532,0.1171175841324677,0.05,1.1273647557042092,0.1251199852757667
1.13597186102665,0.10851026828832053,0.05,1.1273647557042092,0.1251199852757667
1.1169204117415523,0.10075855866601462,0.05,1.140432650813811,0.1259601407068906
1.0959418351774133,0.09380836512781382,0.05,0.8127802382385595,0.0847906300039707
1.0753203748867053,0.08388568877307637,0.05,0.8127802382385595,0.0847906300039707
1.050708355504122,0.08112951478781662,0.05,0.7789271613297433,0.0720173216275037
1.0291552133971977,0.07882748457010773,0.05,0.7789268697605187,0.07201730656374157
1.0083288772251746,0.07716683566475228,0.05,0.7659773870396906,0.06439891235733061
0.986087889158952,0.07588246506058549,0.05,0.7659773870396906,0.06439891235733061
0.960427187902188,0.07408869047619047,0.05,0.8005499728469014,0.03886855812695029
0.9413024990756312,0.06896484178385277,0.05,0.7656650072841207,0.0371623000588129
0.9246240153420673,0.06592475383551682,0.05,0.8928961647802403,0.059925326783446344
0.9122419636476249,0.06447135404259374,0.05,0.9708510599049631,0.0742081172654622
0.901547290061771,0.06463886778840422,0.05,0.9708510599049631,0.0742081172654622
0.894033065699089,0.06585194569002528,0.05,1.0361346704783894,0.07586594383754429
0.8897241932408598,0.06726290337957004,0.05,1.0217872860028807,0.0713873699463303
0.8919577027188171,0.06568295075125209,0.05,1.0217872860028807,0.0713873699463303
0.8965319530663551,0.06740886901712202,0.05,0.9959398868900733,0.0845784359557133
0.9064896380206471,0.07152846929165772,0.05,1.0214342332765556,0.08514748022355602
0.9189036335407429,0.07475088804653601,0.05,0.953600384880389,0.08065965464078954
0.93170405531108,0.0762675118958177,0.05,0.9533326483165928,0.0806469616326356
0.9444525712581993,0.07321548717948717,0.05,0.9533326483165928,0.0806469616326356
0.950045153969861,0.06949527905176009,0.05,0.9681502334143333,0.07290419439313695
0.952434902346076,0.06417383827557462,0.05,1.010177445328322,0.09358582950985682
0.955339898118748,0.0558170187050875,0.05,1.010177445328322,0.09358582950985682
0.9592795678490151,0.048651151866458554,0.05,0.9954776641391356,0.07063069493355732
0.9589918448910982,0.04186889477009645,0.05,0.8038585367181857,0.05675922443676574
0.9524968648300689,0.041201803020730274,0.05,0.7716252164134428,0.05239978938911839
0.9416453896731543,0.042020136991205354,0.05,0.7716252164134428,0.05239978938911839
0.9323871977092049,0.043794545357027925,0.05,0.771624009500471,0.05239971657221926
0.9285096229461316,0.04294616392817568,0.05,1.4227573590039102,0.05528394569031745
0.9261699341964095,0.040464834418138904,0.05,1.275627680843983,0.04524038082997652
0.9202235073291748,0.0418481876841239,0.05,1.2791277013201257,0.0468391812514807
0.9135343262982174,0.042641692899302454,0.05,1.2791277013201257,0.0468391812514807
0.9073581134470305,0.03908772122707284,0.05,1.160104113869285,0.04241466253883583
0.8990636126809262,0.03167753266804969,0.05,1.1000610474996282,0.03223358573492016
0.8883183919562029,0.023006392457151036,0.05,1.1000610474996282,0.03223358573492016
0.8768393936865193,0.018369881026179008,0.05,0.8618172817367358,0.02325276713681244
0.8704110689161799,0.01377774532013831,0.05,0.81184363062076,0.023087698955186687
0.8658140996602491,0.011588999821183764,0.05,0.7766285550648002,0.00981007248840247
0.8621360394953375,0.010846668177156623,0.05,0.7766285550648002,0.00981007248840247
0.8569513385404245,0.011307399236823279,0.05,0.7572877053073654,-0.014135583065871357
0.8502698099092764,0.010873722595104973,0.05,0.7572876009161489,-0.0141354221631576
0.8443509701279213,0.009154795850306107,0.05,0.7666201382404482,-0.029096022553049553
0.8399538593563767,0.009100828367103696,0.05,0.7666201382404482,-0.029096022553049553
0.8377192768930001,0.0028172599179858877,0.05,0.7786707959266966,-0.019723689027754752
0.8322743632148561,-0.010193376778945863,0.05,0.8868879784986079,-0.026848151805399775
0.8264363762889669,-0.024849632830661023,0.05,0.7637450685290407,-0.027741337748622197
0.8230991420224183,-0.03281544896255664,0.05,0.7637450685290407,-0.027741337748622197
0.8261088020529083,-0.043123343486606014,0.05,1.3338984574378168,-0.05075862149463844
0.8336307482948584,-0.05022379656348374,0.05,1.2767234007847137,-0.042044215182999424
0.8485387294349069,-0.052903716618979496,0.05,1.4488925697289716,-0.14915795729118453
0.8719029740608228,-0.05231484794275492,0.05,1.4488925697289716,-0.14915795729118453
0.9014549127744059,-0.05740965354208649,0.05,1.1994465167309396,-0.16566171934260293
0.9329519825192741,-0.06523564900322923,0.05,1.3810270891532135,-0.2200357144043778
0.9668072730306678,-0.07480065167642047,0.05,1.1498716780808982,-0.18439860317430987
1.0029618897130728,-0.08677672204068977,0.05,1.3744973342091042,-0.2825235241225699
1.0416557242615103,-0.10099848283703818,0.05,1.3744973342091042,-0.2825235241225699
1.0886593493776033,-0.10627874124288392,0.05,1.4100055899976707,-0.2822597631143667
1.1363128829784697,-0.11277453327293102,0.05,1.3698533621378113,-0.2407293543778878
1.1790291074494468,-0.12349914005866082,0.05,1.3886092258466318,-0.23833072724217702
1.213389927967466,-0.1334114107166283,0.05,1.3886092258466318,-0.23833072724217702
1.2449024613312996,-0.13427428739960437,0.05,1.346592797702567,-0.2330913834343833
1.2718471243921625,-0.13277052971252862,0.05,1.3342959395273444,-0.22275678662302556
1.2974592543247851,-0.13400443387340988,0.05,1.239231983484081,-0.2595834014004853
1.316410683921204,-0.13351277306765877,0.05,1.239231983484081,-0.2595834014004853
1.3264403862671184,-0.13112281337977763,0.05,1.2442736541600499,-0.26024446175271226
1.3300915491572698,-0.12721768958447566,0.05,1.2826639278181786,-0.32124141339018797
1.3246707926574885,-0.12689078222778472,0.05,1.2826639278181786,-0.32124141339018797
1.313328706376279,-0.11947685288995967,0.05,1.2709287683916852,-0.2986078987091951
1.2981935098931467,-0.11123986562950433,0.05,1.0581771871454324,-0.2762374461218724
1.2799091001038274,-0.10312717977635362,0.05,0.8540651532802185,-0.2538091546231797
1.259430190388765,-0.09360008732609292,0.05,0.8540651532802185,-0.2538091546231797
1.2370786489563341,-0.0842861176344368,0.05,0.595394412581139,-0.2106170049989397
1.2079721004479176,-0.08746900761221767,0.05,0.5709696391412445,-0.20530032746982949
1.1802515537969778,-0.09326011801820068,0.05,0.938592553222563,-0.1857432267515938
1.1580036204799886,-0.10115604277692335,0.05,0.938592553222563,-0.1857432267515938
1.1417463040134497,-0.10746373169742929,0.05,0.9539305650123051,-0.18113010547773495
1.1266155408546399,-0.11308448060075092,0.05,1.018257904402336,-0.18418504761136967
1.1141091645796066,-0.1157897930828861,0.05,1.0773195238405384,-0.18016552186370774
1.1011637287267007,-0.12127554434618867,0.05,1.0773195238405384,-0.18016552186370774
1.0913554689736615,-0.12049818863918313,0.05,1.1443077857439445,-0.24351928833024256
1.0823777685043876,-0.12072682897748951,0.05,1.1675894909677673,-0.24663551096320008
1.074362816035093,-0.12006828205647806,0.05,1.0772176902599293,-0.26035056382128186
1.0648950159066808,-0.12069899257688227,0.05,1.0772176902599293,-0.26035056382128186
1.0467422419960652,-0.13674312287605078,0.05,0.9806458039593883,-0.25905706075991664
1.0362718643138842,-0.1431019165008519,0.05,0.990624524947287,-0.2642539426572327
1.030306076010435,-0.1422451119131854,0.05,0.9026237436908172,-0.2734539757324404
1.0235917186491719,-0.14363868573886857,0.05,0.9026237436908172,-0.2734539757324404
1.017694572397786,-0.14759393649943464,0.05,0.8834759340021663,-0.2509128432826676
1.0138305566479568,-0.1489097216760216,0.05,0.7415837118523732,-0.2318122651903464
1.0056135044310064,-0.1525217948259205,0.05,0.88325489381608,-0.20431399432659592
0.9960368202633086,-0.14958077656935698,0.05,0.9172562237211743,-0.20287912006696812
0.984940545307212,-0.1424802421469088,0.05,0.9172562237211743,-0.20287912006696812
0.9636019429619745,-0.14652249237586962,0.05,1.123686714901767,-0.20248029466616993
0.9397265617923966,-0.15021109045405792,0.05,0.811361666271935,-0.21742586806211817
0.9155218986239954,-0.1523680421744211,0.05,0.811361666271935,-0.21742586806211817
0.8816171538589925,-0.16459873214754062,0.05,0.8033538465952264,-0.21729395542354157
0.8465986888257893,-0.17394703464649597,0.05,0.9426242480226263,-0.2004707712470148
0.8120864673239234,-0.18054520379333364,0.05,0.6968582048401385,-0.1932026983313537
0.7772363857374393,-0.18575151110687388,0.05,0.6968582048401385,-0.1932026983313537
0.7561340262386502,-0.17198096357331807,0.05,0.574958592168569,-0.18756511184063332
0.7281000083434648,-0.1684449974969606,0.05,0.5480047527977268,-0.19006198325418242
0.7010970831793196,-0.16975613918466143,0.05,0.4828865153960843,-0.1858046989307119
0.6802198073347476,-0.1645461833448547,0.05,0.4828865153960843,-0.1858046989307119
0.6570884552089296,-0.16502744347452775,0.05,0.5132802797234617,-0.1830817193211029
0.6346962944864247,-0.16927065445400585,0.05,0.3673079489214825,-0.19034878452807807
0.6190526284754485,-0.1664100951802349,0.05,0.7889624312861544,-0.15673008938449978
0.6070124531902207,-0.1681079785330948,0.05,0.7889624312861544,-0.15673008938449978
0.5969586791947108,-0.17025863124664958,0.05,0.9217888859898019,-0.15980373972277026
0.5991654934363487,-0.1601246458847516,0.05,1.1287388713134803,-0.15138635250029486
0.6069625804605923,-0.1495252717780003,0.05,1.105096066137486,-0.13995414865755565
0.6189725661448211,-0.1409130056993645,0.05,1.105096066137486,-0.13995414865755565
0.6419040059497549,-0.12626485173305987,0.05,1.1404986141317734,-0.1928128967287517
0.6694561347847329,-0.1126375424516498,0.05,1.0779342475015077,-0.19258494213029148
0.6988123675522341,-0.1014519779263656,0.05,1.0227735733329943,-0.07793322986317301
0.7332351260539277,-0.08798628671603878,0.05,1.0227735733329943,-0.07793322986317301
0.7626558339494837,-0.08358283623917762,0.05,0.9830677497128114,-0.09847623575539342
0.7909985293065623,-0.07574096390929035,0.05,0.9772827128851768,-0.09893219734777521
0.8135825077150382,-0.06832818342130662,0.05,0.9123585821762514,-0.05631841372883502
0.8310617500029791,-0.06656739099348165,0.05,0.9123585821762514,-0.05631841372883502
0.8511132854963288,-0.05786793887670449,0.05,0.8609879296213908,-0.07258215007355666
0.8684038953259664,-0.049045135238231466,0.05,0.8477969069516199,-0.06979276733794725
0.8798206466431517,-0.04448486349770014,0.05,0.7580059177163936,-0.04028901243876768
0.8834036848505078,-0.03729732726145629,0.05,1.2828040489530996,-0.0035569356033506153
0.8831602016066554,-0.02817877468683329,0.05,1.2828040489530996,-0.0035569356033506153
0.879519953198593,-0.020671343826387644,0.05,1.2176701087315016,0.006498695410443935
0.872311054946889,-0.015453675444975617,0.05,1.0753464750729582,0.030332497329745148
0.862097052337986,-0.009642778943228004,0.05,1.0753464750729582,0.030332497329745148
0.8491994683767611,-0.004449800641285429,0.05,0.7703984598666926,0.028775843548602915
0.8355281829021103,0.0006118045785143703,0.05,0.7516954486189816,0.027653754464486858
0.8207212819275098,0.0033990789740289177,0.05,0.765559419130648,0.04590269496731683
0.8073363811999857,0.007416045425814841,0.05,0.765559419130648,0.04590269496731683
0.7968783500053652,0.014065824222336152,0.05,0.7667983064435152,0.052904486999193506
0.7898817339204633,0.019089641703709886,0.05,0.7667984790736055,0.05290445981239614
0.7862027353992849,0.023356516090584034,0.05,0.7639086479814315,0.07293823065591255
0.7829262234156693,0.02815859460683802,0.05,0.7639086479814315,0.07293823065591255
0.7789655124736283,0.03342475356687367,0.05,0.7767520225901364,0.07957166542686793
0.777216211989419,0.042492554275296704,0.05,0.7763786681596223,0.07965306220338211
0.7808896260774192,0.054049754413991256,0.05,0.7815746386258495,0.0944746898539509
0.7930331604426002,0.06774081413650021,0.05,0.9356983738325619,0.13704057722908966
0.809412315212208,0.07954741595135909,0.05,0.9356983738325619,0.13704057722908966
0.8265530865522175,0.0923486337625179,0.05,0.8435106800986037,0.12591988592195716
0.8418792685107904,0.10807671396208418,0.05,0.979385255061547,0.16145446772294178
0.8580888562831437,0.12014064231662992,0.05,1.1852006299557423,0.24233819968860365
0.8823281306990881,0.11515382978723405,0.05,1.1852006299557423,0.24233819968860365
0.8996334355517409,0.11633702362645877,0.05,1.099226042477249,0.22613471779612537
0.9161659099036811,0.11670099060652299,0.05,0.5858934730345164,0.19584893447620402
0.9204209359312211,0.12702578014142113,0.05,0.5858934730345164,0.19584893447620402
0.9118756906702898,0.14708063858695652,0.05,0.8186184476693843,0.236201414071913
0.9098369472088972,0.15041045470275172,0.05,0.652924929977917,0.21541442754183987
0.8997722726947563,0.15737577169325417,0.05,0.8831111157479783,0.22088014253465132
0.8828343678407791,0.1688380637886598,0.05,0.8722717661696671,0.2207568883022023
0.8598840522380942,0.18388250005961893,0.05,0.8722717661696671,0.2207568883022023
0.8335869660185484,0.19075093905539442,0.05,0.5855878180446622,0.22151162419067155
0.7990789110475169,0.201588063256424,0.05,0.5253363411724823,0.2052211694722436
0.7579108572262391,0.2121151022620338,0.05,0.40247920922126174,0.28397012909431507
0.7139363542908225,0.22072530691299166,0.05,0.40247920922126174,0.28397012909431507
0.6706733722303755,0.228107636825715,0.05,0.400636665222999,0.2832029446489132
0.6299039423168638,0.23090459032811902,0.05,0.4147369054769284,0.30386787514417546
0.5888813821036444,0.23617793831884887,0.05,0.36879862369494665,0.3052285519574838
0.5389557109064042,0.2581786468884811,0.05,0.36879862369494665,0.3052285519574838
0.49297221275632397,0.2746028349041429,0.05,0.36887977368807373,0.305640099437089
0.4485295828367103,0.2908766993444577,0.05,0.35578617468914714,0.31131837641296417
0.41589684894249007,0.29565105452766943,0.05,0.35578617468914714,0.31131837641296417
0.3960230931925694,0.28797062277325647,0.05,0.34977782828855764,0.313389906707864
0.36899223823596,0.2960949985700838,0.05,0.34990236586151885,0.31334710175266384
0.34814920838197805,0.29797701686879036,0.05,0.2545639933941711,0.29530832722090156
0.33368148828553706,0.2957095988213962,0.05,0.32211670467839604,0.3090193569482851
0.32536738021454115,0.2928135023837903,0.05,0.32211670467839604,0.3090193569482851
0.31799492004099245,0.2973799578159632,0.05,0.3203686284942679,0.3078085366128067
0.3177403980496877,0.29272732374469507,0.05,0.33923074274347165,0.29238982821685056
0.31960513533798757,0.2841424045128547,0.05,0.3110452420214137,0.24791229386896904
0.317386068886584,0.2801008646589649,0.05,0.3110452420214137,0.24791229386896904
0.31616199454007915,0.271997103738496,0.05,0.340829165072349,0.2784770540071544
0.3127332594955578,0.2657152167431876,0.05,0.33827862265554953,0.2838731692539118
0.3068775646068755,0.259937446061603,0.05,0.29415295265099883,0.21968281419533164
0.3010365339215453,0.2496881536902349,0.05,0.29415295265099883,0.21968281419533164
0.2940213981762918,0.23756179778294295,0.05,0.29414503079447407,0.21968001429196643
0.281076340779462,0.2263497624462676,0.05,0.31731559221059996,0.23540150170510418
0.2667145501257764,0.21531021411795562,0.05,0.24330942130168495,0.1740088480233031
0.2480886731555545,0.20402464267407344,0.05,0.24330942130168495,0.1740088480233031
0.22549988378330055,0.19245655134394185,0.05,0.24330866257365472,0.1740082074776449
0.20216802487668878,0.18323671098720423,0.05,-0.14799297799764752,0.09983213077945685
0.1798004905469076,0.17552476948768414,0.05,-0.21245972474599462,0.12479796116093245
0.16026819010944468,0.16732529656167291,0.05,-0.21245972474599462,0.12479796116093245
0.1442771001191895,0.1588504547079857,0.05,-0.22492673387294793,0.12343533530245823
0.13027538522040685,0.15443605877516,0.05,-0.3304152666639975,0.08601578968364898
0.11784969629956367,0.1500693104599318,0.05,0.19701938451402845,0.14563440895924532
0.11015792701095313,0.14100775746993552,0.05,0.19701938451402845,0.14563440895924532
0.10229265235539653,0.13392593321407276,0.05,0.41011543987997584,0.20865591452787513
0.09682198210069402,0.12820225023253595,0.05,0.18553659230692307,0.11420165142758541
0.09710950432936574,0.12125704118264438,0.05,0.18553659230692307,0.11420165142758541
0.10048107579097895,0.1153537403920634,0.05,0.17522903135124251,0.12339178893227426
0.10800939176782008,0.11150206400686812,0.05,0.12569673602407788,0.0897527529734863
0.1259612335943926,0.10167537460215284,0.05,0.42937440709888075,0.12364286552898231
0.14731363736512398,0.09588989531477027,0.05,0.5142332479845898,0.11671753134591237
0.17297609230677552,0.09287198945235683,0.05,0.5142332479845898,0.11671753134591237
0.2075049935605428,0.08786500095399365,0.05,0.5211026671055271,0.11779928483057028
0.24586543949363465,0.08151040027654603,0.05,0.5840001308557035,0.001151347533222692
0.2855400656271235,0.07306728031901578,0.05,0.7513068638379174,0.021071517654539455
0.3225727317424938,0.06286623597983242,0.05,0.7513068638379174,0.021071517654539455
0.35696284247595667,0.05253321316633099,0.05,0.7534685566225198,0.021079444297151216
0.38589540076768114,0.0408968181167972,0.05,0.595229688307272,-0.04124445546842634
0.4100902952152711,0.028123056241132215,0.05,0.6871370108686738,-0.0351588002447617
0.42997634312684224,0.013689709357136893,0.05,0.6871370108686738,-0.0351588002447617
0.4448966532426466,-0.002479143249209472,0.05,0.584123984330354,-0.02932322471346114
0.4531511810554416,-0.019371949039424127,0.05,0.5868699779724331,-0.053875287905638405
0.4538144427085818,-0.02464966846348328,0.05,0.5868699779724331,-0.053875287905638405
0.44877733075354476,-0.03558533932766495,0.05,0.4050433493671155,-0.08753809429423884
0.4387729018437079,-0.04504294456958299,0.05,0.40507905170277875,-0.08754181899712903
0.4217393644284982,-0.04888825974753555,0.05,0.1838480895839352,-0.13147319118832304
0.4025686947812712,-0.05745413521956337,0.05,0.1911274204589892,-0.13866104116570993
0.3835050382744313,-0.06867679746744884,0.05,0.1911274204589892,-0.13866104116570993
0.3610466204614559,-0.07949840905025934,0.05,0.19110880859615276,-0.13864024700418517
0.3345102966939982,-0.08697287237212185,0.05,0.19226496837847473,-0.1421306459717565
0.3029090239103214,-0.08966236747957784,0.05,0.18089611978148662,-0.13288635165434542
0.2694677841159448,-0.09216221165640519,0.05,0.18089611978148662,-0.13288635165434542
0.23476710185880698,-0.09373240750676634,0.05,0.18095899838940566,-0.13293320881168896
0.20125291829489134,-0.09526394604222264,0.05,0.18239049379579808,-0.1395328848679409
0.16802337371232354,-0.09278850152613505,0.05,0.049999999999999996,-0.05
0.1349924298335559,-0.086559291837562,0.05,0.049999999999999996,-0.05
0.10032044912749118,-0.07868662659721559,0.05,0.049999999999999996,-0.05
0.06739988944645751,-0.07103190587155525,0.05,0.05,-0.05
-0.0641815212210757,-0.06859493839811262,0.05,-0.332983691673657,-0.07108941712480087
-0.09456027749290466,-0.06373485773569605,0.05,-0.6811880691235019,-0.07337995391136194
-0.1207747921431294,-0.06219778444825614,0.05,-0.6811880691235019,-0.07337995391136194
-0.14805203041144901,-0.05800574239713773,0.05,-0.6811907398492888,-0.07337982274057608
-0.17251551246289742,-0.05845144655437542,0.05,-0.05,-0.05
-0.19608597441766207,-0.05855095129103784,0.05,-0.05,-0.05
-0.2156267864379708,-0.058822980833412794,0.05,-0.05,-0.05
-0.2328227133964559,-0.05622687161630374,0.05,-0.049999999999999996,-0.05
-0.24516633988486156,-0.05670281797160871,0.05,-0.2971810317457526,-0.0645055073445925
-0.255270028363385,-0.05794635238526534,0.05,-0.30509541041870464,-0.06031727916839721
-0.25923625415727924,-0.06060827969102027,0.05,-0.30509541041870464,-0.06031727916839721
-0.25623099655414994,-0.06194913406622233,0.05,-0.3050957942671392,-0.06031751598471234
-0.24672156883194277,-0.06215315762812873,0.05,-0.05534520300490234,-0.0390510811469753
-0.22730647503664947,-0.059508147503664933,0.05,0.6044060311642586,-0.06638581082538139
-0.201754073968095,-0.05822783103226268,0.05,0.6044060311642586,-0.06638581082538139
-0.17224460396275676,-0.05681079565098174,0.05,0.6044042573881174,-0.06638315833059256
-0.13930421822473354,-0.05247808811959087,0.05,0.6355243895703818,-0.05584554403987727
-0.10380313211437835,-0.05329860006913239,0.05,0.8195950142408176,-0.02164585480520106
-0.0694403360843431,-0.04979436838087968,0.05,0.8195950142408176,-0.02164585480520106
0.05208058266599933,-0.03240680472138805,0.05,0.7133582579680479,-0.035224410673081595
0.09614034707739974,-0.02964367693499374,0.05,0.7133582579680479,-0.035224410673081595
0.14146435417957393,-0.030442075727970256,0.05,0.6643117704691573,-0.03092482447276443
0.18515477567535402,-0.02852699452576461,0.05,0.7195568284448302,-0.053883126689224445
0.23167429068506534,-0.026419613258022615,0.05,0.8852950108785863,0.0404454382275349
0.2780820232258526,-0.023676460115234586,0.05,0.8852950108785863,0.0404454382275349
0.3254850716332378,-0.01981491404011461,0.05,0.8852949301254369,0.04044555116300578
0.37143168940188875,-0.01692703901554898,0.05,0.661321275519204,-0.017214519902429986
0.4138628910627846,-0.015185734554212267,0.05,0.6424197380442394,-0.05759089499597251
0.4495836449071535,-0.01518150669829086,0.05,0.6424197380442394,-0.05759089499597251
0.4728571261682243,-0.02123080774365821,0.05,0.6424197380442394,-0.05759089499597251
0.48755011415389016,-0.028385980531247763,0.05,0.791574122263099,-0.0077762788807396515
0.49502572504797887,-0.03318602859663134,0.05,0.6115743460802968,-0.04894821934566351
0.4995647377582774,-0.029756556043065107,0.05,0.6115743460802968,-0.04894821934566351
0.4983736789211886,-0.024736391695394412,0.05,0.6112965375018651,-0.04893292759982787
0.48718044976823444,-0.028671312007721547,0.05,0.05,-0.028122201794483263
0.46983978445242325,-0.030209451528634308,0.05,0.05,-0.01797306638008414
0.4458185949898588,-0.02953475874461801,0.05,0.05,-0.01797306638008414
0.42207258241496115,-0.017575455608033964,0.05,0.05,-0.017973969572203565
0.38703485889043887,-0.017293096839193518,0.05,0.05,-0.026918796552715594
0.3506672011948628,-0.015824704563612728,0.05,0.0,0.0
0.31141384578252945,-0.014186309757928985,0.05,0.0,0.0
0.26942787650476635,-0.013074999999999998,0.05,0.0,0.0
0.22653039875326283,-0.012836565096127484,0.05,0.0,0.0
0.18352466464759679,-0.01309450767286298,0.05,0.0,0.0
0.14407564307340215,-0.011437505661906688,0.05,0.0,0.0
0.11390644369850109,-0.0029404908121772894,0.05,0.0,0.0
0.08798694289154041,0.004693405886069163,0.05,0.0,0.0
0.05267478250506495,0.054032981766178045,0.05,0.5215107022767683,0.11815810633796678
0.07249181261624303,0.06369695443273404,0.05,0.3138634225894316,0.16843275120101028
0.09541828537884837,0.07370587074935339,0.05,0.4529529681949837,0.23507147636002082
0.12179454748437034,0.08384327776123845,0.05,0.529311659608347,0.23524445899438948
0.15058073935300648,0.09514317297710105,0.05,0.9716773415651021,0.19694793884915732
0.1793760773523485,0.10600648200040542,0.05,0.9716773415651021,0.19694793884915732
0.20821890974440893,0.11771761569548424,0.05,1.0430387526367746,0.1667976935131502
0.24044374307070562,0.12644225975465825,0.05,1.0512555597350175,0.157550658497866
0.2789753182132386,0.1256481735513551,0.05,0.9128931913142307,0.18906086907468236
0.31025134949025224,0.13216962439635127,0.05,0.9128931913142307,0.18906086907468236
0.335667126666905,0.14196820993171497,0.05,0.46801661312608595,0.1681016589857911
0.35426513158678885,0.14977930517646218,0.05,0.42171973778668037,0.1593429543484107
0.3670058639473622,0.15685881827067488,0.05,0.45519911810362357,0.15224221363186308
0.3777344001120729,0.1555223910270167,0.05,0.45519911810362357,0.15224221363186308
0.3896302849303001,0.15294278716236326,0.05,0.4243120688693932,0.16499903921945552
0.4081784615109543,0.14604599435001311,0.05,0.37982525404326256,0.15647653913678483
0.4186385111050179,0.15073376062517135,0.05,0.37982525404326256,0.15647653913678483
0.4294953923134693,0.15204491905778011,0.05,0.2905505731537853,0.20451337729248953
0.4387067026978739,0.1518002403073075,0.05,0.38013634468252205,0.2690627804873017
0.4403102619410811,0.15579789869148633,0.05,0.5544596383042576,0.24809258368734408
0.43964839048118654,0.15438635783776053,0.05,0.5544596383042576,0.24809258368734408
0.4312560782209503,0.16114199457461395,0.05,1.019646628537109,0.1828063324145821
0.4202205892693275,0.1654591652862029,0.05,0.8714193048702391,0.15493676792983885
0.4031311694581868,0.16967639655480718,0.05,0.35751173438287326,0.18569996491399066
0.3791169223987992,0.1808739093659908,0.05,0.35751173438287326,0.18569996491399066
0.36128664070971506,0.1837550151332801,0.05,0.3804717775798061,0.21123958096344878
0.3485535496169521,0.1823787937278149,0.05,0.2687986684642268,0.18974429754632774
0.34192148229376496,0.1795367095962907,0.05,0.2586750667698348,0.18252370440420412
0.3373329511715257,0.1750923421570381,0.05,0.2586750667698348,0.18252370440420412
0.32811939612459556,0.1762721417996872,0.05,0.24721883869913683,0.17457482820349923
0.3150573775477346,0.17932990435187063,0.05,0.2507028980609965,0.17690821521220984
0.28905992791612056,0.1911098034076016,0.05,0.26353819554122376,0.1862470443184885
0.2634006746121651,0.1904822633342475,0.05,0.26353819554122376,0.1862470443184885
0.2296020129606887,0.19001763911576386,0.05,0.25311255208679617,0.17883468261417407
0.18900799774551788,0.19104057709971015,0.05,-0.26120444775640966,0.18409930926119747
0.14835681433492665,0.18672106492794394,0.05,-0.24589834058739554,0.17373567365463383
0.10655852161627243,0.1877498670593285,0.05,-0.2559967004418266,0.18056035365594036
0.07262218009902761,0.18141436944461015,0.05,-0.2559967004418266,0.18056035365594036
0.06972359561278016,0.1808674090963281,0.05,0.5116405860726536,0.20549448417462932
0.11244170899660169,0.18136383115721696,0.05,0.3839212594733166,0.19199406675127165
0.15521017264806494,0.18310881774514595,0.05,0.44873659234918795,0.19715594049699597
0.1994779904420265,0.1820845344361153,0.05,0.44873659234918795,0.19715594049699597
0.23835052175830462,0.18263258262911358,0.05,0.46370712816810417,0.1868523511035376
0.2747606782931885,0.1815900114359231,0.05,0.4696003527808325,0.1867366741029638
0.30504097651126744,0.18293524830094193,0.05,0.5120292876459873,0.2055222580073353
0.334354612994047,0.1780879985206924,0.05,0.5120292876459873,0.2055222580073353
0.3562816138953793,0.1753306148967622,0.05,0.4067107346094865,0.18101306156935232
0.36819899455258487,0.17877221132871632,0.05,0.4793395162203737,0.17942555495791088
0.37375916707385387,0.18080916707385383,0.05,0.45169886197299547,0.17791547131183927
0.3723770830849212,0.1840596338206186,0.05,0.45169886197299547,0.17791547131183927
0.36164139404384227,0.18891564415714526,0.05,0.4064393769352444,0.17437194095884667
0.3443379587142295,0.1954162938154774,0.05,0.25481733960981784,0.17878800003730463
0.32083447723912634,0.2011055656238077,0.05,0.2513888625340233,0.17726049583811845
0.2891275552039128,0.20899216506029875,0.05,0.2513888625340233,0.17726049583811845
0.25181768586562325,0.21455135522046193,0.05,-0.36309482347303934,0.25876711236826083
0.20623570338760816,0.21999775013707776,0.05,-0.3829504487514036,0.27213622650172536
0.1592306671436237,0.22161036040064389,0.05,-0.3861055790498085,0.27571302326696157
0.10732333967258463,0.2232190651492208,0.05,-0.3861055790498085,0.27571302326696157
0.05716764702373853,0.22401247465107954,0.05,-0.357687324079078,0.2549797582909243
-0.08704560934463558,0.2364395981615938,0.05,-0.37465151886440085,0.2639971019372469
-0.12638683024536806,0.24869792188282425,0.05,-0.32406416698071566,0.23080225849255043
-0.15735317802669208,0.25700668881077215,0.05,-0.34420104009570435,0.2457200737491716
-0.18374901296967383,0.26442913408353996,0.05,-0.34262250555634466,0.24454353546258326
-0.20239796039379745,0.27140984016877034,0.05,-0.34262250555634466,0.24454353546258326
-0.21243328415945448,0.27561947166392486,0.05,-0.3203060625758857,0.22888717079954649
-0.21581608275319472,0.2785828643548541,0.05,0.5070670576241966,0.4018519017358998
-0.21255927798178265,0.28225418832562355,0.05,0.48248009942363174,0.36026690599006617
-0.20073575634463256,0.28671567544833015,0.05,0.48248009942363174,0.36026690599006617
-0.18434863229769216,0.29020271781263046,0.05,0.4782184745407166,0.34961826475939045
-0.15970256082442275,0.29302419059709855,0.05,0.46669590352607515,0.3367876935042917
-0.13000178986933955,0.2971806858182686,0.05,0.46669590352607515,0.3367876935042917
-0.09381154309214447,0.303105165097151,0.05,0.427510146060006,0.31157953017148715
-0.05427195248426474,0.30764560306599276,0.05,0.4758009784012013,0.3403531897708196
0.08054214142630593,0.31435589087483756,0.05,0.4123163907372497,0.30388670939727835
0.12332072336265884,0.31159907135874876,0.05,0.4154844380870756,0.29432898532789276
0.16495182466093009,0.30701157962481823,0.05,0.36571329569040534,0.25977246681736815
0.2053208191268687,0.3014406690350731,0.05,0.4399114045992871,0.3102018477099784
0.2387021226330779,0.2977286869764172,0.05,0.4399114045992871,0.3102018477099784
0.27318064469982356,0.2893564684564398,0.05,0.4432735193699537,0.31254851685732726
0.306267173415367,0.28187013878952644,0.05,0.4397174025912407,0.30019267021654317
0.3390108916465107,0.2732728216706979,0.05,0.44396406596900506,0.30180248398797493
0.37134303830690857,0.2644183944144209,0.05,0.44396406596900506,0.30180248398797493
0.4004355133388191,0.26525747856367693,0.05,0.3971109821597143,0.2523425317691069
0.43008294792002,0.26598896161963015,0.05,0.754415529915697,0.2612793697876642
0.4630816881660123,0.2622790241166573,0.05,0.754415529915697,0.2612793697876642
0.49625077234803344,0.25883699523241954,0.05,0.9775851575020358,0.24504755592875754
0.529487045646913,0.25483161665653353,0.05,0.8940223549931859,0.3093074819379976
0.558482953312912,0.2535073683834134,0.05,0.6936392400787307,0.26972681088117867
0.5834080554330596,0.2538242348306974,0.05,0.8478331802740142,0.22932987986100303
0.6137205539662675,0.24396393050837356,0.05,0.8478331802740142,0.22932987986100303
0.6280935850304468,0.2607741277095225,0.05,0.9395558808788674,0.3024070308145645
0.6534080720816298,0.25531231866350385,0.05,0.7881823213080538,0.27632311251237796
0.6654025722984164,0.26302389184133074,0.05,0.88447473866942,0.2842317024134923
0.6746641489361703,0.267591990881459,0.05,0.88447473866942,0.2842317024134923
0.6745600789301245,0.2809036254244356,0.05,0.8128275401729399,0.2779962826656723
0.6709808858579719,0.2895051434223541,0.05,0.46135724048487675,0.28844525380946084
0.665858318629438,0.2925444356684709,0.05,0.46573593719073997,0.2919830587828589
0.6528252261216707,0.30093408955490675,0.05,0.46573593719073997,0.2919830587828589
0.6458852374002144,0.2932734004527583,0.05,0.39554389887841274,0.28223132482570373
0.6303477900503088,0.2934470220071052,0.05,0.4146653590820309,0.2938064105320988
0.6093976169895677,0.3010903070044709,0.05,0.4499455574790123,0.2956952862354108
0.5866393497049531,0.3044809974965727,0.05,0.4499455574790123,0.2956952862354108
0.5585817599060652,0.31107001031136755,0.05,0.44235904039072216,0.314039853976513
0.5339006971256971,0.3128100672100672,0.05,0.43033590795802196,0.3060249510615975
0.5102142635145615,0.3096800857821206,0.05,0.43033590795802196,0.3060249510615975
0.4780062821980538,0.3203629352699866,0.05,0.4354034236359118,0.311012567987668
0.4622041306602143,0.3025600677020633,0.05,0.4161676963308467,0.2959509073791984
0.43429657656421516,0.30785156421514814,0.05,0.41027904371980606,0.2934455602966842
0.4174942826048065,0.3033618641540939,0.05,0.4057853353448178,0.29412938602182015
0.4042946014259485,0.29968804873977634,0.05,0.4057853353448178,0.29412938602182015
0.3982650161515264,0.29119292432026506,0.05,0.40961128563387517,0.2881586472683739
0.394791367086496,0.2858786742013512,0.05,0.39832211409962814,0.28378694252282644
0.3900671971735403,0.28763799439232307,0.05,0.3990146596624261,0.28338037812490263
0.39119184653636546,0.2867133748524273,0.05,0.3990146596624261,0.28338037812490263
0.39291058604235013,0.2868351207873546,0.05,0.3702196822588439,0.26352761813287007
0.4016773602554784,0.27788683821689447,0.05,0.3952544849458679,0.2804783046267951
0.40691590221263724,0.27229607873509126,0.05,0.3750580128061597,0.26493776987393897
0.40650362584498734,0.27281695011743384,0.05,0.3750580128061597,0.26493776987393897
0.40690437922483574,0.26861079441815,0.05,0.46850070469714705,0.26934334821617745
0.4040920596509632,0.2644786298397864,0.05,0.46660396882670024,0.2506796679247652
0.3973738105740001,0.26560443732490907,0.05,0.46660396882670024,0.2506796679247652
0.3949976026743645,0.25967889941908323,0.05,0.5000072967372051,0.2635572191063798
0.3933076613143559,0.2576615947859672,0.05,0.37644597219787646,0.2659352740597672
0.39528353548779327,0.25486211824098803,0.05,0.36391342793309944,0.22715005252577475
0.4013889237448859,0.24869326222312343,0.05,0.3433121540192452,0.2186337698206062
0.40738295358373167,0.24528848712049872,0.05,0.3433121540192452,0.2186337698206062
0.4172112329550873,0.2437996757890722,0.05,0.49762282301749855,0.2363764464810696
0.43023172980640856,0.2408962092313561,0.05,0.4379012583178111,0.2417410101303595
0.44836712904494114,0.23404708484249154,0.05,0.4379012583178111,0.2417410101303595
0.4668201520425314,0.2278059994516694,0.05,0.45349342096603357,0.24707793355184568
0.4816138386262925,0.22921538958641063,0.05,0.4824188783612406,0.2341447447235722
0.4983627282587965,0.23003192524077432,0.05,0.6383604869226167,0.2553293564783517
0.5205187355486162,0.2253573716955496,0.05,0.6383604869226167,0.2553293564783517
0.5494792126289427,0.21951607268499193,0.05,0.681117232181252,0.2595466187246591
0.5842945323209326,0.2148410010370353,0.05,0.7897981932851157,0.24725005331342534
0.6227640431289339,0.21473031482452795,0.05,0.8374982062451222,0.23809710874015813
0.6660177211115482,0.21476159650942384,0.05,0.8556965856131118,0.24757280327696354
0.7091828208078014,0.21767222556686777,0.05,0.8556965856131118,0.24757280327696354
0.7534913179991174,0.2190773693093043,0.05,0.9112742241846,0.2462140034537001
0.7974678010752047,0.2219465970723916,0.05,1.081677532649522,0.24417341371117254
0.8406955635019966,0.22564183205196972,0.05,1.3016897762434378,0.2917834257150035
0.8893734421373826,0.22480801905908435,0.05,1.3016897762434378,0.2917834257150035
0.931292903721895,0.22367848108056557,0.05,1.3612842822981264,0.3018804854740245
0.969370987411487,0.227911855375152,0.05,1.3496333510874294,0.25842798405231027
1.0061833200200296,0.23266282607658928,0.05,1.3038892575051357,0.25454328133807963
1.0412790357781754,0.23332822898032202,0.05,1.3038892575051357,0.25454328133807963
1.07625543580634,0.2300809588812456,0.05,1.2719250699668843,0.23483805106878775
1.1061299110388139,0.23003129103952902,0.05,1.259628060459481,0.2440797810730745
1.1352553334962276,0.2247375823907317,0.05,1.2441164679015146,0.2426573046542421
1.1615631950652603,0.21732168335419275,0.05,1.2441164679015146,0.2426573046542421
1.1772857413610194,0.21539172338574133,0.05,1.2652286526092802,0.2379888719499274
1.191144251626898,0.20973519105623228,0.05,1.2429745381438886,0.20305351139485472
1.201285261721125,0.20153825860979654,0.05,1.2429745381438886,0.20305351139485472
1.2072165461816275,0.19538456708821533,0.05,1.1524405890186964,0.23319946482664705
1.2103565969119698,0.18698246393128182,0.05,1.154477190121229,0.23315709200249346
1.2112617307050582,0.17677344353339372,0.05,1.1013217239559305,0.2373249049120027
1.2105723654086926,0.16784002235736006,0.05,1.1032362503724595,0.23768556995644147
1.2051963007999238,0.1606763506908432,0.05,1.1032362503724595,0.23768556995644147
1.1973035988843994,0.15606052162667905,0.05,1.1979975265615137,0.23184992399556908
1.1885154177446082,0.14452879385781903,0.05,1.1107253450562407,0.20469876005060167
1.1753174502205794,0.13537839751997138,0.05,1.1107253450562407,0.20469876005060167
1.1620225950249705,0.127907807899975,0.05,1.1192098312118695,0.20678508299551454
1.1475841629606667,0.12365002414364576,0.05,1.0953803597075074,0.19757691524210572
1.134976723429837,0.12164647248940526,0.05,0.7625361294859943,0.02851567950125452
1.122651301872168,0.12365137312186979,0.05,0.7625361294859943,0.02851567950125452
1.1106947415478516,0.12752622907825092,0.05,0.759063231229283,0.02518921540658507
1.1054724963611635,0.12647233499964208,0.05,1.2607226333137527,0.18558875446586634
1.1006505505320416,0.12687107291119912,0.05,1.1885239134034584,0.18571960788425296
1.0960442079095776,0.12831920790957757,0.05,1.4645134244561961,0.1597800148980559
1.093304225742598,0.12818843771240507,0.05,1.4645134244561961,0.1597800148980559
1.0907242060750448,0.12814960333531863,0.05,1.1251507105111629,0.15104682330798747
1.0864700762949275,0.12712876527388686,0.05,1.0587446624759174,0.13918459941387243
1.0812264506706408,0.12405290611028316,0.05,1.1266115526948473,0.14463267201807892
1.0773868425444662,0.1175981930403891,0.05,1.1266115526948473,0.14463267201807892
1.075509079640533,0.10937261537269671,0.05,1.0868761183898483,0.15262021272876256
1.0705098914728681,0.10764171854502089,0.05,0.9327478322980062,0.14456518000669819
1.0665356715207461,0.1027472190418262,0.05,1.0796367309229726,0.14793702005684092
1.058508469241774,0.09930687678826897,0.05,1.0796367309229726,0.14793702005684092
1.047626801745413,0.09458723756214456,0.05,0.9939453899122567,0.07195895168487365
1.0358772256580748,0.08279054475148656,0.05,0.9767971503803515,0.06829812192686889
1.017790656403104,0.07703366770375139,0.05,0.9767971503803515,0.06829812192686889
0.9996156158357771,0.06959948680351906,0.05,0.9210039978613159,0.06342053213872066
0.9785306903107381,0.0639224105152747,0.05,0.9487475535999399,0.07076908806796486
0.9556226297188086,0.057576659852431086,0.05,0.8539332709254905,-0.048224271304598575
0.9333471754628582,0.0482137006592673,0.05,0.797298265339435,-0.04705750548105647
0.9100295053772416,0.03997116439336132,0.05,0.797298265339435,-0.04705750548105647
0.8882605921491938,0.03303571079366594,0.05,0.9024258787647929,0.0518029901533627
0.870914239752145,0.025219501012869402,0.05,0.7619242615381138,-0.017279149287958623
0.8607294324720346,0.014657648046888964,0.05,0.790063667400011,-0.014422518662111
0.8550221414266642,0.005070054119778759,0.05,0.790063667400011,-0.014422518662111
0.8529160347951508,-0.0041854817560882515,0.05,0.8124290291140308,-0.09026128616831455
0.8557478472975066,-0.014807639294266204,0.05,1.154335509872508,-0.09976434249695708
0.857282803077253,-0.017859319357376106,0.05,1.1627990079313764,-0.10021196010424753
0.863404076323412,-0.022289259532976523,0.05,1.1627990079313764,-0.10021196010424753
0.8735545455629203,-0.02828537742596919,0.05,1.1187562992813302,-0.09497060559247414
0.8848701006267575,-0.03150897002049473,0.05,1.0386665863982527,-0.11654291138973354
0.9016303649104408,-0.04152687460523649,0.05,1.0373856226649554,-0.11645926831435806
0.9184783102083631,-0.05114587684165355,0.05,1.0373856226649554,-0.11645926831435806
0.9371857432940138,-0.06307413618310412,0.05,0.8927551749896819,-0.06643330125579266
0.9554164867876852,-0.07478375636181599,0.05,1.1077690418691992,-0.16523547919615064
0.9737273987537084,-0.08466093513565037,0.05,1.0928402618586068,-0.16386991565907513
0.9952797160697033,-0.08956224371131069,0.05,1.0928402618586068,-0.16386991565907513
1.0177633798789496,-0.09068524400705333,0.05,1.1367648432193587,-0.20316482294691846
1.0356365819209041,-0.09080833333333332,0.05,0.9057749156396744,-0.13578819957880164
1.046400890812822,-0.08810899846164853,0.05,1.0318816176527559,-0.14628598042077443
1.052433401058176,-0.08458198479468051,0.05,1.0318816176527559,-0.14628598042077443
1.056457440699796,-0.08188524292511895,0.05,1.010889101992929,-0.13459121045736733
1.0602574522122312,-0.08029116119811827,0.05,0.9496344989568747,-0.1494003647589463
1.067383606547605,-0.08382234018455376,0.05,0.9496344989568747,-0.1494003647589463
1.0780206303964126,-0.09023317034775558,0.05,1.2673538019189872,-0.1702948134288086
1.0894795240819537,-0.09369119855544034,0.05,1.315606690039782,-0.13921492443177474
1.1018357214398988,-0.09367116893414572,0.05,1.1822281725998318,-0.13617088200518276
1.1149471702838063,-0.09095747078464107,0.05,1.1822281725998318,-0.13617088200518276
1.127472175198493,-0.08545841360482583,0.05,1.275414702574415,-0.12811863493315745
1.1393986115087318,-0.07965291117950185,0.05,1.2666743860973289,-0.19039056115737815
1.1522488246017466,-0.07186572043036377,0.05,1.2392076672763732,-0.12423020552345261
1.1644475941422594,-0.06377114579980689,0.05,1.2392076672763732,-0.12423020552345261
1.1677671043369324,-0.06592940016703454,0.05,1.2218269557175638,-0.10597949184137845
1.1666613062107432,-0.0704278655113643,0.05,1.1935216821905419,-0.083924499724967
1.1653767752466282,-0.06724740861649907,0.05,1.1620079852952567,-0.06566572842802222
1.160567717049274,-0.06054418937280983,0.05,1.1620079852952567,-0.06566572842802222
1.150044029379527,-0.05434448955156308,0.05,1.1726936919358555,-0.07114784729726198
1.1374145150134751,-0.041793980598154014,0.05,0.9840512575197878,-0.04531860123062882
1.1178751179175055,-0.03455639732243886,0.05,0.8990591265255841,-0.03866814938783218
1.0941118935165308,-0.02704335193931587,0.05,0.8990591265255841,-0.03866814938783218
1.0655298865099423,-0.017396696628677693,0.05,0.8909139237540766,-0.03729486988652917
1.0364569406550463,-0.006645548532758266,0.05,0.7529022321269923,-0.017136698966639056
1.0034740104346582,-0.003568991435480215,0.05,0.7614832154428658,0.030795183816886198
0.968327654405628,-0.003792667223083338,0.05,0.7614832154428658,0.030795183816886198
0.9343752386741516,-0.004638953349781284,0.05,0.7596971374597189,0.029495736980142448
0.9090756305102541,0.0033392634304052747,0.05,0.7633120292388957,0.05225902478698861
0.8868200085853286,0.013423654965181728,0.05,0.7703754641472853,0.07748342950186284
0.8650014725521056,0.02649325577097344,0.05,0.7703754641472853,0.07748342950186284
0.8484897432687033,0.039855848894612585,0.05,0.840881797258829,0.08879257809461254
0.8408795143235221,0.05370640624441187,0.05,0.8470755980407886,0.11435491737791795
0.8380830438152012,0.05980857675111774,0.05,0.9943669564138012,0.13622965192523095
0.8419929250065605,0.0631875524846721,0.05,0.9943669564138012,0.13622965192523095
0.8530273720409088,0.07330785634252748,0.05,0.99431499091128,0.12655939291676963
0.8668707665521848,0.08456369430929213,0.05,1.3083207340919842,0.20640303545484276
0.8884758072018989,0.10116317495437686,0.05,1.4559835350665287,0.22354267803116706
0.9204847650522701,0.10761623088293142,0.05,1.4559835350665287,0.22354267803116706
0.9560557604567279,0.11162797219501709,0.05,0.8202969298009904,0.15472378026366485
0.9902393124903155,0.11618383613240045,0.05,1.3647412343877534,0.29245067627664245
1.027072931018044,0.12594417264557958,0.05,1.4068476579111704,0.3095077629393122
1.0637904334164112,0.13916073911539883,0.05,1.4068476579111704,0.3095077629393122
1.1000910383936873,0.15527714198870002,0.05,1.4215024122980384,0.29318666987586817
1.1262777282094656,0.16564820571312852,0.05,0.7141882250488929,0.1862385608693377
1.1494076216715317,0.17448077500446774,0.05,1.393819996249542,0.2882368684339511
1.1739196086842545,0.17927795810395367,0.05,1.2554576722918322,0.29950779304541153
1.2004152518534412,0.18748558726072134,0.05,1.2554576722918322,0.29950779304541153
1.220001174892704,0.19370586373390558,0.05,1.3720674100121681,0.30451913985386014
1.232709630905688,0.2054537892967418,0.05,1.4149906027711203,0.41927852957996764
1.2437963997829795,0.2140688032863122,0.05,1.4149906027711203,0.41927852957996764
1.2533531615290208,0.21831636440546692,0.05,1.3500112699853024,0.38716819085705567
1.2601949738903393,0.21154371192341168,0.05,1.294905127986271,0.37484897632243647
1.2610064331665476,0.20638264832022873,0.05,1.1897631479752973,0.3847888220723097
1.2524512022668763,0.20458639695366135,0.05,1.1897631479752973,0.3847888220723097
1.233315308876628,0.20667290805200375,0.05,1.164127221016128,0.40048586743225106
1.1921865782167835,0.22855654705875347,0.05,1.1025240036792718,0.4047454792640818
1.1614612704795948,0.22607974054215074,0.05,0.8194776558708756,0.38325470334449435
1.1219007262153295,0.22904107098121088,0.05,0.8194776558708756,0.38325470334449435
1.074094822067239,0.2349189636981402,0.05,0.6229961314201088,0.1922430152037322
1.0227143990659548,0.24070258679231793,0.05,0.4757866810443962,0.1419701745552911
0.9718438311107933,0.23809002895856424,0.05,-0.29252784979339264,0.20879251205987903
0.9195881395348837,0.22959953488372095,0.05,-0.29252784979339264,0.20879251205987903
0.8583554725864124,0.22809033879618595,0.05,-0.27343639963111666,0.19524113192943435
0.79138045547186,0.22889269028151896,0.05,-0.34837944379551006,0.24811473893524097
0.7257456521090982,0.22271772250778166,0.05,-0.3240946784097379,0.2319061181331494
0.6565064578614853,0.21941272201692694,0.05,-0.3240946784097379,0.2319061181331494
0.583048135303099,0.21465839784574278,0.05,-0.30117049513582883,0.21510552813238287
0.5064967300974115,0.2144988941350407,0.05,-0.3032233255672659,0.21640570930609895
0.42876445356687826,0.21241169728867243,0.05,-0.2926961219528871,0.21270228616430167
0.34990887510132074,0.21844303926476902,0.05,-0.2926961219528871,0.21270228616430167
0.2753632565236568,0.2245314458736157,0.05,-0.28963436259948333,0.20671405865127812
0.21894621582322232,0.21064275345045408,0.05,-0.2938986079464686,0.20985715931914378
0.1474285292646025,0.2216589145947749,0.05,-0.3186115885428464,0.2270562855840588
0.08272828404483663,0.22670433997138087,0.05,-0.3186115885428464,0.2270562855840588
-0.0837501487829022,0.2253445120278603,0.05,-0.40697063658829563,0.28982458318080995
-0.1364868667095713,0.2364591958954557,0.05,-0.40487736230914784,0.28845504765662633
-0.17945571328854895,0.23921887595604294,0.05,-0.40487736230914784,0.28845504765662633
-0.21467775732002817,0.23742198962722466,0.05,-0.4104914693550424,0.29283076528667595
-0.24771618509337495,0.23873747690950914,0.05,-0.40942324997346,0.25335305754732546
-0.278665437145445,0.238685180197359,0.05,-0.40942324997346,0.25335305754732546
-0.30259996661619354,0.24052299399091487,0.05,-0.3962753504595301,0.28176752292608837
-0.320966108728031,0.24229691897527555,0.05,-0.3669968362520643,0.26131061885743956
-0.33264729019729317,0.2444272954989516,0.05,-0.3302319197335439,0.23953643312709139
-0.3408200228901155,0.2476168489729253,0.05,-0.3302319197335439,0.23953643312709139
-0.34631746796209095,0.2483273687190797,0.05,-0.3616443608646252,0.25742968280850215
-0.3478046278193696,0.24572827356826094,0.05,-0.30994797349861886,0.2276023086018732
-0.3432731752433605,0.24384434760333137,0.05,-0.31507943301526437,0.20868761122199833
-0.3354065574453894,0.23928533790704878,0.05,-0.31507943301526437,0.20868761122199833
-0.3260768984700145,0.23009596276995364,0.05,-0.31870563583988515,0.2268955674634021
-0.3143198639078651,0.2233350316534926,0.05,-0.3042871964136331,0.21703673577209312
-0.3003764881236287,0.21909424335829442,0.05,-0.27746481266016265,0.19763244501611107
-0.2889561439061606,0.20982064657638758,0.05,-0.27938377316905766,0.1989618439511712
-0.2777043373580138,0.2028147975542021,0.05,-0.27938377316905766,0.1989618439511712
-0.2675901623419193,0.1969942441326865,0.05,-0.20982958120145578,0.14969527284063802
-0.2570356263262046,0.19085231445056386,0.05,-0.23931495837876307,0.17081642585811763
-0.24556788086974154,0.18658982806741334,0.05,-0.23931495837876307,0.17081642585811763
-0.23606652104679315,0.1814635280365471,0.05,-0.23370047491303605,0.1667843084927484
-0.22704067250485854,0.17564023136170162,0.05,-0.19362656574384857,0.1379791235546726
-0.2184067124471191,0.1700303438002741,0.05,-0.20729715762869408,0.14745935866477092
-0.21033521864534047,0.16347153528479316,0.05,-0.20729715762869408,0.14745935866477092
-0.20035878133422375,0.15907542037350633,0.05,-0.18786830275937075,0.13363562222794317
-0.18809042456822056,0.16014210251856442,0.05,-0.18714305606528742,0.1330295926192775
-0.1743231749171771,0.16486359129585051,0.05,-0.1874795593878406,0.13339046018238326
-0.1580402842753485,0.1721226429730762,0.05,-0.1874795593878406,0.13339046018238326
-0.1395756513241008,0.1806892415321908,0.05,-0.15987156060715468,0.11364932456576284
-0.11953769218392449,0.1880288198417239,0.05,0.9357963416835593,0.2989426710030275
-0.09585951132300356,0.1954561620977354,0.05,1.399276151714043,0.33642470210044145
-0.0696926184708283,0.20236129754048474,0.05,1.399276151714043,0.33642470210044145
0.06095532051970364,0.22997173067516136,0.05,1.3506637311163008,0.2933481529709231
0.10062900607794066,0.23815964604933856,0.05,1.3171759970610986,0.27994333103139296
0.14314913598865073,0.24592036044681817,0.05,1.3628210849985591,0.2613302840951799
0.1892239382745472,0.25062132745471877,0.05,1.404715914088701,0.24458614223497624
0.23806587272727273,0.2538802888226528,0.05,1.404715914088701,0.24458614223497624
0.28783185731490646,0.25528900796537213,0.05,1.359179590747472,0.3300825121904518
0.33801950221687205,0.25246158107077304,0.05,1.2632973260130567,0.30204964402496454
0.38445642284951365,0.25130977016975015,0.05,1.3663346340092337,0.2564712202779049
0.4309472050300515,0.24811370921579853,0.05,1.3663346340092337,0.2564712202779049
0.48057483313468413,0.2404664064362336,0.05,1.220533316746335,0.24608300947187595
0.5311645760043885,0.2326232920328655,0.05,1.1082191516926299,0.22072366300809437
0.5815601919365215,0.22780013403388374,0.05,1.3701568603966505,0.24508778463095254
0.630789150516103,0.22629294113089707,0.05,1.340772805585224,0.2503790050633488
0.6790081441087074,0.22249700965492583,0.05,1.340772805585224,0.2503790050633488
0.7247577545095795,0.22329000560344314,0.05,1.216280262953291,0.1943615615721903
0.7736955157618735,0.21960901942673264,0.05,1.3165541345527594,0.24805881580186612
0.8202831634720831,0.2167023643494016,0.05,1.3165541345527594,0.24805881580186612
0.8657674179887868,0.21632123762376237,0.05,1.3748617885208871,0.2707986781670141
0.9111526890696178,0.2138793090700947,0.05,1.417494615581225,0.2504952012553757
0.9542262238074805,0.21436837499106057,0.05,1.4323572635767683,0.21036942980078793
0.9938902565111619,0.21448231611333715,0.05,1.4323572635767683,0.21036942980078793
1.031002668363515,0.21616711829854196,0.05,1.3318053829205516,0.2488496833525163
1.0663896477740031,0.21657806454496695,0.05,1.353991236242156,0.20436819192397201
1.1018351224818212,0.21391977857909167,0.05,1.3091826317779904,0.2012493871768107
1.1365360025529072,0.20849837043399425,0.05,1.3091826317779904,0.2012493871768107
1.1646654181122358,0.20865327443756934,0.05,1.465316532508246,0.21589995268921428
1.1884003870540982,0.2100183140054587,0.05,1.2824147220398274,0.27093755831791355
1.2080026170962976,0.2071751953590318,0.05,1.3720956162088822,0.3651603694463747
1.2232690645530528,0.20095305416780931,0.05,1.3720956162088822,0.3651603694463747
1.235487333961319,0.1954524747811986,0.05,1.2961213092110595,0.2540955330497579
1.24355696554191,0.1893801770597353,0.05,1.2633268116511487,0.2855726736783625
1.2449968943303575,0.18347619930157444,0.05,1.0387370295687643,0.2924241653450699
1.2395789687839078,0.17852070987396712,0.05,1.0387370295687643,0.2924241653450699
1.223917844577753,0.17823721064055623,0.05,1.0222846421028136,0.2012362361854766
1.1959229082465992,0.19132845267474993,0.05,1.1427706285204664,0.21992160515996717
1.1652172807310357,0.1997595680189793,0.05,0.9764013313546727,0.30712841448154515
1.1318083029490618,0.20380618498659522,0.05,0.9764013313546727,0.30712841448154515
1.085637410014064,0.22100861123691928,0.05,0.8377831595059397,0.29591304862901613
1.0415953379828327,0.22949154327610874,0.05,0.4903235635434418,0.18760050408852258
0.9920015229984386,0.23772019172318437,0.05,0.5216521846232723,0.3794984532392141
0.934581122193473,0.25239440155245807,0.05,0.5216521846232723,0.3794984532392141
0.8824093634521396,0.2570417242817976,0.05,0.4671370355596669,0.33559827716239576
0.8285215021459229,0.2638618204577969,0.05,0.44181605196297086,0.3196952549273389
0.7770634498987252,0.27267422435362804,0.05,0.4454947447510253,0.32601951025699477
0.7253049157018684,0.28602724755273107,0.05,0.4454947447510253,0.32601951025699477
0.6694462287888002,0.30535386273387477,0.05,0.4457592654497841,0.3268313652347365
0.6150171143578987,0.321886853787301,0.05,0.46977695434067357,0.3474263527321426
0.5620083932339163,0.3380807871115402,0.05,0.44029579398773777,0.3731021937728926
0.5140972340247775,0.3525855924617478,0.05,0.44029579398773777,0.3731021937728926
0.4741257152385717,0.357714227947307,0.05,0.4496477849353517,0.3772133802922741
0.44376696011069755,0.3520069233705506,0.05,0.38552356118492564,0.34610512171306296
0.4134615245901639,0.35064409836065574,0.05,0.3215120821694202,0.37211724659722367
0.3835541621428145,0.3554974697249896,0.05,0.3215120821694202,0.37211724659722367
0.3655770984585673,0.34829134061728834,0.05,0.29756300624504634,0.3529955113237317
0.34023230556052203,0.35179225996781693,0.05,0.33325267847536844,0.37235709808791106
0.31723057900007157,0.35326282216341226,0.05,0.3011616216605804,0.3105461278601439
0.29816572822822823,0.350316394370561,0.05,0.3011616216605804,0.3105461278601439
0.2747666721311475,0.3532919901639345,0.05,0.29229464433897334,0.3105525070864366
0.2587068035522708,0.3432840594826559,0.05,0.10062419574257848,0.3882312235770175
0.2406492623899401,0.33272600783841183,0.05,0.066549143626428,0.37352482840690077
0.22648637840577118,0.31888148810588446,0.05,0.066549143626428,0.37352482840690077
0.21775269543789305,0.3032563586677645,0.05,0.0628508729307126,0.3736266410735696
0.21152669774984795,0.29100645651733226,0.05,0.28286408935492174,0.22398362765592877
0.20936869098431019,0.2790701383590062,0.05,0.21454174584825703,0.1682182264816088
0.20814116886521525,0.2692997995090504,0.05,0.2238722402824698,0.1736601244512947
0.21146937705543112,0.2560571803059911,0.05,0.2238722402824698,0.1736601244512947
0.21658975972540045,0.24202090007627766,0.05,0.18692291806559855,0.14931776837885388
0.22537305315535427,0.2259803307311841,0.05,1.3649035121222177,0.2762856300943766
0.23817695291535973,0.20842414668034204,0.05,1.3376828578444118,0.27457084111773233
0.2563973185847042,0.18855547586099944,0.05,1.3376828578444118,0.27457084111773233
0.2819377305844055,0.16820528987753838,0.05,0.7095938179531658,-0.09924739416899506
0.3136926045341852,0.14768654286259178,0.05,0.8025030394425697,0.01783818023081768
0.34948273246310063,0.13079116860957654,0.05,0.8025030394425697,0.01783818023081768
0.3888443699492241,0.11760054649693677,0.05,0.4702679232209864,0.07457445721584474
0.4254930463872608,0.11578326071645996,0.05,0.5374443019876277,0.05996983344952909
0.46638595958210594,0.11399126912664433,0.05,0.586216081008577,0.06087755759657169
0.5090826239147028,0.11223873109674651,0.05,1.3855516726661994,0.2184744711924874
0.55535,0.10827552083333332,0.05,1.3855516726661994,0.2184744711924874
0.6015035090176539,0.10373785119977114,0.05,1.2791831436558658,0.20116423586543888
0.64609695486078,0.10028558661914752,0.05,1.3287842075349792,0.17247023085642132
0.6928447696822916,0.09581595044083084,0.05,1.3493976005121848,0.18007840846596443
0.7375847677994588,0.09442842042840284,0.05,1.3493976005121848,0.18007840846596443
0.7805339964593541,0.09473477254032402,0.05,1.397034017263782,0.16632103980076654
0.8202248635491521,0.09745904955132101,0.05,1.1350132955015257,0.14940428167022457
0.8591310006793559,0.09747956121950348,0.05,1.1350132955015257,0.14940428167022457
0.8909508686786783,0.09989220901947225,0.05,1.3521609078376673,0.18387177496048196
0.9186184790128464,0.10118142884406646,0.05,1.444098688895861,0.16261338520225876
0.9429735197368421,0.10141829769736843,0.05,1.01286915634462,0.136289273860769
0.9640815562973118,0.10121953060737915,0.05,1.01286915634462,0.136289273860769
0.9809054985931613,0.10249216343173255,0.05,1.0132357924449942,0.13648222445278024
0.9973997922553262,0.10255,0.05,0.715724773621895,0.13514915869324307
1.0136779467861912,0.10583280326149151,0.05,0.9950336122638046,0.10322866344737669
1.0304217907137576,0.11059001681253429,0.05,0.9950336122638046,0.10322866344737669
1.0444456754673233,0.11604257691112492,0.05,0.9774844267036039,0.10218327149565194
1.0599272002790598,0.11935200171729098,0.05,1.382516685379217,0.23147251705887747
1.076095660517703,0.12289209818506397,0.05,1.227893258749193,0.16692035945685016
1.0900884240943756,0.12497900083412775,0.05,1.2276150787820341,0.1668513678415453
1.1037447401358922,0.12772142388842533,0.05,1.2276150787820341,0.1668513678415453
1.1185429453615132,0.12896654719591613,0.05,1.3145229658294706,0.15283231771476877
1.134038829146747,0.12715647152445786,0.05,1.4640104637226476,0.11653885406206951
1.1489022328567677,0.12983221770055137,0.05,1.4316485665745284,0.09432930457409411
1.1686397813285971,0.1298403227921281,0.05,1.4316485665745284,0.09432930457409411
1.1878449753324754,0.13379237183612186,0.05,0.9355971046676278,0.24845637866278703
1.2083205975929459,0.13721977270019067,0.05,1.081167592698864,0.15764645696958227
1.226946103706441,0.14119830414515802,0.05,1.2007063174017516,0.17755038207547927
1.2434859390832687,0.1432236052333552,0.05,1.2007063174017516,0.17755038207547927
1.2587292284477103,0.1404544363063783,0.05,1.4303232934672747,0.18108498479081933
1.2681362471251354,0.13683568883539687,0.05,1.371250213262045,0.21401998461892288
1.2741447344114984,0.1303019509462745,0.05,1.2348772061431672,0.22806916896244633
1.2751646527471479,0.12632580405783972,0.05,1.2348772061431672,0.22806916896244633
1.271645132084019,0.11993701451970532,0.05,1.1484759204287696,0.1652329072730638
1.2633031145322986,0.11387529831086318,0.05,1.1969431008257376,0.09778265604538083
1.2511755490675087,0.10634888369183103,0.05,1.1969431008257376,0.09778265604538083
1.234813315129908,0.10038616291270704,0.05,1.2933718190298822,0.10148863913049139
1.2119810749919537,0.0927725217251368,0.05,1.2085867953083833,0.06559071525927893
1.1844611832693546,0.08801617480508334,0.05,1.0140968174028027,0.0907992708581082
1.1549432137369118,0.07975504502733803,0.05,1.0140968174028027,0.0907992708581082
1.1226814800133522,0.07528886130351332,0.05,1.0121228070995076,0.09003673612793105
1.0917941490757304,0.07025924150268337,0.05,0.8510249901015361,0.038588327720703135
1.060241035585575,0.06821600754194611,0.05,0.8324426467056417,0.022238538760319827
1.0290727925507577,0.0673592161169288,0.05,0.8133806141105177,0.023168922787632946
0.9996219563739985,0.06513338450257536,0.05,0.8133806141105177,0.023168922787632946
0.975945492277072,0.064692109622673,0.05,0.815478386752038,0.004233717215826229
0.9615742102753607,0.06000365657408512,0.05,1.171787749996933,0.08174517867000394
0.9514225874709423,0.056758506288370994,0.05,1.171787749996933,0.08174517867000394
0.9445917369117595,0.05266636313235487,0.05,1.243094663796482,0.08539910250416832
0.9380456224395007,0.05317381800209604,0.05,1.2269910965254511,-0.013173202433749956
0.933838548419773,0.05382844080703594,0.05,1.143430734840908,-0.00758061384067803
0.9307978467701552,0.05676040668145075,0.05,1.153147263143226,-0.0013388291904594752
0.9300675865439633,0.053659494802593945,0.05,1.153147263143226,-0.0013388291904594752
0.9320424103789893,0.043324914760195996,0.05,1.092864145628629,0.07009734793903087
0.9345010643626346,0.029581529283388794,0.05,0.8685444665097292,0.0838695930751027
0.9377343483625612,0.020125543031198966,0.05,1.0026471670757633,0.06969297305660965
0.9431006188295894,0.016739642652740028,0.05,1.0026471670757633,0.06969297305660965
0.9457245559873174,0.0160912472882447,0.05,0.7304471938761311,-0.20391116999563713
0.9443170468638207,0.012486645599809212,0.05,0.7304471938761311,-0.20391116999563713
0.9423227104742375,0.004349716864166335,0.05,0.6740873680584545,-0.05033742196206721
0.9378926421494401,-0.004728165798290267,0.05,0.24597966743121252,0.016153932472087223
0.9245291016323126,-0.008969977957821989,0.05,0.7520399358668017,-0.021461842653185514
0.901735032192679,-0.010201581018242513,0.05,0.7646311999527989,-0.036218291716353435
0.872159112907071,-0.011596489534162967,0.05,0.7646577516680878,-0.0362314695349466
0.8450003791265781,-0.01616654029114059,0.05,0.7646577516680878,-0.0362314695349466
0.8242346194433845,-0.024573074859296,0.05,0.7658788197689732,-0.03164183799826863
0.8070710524747639,-0.034528851585684146,0.05,0.7664940909429754,-0.03967027182525668
0.791728767160017,-0.042828037859287856,0.05,0.7664940776630339,-0.03967027204445329
0.7754108610905796,-0.04259818614243818,0.05,0.7664940776630339,-0.03967027204445329
0.7614124934417629,-0.035273209601259174,0.05,0.7679446736018868,-0.04492164293117754
0.7553657155635063,-0.026637507453786517,0.05,0.7678107390455085,-0.04222176660879623
0.7539104292796873,-0.018040719597654565,0.05,0.7678107420681852,-0.04222176666309786
0.7553009374851098,-0.017241635298041638,0.05,0.7678107420681852,-0.04222176666309786
0.7617804792518994,-0.022990239625949732,0.05,1.040897825163275,-0.06332761573678738
0.771968014066557,-0.02999807016603539,0.05,1.0299357571056675,-0.058792811427041784
0.7835453886708733,-0.037411516693106855,0.05,1.0299357571056675,-0.058792811427041784
0.7981336467734051,-0.04321240537189589,0.05,1.072879449375761,-0.06451539754419063
0.8158927848826112,-0.049625677610230956,0.05,0.7652025411534518,-0.0536836703558388
0.8362449137221208,-0.05584588569076002,0.05,0.9131031779835618,-0.06683519528760853
0.8611551967564989,-0.06277697352730742,0.05,0.899800829010237,-0.06606002247500269
0.8862316186638692,-0.06795034213914454,0.05,0.899800829010237,-0.06606002247500269
0.9070459063282088,-0.07153687522345369,0.05,0.9620055370702597,-0.09008057217526236
0.9266375478322028,-0.07440956256630943,0.05,0.9668087076794524,-0.1066689810881698
0.9478214973584095,-0.07997808553267104,0.05,0.9668675627747341,-0.10667504968098494
0.973747502116093,-0.0897627597429692,0.05,0.9668675627747341,-0.10667504968098494
1.0030840173765678,-0.09613936580300986,0.05,1.3309787586622466,-0.15242058706411463
1.0323986438679245,-0.09976506753859347,0.05,1.4717936980121533,-0.21917767967804758
1.0583069177159345,-0.10241940221538606,0.05,1.4717936980121533,-0.21917767967804758
1.0818080438903992,-0.10451928357657271,0.05,1.3519665081400303,-0.20366922173727833
1.1040211194563663,-0.10648699272770623,0.05,1.3423575192493113,-0.236827175198871
1.1254347856666032,-0.1086354734884608,0.05,1.392279579894529,-0.22840907743898806
1.1454839095697036,-0.11115760005015943,0.05,1.2480115682635038,-0.21574464363446916
1.163508881947257,-0.11211092651928437,0.05,1.2480115682635038,-0.21574464363446916
1.180778456048084,-0.11091341723015277,0.05,1.2244316874068712,-0.23521697866297248
1.1955771106449922,-0.10520234661772415,0.05,1.1749387995232226,-0.2216618351188402
1.204353813549218,-0.09983079096718808,0.05,1.2066037753741459,-0.22524855861337464
1.2089099277816873,-0.09753958678720942,0.05,1.2066037753741459,-0.22524855861337464
1.21093461414676,-0.09700769292661994,0.05,1.1073238868739517,-0.2533437148385133
1.2109343057078823,-0.09638685983024177,0.05,1.0430608540613193,-0.245280665785342
1.2082274441782006,-0.09490157183219484,0.05,0.7212351669530858,-0.20207128603715568
1.200941332037353,-0.0936076959772925,0.05,0.7212351669530858,-0.20207128603715568
1.1902331769237189,-0.09177327959361324,0.05,1.29423057197909,-0.27066681227410544
1.1759858154168854,-0.0876817389283501,0.05,1.3400068128002443,-0.25861048498024297
1.1497612163322246,-0.099889119004185,0.05,1.3400068128002443,-0.25861048498024297
1.1183868895788884,-0.11400007181424843,0.05,1.1521694616976808,-0.26507578399765913
1.0926799608044035,-0.1149077855083514,0.05,1.0473884954573067,-0.2490030387635206
1.0674126308697622,-0.11217009670649399,0.05,0.6890379892146179,-0.23213190914929355
1.0456614825494799,-0.10641758069897406,0.05,0.5665571364523113,-0.23172316176067723
1.0241937472430527,-0.10684862778526209,0.05,0.5665571364523113,-0.23172316176067723
1.0080122183879274,-0.10752857513231297,0.05,0.7132383264835749,-0.24051028778906966
0.9954007144049307,-0.11494807524946053,0.05,0.9973406403516395,-0.18269259678255118
0.9908119874240076,-0.12257699368220287,0.05,1.071916025390175,-0.21665095515030056
0.9915227388971685,-0.12783530163934426,0.05,1.071916025390175,-0.21665095515030056
0.9956909372094687,-0.1329312069417626,0.05,0.9522678728097363,-0.21987956226962324
1.0028002018193507,-0.13827714976305575,0.05,1.269112658684904,-0.19794540442280267
1.0122954518341785,-0.14340438413361167,0.05,1.269112658684904,-0.19794540442280267
1.022644951894418,-0.14511518455375663,0.05,1.358593695136185,-0.20726626312294
1.0330813181099743,-0.14641306077459681,0.05,1.3441898961853571,-0.20224240577629518
1.0428757041161882,-0.14980465545406849,0.05,1.2895408881232775,-0.19467830724922147
1.0628196148019133,-0.13637196547651712,0.05,1.2895408881232775,-0.19467830724922147
1.0846027320939102,-0.12031950601835299,0.05,1.2894064745229175,-0.1969991759874028
1.0989893241277338,-0.11418800857360903,0.05,0.727911876248322,-0.18501441305102778
1.1079273129040725,-0.1122639680797767,0.05,1.0391615914530978,-0.17695112209635075
1.1132972415747093,-0.10943917506710407,0.05,1.0391615914530978,-0.17695112209635075
1.117599116126953,-0.100788410580217,0.05,1.0871687819306852,-0.18224982230717188
1.1132670314139872,-0.09511200267150081,0.05,0.9223872561607981,-0.16451668692048385
1.106310417684853,-0.08716075741140289,0.05,0.9792012460231638,-0.1343444911215328
1.093350556515522,-0.07988965292260024,0.05,0.9875558012286084,-0.1350793263464662
1.0753804468724293,-0.07515902685883909,0.05,0.9875558012286084,-0.1350793263464662
1.055230959349109,-0.06867618644572926,0.05,0.9089755002989449,-0.12579119201424507
1.0331259204721592,-0.06305689787766781,0.05,0.7853554104143506,-0.0858329733949963
1.0109938467040172,-0.05769226904279413,0.05,0.7853554104143506,-0.0858329733949963
0.9916553594443649,-0.05417360733209222,0.05,0.8138744362850231,-0.09890654806948145
0.9753125342743377,-0.051581509739872675,0.05,0.8144448861858063,-0.09267629134415516
0.9606338385162759,-0.04869538243322168,0.05,1.3712032012244533,-0.11752625870110639
0.9499111803982353,-0.04552013204960057,0.05,1.3712032012244533,-0.11752625870110639
0.9402448584900038,-0.04487467900954924,0.05,1.455208583882899,-0.11082650310281786
0.9291877767115286,-0.047114014388403444,0.05,1.3928839185374158,-0.10115984537346254
0.9206901483202287,-0.04324081367643554,0.05,0.9376214061289702,-0.08419940806329353
0.9104816581596145,-0.03883418880885369,0.05,0.9376214061289702,-0.08419940806329353
0.8997373388856431,-0.03438602999916535,0.05,0.9706504496829804,-0.08239581035941057
0.8902618571445599,-0.03085885635793714,0.05,0.7808623734126616,-0.057779964140984116
0.8805721606218853,-0.029448454527028635,0.05,0.7845385596150843,-0.04853987045478535
0.8724990367661074,-0.02820050544462447,0.05,0.7845385596150843,-0.04853987045478535
0.8659785448628544,-0.02564753990392065,0.05,0.7599181731413018,-0.048868862335275716
0.8594841990271004,-0.02451602929429017,0.05,0.749476144727153,-0.029739774278884197
0.8505320278637772,-0.026216904024767795,0.05,0.7476817836976414,0.02092445853909117
0.8393073572928599,-0.025865392325315,0.05,0.7460798488847714,0.020787215830610994
0.8259511736361252,-0.020704762827699716,0.05,0.7460798488847714,0.020787215830610994
0.8114098126914505,-0.011999947258012605,0.05,0.7575422747215064,0.03941155977536943
0.7969905974242785,-0.0035857756975912177,0.05,0.7782376812153917,0.028416746461041458
0.7804358953809852,0.0006442777724813554,0.05,0.8034220958847886,0.028731078496608373
0.766068589009731,0.00450944476244992,0.05,0.8034220958847886,0.028731078496608373
0.7563501272514871,0.009555452145096502,0.05,0.7782173239093675,0.02361120431144619
0.752899185187392,0.011405355121253655,0.05,0.7797508240077284,0.019475878856357026
0.756535904404482,0.010676452249973156,0.05,0.7797508240077284,0.019475878856357026
0.7657129031296571,0.00892551713859911,0.05,0.8087624986118661,0.020210214657889736
0.7799673997258478,0.00795442964419811,0.05,0.7791761819941786,0.010424432133282301
0.7978108482686204,0.008488384483211231,0.05,0.9100437744714673,0.08831216040452725
0.8186247362429068,0.010587757200419632,0.05,0.9099930017274158,0.08830824076511924
0.8419281552384477,0.012794921432236055,0.05,0.9099930017274158,0.08830824076511924
0.8678068095124569,0.016064906425080468,0.05,1.1114576152373952,0.04889367457733283
0.8950154067413054,0.023289751667460702,0.05,1.1398582776001929,0.057683667994260994
0.9208349703073015,0.03173347315136121,0.05,1.1639540065589975,0.051480680151929
0.9432308812313045,0.03730879235141996,0.05,1.1639540065589975,0.051480680151929
0.96401846348328,0.03782237096312551,0.05,1.1408042614979006,0.019162748409497644
0.9851680461879454,0.0370463473271527,0.05,0.9169659880631066,0.034925494441787636
1.007794624405592,0.038539196968071794,0.05,0.9169659880631066,0.034925494441787636
1.031482255488546,0.042558415174846854,0.05,1.0720014242374092,0.04123591647045772
1.0539313513449067,0.04530772069343762,0.05,0.9485366605442784,0.11418590916128948
1.072852111970815,0.04728323150013711,0.05,1.3407120091861695,0.026463938293520665
1.0868562239775403,0.048912927957935816,0.05,1.45886075071277,0.02440903380950686
1.0975776418209344,0.050837034366022577,0.05,1.45886075071277,0.02440903380950686
1.1075199942139984,0.05186297764336758,0.05,1.415216236655369,0.17134066699356196
1.1143326256540447,0.053137581792827265,0.05,1.3987439634664802,0.14551332682041357
1.1182771948078276,0.053634947589348544,0.05,1.3987439634664802,0.14551332682041357
1.1187088010660369,0.05369528063962224,0.05,0.883054158093064,0.09583793561267229
1.1161867909566794,0.053856835851328964,0.05,1.0892809368666556,0.07722781968356766
1.1138452091526634,0.0565868579430342,0.05,1.4446709026132332,0.13997232104652751
1.1145652708214082,0.059634214009730964,0.05,1.0667575710967934,0.11127649127975386
1.1187189429256137,0.0608226872771929,0.05,1.0667575710967934,0.11127649127975386
1.1216807208490251,0.062202036754540696,0.05,0.9585073928980368,0.11424828424412022
1.119520015313662,0.06459413403327297,0.05,1.3919571279701632,0.03648569593395515
1.1147253609463228,0.06155036094632264,0.05,1.4016042720235125,0.19057855016024688
1.1069010068173963,0.057422735480256976,0.05,1.4016042720235125,0.19057855016024688
1.0973775720311718,0.054583215366649986,0.05,1.1552835832655088,0.1782156915284328
1.0884893670252689,0.05383502716322957,0.05,0.953460197131531,0.09135999793746065
1.0821567215617063,0.05716631736169909,0.05,0.953460197131531,0.09135999793746065
1.0780396850957237,0.06115261227410986,0.05,0.947071199437253,0.0908941462302735
1.075061168969752,0.0669984127788442,0.05,0.8800173361384437,0.052477313450387905
1.076104283533677,0.07594825892005343,0.05,1.3974698486734096,0.19657154928681192
1.0803546761560747,0.08730153785629985,0.05,1.3974698486734096,0.19657154928681192
1.087542531240312,0.09835252128395298,0.05,1.3689816541000384,0.19790713159954232
1.0959976213904892,0.1071774615045145,0.05,1.291745761261816,0.2153353995726412
1.105103877804148,0.109245391417906,0.05,1.2199509802031192,0.20683859247787834
1.1109543876748096,0.10987971851639902,0.05,1.2428678684076646,0.21123853323260686
1.1130805431711708,0.11154462491208413,0.05,1.2428678684076646,0.21123853323260686
1.115701181466031,0.11154206048867699,0.05,1.3992628086975876,0.19294899140814403
1.1199808519388255,0.1113284601447116,0.05,1.1710065988201774,0.1299994768390551
1.1247675847129817,0.11504911061783644,0.05,1.1710065988201774,0.1299994768390551
1.1295672349139732,0.11875485578700117,0.05,0.9935628343868536,0.11924335514533323
1.1363493372681484,0.12076142130767947,0.05,0.9298379058058807,0.11612499431126885
1.1446056980277661,0.12237187392003814,0.05,1.2960745513977932,0.12546874328262397
1.153984992128426,0.12184456384323641,0.05,1.406810996441974,0.11631496505262709
1.1628449128998797,0.11966732404106405,0.05,1.406810996441974,0.11631496505262709
1.1679062701137095,0.11616245977258101,0.05,1.32288692662256,0.15328053773954553
1.1697478890279516,0.10990561565051553,0.05,1.213988612137457,0.11221494761695103
1.168059840409677,0.10163936163870706,0.05,1.2642096841240311,0.11377764593979618
1.1637553561423375,0.09346823627585385,0.05,1.2642096841240311,0.11377764593979618
1.1554895407676717,0.08893850578138039,0.05,1.1861424074814824,0.06795828731353339
1.1446188316988595,0.08639867911488187,0.05,1.1196459479993235,0.11762366956974081
1.132560387296623,0.08034181030881071,0.05,1.1237154296405911,0.11747170089535053
1.1193882437105045,0.07387341272206988,0.05,1.1237154296405911,0.11747170089535053
1.1039309183709953,0.06771696671195652,0.05,1.0241923985889063,0.13069319282036937
1.0875772283159464,0.06257045424739195,0.05,0.9866922574337557,0.07609609234923131
1.0694925589988082,0.05919837067938022,0.05,0.9866922574337557,0.07609609234923131
1.0508402675964004,0.05606044281542404,0.05,1.021282176212546,0.07591456905174032
1.0291598557119008,0.05410832339613642,0.05,0.8474651493919269,0.02992585695096238
1.0049378770536757,0.05129961728306746,0.05,0.8071266599912571,-0.01577244435934408
0.9781734524065063,0.04637724551612288,0.05,0.8071266599912571,-0.01577244435934408
0.9501467467509241,0.04219850005961608,0.05,0.8949357053775786,-0.0219996520479622
0.9239079453248055,0.03833675719536061,0.05,0.8303510906001106,0.023861834573912645
0.8986317066193037,0.035129448629769584,0.05,0.850331872911909,0.030770409159890866
0.8753689047800737,0.03155731080613815,0.05,0.8390402205211056,0.02965698236415952
0.8533258648352042,0.029555448760005248,0.05,0.8390402205211056,0.02965698236415952
0.8344156980349138,0.02479309298387867,0.05,0.8049461161389035,-0.021371739169121388
0.8170928381954958,0.021845381144267345,0.05,0.8075627294033678,-0.02056739933207149
0.8015048835200191,0.021603073760724505,0.05,0.9384214562495291,-0.023652035920367992
0.7896387913044516,0.02144576849235026,0.05,0.9384214562495291,-0.023652035920367992
0.7800383914846459,0.02350111804239803,0.05,0.8223281617530355,-0.021237398840835097
0.7721536369867096,0.02412655998569641,0.05,0.7597414713670951,-0.01991155195180521
0.7663133749687139,0.02283602106003362,0.05,0.7600834225272,-0.019571205795280565
0.7629812608799332,0.019401116012877074,0.05,0.7600834225272,-0.019571205795280565
0.7636313692560566,0.013520488815836494,0.05,0.7612525458731844,-0.019748391786732634
0.7671031255577635,0.006512499256315377,0.05,0.7626301141071783,-0.022276169043729695
0.7726448064723839,0.0008175778641610286,0.05,0.7619631063190183,-0.02818031426729477
0.7804323261165026,-0.003921365256682318,0.05,0.7619631063190183,-0.02818031426729477
0.7902733910079958,-0.007558847817538334,0.05,0.8240632998655378,-0.030919854358061563
0.8020614266622118,-0.01167280589232017,0.05,0.8843797778652104,-0.05563992786611022
0.8163037493740611,-0.014233663292557878,0.05,0.8843797778652104,-0.05563992786611022
0.8328722636222725,-0.01482003457732204,0.05,0.8432034109967853,-0.05574352830887759
0.8513777693995065,-0.012685387930520613,0.05,1.2854755080309441,-0.009142169785991151
0.8707338768223921,-0.008621658302239911,0.05,1.2506810554804912,-0.011069669198952877
0.8904928215874,-0.0015049530242151766,0.05,1.280247530342702,-0.011753937029283148
0.9095232900177552,0.005625773364792246,0.05,1.280247530342702,-0.011753937029283148
0.9268966391966512,0.011992850839008223,0.05,1.2106838143942957,0.009534717130079098
0.9428457075736074,0.01326391923154895,0.05,1.1355739502340485,0.07501480982733637
0.9606814491319279,0.003966865401125638,0.05,0.9146677363121721,0.08354622426362315
0.9735746709898913,-0.005367383892809455,0.05,0.9146677363121721,0.08354622426362315
0.9813266872317596,-0.013117336373390555,0.05,1.0232354137405055,0.09880825050396976
0.9877922830683104,-0.013929197188970278,0.05,0.9374471701031961,0.0022151505137036082
0.9917532774817304,-0.004895694896462926,0.05,0.9374471701031961,0.0022151505137036082
0.9904431368633156,0.0021609339231209506,0.05,0.9312329906838543,0.008662178661854108
0.9827226164344341,0.0037960843553159042,0.05,0.763882793064202,-0.0018978131599520355
0.9687134175200582,0.005061726135835295,0.05,0.7930760769065593,0.00814991065284744
0.9482867889596451,0.004500446897061635,0.05,0.7598046356787552,0.005911113615243945
0.9225163427140471,0.004480577152396858,0.05,0.7598046356787552,0.005911113615243945
0.896074004789877,0.006067004956688556,0.05,0.8298520253887975,-0.009231712235224825
0.8742613969930728,0.0043515639717191515,0.05,0.7914674964808494,-0.029556598094643043
0.8613415739282902,-0.00510733587394737,0.05,0.8216931164738203,-0.03174530933648413
0.8514028928941444,-0.01740957897181236,0.05,0.8216931164738203,-0.03174530933648413
0.8389338693910638,-0.026846304420390054,0.05,0.8185216562015203,-0.03645725111338899
0.8304326348161922,-0.031129807967386635,0.05,0.8346248719589151,-0.04265701560554265
0.824043425814593,-0.026169413921594296,0.05,0.8346248719589151,-0.04265701560554265
0.8229911444734551,-0.019801564791301542,0.05,0.9467718307996266,-0.04760312112864609
0.827779162494636,-0.012197084346540783,0.05,0.940783862929226,-0.0681849661807872
0.8312700517356475,-0.01155499833110814,0.05,0.9496505383347585,-0.069216811970352
0.8318284994097094,-0.024133695159616962,0.05,0.9496505383347585,-0.069216811970352
0.8322636344114243,-0.0358340848355424,0.05,0.9646552925364416,-0.06973730003798038
0.8378133726963678,-0.040870225442834134,0.05,0.9393227035997654,-0.08424795553269383
0.8554134508780085,-0.03939038392761345,0.05,0.9441814637769533,-0.07211985051379279
0.8755753920914323,-0.04331698149185426,0.05,0.8053874386827461,-0.06133458633023636
0.8999781941398055,-0.05100273400247949,0.05,0.8053874386827461,-0.06133458633023636
0.9228828796510381,-0.06395310615450622,0.05,0.814108173488674,-0.07223887207508248
0.9381332746877871,-0.07523434641029617,0.05,1.428157909397811,-0.1607231478448911
0.948269278961361,-0.08072292170865174,0.05,1.2411078848655777,-0.1654301220843981
0.960842776453055,-0.08636809090909091,0.05,1.2411078848655777,-0.1654301220843981
0.9804449101011063,-0.09360605863697062,0.05,1.267542523499856,-0.1677234189711584
1.0001714990338049,-0.09909631891595294,0.05,1.2705587277538197,-0.16873228944739307
1.0190755537606848,-0.10229771909013959,0.05,1.351820886548646,-0.17450401892750111
1.0382132601854719,-0.10485355686938279,0.05,1.351820886548646,-0.17450401892750111
1.0567599692502057,-0.10670564967879574,0.05,1.2618655350976762,-0.18315027125627428
1.0781893433453924,-0.1061974331207159,0.05,1.1844472106358936,-0.18039213624535913
1.104895501503078,-0.10281822899269934,0.05,1.1844472106358936,-0.18039213624535913
1.1317107119853047,-0.10447332649458467,0.05,1.1860486470007257,-0.18055641893095542
1.1585904240419571,-0.10496280022647356,0.05,1.1999862191959165,-0.19741910630749326
1.1778881053366264,-0.11063907978095136,0.05,1.2298573653415925,-0.20297036508304916
1.1970250652764862,-0.11275545073562723,0.05,1.2468636010556313,-0.20492610267739098
1.211796777050236,-0.11645864104765992,0.05,1.2468636010556313,-0.20492610267739098
1.2271165394659955,-0.11709394206804438,0.05,1.1428316442730595,-0.22945292822892302
1.2452896066746126,-0.11780317044100118,0.05,1.3260450079008952,-0.2396830338005925
1.2591166786988532,-0.11962552295263892,0.05,1.3260450079008952,-0.2396830338005925
1.268327430377635,-0.12095218400324129,0.05,1.3359613633985414,-0.24680498965521197
1.2755975789147436,-0.12094526779753959,0.05,1.225372114433746,-0.25894946651900647
1.2813086417693462,-0.12037450010724754,0.05,1.2826462950228388,-0.22624286565793325
1.2837281197121,-0.12121306930575085,0.05,1.2004872403973468,-0.22098280706344461
1.2828492280879462,-0.12197282964904961,0.05,1.2004872403973468,-0.22098280706344461
1.2781813428476048,-0.1231018945084293,0.05,1.2584096013726118,-0.20588637063760795
1.2729053188827189,-0.12227242754832097,0.05,1.1952620864271029,-0.1871123485330356
1.2643024580392903,-0.11898766450505435,0.05,1.1952620864271029,-0.1871123485330356
1.2525341525494451,-0.11441828423600099,0.05,1.3396248683439338,-0.18622255171626098
1.2366353070567617,-0.10857761007189098,0.05,1.2448422684902982,-0.20913200499628853
1.21596843454823,-0.10273162210189866,0.05,1.1433458279779312,-0.08807783545406224
1.1935480108860246,-0.09011822008131729,0.05,1.1433458279779312,-0.08807783545406224
1.1694448460859819,-0.07480015975583584,0.05,1.1122047767001955,-0.08745009095312778
1.143277657856794,-0.060950927956053905,0.05,0.9398278448352523,-0.08759187715955363
1.1148054610406637,-0.048761681246126704,0.05,0.9023003672025929,-0.0649936751055506
1.0867892357550026,-0.03813643356309776,0.05,0.9023003672025929,-0.0649936751055506
1.0569965354354174,-0.028450693210943546,0.05,0.8017068592737312,-0.06148529187421749
1.0249498555395373,-0.021804277221116837,0.05,0.8172859038857885,-0.044788645074733055
0.9926067776718694,-0.019023168116287376,0.05,0.7718112023568091,-0.049884963808837765
0.9592463467475653,-0.019578622557842908,0.05,0.7718186289158756,-0.04987680176111169
0.9246734994101314,-0.01964499416089707,0.05,0.7718186289158756,-0.04987680176111169
0.8921826125804146,-0.01805126697641172,0.05,0.7665648727952502,-0.044202685973416436
0.860413215601636,-0.017657769516950257,0.05,0.7635004417088189,-0.025328764618611922
0.8319845653910825,-0.0190590561908964,0.05,0.7635004417088189,-0.025328764618611922
0.8127299891501336,-0.015767317161865694,0.05,0.8126471510231348,-0.02588122651106152
0.796843731596829,-0.01656875424688561,0.05,1.0174187103319907,-0.0935851651441708
0.78565979776058,-0.018258120282372014,0.05,0.7738803371068083,-0.012672225581875703
0.7777518705353417,-0.022523702789405263,0.05,0.7738803371068083,-0.012672225581875703
0.7728360791559874,-0.027453477677773137,0.05,0.7569757132294602,-0.016695816326861693
0.7685932273290741,-0.03149950176408887,0.05,0.7592761896419783,-0.01797502072388986
0.7656331156716417,-0.03392276119402985,0.05,0.7673488407505579,-0.030781665957489414
0.7634377486049506,-0.03456683240330042,0.05,0.7689296916154625,-0.02886140876826789
0.7623509667421623,-0.03354297592084872,0.05,0.7689296916154625,-0.02886140876826789
0.7618790562115021,-0.03204486346252367,0.05,0.7593663589964207,-0.016582799673638036
0.7601135701003647,-0.029348269244522843,0.05,0.7662627677742229,0.0010925482248917142
0.7594104652686763,-0.02208096330275229,0.05,0.7662627677742229,0.0010925482248917142
0.7613556496602694,-0.015104825962570026,0.05,0.7676987038816492,0.010840652146382582
0.7632080300755464,-0.010408163532804266,0.05,0.7625242038115312,0.004916990966876596
0.76306857204178,-0.008154342836361897,0.05,0.7857743674560514,0.017596101841505132
0.763576601218727,-0.005474879260177914,0.05,0.7857743674560514,0.017596101841505132
0.7620767807337482,-0.004221750220505847,0.05,0.7618221738982223,0.014652034590341522
0.7605322125936352,-0.0022991715969273288,0.05,0.7907157629009411,0.02046680718914293
0.7588793538890611,-0.0005516888751162016,0.05,0.7609863562654696,0.020262777723479515
0.7570418470160377,0.0008413059679246463,0.05,0.7609863562654696,0.020262777723479515
0.7574767468550647,0.003152620282597036,0.05,0.7608905305756113,0.019798372444424294
0.7594162219519757,0.00535169420797864,0.05,0.7814003253270905,0.029276121310832195
0.7614633895264996,0.00730561305969705,0.05,0.7922182689372117,0.03523151391738765
0.764638609416335,0.009526267010653263,0.05,0.7922182689372117,0.03523151391738765
0.7702932223348439,0.013469573992368238,0.05,0.7986902192296732,0.03552432405315547
0.7792749210181211,0.019397519074868867,0.05,0.8227357140121534,0.04420428333003458
0.7907027017686037,0.025283334127854325,0.05,0.839160909428094,0.052040025788229485
0.8041903710310595,0.03086329005930293,0.05,0.839160909428094,0.052040025788229485
0.818866029706275,0.034924661453366396,0.05,0.8020415100637371,0.048377553710569704
0.833800879650047,0.03810908733327771,0.05,0.9759733631554414,0.06780511874940816
0.849722437303328,0.04178902808238772,0.05,0.9161899226914898,0.07245540212517193
0.8647156848073645,0.04588939848324053,0.05,1.1365878930353914,0.07733452973172147
0.8782923188785848,0.05200613244093738,0.05,1.1365878930353914,0.07733452973172147
0.8890001034536218,0.05958237442459513,0.05,0.9968102952753781,0.09486134063537525
0.8971306413174295,0.06809107642902254,0.05,0.956771602229226,0.07892718171314682
0.905809416594178,0.07605119755484326,0.05,0.9650071467536006,0.07952781306375319
0.9199333429709203,0.07791320776650412,0.05,0.9650071467536006,0.07952781306375319
0.9354615472910928,0.08076421028466484,0.05,0.9949167035898084,0.11080053731509829
0.9527941528243165,0.08453377672577242,0.05,0.9080484233132173,0.14167687108467164
0.9705336321586954,0.08961553633589242,0.05,0.9088491489251733,0.1421327682509309
0.9884424428309131,0.09547687125926986,0.05,0.9088491489251733,0.1421327682509309
1.0043996411540297,0.10054438364329996,0.05,1.1631865549282374,0.20766985896657092
1.0204693092921198,0.10588714939896966,0.05,1.1670590969462495,0.21122996294918575
1.0348627442792717,0.11106637595743159,0.05,1.1720421936670722,0.21140535379418335
1.046951671594811,0.11434216544257918,0.05,1.1720421936670722,0.21140535379418335
1.0557773530674555,0.11734700052475909,0.05,1.1342691568818213,0.22693507724237405
1.060934897478691,0.11851709632234605,0.05,1.11794793540921,0.24109264741126568
1.0508200744381353,0.1329213186524789,0.05,1.1402935601766866,0.24303334114259845
1.0276020873068856,0.16004925495899294,0.05,1.1402935601766866,0.24303334114259845
1.0115975599928366,0.16989629297994271,0.05,0.6074709472060655,0.22879766067025895
0.9960632755642903,0.17168327318206184,0.05,0.6212891289488903,0.20580479253432876
0.9719804290958061,0.17796263898985806,0.05,0.6167430302963943,0.20566148097937884
0.9390655480717649,0.1892817026285987,0.05,0.6167430302963943,0.20566148097937884
0.9036044621274366,0.20021919616808967,0.05,0.5697879470210866,0.22097184616057758
0.8648367422842633,0.2064126896897016,0.05,0.5317939070177401,0.21753541227411524
0.8204912483463835,0.21099541694971813,0.05,0.5765529014684948,0.22820918188647313
0.7743283183888585,0.2135748247203873,0.05,0.5765529014684948,0.22820918188647313
0.7259231292699503,0.21834661533784028,0.05,0.4543438460478929,0.22242211580043741
0.6728010148744964,0.22659297871326073,0.05,0.7150841580207367,0.27094970365817966
0.6206179609018434,0.23309854916167166,0.05,0.4898155751894857,0.25507400591427604
0.5711191788214528,0.23788462802180108,0.05,0.4898155751894857,0.25507400591427604
0.5209948109889848,0.24863283880120168,0.05,0.3263237155940163,0.22955643521366495
0.4766853258148351,0.25613705741398635,0.05,0.35952486718241533,0.23615963880763677
0.4456164960470302,0.252298947365283,0.05,0.3285655555597176,0.23255900460121712
0.4347969766859758,0.22826123507115784,0.05,0.3285655555597176,0.23255900460121712
0.41915714630454987,0.22023056611530853,0.05,0.5577415680888772,0.24435825345324508
0.4079461905130987,0.2172726515268951,0.05,0.3228338048849771,0.22704790805813785
0.40861232240209,0.20862277816216734,0.05,0.36137887762254484,0.22371812810722846
0.4127651473252599,0.20193936212691901,0.05,0.36137887762254484,0.22371812810722846
0.42148373379759363,0.19390924297349185,0.05,0.38987052626218704,0.21415383022917184
0.43498378548971034,0.18995829839939027,0.05,0.8011083569729465,0.20546065309218745
0.4571184128989203,0.18459806349357677,0.05,0.9414194931745845,0.1778465993748373
0.4827139424680709,0.1801220620472741,0.05,0.9414194931745845,0.1778465993748373
0.512719303359389,0.17211010800167076,0.05,1.0299925913521368,0.1835274405095014
0.5478441134941913,0.16018608668453976,0.05,1.2053528789475545,0.17712578994139802
0.5847011949044434,0.14936498175900426,0.05,1.2375435022959023,0.16432324269515222
0.6236879593735463,0.14339208792060784,0.05,1.2375435022959023,0.16432324269515222
0.6683580585217442,0.1321159532899839,0.05,1.146366684198905,0.1441174581706188
0.71170897912718,0.12528003880127314,0.05,1.3875681801026878,0.10072437992474711
0.756504605537735,0.11543575887480476,0.05,1.3431781310622442,0.10496645847012281
0.7961127402012206,0.11164273972439442,0.05,1.3431781310622442,0.10496645847012281
0.8368746039698444,0.10421679251359862,0.05,1.3715119039668664,0.13876894050983093
0.8723139576456007,0.09967751427107292,0.05,1.096864344526962,0.11214202248829382
0.9012289727318273,0.09477420795858482,0.05,1.0711240595136968,0.1142142493852908
0.9291649281754785,0.08445731954461466,0.05,1.0711240595136968,0.1142142493852908
0.9493522462532638,0.0769985051804514,0.05,0.7628381829487314,0.11280130307306144
0.9642259217867107,0.0701594735712753,0.05,1.1341715712247336,0.11483476395891158
0.9727253641760442,0.06468254070904063,0.05,0.864504661004256,0.09693669098817576
0.976283985790578,0.05868398579057792,0.05,0.864504661004256,0.09693669098817576
0.9742336162502384,0.05681313656303644,0.05,0.8658405449630515,0.0969076610080358
0.9691695149000107,0.054136678531821275,0.05,0.9530674495600902,0.07997864173247277
0.9610421923021942,0.049827607330903204,0.05,0.858810505539473,0.06315923427892352
0.9479983597177188,0.044494423517070385,0.05,0.858810505539473,0.06315923427892352
0.9242931406436234,0.04903727532777116,0.05,0.858803718335743,0.06315919896793412
0.9020437196743005,0.0477320275151703,0.05,0.8544694661586268,0.033736991277603004
0.8783724777695663,0.046655531086847696,0.05,0.7604958137071787,0.052599109850048446
0.8564519275937715,0.03795930324057516,0.05,0.7604958137071787,0.052599109850048446
0.8302779659199238,0.03730627621544328,0.05,0.7437529501768203,0.06636602694540776
0.8079097985861091,0.03499544568560598,0.05,0.7704951557864422,0.050600627852842125
0.7886149409695308,0.0344337230934351,0.05,0.7094419365878556,0.06260256333748333
0.7698911476465259,0.03847361223711193,0.05,0.7094419365878556,0.06260256333748333
0.7572533990652869,0.03885065722018218,0.05,0.6599361080728144,0.06161854204883901
0.7476114997735561,0.038394736371654,0.05,0.7433951100279355,0.03145893648862324
0.7400561356325948,0.037509623838456047,0.05,0.7533061910621813,0.02857141626194206
0.7343942003289748,0.037938400657949636,0.05,0.7533061910621813,0.02857141626194206
0.7317804238227477,0.034942734169219225,0.05,0.7553680259408512,0.035367213607364036
0.730227735795082,0.03304775021752865,0.05,0.7569006991790789,0.0032027630812559715
0.7285967621872059,0.03304275586284108,0.05,0.7613915537976437,0.0033127913674712186
0.7288342060559099,0.03387221583119748,0.05,0.7613915537976437,0.0033127913674712186
0.738646805441301,0.024491099467076796,0.05,0.7651291117084986,-0.010388554756745555
0.7457936162731098,0.020024373010859076,0.05,0.768978554123685,-0.03150987199631446
0.7546678820851408,0.014306391524050156,0.05,0.7689785809999432,-0.031509755394656815
0.7606499132265414,0.015624578060329923,0.05,0.7689785809999432,-0.031509755394656815
0.7701700941148438,0.011116048963545396,0.05,0.9330677386896421,-0.037208338906088836
0.7776419872903079,0.006630413839972345,0.05,0.8748476354414915,-0.041623851868892246
0.7845822397920245,0.0001645392100744188,0.05,0.8755194961577646,-0.041567723721550535
0.7902346888412017,-0.007459299892703858,0.05,0.8755194961577646,-0.041567723721550535
0.7928847112610572,-0.014262186762356638,0.05,0.7841379431156072,-0.04339478122427975
0.7962152583544952,-0.021943041596623622,0.05,0.8052047510600825,-0.069129331498812
0.8020704560074332,-0.030534506111071395,0.05,0.811301978997857,-0.0697137716041508
0.8080268178893178,-0.04007570159445159,0.05,0.811301978997857,-0.0697137716041508
0.8118006373355263,-0.047645531798245606,0.05,0.8445795018367485,-0.10176427758170918
0.8122068807968337,-0.05345440261319472,0.05,0.7915115543695419,-0.10251239367117143
0.8114055171262284,-0.060053084152275546,0.05,0.8578926191430636,-0.11327412063539935
0.8091676021502814,-0.06887242359588061,0.05,0.8578926191430636,-0.11327412063539935
0.8034074855491329,-0.07917872832369942,0.05,0.9152077287501983,-0.16478430938333904
0.7942620192479697,-0.08933053558012236,0.05,0.7605475375903172,-0.10115634508799129
0.7898707488829312,-0.08582430414060173,0.05,0.66305558495192,-0.08563274194055169
0.7768457802965294,-0.08872245184973303,0.05,0.66305558495192,-0.08563274194055169
0.7494220550393138,-0.10141412437455324,0.05,0.7660632518599385,-0.16591653546362173
0.7240260390469493,-0.10507722171897162,0.05,0.5808856065322684,-0.16615974218986565
0.6908398943716544,-0.11660097968502246,0.05,0.5808858986716207,-0.16615985867519167
0.6559679851333469,-0.13002896434149191,0.05,0.5808858986716207,-0.16615985867519167
0.620826061561007,-0.14255551600681496,0.05,0.31297362719955274,-0.16519796600768524
0.5826808586063374,-0.15458077989529045,0.05,0.23314491905132353,-0.164186563314067
0.5397359406123641,-0.1626494993380169,0.05,0.23320058369047322,-0.16422318798013727
0.4938528989738883,-0.1665943522148995,0.05,0.23320058369047322,-0.16422318798013727
0.4482844310091941,-0.16895331836773633,0.05,0.31915999539677825,-0.23391554616630342
0.40453701030927836,-0.17111983910374828,0.05,0.20921833589413008,-0.285616903783531
0.3607091157335562,-0.17142592903187298,0.05,0.20920081225898363,-0.285601816435839
0.31583511000929654,-0.16981207778122093,0.05,0.20920081225898363,-0.285601816435839
0.2695524447159802,-0.1689782192883114,0.05,0.20651339299174487,-0.31053192328285545
0.22278527061993963,-0.16686931453680406,0.05,0.07899393689944074,-0.055968996295426406
0.16857015548310825,-0.17705802642735163,0.05,0.07899388915715219,-0.055968958187549614
0.12344774262734586,-0.17734523592493298,0.05,0.07899388915715219,-0.055968958187549614
0.09248361667998427,-0.16591890660592254,0.05,-0.1994025856792852,-0.1196344534315123
0.061167304985267276,-0.1638429121881971,0.05,-0.5890454895861492,-0.12868991236022131
-0.05134580758309671,-0.10218162506860101,0.05,-0.05,-0.05
-0.07222454532435915,-0.0974989438636689,0.05,-0.05,-0.05
-0.09666944355098103,-0.09380788332558998,0.05,-0.5314269957902195,-0.1096559849793625
-0.12408818196443892,-0.09358118296548763,0.05,-0.15343302544630313,-0.10831626724064722
-0.15266459572717844,-0.093175,0.05,-0.1535173028078582,-0.10837700626325826
-0.18382954220357367,-0.09376775428830267,0.05,-0.1535173028078582,-0.10837700626325826
-0.21580185133298357,-0.09076435282334987,0.05,-0.47744467634212306,-0.10258899666808322
-0.24756117556669963,-0.08762577068766303,0.05,-0.6980012749484813,-0.09809743344369179
-0.2781969292389853,-0.08419756341789052,0.05,-0.698001257938001,-0.09809743865656059
-0.313897171808111,-0.08297732497823779,0.05,-0.698001257938001,-0.09809743865656059
-0.3541018433756481,-0.08231451755170152,0.05,-0.7163297794518878,-0.09261879892291511
-0.3970600578206962,-0.08131605805913208,0.05,-0.570204347979325,-0.08541456305974415
-0.44193154276378555,-0.07879382632131272,0.05,-0.570204347979325,-0.08541456305974415
-0.48610037498509595,-0.07470863449385955,0.05,-0.570204347979325,-0.08541456305974415
-0.5244508385182006,-0.07578010441250088,0.05,-0.6833900042018902,-0.08917789949300212
-0.5587045235086548,-0.07700018507701109,0.05,-0.7761007620527846,-0.09563040096246192
-0.5842735759908482,-0.07923704389999761,0.05,-0.7761007710407516,-0.09563040286898197
-0.6064012565554231,-0.07718128635280094,0.05,-0.7761007710407516,-0.09563040286898197
-0.613580858089743,-0.08335083686996328,0.05,-0.6509372075153577,-0.08797031601398703
-0.6184766543854628,-0.079793418228645,0.05,-0.34186709417353217,-0.0804977464305189
-0.6159138961418318,-0.08054349381214679,0.05,-0.3418699860152144,-0.08049906024974683
-0.606514926369761,-0.0804241876825851,0.05,-0.3418699860152144,-0.08049906024974683
-0.5878614914425427,-0.0842987566342656,0.05,0.2262215697085904,-0.16261534514064854
-0.5640491088565945,-0.08961872772141487,0.05,0.16471428120895779,-0.11187300329618997
-0.5370508254337328,-0.096076351278841,0.05,0.1646660225582793,-0.1118573125456114
-0.5030410688096912,-0.10085343124396379,0.05,0.1646660225582793,-0.1118573125456114
-0.4619590921826007,-0.10344922803629122,0.05,0.22772994246217582,-0.16175532007589158
-0.4161508788305321,-0.10500564187133943,0.05,0.22772993613631298,-0.16175531648401514
-0.36572440291748104,-0.10696360209991895,0.05,0.26074618101933483,-0.1898370402311843
-0.31316630302560494,-0.10983847747790723,0.05,0.26074618101933483,-0.1898370402311843
-0.2628647663729687,-0.10727267535440488,0.05,0.6774222663850019,-0.06571926595079852
-0.21289185468587982,-0.10397057037460816,0.05,0.6872600224870925,-0.07518430253340518
-0.1616706818181818,-0.09502340909090909,0.05,0.6872600224870925,-0.07518430253340518
-0.11138169273969499,-0.08935097893092635,0.05,0.6872600224870925,-0.07518430253340518
-0.06753224987182087,-0.0768229136609155,0.05,0.6197901936157283,-0.09183752317023759
0.07508766391683754,-0.055421789912259795,0.05,0.6968164617311202,-0.06019683281385276
0.12022669479899796,-0.04011140134796612,0.05,0.6988808180986977,0.03143374133455984
0.16633343337943204,-0.021848611972150028,0.05,0.7037646090971356,0.07580013475245809
0.21338666436283038,-0.004350383707905332,0.05,0.7037248728330318,0.07579525271889098
0.2595662600002384,0.010814736565998599,0.05,0.7037248728330318,0.07579525271889098
0.3051685647695572,0.021958530435611936,0.05,0.6859429221831533,0.018436662484774328
0.34990557869708233,0.03122025529176202,0.05,1.1402180863369744,0.14252014713952324
0.39597406702390475,0.03837024680454942,0.05,1.1441649276207893,0.14240342135289266
0.44345441856584344,0.044645095117764856,0.05,1.1441649276207893,0.14240342135289266
0.49182734652627064,0.051150904207112026,0.05,1.2004827524815642,0.10760704320489577
0.5413933097835807,0.057571372443808506,0.05,1.1190816012312546,0.10034704061765537
0.585916367086496,0.05990437067311703,0.05,1.0384314829038783,0.08913140078264611
0.628280581905284,0.06532620897585624,0.05,1.0384314829038783,0.08913140078264611
0.666411329242988,0.07135488605466515,0.05,0.9582284610424745,0.09478676502670666
0.7008112660317537,0.07843920478926292,0.05,0.96398844575518,0.08178559480582587
0.7297194537815126,0.08571543417366947,0.05,0.9639884784008039,0.08178559651693272
0.7596912986192259,0.0845580890945079,0.05,0.9639884784008039,0.08178559651693272
0.7879331680335685,0.07635913599084494,0.05,0.8928428160566458,0.10283943317917342
0.8109751592831661,0.06878524483075418,0.05,0.8606945664418344,0.09305911226942651
0.8283586910894868,0.065008402499523,0.05,0.8606852046261667,0.09305895166688201
0.8426083612488675,0.06011900511420533,0.05,0.8606852046261667,0.09305895166688201
0.8458162463067098,0.06179373212924133,0.05,0.7377659657152813,0.16587947423010455
0.8393260106459074,0.0661025231873346,0.05,0.7893596829234658,0.17207010919158153
0.8282885261683358,0.06707843705293276,0.05,0.919356074779236,0.14925188906384
0.8197906365522668,0.05409271745092895,0.05,0.919356074779236,0.14925188906384
0.7977425054548055,0.05219552974210395,0.05,0.7990930549019261,0.14586248395611576
0.7631588548062135,0.054078875728710916,0.05,0.05,0.049999999999999996
0.7245898297357537,0.052606442269872114,0.05,0.05,0.05
0.6815285552004198,0.05101986726138654,0.05,0.05,0.05
0.6355421739804067,0.04850679629585489,0.05,0.049999999999999996,0.05
0.5874895728748077,0.04350984224270537,0.05,0.05,0.05
0.5369723536210471,0.036968000679169756,0.05,0.05,0.05
0.48221589646705443,0.03681059406884715,0.05,0.05,0.049999999999999996
0.42473213097750273,0.03993060016452663,0.05,0.05,0.049355855283585284
0.3700916559397385,0.04099570386526979,0.05,0.05,0.05
0.3190726398788948,0.03842161775573939,0.05,0.05,0.04087865168002544
0.2704793690246287,0.03531051486541259,0.05,0.05,0.04087865168002544
0.23051530517971033,0.027030675031292844,0.05,0.05,0.042252050990730455
0.19834562768911718,0.016633693968034522,0.05,0.049999999999999996,0.030097800212641246
0.1654050289927697,0.011808957334096934,0.05,0.049999999999999996,0.030097800212641246
0.12536726646156782,0.019643957930886462,0.05,0.049999999999999996,0.025304744673048354
0.09529780650005362,0.01608156441059745,0.05,0.05,-0.03871932109357084
0.07345498563783506,0.010317765282892938,0.05,0.05,-0.032093387372634875
0.05420335714967318,0.007684260639820606,0.05,0.05,-0.03326788393901848
