# v_mps,w_radps,dt_s,cmd_v,cmd_w
-0.07125949214747028,0.05105416190033602,0.05,-0.36029096944972683,0.2237924756523607
-0.09656761073025336,0.06160673800298063,0.05,-0.3781330493512194,0.22057740722089547
-0.12437523535720671,0.0713871611154144,0.05,-0.3781330493512194,0.22057740722089547
-0.14877707121053133,0.08618810842554613,0.05,-0.402124412500608,0.2216213615173332
-0.1727380192997723,0.1012757185261125,0.05,-0.4087899725439075,0.21226386210638307
-0.19550352723436215,0.11804742856121025,0.05,-0.3922102600664664,0.2137192298664755
-0.21587368670489906,0.13544769830577183,0.05,-0.3922102600664664,0.2137192298664755
-0.23443152019611585,0.1506818327408503,0.05,-0.4541624233268737,0.20691131951921177
-0.2511464470954357,0.16341230117565697,0.05,-0.4040445733610023,0.21409467366030405
-0.26637604453586117,0.17501508585226255,0.05,-0.35244881471116163,0.2504799284571646
-0.2811083146576388,0.18433617680717146,0.05,-0.35244881471116163,0.2504799284571646
-0.2949712311138649,0.19167285073399742,0.05,-0.3318896838322929,0.20236408084619517
-0.30427275956609845,0.1976692642150435,0.05,-0.2772146104447729,0.19627602292900834
-0.3119447029378464,0.1978788513795364,0.05,-0.2820278915648043,0.199602235227143
-0.3148949211198358,0.19374257619513593,0.05,-0.2820278915648043,0.199602235227143
-0.30728563049154134,0.19522703656457516,0.05,-0.26202742313514266,0.18619996781879183
-0.2973706371719387,0.19234793449500606,0.05,-0.24395840420006845,0.17382722820429583
-0.28318554474684976,0.1928222226196011,0.05,-0.27097538691351547,0.19014127814852516
-0.26407973170063814,0.19582806487522622,0.05,-0.19758182995217474,0.14068606627903296
-0.24539643470687889,0.1948165541266016,0.05,-0.19758182995217474,0.14068606627903296
-0.2242114969246174,0.1939220658704048,0.05,-0.21381402207230277,0.15165408354081003
-0.2014309856846572,0.19161758963478592,0.05,-0.20854275278906761,0.1480966721967646
-0.17853497484681594,0.18852530458002528,0.05,-0.20854275278906761,0.1480966721967646
-0.15429809397797167,0.18768607018547656,0.05,0.5554336450438064,0.2277819441360325
-0.1292828693215691,0.1887690026231072,0.05,1.0379738420080502,0.2340894949853464
-0.10254310155775122,0.19063870243018724,0.05,1.1206252735664182,0.24675976399509192
-0.07226448270108572,0.1919292559023681,0.05,1.1206252735664182,0.24675976399509192
0.08781556688125894,0.18643525572246067,0.05,1.3003545051711092,0.22356618776537426
0.12983398723008502,0.18033893810585558,0.05,1.3902477205428665,0.2277229527752945
0.17642459519238796,0.1753010662715967,0.05,1.073006917883123,0.18429570996415753
0.22511894037762822,0.16961999285246293,0.05,1.3460406064763148,0.19387850173329477
0.27485804761223054,0.1620491678894814,0.05,1.3897879305942897,0.17177317069721243
0.3240385632019458,0.15297174213701506,0.05,1.3897879305942897,0.17177317069721243
0.371459824583393,0.14591458005061358,0.05,1.250740214065726,0.13664347717194658
0.4197220473613958,0.1379542504886304,0.05,1.0577972054562708,0.13630214279595113
0.4684584196721312,0.12878619910581224,0.05,1.0577972054562708,0.13630214279595113
0.5165753999332452,0.12047951429865655,0.05,1.000320724243048,0.11193845318803002
0.563845980964664,0.11207550663370712,0.05,1.145037705653467,0.11888577418753783
0.6092682376145586,0.10329568371688376,0.05,1.1868620927024922,0.12132480291640967
0.6528709860019793,0.0960119689635026,0.05,1.1868620927024922,0.12132480291640967
0.6925940388192093,0.09122743991129763,0.05,1.1518702879736207,0.1164165681964607
0.7314100693658153,0.08526726457933566,0.05,1.0940527357642644,0.10645857754284678
0.7662853918532635,0.08196920319199619,0.05,1.0995195687918655,0.10639785127676353
0.7993770988544658,0.08110872382019525,0.05,1.0995195687918655,0.10639785127676353
0.8328927343088499,0.07954749800245668,0.05,0.9205129486273594,0.08717690181560861
0.8640146028719536,0.08055675177262706,0.05,0.8978487498040847,0.0826087486871507
0.8942198412982094,0.08139278514494049,0.05,1.4442664084572823,0.08226643101986744
0.9222802427762885,0.08035333631218348,0.05,1.4442664084572823,0.08226643101986744
0.9475592944514653,0.0785616287942011,0.05,1.3669002793982454,0.07425219211056161
0.9693680381557459,0.07363609091342543,0.05,1.311181212013676,0.07072051493014189
0.9871949731791632,0.06719046429848612,0.05,1.3664261774074105,0.06336494200115833
1.0012094546733765,0.06277649001884136,0.05,1.3664261774074105,0.06336494200115833
1.011160734369043,0.059238400388391156,0.05,1.1291724134141423,0.07165785130769207
1.0175347565918085,0.05943127086015354,0.05,1.0160353481357898,0.06291181637569801
1.0207453240497877,0.059472968429586534,0.05,0.9301028723106047,0.06252678196148585
1.0204962045771666,0.059885414008181176,0.05,0.9301028723106047,0.06252678196148585
1.0200518050821197,0.0569273202665014,0.05,1.1817259226470826,0.052489827484005734
1.0189144330357673,0.0533547656222066,0.05,1.1166193760945473,0.02773012851640809
1.0166308288425772,0.05074448113882398,0.05,1.0842739481007824,0.031358606270537305
1.0125799812747482,0.04828848575926721,0.05,0.7654884708080641,0.005212594303677492
1.0067819043472037,0.0453141188681046,0.05,0.7654884708080641,0.005212594303677492
0.9983059638740898,0.03906258626238066,0.05,0.7634264014356699,0.00426257226752791
0.9845853442933584,0.031045779158870707,0.05,1.2385598444680843,-0.0525726879491139
0.9656488758553274,0.02478239247311828,0.05,1.2385598444680843,-0.0525726879491139
0.9445607311011515,0.019677463227406013,0.05,1.104366904415396,-0.012579691301603383
0.9241417496812477,0.016353738933044173,0.05,0.7647743213791623,-0.026438271973870105
0.9042733675039359,0.016776387398024905,0.05,0.7650625452677268,-0.028224070573338682
0.8868140060240964,0.017507831325301208,0.05,0.7650625452677268,-0.028224070573338682
0.8716582843997279,0.01617776952271832,0.05,0.7571775173548618,-0.04296630536458529
0.860901403512956,0.009081685169506684,0.05,0.7589781690572234,-0.04331661049176272
0.8568832216485627,-0.0038227723657696115,0.05,0.7591256998662632,-0.045224306824171424
0.8557330046867173,-0.016179739785818208,0.05,0.7591256998662632,-0.045224306824171424
0.8541800844324658,-0.022397583895818925,0.05,0.910109709700383,-0.07261790929358804
0.8543167276737808,-0.02676328365327292,0.05,0.9116876619496032,-0.06615246551400326
0.858279108168665,-0.033728014683097746,0.05,0.979945434846209,-0.09528178988029579
0.8647021085019856,-0.041088663820347995,0.05,1.0328481921562682,-0.12334964202548518
0.8733534471038603,-0.05022752048227255,0.05,1.0328481921562682,-0.12334964202548518
0.8846622304859297,-0.059759492437515646,0.05,0.9797764243849838,-0.11593747485225595
0.900531918373914,-0.07083809664271157,0.05,0.9642211220179154,-0.13509670170519955
0.9220396464646464,-0.0823835333858061,0.05,1.006504463691526,-0.14562500358545719
0.9486831628819502,-0.09421166513608281,0.05,1.006504463691526,-0.14562500358545719
0.9845222078556618,-0.10063228185999953,0.05,1.2206069070373862,-0.202974663365078
1.0233716815846872,-0.1046999258071821,0.05,1.3439264396146389,-0.2150312475369395
1.0599511761618474,-0.11331957367115184,0.05,1.3439264396146389,-0.2150312475369395
1.0933840547403055,-0.12392860127314125,0.05,1.3745723020282015,-0.2657262488029591
1.1245540907085714,-0.12907660778796515,0.05,1.1828774343237103,-0.26639027939121357
1.150810304180923,-0.12899208670616708,0.05,1.2590562318619587,-0.29523973996029224
1.1750559600162127,-0.13057167785274904,0.05,1.2590562318619587,-0.29523973996029224
1.1990838080879112,-0.1327422711345244,0.05,1.210500408852701,-0.3248122777662818
1.2209759964837,-0.13779580308719233,0.05,1.0423100148542708,-0.34500312549301665
1.240040382781678,-0.14359371089047546,0.05,1.1890159880885818,-0.3516909484954874
1.2556138866705606,-0.14867197962978412,0.05,1.1890159880885818,-0.3516909484954874
1.2688369842149814,-0.15565428007677912,0.05,1.2696027956554474,-0.3227927838012263
1.2817798771758193,-0.15774296818143857,0.05,1.2457268837787803,-0.3002478053314468
1.292395138963376,-0.15498271926060997,0.05,1.3490616733296794,-0.316871685584404
1.3027279272566878,-0.1504650726002575,0.05,1.3490616733296794,-0.316871685584404
1.3103518305108983,-0.14757070944214704,0.05,1.3112862819242694,-0.33342951310455976
1.3110681501174284,-0.14827883132056127,0.05,1.080099334053788,-0.3351889656974737
1.3076410447983595,-0.15545303592928583,0.05,1.297886375597134,-0.3440444674047594
1.3035391005852275,-0.15953233918163506,0.05,1.297886375597134,-0.3440444674047594
1.302300712268535,-0.1605388777674507,0.05,1.0508930179595775,-0.3342056561200636
1.2999016998664918,-0.16652399307647775,0.05,1.2293087901858528,-0.31564753253196387
1.2991000745556482,-0.1638806632470476,0.05,1.296728757492327,-0.2736161371692932
1.2961341768419798,-0.16159468937995117,0.05,1.3444544428485323,-0.30973556137072306
1.2924468226706742,-0.1601708565908115,0.05,1.3444544428485323,-0.30973556137072306
1.287915874581362,-0.1578918918274674,0.05,1.069799825429853,-0.3185989776445052
1.2829546551251652,-0.14810557465238475,0.05,1.0729562687693743,-0.29944551925891777
1.2692739103740969,-0.1414085054004435,0.05,1.0729562687693743,-0.29944551925891777
1.2390037271230523,-0.14980996623636927,0.05,1.1253028995227154,-0.2915376989082316
1.1985315202879891,-0.1669462439803557,0.05,1.1096967259138943,-0.29755948812009936
1.1582700173511735,-0.18137045023611906,0.05,0.4517309891275363,-0.3197192719380373
1.1165473657874043,-0.1860608382776944,0.05,0.4517309891275363,-0.3197192719380373
1.0691625901918926,-0.19108869455807465,0.05,0.5057645566943572,-0.23982275216761612
1.018969648392789,-0.1957715357926364,0.05,0.41830024754636,-0.23163014933169973
0.9584215383239957,-0.21222969364644176,0.05,0.4390401452518628,-0.23531645179946137
0.9042580386743625,-0.21808178947933313,0.05,0.41172647723936595,-0.2652068517456321
0.8516717952768108,-0.21472565119689097,0.05,0.41172647723936595,-0.2652068517456321
0.7955603038427167,-0.21519384539767647,0.05,0.39845292557367296,-0.2191334164470937
0.7501294826085402,-0.2091697679548788,0.05,0.39885901772699434,-0.21914395074973428
0.7006241822429906,-0.21452774741321762,0.05,0.39885901772699434,-0.21914395074973428
0.6536997154549142,-0.22085315266410557,0.05,0.42196520785529557,-0.30088778090047247
0.6107484501669052,-0.22327445457796855,0.05,0.5150296560665663,-0.22274220904693284
0.5648389513331823,-0.24009711342479467,0.05,0.5057092793740116,-0.2226214384117799
0.5360102213129443,-0.24506627471477213,0.05,0.5057092793740116,-0.2226214384117799
0.5279363105026096,-0.2312568033411978,0.05,0.4442584958451278,-0.22468966830358902
0.5318647361865942,-0.21041687613224636,0.05,0.47466963859596073,-0.23577717360338166
0.5403002428659976,-0.1913339410446516,0.05,0.5117682831513892,-0.24400129923991085
0.5505629943166247,-0.18523653266451406,0.05,0.5927690326852718,-0.21116007709282966
0.5701245612047791,-0.17699713292633487,0.05,0.5927690326852718,-0.21116007709282966
0.595212671587903,-0.17326603512785685,0.05,0.800364322221641,-0.21193362155723788
0.6345269644496917,-0.15768861340679521,0.05,0.8054637327097492,-0.2133843459505734
0.670946349564118,-0.15309936138241922,0.05,0.8054637327097492,-0.2133843459505734
0.7097744999821316,-0.1569274265310255,0.05,0.8610719514831173,-0.19183943152281863
0.7548102631547591,-0.1559992046375292,0.05,1.1879849176931996,-0.236220497439194
0.7878400709959703,-0.16898892498628962,0.05,1.2673810445096552,-0.2507045771417361
0.8322712357192263,-0.1642991479237723,0.05,1.2673810445096552,-0.2507045771417361
0.8733555587351554,-0.16381753469738158,0.05,1.287279723800241,-0.26199366878853
0.9128257704183207,-0.1661906077512726,0.05,1.2981307523490304,-0.25905962556859663
0.9559960317129271,-0.15724231608051578,0.05,1.3704679652061467,-0.25985844737568947
0.992288715139086,-0.15271822485065994,0.05,1.3704679652061467,-0.25985844737568947
1.0231265592230696,-0.14719377055529076,0.05,1.125763346192542,-0.21715071851036313
1.0492655476684307,-0.14111934302436469,0.05,1.1592150052671055,-0.18519379429859065
1.0680156729496764,-0.13935462373475446,0.05,1.1290225774583877,-0.19988448939005718
1.0834659489233849,-0.13219618028232827,0.05,1.1290225774583877,-0.19988448939005718
1.0928163712119405,-0.12431798776853198,0.05,1.1070990562407745,-0.1834038923586324
1.0960470326604106,-0.11701314524879863,0.05,0.9213218072789392,-0.14040579829114502
1.0949006617541852,-0.1079739733867506,0.05,1.0277156367795046,-0.16110798635261647
1.0928673778524929,-0.09594252450103727,0.05,1.0277156367795046,-0.16110798635261647
1.0840370568751492,-0.08848044133444735,0.05,0.9042545945540451,-0.12740446519206344
1.0736187161694923,-0.0788458699954694,0.05,0.8082759758914633,-0.11183343398367736
1.0618857481584616,-0.07129579480680209,0.05,1.3159343752733765,-0.14506342866550065
1.0485137137542924,-0.0671380323588325,0.05,1.4328488788510145,-0.06540187796057917
1.0398185811576397,-0.058198021301718694,0.05,1.4328488788510145,-0.06540187796057917
1.0318697149141107,-0.05026229719742034,0.05,1.451972874003496,-0.05701853228196943
1.0237351039233447,-0.04376539424131191,0.05,0.9302249124318354,-0.03192655975116944
1.0147829154689345,-0.04054569621536516,0.05,0.9302249124318354,-0.03192655975116944
1.0057540688664515,-0.04014087999332436,0.05,1.1692186693053022,-0.049752346310543545
0.9968490420485562,-0.03913482652586916,0.05,1.135725039910689,-0.0738679262139008
0.9893515476119669,-0.0352550883245108,0.05,1.1333957591335284,-0.07346439111696912
0.9813495895535725,-0.033202952950567716,0.05,0.8815944081086483,-0.02294665426459084
0.972400937682559,-0.03088037125791337,0.05,0.8815944081086483,-0.02294665426459084
0.9640207197759637,-0.027453563427277602,0.05,0.8082558988558931,-0.012122381493723869
0.9529354614559113,-0.027782183270732726,0.05,0.9262516044096121,-0.08746116671826423
0.9408475253572662,-0.028584382486501952,0.05,0.8561331427107256,-0.07544951757741412
0.9287893061260939,-0.029538158599749953,0.05,0.8561331427107256,-0.07544951757741412
0.9174318626165326,-0.03147260347869626,0.05,0.7836410488130179,-0.06212686622010224
0.9057048497854077,-0.032033363733905584,0.05,0.7836410438413034,-0.062126865214924755
0.89014500494442,-0.033360590590113544,0.05,0.8065488921495885,0.020237134526883877
0.8724434749824156,-0.034203863509018724,0.05,0.8065488921495885,0.020237134526883877
0.8566756111733576,-0.03114792570563555,0.05,0.8011160029450285,0.020416733252471703
0.8434426419411737,-0.028159355484578347,0.05,0.9015264621632917,0.02308007574858651
0.8337057322485207,-0.02577690041038366,0.05,0.8409401591999509,0.021680440312628186
0.8275803145873092,-0.022221196326335877,0.05,0.8409401591999509,0.021680440312628186
0.8233069508356978,-0.021160584511575785,0.05,0.8545576013062117,-0.022816882253199985
0.82080339945623,-0.022629201993822966,0.05,0.8492759421887148,-0.02346516090593655
0.8206644176204101,-0.02608821053886505,0.05,0.93011416651899,0.022243911288064466
0.8251858610001788,-0.02900131966382547,0.05,0.93011416651899,0.022243911288064466
0.8326430399961863,-0.029814403870906232,0.05,0.9122264205222469,0.023797973343941584
0.8431075759020633,-0.025770004529687335,0.05,0.9281609361865236,0.024348744830091175
0.8508069936573037,-0.02372343161333397,0.05,0.9281609361865236,0.024348744830091175
0.8572647795203392,-0.017216602957987995,0.05,0.8833292060745631,0.024255701417888693
0.8608179926319806,-0.008200743955362678,0.05,1.1009434379065195,-0.009337067471515333
0.8653729697670537,0.002911301590329272,0.05,1.108576966215052,0.030332415833937625
0.8698576644403364,0.012113884250700698,0.05,1.108576966215052,0.030332415833937625
0.8728613688389728,0.019226174082552398,0.05,0.7609726106934288,0.021800612709572037
0.8719764516763406,0.021508314958940684,0.05,0.7638008854218434,0.02825274400763306
0.8688869547079857,0.01678926072705602,0.05,0.7638009101059278,0.028252754672797024
0.865637171831289,0.008208075102216482,0.05,0.7638009101059278,0.028252754672797024
0.86435035024025,-0.0004521825183913393,0.05,0.7651901103084356,0.03586708481192433
0.8645121070513202,-0.004921923168623711,0.05,0.7684512176826364,0.03184040984757323
0.8650886819015191,0.0008523638030382394,0.05,0.8699113255347544,0.03555420207096952
0.8678681976619477,0.0064901848276848265,0.05,0.8699113255347544,0.03555420207096952
0.8721538002074466,0.007731817125076004,0.05,1.0050863182108791,-0.10180245059925819
0.879141407116038,0.006369755050956552,0.05,1.0990882960254744,-0.09020946485818974
0.8892617060204775,0.003456832187086546,0.05,1.1052695043671443,-0.09025816038029966
0.9018326785288506,-0.001762214771101574,0.05,1.1052695043671443,-0.09025816038029966
0.9155692298065577,-0.009028734460852674,0.05,1.028108842324511,0.0644207466424804
0.9259068227329074,-0.017554549680556884,0.05,1.1370860081559018,0.037144845496920646
0.9351454854322636,-0.020588254315483286,0.05,1.1506384433013583,0.03614988468152815
0.9484720731998093,-0.01872568550309967,0.05,1.1506384433013583,0.03614988468152815
0.9633282009888605,-0.017337050991838927,0.05,1.0286582796070576,-0.04015001663789391
0.9823406338296833,-0.015644703978349765,0.05,0.8479610605964397,-0.04805262162652651
0.9981055362909472,-0.011035431785412126,0.05,0.813781371493293,-0.029377621530809066
1.009370974975548,-0.002439004389417687,0.05,0.813781371493293,-0.029377621530809066
1.0153646172046344,0.007902646431295889,0.05,1.4905062688202502,0.013230779523860212
1.0194402007642493,0.016276964192181324,0.05,1.422560102043952,0.02908711099024972
1.0242009090204864,0.01838569104625249,0.05,1.4354588816401606,0.0280997277919921
1.029899564211706,0.025231320122569185,0.05,1.4354588816401606,0.0280997277919921
1.0337706172758585,0.03303904318964592,0.05,0.9963549747931133,0.04935142849967465
1.035234084541466,0.03986417956268778,0.05,1.1310695810864662,0.11688435069918672
1.03529574099888,0.04772534938165702,0.05,1.1456790809270267,0.11344645356068243
1.0341424945180666,0.059666389789303075,0.05,1.1456790809270267,0.11344645356068243
1.0349380172526779,0.0728666983402638,0.05,1.0273210745358208,0.11773352340625703
1.0415797486233285,0.08667074304512623,0.05,1.2443660180651699,0.18225164278368328
1.050233876025372,0.09542456838992751,0.05,1.2483197910820956,0.1832461951455014
1.0616447631635348,0.09451568193184254,0.05,1.2483197910820956,0.1832461951455014
1.073214082329389,0.09395677438958996,0.05,1.1380011039316005,0.1452163931579726
1.0829556442770654,0.09367256757400964,0.05,1.0914066590722389,0.17176030731713646
1.0948515092450197,0.09865579378419942,0.05,1.0957101294070075,0.17225741434721917
1.1071849077682052,0.10565057823615628,0.05,1.040318888842818,0.17873485938335107
1.1216653312086733,0.11084793798772861,0.05,1.040318888842818,0.17873485938335107
1.1341904973129493,0.11718492927872641,0.05,1.1118997597649813,0.18621616377754804
1.146500935136101,0.12204743879921377,0.05,1.2509117425711291,0.2189253523986837
1.1577888428322638,0.12270190734069711,0.05,1.2247532087997224,0.23254177568151976
1.169490906301755,0.12423327902155393,0.05,1.2247532087997224,0.23254177568151976
1.1788762413123042,0.13125764010586174,0.05,1.1658994558804598,0.233516196201393
1.1880997534129083,0.13652743668548828,0.05,1.1665535343171003,0.23358462545323727
1.1978949186797987,0.14345814215534305,0.05,1.1665535343171003,0.23358462545323727
1.2105689990699005,0.14912877584603276,0.05,1.2981040659989656,0.257584094513374
1.2236878621655443,0.15153156844049817,0.05,1.3311474004576533,0.266245752564961
1.235781000405312,0.15274367534511124,0.05,1.280101822824073,0.2742295352172057
1.2410224957955127,0.1629201526139386,0.05,1.2969438110500293,0.2732546098122072
1.244785849422462,0.17197743216314257,0.05,1.2969438110500293,0.2732546098122072
1.2459647736350736,0.18156201635884534,0.05,1.0989740491799007,0.26155249653321955
1.2502407020409136,0.18369709360545516,0.05,1.2563522920953056,0.2734229545496561
1.2546160857796962,0.18401925154412993,0.05,1.3133724775007223,0.244645497545105
1.2560297976758044,0.1877994669249106,0.05,1.3133724775007223,0.244645497545105
1.2608217757315692,0.1901423192681328,0.05,1.191602951385109,0.2377658835899567
1.2655546298283262,0.1896630662851693,0.05,1.1578254025268866,0.2333967542484024
1.2671365117610573,0.18893808089603512,0.05,1.3117740331631325,0.2378032054109019
1.2664312923062255,0.18809155812041187,0.05,1.3117740331631325,0.2378032054109019
1.2637529561304166,0.187150724801812,0.05,1.2697334638571363,0.21069210457223933
1.261272088295957,0.18428821458802772,0.05,1.269387995071054,0.21200176236500254
1.2563838689972466,0.17669811499541116,0.05,1.269387995071054,0.21200176236500254
1.246275060498051,0.1680317006806776,0.05,1.3165651265992726,0.19491751569414886
1.2340946880028607,0.15944273466833542,0.05,1.0768763928996028,0.17469135985279732
1.2204269259877243,0.15191441213276918,0.05,1.1342200157636053,0.17512637381189786
1.207056216167879,0.1423561690711816,0.05,1.1342200157636053,0.17512637381189786
1.1936300477964812,0.13520204132044472,0.05,0.9888457783403498,0.17142814155478975
1.1824351075307273,0.12737325053944185,0.05,1.0286968751108065,0.14954360093427757
1.1684853123845171,0.1255208047730876,0.05,1.0357242697020226,0.14673197640371965
1.1538768428588475,0.12408668416656723,0.05,1.0357242697020226,0.14673197640371965
1.1398756397262233,0.12016915184107603,0.05,1.0422146304318014,0.13779671455176365
1.124117340002145,0.1107930498790558,0.05,1.1462426004570825,0.13280768831650316
1.104718781821217,0.10217801101744428,0.05,1.1618326909172785,0.13305722117470986
1.0838596015831765,0.09364130057700103,0.05,1.1618326909172785,0.13305722117470986
1.0624558616122566,0.08596349513172967,0.05,0.9652973833607057,0.117810673205085
1.0429100532789817,0.07397823070871773,0.05,0.8636478896612512,0.11864293528940065
1.0198826335809594,0.06751473802511239,0.05,0.8759706159273158,0.11527311290134616
0.9968616814607412,0.06226959847491957,0.05,0.8501709714707824,0.11326614205356954
0.9730708543417367,0.061863067226890764,0.05,0.8501709714707824,0.11326614205356954
0.9456388736214606,0.06765550938897168,0.05,0.8967743659529405,0.09361008552237741
0.9240114424120938,0.06659684707257997,0.05,0.8295892737760238,0.09382233013004107
0.9039402979646829,0.06407716975282882,0.05,0.8295892737760238,0.09382233013004107
0.8847992164512478,0.06307354160462207,0.05,0.6766234751150201,0.09711607599876991
0.8677110610544908,0.06602932459364633,0.05,0.7354269769495829,0.07822149601993698
0.8531144058957456,0.06787033919013959,0.05,0.7227478145896562,0.08239249345903107
0.8441367403215987,0.06797888926691258,0.05,0.7227478145896562,0.08239249345903107
0.8400104021083261,0.06681899937990413,0.05,0.9006490950711369,0.083084691220364
0.8384538243186833,0.06831590613632298,0.05,0.8858432698875522,0.08347213328792388
0.8425729547025455,0.0689190854704929,0.05,1.0201188025585939,0.07858933302139051
0.8507814296259255,0.068099563659309,0.05,1.0201188025585939,0.07858933302139051
0.8615190571009551,0.06723702708986634,0.05,1.0459438236584544,0.07416540452488223
0.8749195586255377,0.06711282779902539,0.05,1.0000108957654537,0.06490315291979044
0.8919823614656139,0.06475516059969944,0.05,0.9984884572065216,0.06508623818462275
0.9131686420525656,0.061058012098456405,0.05,0.9984884572065216,0.06508623818462275
0.9412655748607284,0.050799894427942596,0.05,1.102184813933015,0.035629054433887246
0.9771956421608352,0.03383096994470398,0.05,1.0405345435432265,-0.02020018028778813
1.0123957330454905,0.0241293587939219,0.05,1.3505256205746845,-0.042783591266105106
1.0490561873158981,0.016873504525777253,0.05,1.3505256205746845,-0.042783591266105106
1.0852081620249543,0.01144857262879411,0.05,1.4297336660116224,-0.1408150153191289
1.1181544220728132,0.00578776911522781,0.05,1.4377847015875207,-0.1376365418293017
1.1498720697815823,0.0014119429276551105,0.05,1.4128894733641746,-0.1333479560376764
1.1798877417757465,-0.005036396124428747,0.05,1.4128894733641746,-0.1333479560376764
1.210009159227166,-0.015003053075721997,0.05,1.469983494578187,-0.0148473705263412
1.2385391308753233,-0.02507167447460334,0.05,1.5,0.009022330339234602
1.2622375938908363,-0.03755405608412619,0.05,0.8388324826442418,0.05409323056615173
1.281144041073835,-0.05181347213443214,0.05,0.8388324826442418,0.05409323056615173
1.29827477581813,-0.06890378935835755,0.05,1.5,-0.24001852735098653
1.3173861699401712,-0.08145015463733225,0.05,1.4531950735784112,-0.20183417610528928
1.3435789036327002,-0.08040577005615365,0.05,1.456963315586818,-0.20251575781630507
1.3656845726933664,-0.08245979492618058,0.05,1.3830144046975728,-0.2494580203180408
1.3861226230211712,-0.07936705249856953,0.05,1.3830144046975728,-0.2494580203180408
1.3994128510298465,-0.079148457614189,0.05,1.3541377681396882,-0.27805278541946027
1.4083268342034998,-0.08229856154341296,0.05,1.3786876759978426,-0.2741606253162607
1.412353231102001,-0.08932356633814399,0.05,1.3786876759978426,-0.2741606253162607
1.4167860200722746,-0.09753259776736199,0.05,1.3416554879326354,-0.2773150787098338
1.4178620711047483,-0.10563591505607255,0.05,1.360407698790333,-0.2728134189938687
1.4144337316701583,-0.11632033541230241,0.05,1.3957687567832209,-0.2877652852889689
1.4095366179714983,-0.11960067944666389,0.05,1.3957687567832209,-0.2877652852889689
1.396750175264984,-0.11814893410275058,0.05,1.3805717453478934,-0.2323806126307895
1.380488161015434,-0.11456592604731543,0.05,1.3076646583506264,-0.2856179481453899
1.3645095594020458,-0.10857634736428011,0.05,1.2450481549848573,-0.21423248192792532
1.3480007582893183,-0.10180921810356133,0.05,1.2088231957398503,-0.1983144762886425
1.331788701194934,-0.0904216367138121,0.05,1.2088231957398503,-0.1983144762886425
1.3111779569412185,-0.08312499999999999,0.05,1.1031181147788145,-0.1661258545819876
1.2818548586109058,-0.08974819210319257,0.05,0.9342989406111329,-0.1434515989918654
1.2540475707777803,-0.0926745635270828,0.05,0.9342989406111329,-0.1434515989918654
1.2233882800581617,-0.09862083392925249,0.05,1.16438053508963,-0.22319140116898267
1.1989553747334818,-0.09592503692542255,0.05,0.9948199070769936,-0.2599520465738143
1.1761763133241838,-0.09259653022256699,0.05,1.015962368877937,-0.2593944246984285
1.1571544022270441,-0.0885205733326975,0.05,1.1219350397952952,-0.17597024930637087
1.1386754108674133,-0.0899258828580629,0.05,1.1219350397952952,-0.17597024930637087
1.1251070262119602,-0.09325273801151467,0.05,1.0232743037956895,-0.13553351478027992
1.11859264712893,-0.09671618805568134,0.05,1.025487754430924,-0.1363278798676297
1.1125302594244022,-0.10421672309783257,0.05,1.031204382433371,-0.1591788949642088
1.111186721152242,-0.11088056426238885,0.05,1.031204382433371,-0.1591788949642088
1.1128714012305931,-0.12020187093081491,0.05,1.3739414263611391,-0.25299235124582437
1.1193208997294495,-0.12433884724026553,0.05,1.3138129109013665,-0.2664520626251582
1.1300757897152256,-0.12299007015055251,0.05,1.3290287182730565,-0.21875836128539278
1.1372970894392311,-0.12703470316095725,0.05,1.3290287182730565,-0.21875836128539278
1.1457165755914427,-0.12737722304987784,0.05,1.3813511022168945,-0.20279032108156206
1.1533985687466475,-0.12353417039156088,0.05,1.2308168091156186,-0.21223276881112219
1.1568570197396653,-0.12407034401373193,0.05,1.151498728891299,-0.21587674300420007
1.16113259305832,-0.11613008677099847,0.05,1.151498728891299,-0.21587674300420007
1.1604220089519859,-0.11020773107090068,0.05,1.120973758715262,-0.2036362616732163
1.157420635895357,-0.10721024670307393,0.05,1.1266620529712343,-0.20437797820065348
1.15278174129828,-0.1046099172173581,0.05,0.9920695321130476,-0.09249651061450957
1.1464726638855782,-0.09943403456495828,0.05,0.9920695321130476,-0.09249651061450957
1.1376160956944643,-0.09461902714203976,0.05,0.9147767002196339,-0.08034876436479349
1.1247304199178034,-0.08902198701530764,0.05,0.9146286664082752,-0.08033914239318604
1.111618002980626,-0.08229387660208644,0.05,0.9146286664082752,-0.08033914239318604
1.0970420256511255,-0.07829953746807036,0.05,1.3424502288687834,-0.22944080303000247
1.0833759300772678,-0.06858501860154535,0.05,1.3902439054326754,-0.1388585922379292
1.0658034177697815,-0.06193213341038259,0.05,1.440258649473063,-0.13127983077881128
1.0468689548813923,-0.05609469841459053,0.05,1.440258649473063,-0.13127983077881128
1.0287536487517586,-0.04895684744509883,0.05,0.9899452286778857,-0.07409718779162362
1.0099519613747214,-0.04328779052434501,0.05,0.8961604394707258,-0.08658889241447515
0.9886105347749854,-0.042334562375505425,0.05,0.896997223560146,-0.08665406220863657
0.9703460185880697,-0.03462779119123415,0.05,0.896997223560146,-0.08665406220863657
0.9517871402181037,-0.03283969906441809,0.05,1.1466275074859413,0.09947824592024679
0.9335521125459055,-0.034999539752945105,0.05,-0.5987771017043978,-0.15408169553690457
0.9171507437780108,-0.032592807761991034,0.05,-0.40168120904070864,-0.06787521093977558
0.8917134341976576,-0.04152018677989552,0.05,-0.40168120904070864,-0.06787521093977558
0.8720176773755333,-0.04138863265330442,0.05,0.8808760474418195,-0.013800909974158443
0.8535835642602592,-0.04074472384119379,0.05,0.7636828221733866,-0.0022780104456201614
0.8378331409759876,-0.039524207531430613,0.05,0.7636828221733866,-0.0022780104456201614
0.8214848731224872,-0.045198244473341996,0.05,0.7636828221733866,-0.0022780104456201614
0.8096160405709992,-0.049299446352545524,0.05,0.7662480290554662,-0.021088660041776855
0.8011557094405302,-0.05532850339162882,0.05,0.512964456711572,-0.13682252735774456
0.7971915380210446,-0.061360770442127364,0.05,0.7447118114157583,-0.17373294676767304
0.7963920633880042,-0.06808675413607322,0.05,0.7447118114157583,-0.17373294676767304
0.8022195394211159,-0.07306235047882553,0.05,1.0169804642638929,-0.14927832908370592
0.8120504727216368,-0.07822995195288283,0.05,0.9951401002426593,-0.14894961746939164
0.8297059350674121,-0.0817739900103711,0.05,1.0090744658821895,-0.14710427130624854
0.8513296251280951,-0.08619895706727675,0.05,1.0090744658821895,-0.14710427130624854
0.8708829807589142,-0.09538382121526412,0.05,0.9203517687939221,-0.12572556632380882
0.8950832573923209,-0.09895191979674844,0.05,1.3984240502309337,-0.15006242026148378
0.9174915327145122,-0.10282241340276206,0.05,1.2213998741753225,-0.14687320787755673
0.9464508901243425,-0.08959006665471066,0.05,1.2213998741753225,-0.14687320787755673
0.9695107659708895,-0.08155811210318642,0.05,1.199841791236665,-0.13510418382662864
0.9873135744003625,-0.07867721526155165,0.05,1.1210490495830832,-0.11120115781254206
1.0018333811998,-0.0771818090545082,0.05,1.0085687879624423,-0.11956085592405649
1.016786836599671,-0.0685751475216365,0.05,0.9267400719893415,-0.10803028833542239
1.0269335842475553,-0.060528501967564985,0.05,0.9267400719893415,-0.10803028833542239
1.031517670934058,-0.05779007920898297,0.05,0.8584329167350775,-0.10722597945284704
1.0349031536792925,-0.05484684632070749,0.05,1.4487314791131107,-0.12136084705624037
1.0401925201096347,-0.04920622206995173,0.05,1.4487314791131107,-0.12136084705624037
1.0504336917370354,-0.03601764467344115,0.05,1.309040963071909,-0.0008268250382690917
1.0613262652117426,-0.023340435821642688,0.05,1.4515211805282378,0.03937815711412239
1.068197503247953,-0.015037315403044134,0.05,1.3410542794553366,0.03643510143856179
1.0718637651906358,-0.00970721994967263,0.05,1.3410542794553366,0.03643510143856179
1.0766041136751017,-0.0015051217564394418,0.05,1.4223059764328199,0.0931715786477092
1.076991510052708,0.002703303799279737,0.05,1.350829308327944,0.11745744475074879
1.0747841880520161,0.009569854404805895,0.05,1.3963056482516893,0.11989257353301601
1.0720789329057487,0.015338386960253692,0.05,1.3963056482516893,0.11989257353301601
1.069339836874866,0.01742838770837805,0.05,0.805300443770648,0.08633210145076234
1.0754553771008026,0.01908064368954042,0.05,0.8926783916217621,0.07360487091597515
1.0831526750101508,0.021185605101626506,0.05,0.9327662931405911,0.07385222919341923
1.0874546312853157,0.020889154030469925,0.05,0.9327662931405911,0.07385222919341923
1.0891843143920419,0.02316395906390897,0.05,1.1237946898785696,0.12201173306505667
1.0896674516382794,0.030945356321291074,0.05,0.9927778473049182,0.09615065718933592
1.0864949413769274,0.035796826966613446,0.05,1.001245477163162,0.09058721780416266
1.0743094073147488,0.03666805366928758,0.05,1.001245477163162,0.09058721780416266
1.0520365907898501,0.030245563650672522,0.05,0.9541266490671451,0.09987108146741691
1.022663271667481,0.026552196249985102,0.05,0.8093356352753841,0.03621223739489343
0.9960670616565732,0.03036726968194173,0.05,0.8538840887889941,0.04670746034746395
0.9719437074180578,0.04282459550883557,0.05,0.8538840887889941,0.04670746034746395
0.9499712094938444,0.05526510690407237,0.05,0.9804864103031633,0.08546385682892857
0.9318574681130051,0.061667081892955056,0.05,0.773977402387916,0.056678085961991385
0.9218666079686308,0.061701581271453095,0.05,1.0919861031928646,0.07545244753745665
0.9173901944242394,0.0597000283199981,0.05,1.0919861031928646,0.07545244753745665
0.9147853507434235,0.06004563476934807,0.05,1.1040262505452583,0.11903687180760397
0.9077715413004854,0.06657935393090948,0.05,0.9932925712352045,0.09113292702930144
0.8994703986414014,0.07469681980693602,0.05,0.9944802160939556,0.09120578421112631
0.8944333420776496,0.08622950252790233,0.05,0.9944802160939556,0.09120578421112631
0.8992207275556562,0.09393866633676352,0.05,0.9933325682308968,0.11646572463317963
0.9124683387961858,0.09263721692491061,0.05,0.9911152832115462,0.13214332476512994
0.9263245905889083,0.0963075749991061,0.05,0.9813355481001144,0.1304805245260096
0.9469375770363218,0.0996357561778064,0.05,0.9813355481001144,0.1304805245260096
0.9711158126766105,0.1046423605894767,0.05,0.920420785334552,0.1194595581069013
0.9989368887723604,0.10625326246290624,0.05,1.1792174698321938,0.15967471191407825
1.025363446840982,0.10381984029044605,0.05,1.2611917219028548,0.1649090905445924
1.0516335303097162,0.09615313621781493,0.05,1.2611917219028548,0.1649090905445924
1.0759316447556444,0.09071253215204345,0.05,1.1429249225733402,0.15220870060532662
1.0974414289544236,0.09526291689008043,0.05,1.1717064645794144,0.2284446414439368
1.114222099547997,0.10220688738088708,0.05,1.219524597483139,0.21164941416186
1.1276763879614615,0.10904232567013258,0.05,1.219524597483139,0.21164941416186
1.1410867897608807,0.10837285185802961,0.05,1.150385530958303,0.2058871589146591
1.1519095018252092,0.10979186171354949,0.05,1.12328532488392,0.23169190550859847
1.162255635502324,0.11027993534739602,0.05,1.1922712038439027,0.22812929684953492
1.1736149330359804,0.10735695907025558,0.05,1.1922712038439027,0.22812929684953492
1.180120817189046,0.1095874515671384,0.05,1.0948076260903978,0.21600581201470886
1.1840402077796714,0.11932962573440908,0.05,0.9559085487908053,0.17583071837915873
1.1893165861974417,0.12698146704338184,0.05,1.2359736925113634,0.18844731346541416
1.1921903014697994,0.13628998319207522,0.05,1.2359736925113634,0.18844731346541416
1.1964769032412104,0.14047108100041786,0.05,1.2643037083356081,0.22721419021536185
1.1973344943492397,0.14718311946981696,0.05,1.3476083188529133,0.23365213606311952
1.1975640900038163,0.15059018598244525,0.05,1.2461621830325653,0.23234985459985957
1.1940234134695629,0.15668222626910513,0.05,1.2461621830325653,0.23234985459985957
1.191807861161103,0.15928260163522162,0.05,1.298842766852846,0.22673378308824885
1.1904212248132218,0.1559795619198551,0.05,0.5879257181688334,0.23329160179956332
1.1880903287129185,0.15310400760401893,0.05,0.5494632218221274,0.23061433720795052
1.1840257914072378,0.14896067177175026,0.05,0.5494632218221274,0.23061433720795052
1.1754899634079479,0.14900422507091945,0.05,0.39449701593487574,0.2225943419286975
1.1494534629324942,0.16748402305839713,0.05,1.302894557039162,0.2478580116325927
1.1277665093665095,0.17324432229848896,0.05,0.7598979798518043,0.19491511301391148
1.09983621306432,0.17869171853759747,0.05,0.7598979798518043,0.19491511301391148
1.066519576121575,0.18368121563107606,0.05,0.4546462488672309,0.20105927960036815
1.022282751150261,0.1922852379192791,0.05,0.3017920960059023,0.21713667856892893
0.9788946002479083,0.1937502133441396,0.05,0.32678604066204564,0.22039841678913136
0.9281886780307546,0.19949457205864823,0.05,0.32678604066204564,0.22039841678913136
0.8705316408951096,0.20842689620639498,0.05,0.2926959770597711,0.2098876594363011
0.811796120751299,0.21535095640463367,0.05,0.3200596222643918,0.232332120019007
0.7512770159078442,0.22597763361873643,0.05,0.32736242171564783,0.23628871001286947
0.696378041716329,0.23109200893921336,0.05,0.32736242171564783,0.23628871001286947
0.6429090286886223,0.23800463924593995,0.05,0.3637141197725006,0.2853537963361162
0.5910653994469014,0.24490787718587217,0.05,0.35942167498245564,0.2882118176782119
0.5375574503587519,0.2575500244332674,0.05,0.3615030304992744,0.2963610178240238
0.48558233288020797,0.27382227468937065,0.05,0.3615030304992744,0.2963610178240238
0.4378167087807959,0.2897866866708781,0.05,0.34061269868258154,0.28170067252236375
0.4109754440179753,0.281602656359887,0.05,0.3404169352758485,0.2863799494653731
0.38196419452887537,0.28311134721973896,0.05,0.3404169352758485,0.2863799494653731
0.3558764621016109,0.2835487990199001,0.05,0.3389231584495121,0.2810472375137196
0.3336507425742575,0.2804346534653466,0.05,0.23717479175185377,0.3587782863838093
0.3191310851794035,0.27158068210255376,0.05,0.31689399432587795,0.27914894717006083
0.3083450148960258,0.26000702675326226,0.05,0.32582843558031616,0.27187861385137513
0.30559374992546656,0.24104189732275952,0.05,0.32582843558031616,0.27187861385137513
0.30876384607584667,0.21913517005260835,0.05,0.30054692825707957,0.24141561935049616
0.31644579046812976,0.1968805354226519,0.05,0.24990596346392618,0.17981740189018577
0.3309596079599619,0.16833702156816016,0.05,0.31509540968718647,0.16515234905006035
0.34753938932526013,0.13798272297643593,0.05,0.31509540968718647,0.16515234905006035
0.36563689632162816,0.104752906831262,0.05,1.4710266447652431,-0.18450789911800855
0.3818103781061915,0.07571425928133009,0.05,1.5,-0.27404565675740394
0.4026711307892165,0.044747177794198276,0.05,1.4963947237137767,-0.2593151991978071
0.43028581446777053,0.008033541361181647,0.05,1.4963947237137767,-0.2593151991978071
0.46132963949787203,-0.03042675869961732,0.05,1.4421916023037273,-0.30547740689175296
0.49481623068485314,-0.06775078035578024,0.05,1.5,-0.262920623444538
0.530775844715389,-0.10321687702612509,0.05,1.5,-0.31041171283916413
0.5717802472153982,-0.1363848468767143,0.05,1.5,-0.31041171283916413
0.6175685684981336,-0.16887631665255398,0.05,1.4148380729012524,-0.30258115418230286
0.6656784830201278,-0.1977412551869694,0.05,1.3333404784459388,-0.3269180771245158
0.7156650701338323,-0.20786627081073994,0.05,1.4118542800043372,-0.328929983305833
0.7683863649368763,-0.21328128911698438,0.05,1.4118542800043372,-0.328929983305833
0.8229920389529894,-0.21577368468103367,0.05,1.3905137212002057,-0.34152380211928507
0.878769890637106,-0.21818782644972884,0.05,1.3564160389820308,-0.32076027940515606
0.9297364693332696,-0.21555440871492929,0.05,1.2651717874182056,-0.3244301814472785
0.9738549865871834,-0.2141246363636364,0.05,1.2651717874182056,-0.3244301814472785
1.017360434279718,-0.20921522155181663,0.05,1.3560847943589385,-0.31224020629643173
1.06309853724516,-0.20503374428214838,0.05,1.265708794439557,-0.3313086289420089
1.1055434173669467,-0.20520109213898327,0.05,1.263054113100393,-0.3333115682172637
1.1390596423804755,-0.20507340495257162,0.05,1.263054113100393,-0.3333115682172637
1.1696899414318773,-0.19402574164420164,0.05,1.3070892212799754,-0.2898273746921685
1.193940989235006,-0.17982850845820963,0.05,1.2226725058113868,-0.32140672037893964
1.2105672737024016,-0.16150268488171146,0.05,1.2743418299705096,-0.3421918714850172
1.219726061913114,-0.14238227201679973,0.05,1.2743418299705096,-0.3421918714850172
1.2007083070922493,-0.15082905961497173,0.05,1.1218170154676,-0.3069309552773722
1.183847090265529,-0.14776391077132095,0.05,0.6010579523815416,-0.2055410490690867
1.1568745869788066,-0.15489641929101008,0.05,0.47304107535553613,-0.1965071784628007
1.1193265213943282,-0.16828519748610682,0.05,0.47304107535553613,-0.1965071784628007
1.072876063474653,-0.1839110758739091,0.05,0.48453794713909626,-0.13327957219784636
1.0217151057329703,-0.19705296493866056,0.05,-0.2889521097679739,-0.20785759880202923
0.9661688174189781,-0.20870317591809004,0.05,-0.3406782499161703,-0.24201617020811056
0.9079552721595174,-0.21343414955365125,0.05,-0.3406782499161703,-0.24201617020811056
0.8424616671435213,-0.21933157522978433,0.05,-0.4188927674035783,-0.2573086220218705
0.7719036022582298,-0.22581176986085774,0.05,-0.3211792109356381,-0.23038726227143558
0.7012552901929452,-0.23055353872021753,0.05,-0.3313308884131112,-0.23726589072471707
0.6308747964572232,-0.23099036613858792,0.05,-0.3313308884131112,-0.23726589072471707
0.5569798632128303,-0.2394102861449372,0.05,-0.39489077775872544,-0.27943477696827485
0.4834769193394539,-0.2498834523667581,0.05,-0.4409088388182864,-0.2738417339957464
0.40834407823425006,-0.2622595321191619,0.05,-0.45761294563056204,-0.27156452296022726
0.33198415365716943,-0.2760204254075779,0.05,-0.45761294563056204,-0.27156452296022726
0.27530534379136407,-0.2622243900475799,0.05,-0.49054856331987307,-0.24936768902607065
0.20910702120305588,-0.26049105276330997,0.05,-0.448398255604382,-0.2300097474859614
0.1414149054050832,-0.2597413550259883,0.05,-0.5111800405803074,-0.23461749961752768
0.077433849016544,-0.2543239121748154,0.05,-0.5111800405803074,-0.23461749961752768
-0.1104360554157373,-0.23633428625102879,0.05,-0.49663745934532505,-0.24027039898833993
-0.17140774585661747,-0.22984466614128102,0.05,-0.49663745934532505,-0.24027039898833993
-0.2304357947434293,-0.2202407265033673,0.05,-0.4951078889878658,-0.22865891591671372
-0.28554390822407627,-0.21209585190703217,0.05,-0.5095386080309996,-0.21608627944277722
-0.3317295787742258,-0.21228548594722163,0.05,-0.5990436483068542,-0.24505574629271215
-0.3751288893587621,-0.21114213878995078,0.05,-0.5990436483068542,-0.24505574629271215
-0.41673093872587014,-0.20468226609355064,0.05,-0.8185211455735958,-0.08977856689454525
-0.4536089834155996,-0.19795796999070034,0.05,-0.6443197462738129,-0.197282813877034
-0.4859868443962125,-0.18620751782860684,0.05,-0.6443197462738129,-0.197282813877034
-0.5107834161512887,-0.173127441640153,0.05,-0.5343629774171975,-0.2052743121224661
-0.5301980341697048,-0.15621802845092572,0.05,-0.5670905862664611,-0.13300290645559393
-0.5422571234379472,-0.14031309262615665,0.05,-0.5703300039729202,-0.08692045326029765
-0.5480205098389982,-0.12680898032200355,0.05,-0.5388288824945296,-0.08758334323641592
-0.5534781083820198,-0.11308163526886848,0.05,-0.5388288824945296,-0.08758334323641592
-0.5595788907837619,-0.09641168308448218,0.05,-0.5852889704988067,-0.02024339253291512
-0.562332548858186,-0.08114016393442622,0.05,-0.453960876089353,0.09265220038940108
-0.558806669289086,-0.07258059290516378,0.05,-0.1989631857969952,0.1405803873191006
-0.5521392524311183,-0.07011663290113451,0.05,-0.1989631857969952,0.1405803873191006
-0.5472716495429027,-0.06509030441364021,0.05,-0.7037482443649188,0.07406805153492152
-0.5379828793368532,-0.0652906654112487,0.05,-0.6702716567719271,0.06457714380033774
-0.5297842004864323,-0.06363249439649005,0.05,0.37736315629034783,-0.2832792653996323
-0.5110721724824454,-0.07353140490695152,0.05,0.37736315629034783,-0.2832792653996323
-0.4903359440217521,-0.08504382229828034,0.05,0.5298096549825754,-0.35980740887570306
-0.46953647661167275,-0.09509433768834637,0.05,0.6307961805513312,-0.3528820063909143
-0.4449242259287068,-0.10985826897636668,0.05,0.8706853783250204,-0.22952274139427992
-0.42037362303290415,-0.12408676680972816,0.05,0.8706853783250204,-0.22952274139427992
-0.39245810941357473,-0.1418428828699894,0.05,0.7253865212229568,-0.2856626036611234
-0.36403307354045267,-0.16078694808909225,0.05,0.6892773087735936,-0.2791299514770092
-0.3351208583440522,-0.17595181387261208,0.05,0.7590819320446011,-0.2974164493072842
-0.30028129016872357,-0.1924827061348596,0.05,0.7590819320446011,-0.2974164493072842
-0.25867499880752215,-0.21055469448717493,0.05,0.8528931208957803,-0.27378039239227536
-0.21357048802288164,-0.22804105648909545,0.05,1.0796902472139944,-0.270679448368779
-0.16852641497628298,-0.23971910411651132,0.05,1.0343396642800984,-0.2661064762139108
-0.12026183838865384,-0.24595767296347057,0.05,1.0343396642800984,-0.2661064762139108
-0.0635519264009918,-0.25712318416441166,0.05,1.1324125825548232,-0.2709758309086296
0.09125785886294005,-0.2540766120668073,0.05,1.0970185400893755,-0.24997958882095736
0.13572489512822958,-0.24889735556297074,0.05,1.0095944148489389,-0.2515344685702773
0.1802234191137022,-0.24650092128950726,0.05,0.97774509970381,-0.2757788486648193
0.22831200558413103,-0.24238255346001808,0.05,1.0625485507870225,-0.2625458466321453
0.27400986008731126,-0.2431165020635034,0.05,1.0625485507870225,-0.2625458466321453
0.3209071591640638,-0.24331682631553853,0.05,1.1654996792874535,-0.2674819500891069
0.3684150498164656,-0.24074094782380703,0.05,0.7068801864562755,-0.1932551706534394
0.41423044253380714,-0.2404514393379284,0.05,1.0857011772219247,-0.26180865658054914
0.4653976421843329,-0.23149458686061763,0.05,1.0857011772219247,-0.26180865658054914
0.514194633873006,-0.22653334843463124,0.05,0.8514815406766694,-0.2803370216962061
0.5630605726018906,-0.22058511545017823,0.05,1.0043488392728233,-0.2341417819820725
0.6125215702755225,-0.2144559780988829,0.05,1.0528362836364213,-0.2477925426565226
0.6576187705631319,-0.2104293492513828,0.05,1.0528362836364213,-0.2477925426565226
0.6990012156687518,-0.20626513702710753,0.05,1.1851304593483962,-0.2658324350238436
0.7349080982011943,-0.20007575307847275,0.05,1.1089186275516383,-0.16737384217639203
0.7575384580488038,-0.2052512421804116,0.05,1.1192831648069914,-0.22669054542059774
0.7774094803747452,-0.20500629462316888,0.05,1.1192831648069914,-0.22669054542059774
0.7969420447371869,-0.1999205149659945,0.05,0.7757998205595426,-0.2406608778488985
0.7991620467710792,-0.20579401237216619,0.05,0.9029820963131809,-0.19963644323593152
0.7910584223578786,-0.21453397558183898,0.05,0.8486446184274934,-0.21182094584639974
0.7855704646849018,-0.2084342644725698,0.05,0.8486446184274934,-0.21182094584639974
0.7670620739618862,-0.20679644739666564,0.05,0.677608487532476,-0.18240634145325468
0.7389186956210817,-0.2088898613859026,0.05,0.38601970023130766,-0.22728040200455094
0.7064627498361241,-0.20928251564269115,0.05,0.39794251197651326,-0.22689590226698678
0.663358319030251,-0.21866009171851536,0.05,0.39794251197651326,-0.22689590226698678
0.6148554896018518,-0.22448200219536346,0.05,0.42270535269587134,-0.23270359951454703
0.5595405022276226,-0.23223674564601052,0.05,0.29365328146466096,-0.20859270385279843
0.49942790018360883,-0.2416843869971624,0.05,0.28286919273161826,-0.20029674822234375
0.4356295619284922,-0.25125673768166046,0.05,0.28286919273161826,-0.20029674822234375
0.3676636448163645,-0.2624852298871127,0.05,-0.39916539075592705,-0.2903868690638998
0.29716244248420554,-0.27532868577899633,0.05,-0.43674649384310077,-0.3138542754851039
0.2335115134912781,-0.2738082068463914,0.05,-0.42356780012227374,-0.30830532860623966
0.16338545358197581,-0.2808667869391255,0.05,-0.42356780012227374,-0.30830532860623966
0.0920686758480892,-0.29239162791390927,0.05,-0.4314659210207538,-0.3141438221603921
-0.08429338017927812,-0.2918652541362704,0.05,-0.46168018552528134,-0.33301150550069414
-0.13464383924952916,-0.29648370980046246,0.05,-0.4470499880908589,-0.33118815835023363
-0.1783679696532653,-0.30008482007699916,0.05,-0.4380594942734612,-0.32144857435606367
-0.21723316848201732,-0.301888456038325,0.05,-0.43775435294709314,-0.3208911017715876
-0.25310220435746467,-0.300819147040595,0.05,-0.43775435294709314,-0.3208911017715876
-0.28028829750450096,-0.3013646770039704,0.05,-0.41852419529883167,-0.3061683907903131
-0.3021560692677814,-0.2993966164070316,0.05,-0.41024919450349767,-0.299238276833731
-0.3224558355477175,-0.2911264034032006,0.05,-0.41455417122224836,-0.2975609051750197
-0.3342710023937406,-0.2843152720051448,0.05,-0.41455417122224836,-0.2975609051750197
-0.3406343800307659,-0.27524227006045865,0.05,-0.34867730169082417,-0.2547508659955506
-0.3427318792466325,-0.26502449815234236,0.05,-0.3237136230993429,-0.23967693374640778
-0.3383564729615371,-0.2532969490101193,0.05,-0.3192683583777568,-0.2320441237329165
-0.3281738777675772,-0.24354937345748928,0.05,-0.3192683583777568,-0.2320441237329165
-0.313253775575905,-0.23636126174464633,0.05,-0.25317759362440845,-0.1845074996056601
-0.29328497055562847,-0.23275216958527542,0.05,-0.22721617083704865,-0.16497499510422903
-0.2649923776236278,-0.23692623717238173,0.05,-0.2273024930807819,-0.16503872569007622
-0.23809474258523844,-0.23856832313691817,0.05,-0.2273024930807819,-0.16503872569007622
-0.2079950369181955,-0.2395383767325906,0.05,-0.17723804345233954,-0.1282035364147872
-0.1762533348230247,-0.2391680094744369,0.05,0.46418528728598457,-0.3356770489563213
-0.14186793164695785,-0.2386371107905779,0.05,0.37603386334810973,-0.29596851452070505
-0.105229593978864,-0.2405225685250125,0.05,0.37603386334810973,-0.29596851452070505
-0.06987671837182408,-0.23896030903866558,0.05,0.43324026628444295,-0.31503629294971364
0.07861203618722958,-0.24981105432852188,0.05,0.3969876795446237,-0.27738773942626666
0.11773771212699018,-0.252398535370388,0.05,0.38804708777351404,-0.2792778914454477
0.15786673967459325,-0.25795864205256575,0.05,0.3766316822885853,-0.270514645130821
0.1995028962487931,-0.26340781203437713,0.05,0.3766316822885853,-0.270514645130821
0.24279161162247234,-0.2638656661341091,0.05,0.31288485701934565,-0.2408050129117719
0.28285405550389814,-0.26749028175142453,0.05,0.41330068062028663,-0.2773237103850822
0.32387622858981846,-0.26774417142448476,0.05,0.6222313163087958,-0.2627237623264108
0.36991307804674456,-0.25703822173861196,0.05,1.0699521598028658,-0.2930977221958393
0.4116099293615092,-0.2531991405849154,0.05,1.0699521598028658,-0.2930977221958393
0.45469626429933274,-0.24875588655862726,0.05,1.1435128117432332,-0.3101834250909943
0.49621917149568373,-0.24381788256546003,0.05,1.1663953387967132,-0.3074297839755803
0.5402857843429348,-0.23981967113965988,0.05,1.172187286299595,-0.3124190042223866
0.5832670084680065,-0.24104218975490488,0.05,1.172187286299595,-0.3124190042223866
0.6270171535022354,-0.24123422950819673,0.05,1.2870489479577043,-0.3121013855449188
0.6689989172418727,-0.24070260541468472,0.05,1.3517941937697893,-0.3030427444374508
0.7003343995540771,-0.2525316781128161,0.05,1.3517941937697893,-0.3030427444374508
0.7272718256427984,-0.26596611495869643,0.05,1.2221796679974197,-0.27629874490449674
0.7528078617401669,-0.2724467535756853,0.05,1.1605693415797884,-0.33951609879671063
0.7667198563225238,-0.28479070087445496,0.05,1.253462096398703,-0.3457788774805967
0.7719923066835165,-0.29484096604592386,0.05,0.7829293144933908,-0.3081922314064554
0.7692232003526035,-0.30173388983525323,0.05,0.7829293144933908,-0.3081922314064554
0.7697277170414173,-0.2913169460406781,0.05,0.7245027966476233,-0.2768050947754235
0.7617823993088656,-0.28365433091039083,0.05,0.7086969537599301,-0.2783851956533908
0.7380265758945072,-0.2930606762605368,0.05,0.7086969537599301,-0.2783851956533908
0.7151282260757561,-0.2894724942753554,0.05,0.49342821758227695,-0.25156398500936866
0.6848419803337306,-0.29015281644815255,0.05,0.5130967827343342,-0.2589442286816995
0.654667046998665,-0.2874061224611424,0.05,0.5151939866792914,-0.2589438496889117
0.620622076511861,-0.28184620573003677,0.05,0.5151939866792914,-0.2589438496889117
0.5823610730852244,-0.27813897133351617,0.05,0.42936629783585567,-0.2426970279162521
0.546125213478992,-0.269260694820451,0.05,0.35177908134817054,-0.2273969164647004
0.5079842936581648,-0.26596101694410706,0.05,0.3584471972409475,-0.22686125485665457
0.4806965537801097,-0.2529829722155974,0.05,0.3584471972409475,-0.22686125485665457
0.4584238197987697,-0.23675391373801918,0.05,0.3340366834846247,-0.21508254580382177
0.43363116427745796,-0.2319158158462327,0.05,0.39824541619251363,-0.21362887906310227
0.42194656305146183,-0.21550782807507032,0.05,0.4068878666314113,-0.21549928001544022
0.4132199078986587,-0.20823338450074513,0.05,0.4068878666314113,-0.21549928001544022
0.4142403595433311,-0.2012816775312232,0.05,0.3637976829563457,-0.21385621021573992
0.41424801757125657,-0.20487995607185858,0.05,0.45453345151561214,-0.21794380940317062
0.42087286947398544,-0.20523271376794314,0.05,0.4617329407040582,-0.21825277099019819
0.4347184321604446,-0.20312592765927004,0.05,0.4617329407040582,-0.21825277099019819
0.45256260111027724,-0.1997417110420166,0.05,0.5517787098634318,-0.21338517181172964
0.4734712382445141,-0.19589521943573668,0.05,0.5622304607766277,-0.20827290223716052
0.492060153427989,-0.19904262961505909,0.05,0.5778323583432408,-0.22244138434935282
0.5092698573318554,-0.20723582704616159,0.05,0.5778323583432408,-0.22244138434935282
0.5339701126161036,-0.20336141482550166,0.05,0.5926974283999663,-0.2146814187966765
0.5555792988438478,-0.20632368111458807,0.05,0.60804024560647,-0.19936653264917384
0.581442536806342,-0.20747203165047387,0.05,0.6151251680724756,-0.1938148226239985
0.6125260882798792,-0.2036288541878036,0.05,0.6151251680724756,-0.1938148226239985
0.6456749839080733,-0.2002811915177667,0.05,0.9235156584515705,-0.21575176059055226
0.681003200238379,-0.19509084624553039,0.05,0.9614223257057343,-0.20938059495357
0.7147488137815927,-0.1930676263710062,0.05,1.0428590297957492,-0.2191045510918749
0.7546092243549214,-0.1818154976916745,0.05,1.0428590297957492,-0.2191045510918749
0.7917456951747326,-0.1751257174708779,0.05,1.152273929865586,-0.21667249539183644
0.8274835776863937,-0.16869912092496572,0.05,1.165348471499261,-0.19347293712471597
0.8623133777182007,-0.1633984054215073,0.05,1.2073133712789894,-0.1972714453249038
0.896960078346729,-0.1544960576212168,0.05,1.155686149722652,-0.17711123317189742
0.9278472173545049,-0.14900612199890326,0.05,1.155686149722652,-0.17711123317189742
0.9561308507025134,-0.1422871027135247,0.05,1.125349885467936,-0.17941466900837635
0.9823667316255029,-0.13265368773203137,0.05,1.1280206296320012,-0.17963330741075348
1.0062048660879312,-0.11990631998187475,0.05,1.0164488110961047,-0.1660941173108403
1.0239122854077252,-0.11235288268955651,0.05,1.0164488110961047,-0.1660941173108403
1.0353442200424305,-0.10650491645014422,0.05,0.9615283022767441,-0.16924092473492863
1.0445542864038904,-0.09658752100740176,0.05,1.0116685054478305,-0.17244757577573616
1.0481286778909211,-0.09051652636348459,0.05,1.0116685054478305,-0.17244757577573616
1.0482423997327799,-0.08612690811919928,0.05,0.9729985373868156,-0.15173824727287807
1.0455633344461268,-0.08250107334899193,0.05,0.9373268286604296,-0.15196217909891718
1.04148322804801,-0.07959707624643916,0.05,0.9373464854612127,-0.1519650920390809
1.0342487784812389,-0.07820390421003683,0.05,0.8957707973060253,-0.1359603718582494
1.0236143177753936,-0.0783,0.05,0.8957707973060253,-0.1359603718582494
1.0122989627409147,-0.07752649376035471,0.05,1.0054897685820843,-0.15212228886566784
0.9989580049349164,-0.07679978126639012,0.05,0.9925486222749483,-0.1510182539374798
0.9886428590588825,-0.07235415151587404,0.05,0.9925486222749483,-0.1510182539374798
0.975164765761038,-0.07321352241013285,0.05,0.9625377298457896,-0.15217553548967058
0.9667703585391436,-0.06993439824306284,0.05,0.9303447546209025,-0.13670518999031409
0.9590174680843455,-0.06997129200290846,0.05,0.9303452431658837,-0.1367053714498452
0.9531494879711976,-0.06996288953529958,0.05,0.8826635059331035,-0.13433314581008585
0.9468505676941783,-0.07231233699280026,0.05,0.8826635059331035,-0.13433314581008585
0.9436283340089177,-0.07262833281670998,0.05,0.858097967989928,-0.11942702440227172
0.9407372083666146,-0.07228340953255205,0.05,0.8580984651509175,-0.11942723879281168
0.9380138518589178,-0.06985127167147592,0.05,0.9733534772392767,-0.121594355391833
0.9342503835250959,-0.06552825579456394,0.05,0.9733534772392767,-0.121594355391833
0.9284358806066243,-0.06311397870615447,0.05,0.9240667017415859,-0.10581889090281754
0.9216486355670535,-0.05904431486272218,0.05,0.9240711694509206,-0.1058190983775123
0.9070250745023246,-0.06348873226844676,0.05,0.8809539828328504,-0.08514305919978177
0.8882849623185985,-0.06780181013820488,0.05,0.8809539828328504,-0.08514305919978177
0.8654893905434083,-0.07509428515224492,0.05,0.8248470001899729,-0.06833564759702782
0.8455131033187002,-0.07632493110893734,0.05,0.8248618736213928,-0.06833577913143553
0.8267928476063322,-0.07382673564753003,0.05,0.8248062661890138,-0.0889539664785553
0.8100299627747154,-0.07022107881738134,0.05,0.8248062661890138,-0.0889539664785553
0.7914644436893434,-0.07020650499558861,0.05,0.5933818679111447,-0.11239774153489004
0.7744312631108462,-0.06799061501787841,0.05,0.5933852825450802,-0.11239783358422169
0.7589152926515134,-0.0653402312352422,0.05,0.74973510281071,-0.07833027022185964
0.7431881184872547,-0.062308878198249755,0.05,0.74973510281071,-0.07833027022185964
0.7253212086621683,-0.06209462637991464,0.05,0.7027574934169318,-0.005757268589980196
0.7061072667286025,-0.06347314192810691,0.05,0.7027574934169318,-0.005757268589980196
0.6864764462218831,-0.06469886549212668,0.05,0.6901556577203952,0.001391357098398126
0.6596467025170806,-0.07350220348885735,0.05,0.6901556577203952,0.001391357098398126
0.6391855070130242,-0.07254499427508228,0.05,0.6321284411849462,-0.039296595743894776
0.6127177915901886,-0.0784953654263307,0.05,0.6321467753978347,-0.039297509619329284
0.6013628934191703,-0.05831300071530758,0.05,0.6338878578724908,0.027091225114256306
0.5862568096748045,-0.0409509819640473,0.05,0.6338878578724908,0.027091225114256306
0.5715240625297988,-0.020146675050061975,0.05,0.3610968551344079,-0.09411583591010668
0.5503873997210667,-0.0056217413071723964,0.05,0.36109770748980186,-0.09411585051253933
0.5216457228211612,-0.00020558424366740914,0.05,0.5875779277522237,0.07651080660880578
0.49271164437450826,0.008587221049996428,0.05,0.5875779277522237,0.07651080660880578
0.46352749648340646,0.0169427674399199,0.05,0.2141372297446223,0.15445078953242627
0.4348353133346051,0.02546505299742465,0.05,0.21714957804893298,0.1565661643954029
0.401148074263917,0.02861498539754441,0.05,0.1908974486720892,0.138123010363538
0.3640931263858093,0.03158604951958611,0.05,0.1908974486720892,0.138123010363538
0.3289254543937642,0.037383323003945035,0.05,0.16503096424547198,0.1179624097491066
0.29838071948020983,0.04838012041010969,0.05,0.1650759947762731,0.11799472778520065
0.27215034473298105,0.06168204585306503,0.05,0.153676864007476,0.10900741708625956
0.2546880364806867,0.08219174713876967,0.05,0.153676864007476,0.10900741708625956
0.23221051417467395,0.09235138974988676,0.05,0.11860713711263147,0.08352689128621804
0.21583791534574406,0.107826516280123,0.05,0.11860861119702093,0.08352793067433803
0.19223429647642207,0.10615836790158775,0.05,0.17660560093885277,0.12893254608512122
0.1765352304685638,0.10866007436007437,0.05,0.17660560093885277,0.12893254608512122
0.16534708189295508,0.10871562850160926,0.05,0.22741984548341138,0.18128636539748869
0.16217988760765722,0.10683345235684422,0.05,0.21766428554118558,0.17564037594664608
0.16211100224164451,0.11070201569151156,0.05,0.21399108401805983,0.1951592046064717
0.16230220736344023,0.11203894649646608,0.05,0.21399108401805983,0.1951592046064717
0.16105749740821507,0.11278490419332929,0.05,0.18788620709750065,0.13743078810125245
0.1570674573846704,0.11211676421504352,0.05,0.15674840055566466,0.11354960623856504
0.1543071908457925,0.1170763770655984,0.05,0.21690157353756462,0.186707554807419
0.15290156227647703,0.12357123617137952,0.05,0.21690157353756462,0.186707554807419
0.14662145863639614,0.12958966416664683,0.05,0.18044984972798875,0.1344602911925521
0.13776484627397687,0.1295474658154811,0.05,0.18047594105875248,0.13449700801040754
0.1257028564290473,0.12390534940991721,0.05,0.18047594105875248,0.13449700801040754
0.11421661066014085,0.11490616927300944,0.05,0.11396853366407027,0.07985487596808284
0.10516921029096113,0.10866365579537325,0.05,-0.33505334791036184,0.14545584217089483
0.09720691434806979,0.10295795339351947,0.05,-0.3350535544757065,0.1454558709667678
0.08933094358289725,0.09563414230031113,0.05,0.05,0.05
0.08165630461215684,0.08643873901796464,0.05,0.05,0.05
0.0739151347790839,0.08025612943799329,0.05,0.05,0.036100464933805546
0.0622837376615326,0.0749485581278909,0.05,0.05,0.03610155755285634
0.05227208196252325,0.06583760191675012,0.05,0.05,0.017177548813507085
-0.05780252738672802,-0.018917195825535513,0.05,0.0,0.0
-0.08024632902564348,-0.01559848118167403,0.05,-0.8763602116300107,-0.11864942440309312
-0.10836189510839753,-0.009286010875527672,0.05,-0.9613159395937968,-0.07064310797605539
-0.14098287179487182,-0.003065921884317228,0.05,-0.9613159395937968,-0.07064310797605539
-0.17964578099886896,0.004384131495922382,0.05,-0.9062097401203824,0.02420353142200896
-0.22186070956171502,0.01218227942753641,0.05,-0.8968265903993217,0.06308868766827146
-0.269329223849098,0.02316847196222681,0.05,-0.8968265903993217,0.06308868766827146
-0.31995404867467586,0.036265724518497335,0.05,-0.9101893659966763,0.08025417829014624
-0.3740258547466734,0.050550723109729225,0.05,-0.9588419131769113,0.12482214896576044
-0.4333565921035383,0.06342404273575575,0.05,-1.0211562381534618,0.1868592898469411
-0.49692863247863245,0.07406666666666667,0.05,-1.0211562381534618,0.1868592898469411
-0.5643032393492677,0.08446673107199085,0.05,-0.9551054027593471,0.1691875231672746
-0.6359194454380694,0.09361450195545382,0.05,-1.3678898173428946,0.24997740978732308
-0.7072692148883435,0.10484154025358088,0.05,-1.3710232769540462,0.25809558029359314
-0.7772868063258077,0.11355536274404571,0.05,-1.3710232769540462,0.25809558029359314
-0.8456594268746422,0.12050066900400687,0.05,-1.2786157807561127,0.14114527637593213
-0.9121765555529068,0.12331254604079005,0.05,-1.3244276341723704,0.15623622764162137
-0.9776724319782616,0.12346331652901427,0.05,-1.4373352792679641,0.1448416366424932
-1.0394144211166352,0.12015224078114381,0.05,-1.4373352792679641,0.1448416366424932
-1.0932746129505149,0.12368485084143785,0.05,-1.4024023019633243,0.1553983288920464
-1.1399390241503857,0.12812047120668488,0.05,-1.4068736744183576,0.19173909677411327
-1.1832295493541776,0.13110064343930222,0.05,-1.3856038259779606,0.17944557834143673
-1.2185996789942417,0.13009005776315322,0.05,-1.3856038259779606,0.17944557834143673
-1.246443936576061,0.12306484501669052,0.05,-1.0815392093356218,0.4035477420880047
-1.2690236875514074,0.11319112517731764,0.05,-1.0815392093356218,0.4035477420880047
-1.2819423279666071,0.10152460793082888,0.05,-1.0815392093356218,0.4035477420880047
-1.2869536390292744,0.09127627300467246,0.05,-1.0815392093356218,0.4035477420880047
-1.2838920147332284,0.0831337219281934,0.05,-0.9477561895236855,0.1386008481399015
-1.271681235770904,0.08076545711901782,0.05,-0.9477561895236855,0.1386008481399015
-1.2542549349874748,0.0791424734581892,0.05,-0.9477561895236855,0.1386008481399015
-1.2315367026476092,0.07848284865354585,0.05,-0.9477561895236855,0.1386008481399015
-1.2058263067551942,0.07806186033066718,0.05,-0.9477561895236855,0.1386008481399015
-1.176712989778535,0.08136745511728477,0.05,-0.9477561895236855,0.1386008481399015
-0.9331605079461592,0.02914230241901833,0.05,-0.2686484323008627,-0.1605040542847861
-0.9048849722834833,0.035965570125767427,0.05,-0.2686484323008627,-0.1605040542847861
-0.8776143460883239,0.0370776176123706,0.05,1.0535414138410595,-0.15642788779545047
-0.8472873814692446,0.034859541502164866,0.05,1.0312503227468994,-0.11322868312267682
-0.8121911914211479,0.03262449406464532,0.05,0.8415258940375344,-0.1232141441319622
-0.7742926997056404,0.03148336123988512,0.05,0.7254088812476158,-0.14995663058502734
-0.7315211534334765,0.03332405877443968,0.05,0.7495667693347674,-0.14838621805793098
-0.6868327915299732,0.03446459439308083,0.05,0.7495667693347674,-0.14838621805793098
-0.6401273566734648,0.03524945048719693,0.05,0.7316179656886372,-0.11282874207593993
-0.5908904312315458,0.03683905788646538,0.05,0.9093464996482642,-0.11112287538315553
-0.5401792756689112,0.035815726118824866,0.05,0.900294959848944,-0.11720864676714082
-0.48717311904563176,0.03675749967209988,0.05,0.900294959848944,-0.11720864676714082
-0.43322409517226584,0.04010400900954583,0.05,0.867031430909194,-0.13406201906108925
-0.38154721612922454,0.04579357751683854,0.05,0.8923098011540164,-0.12367636392646958
-0.33133001687195207,0.05151608916498743,0.05,0.9122554770853976,-0.14317897324128112
-0.28567111601287704,0.0533952724454513,0.05,0.8679535276792592,-0.15380425885636057
-0.25075001013292003,0.042199550277165175,0.05,0.8679535276792592,-0.15380425885636057
-0.21900511274205858,0.030202481398454644,0.05,0.9367356365747094,-0.12632259068378118
-0.1839848885112979,0.02658410898467776,0.05,1.1712450142769197,-0.054022055969594744
-0.15213144320986183,0.024397733342076088,0.05,1.1712450142769197,-0.054022055969594744
-0.12339212507151712,0.022733968544388295,0.05,1.1236681840898748,-0.1088179213517252
-0.09787749740784439,0.020787693815772227,0.05,1.1482317385618608,-0.11209282289841378
-0.07744675835438815,0.0165018842065119,0.05,1.1807965502027558,-0.09342660804357805
-0.05962050188998724,0.011435428317613258,0.05,1.1807965502027558,-0.09342660804357805
0.059038047726866466,-0.007692718226777089,0.05,1.3994044273785413,0.01050423529724801
0.07920943070576031,-0.009326666328830164,0.05,1.3994044273785413,0.01050423529724801
0.10427132231109415,-0.009032144389743826,0.05,1.3147905388201713,-0.015096075226294366
0.13193862403909185,-0.00845012663130921,0.05,1.4325900192963017,0.01559766753201872
0.1633727360950691,-0.007539492563794184,0.05,1.326102978054474,-0.004024021332475202
0.1981591485582826,-0.006473294553776828,0.05,1.326102978054474,-0.004024021332475202
0.2356185447770079,-0.005871431887991992,0.05,1.156726739987067,-0.08358332758461104
0.2751608455531712,-0.005835719480209816,0.05,1.434803477647413,0.014194096052973606
0.31686752528445006,-0.00437523793621639,0.05,1.4341155188975958,0.014369196501317669
0.36088138428940447,-0.0014368966276619734,0.05,1.4341155188975958,0.014369196501317669
0.40798935311579776,0.003067507659843353,0.05,0.8875920642978652,0.02053483080746355
0.4551115954516183,0.008236507501132929,0.05,0.8567238976187218,0.005650133377882832
0.5021452452634465,0.015304725822413533,0.05,1.4149810207291151,0.005781573407568897
0.5495273533054652,0.022633496492669748,0.05,1.4149810207291151,0.005781573407568897
0.5987724226373679,0.03144726576479852,0.05,1.3033410557860274,0.10704200020102923
0.6497019734175706,0.04031047145070927,0.05,1.370582834469909,0.1007423563280964
0.6996670823991032,0.047981081838565025,0.05,1.370582834469909,0.1007423563280964
0.7494156409064359,0.054311564090643596,0.05,1.2586596296166208,0.11692515048262825
0.7968537637677013,0.05876787834358462,0.05,1.4518860294625853,0.10739864852310972
0.84246784211342,0.06356964134568388,0.05,1.3068116343957452,0.15051861725693558
0.8862247853053434,0.06679241352576336,0.05,1.2267084754202804,0.08890455420586167
0.9279419204737732,0.0685049492385787,0.05,1.2267084754202804,0.08890455420586167
0.9688683272525664,0.0700960305111421,0.05,1.3023860442671213,0.06999658064258266
1.0086023402479734,0.07244432612064856,0.05,1.222795878451364,0.09007052062051908
1.0472038236065886,0.07382857313247695,0.05,1.144447085036958,0.09105868281024118
1.082158835865356,0.07296629371462615,0.05,1.144447085036958,0.09105868281024118
1.1101016447996181,0.06977625715648857,0.05,1.4574631474529385,0.004033097874870614
1.1335267845009476,0.06369259646675966,0.05,1.4326671880144894,0.020152808269141773
1.1517414529022252,0.05254093479687408,0.05,1.3180490189228846,0.062064727336586044
1.1614142468953352,0.0375911582604343,0.05,1.3180490189228846,0.062064727336586044
1.1626682939914164,0.018605847639484984,0.05,1.0463327133002975,-0.005032812494650919
1.1563260550409498,0.003357795977730894,0.05,0.9285880639059276,-0.023556794166067176
1.1506369225543478,0.0011750741919336453,0.05,0.8627442684529415,-0.02208836156527773
1.1391436520899403,-0.001972202484560903,0.05,0.8627442684529415,-0.02208836156527773
1.1231031265650713,-0.006231113615225005,0.05,0.7621347169063275,-0.03153332720966552
1.1013047980640855,-0.012884398245279411,0.05,0.8218942780933095,-0.04983716397852237
1.075100707007508,-0.018195682874508397,0.05,0.776035318453857,-0.04468207537649319
1.0460226006247317,-0.021656216319328524,0.05,0.776035318453857,-0.04468207537649319
1.0193142991724107,-0.027033362350640362,0.05,0.8580208514569702,-0.051113857444486974
0.9981368062421824,-0.034459023467746736,0.05,0.9845975410567918,-0.0993562212867942
0.9770329605474944,-0.04162730318457668,0.05,1.1595373326706362,-0.11183029400921536
0.9539063911881873,-0.0450620631664321,0.05,1.1595373326706362,-0.11183029400921536
0.9304977661058581,-0.04587109947893688,0.05,1.1211727770877056,-0.100330210532194
0.9113405117486632,-0.0467734395655436,0.05,0.9435472307698137,-0.0716637316421216
0.8970886217414098,-0.045039013725396745,0.05,1.1576406424214827,-0.08216916865477321
0.8887782496782496,-0.03978863863863863,0.05,1.1576406424214827,-0.08216916865477321
0.8858963901035398,-0.032909819907302594,0.05,0.9193124942627092,-0.0686968499410633
0.8862676472341442,-0.03009238793514544,0.05,0.9078846543203279,-0.06364481910516105
0.8822356974622559,-0.039057174374508064,0.05,0.9555385959136521,-0.06383460084779835
0.8801571918787532,-0.045653081212467826,0.05,0.9555385959136521,-0.06383460084779835
0.87955335598474,-0.04966062529804482,0.05,0.9016597299824538,-0.062303026192064466
0.8845590698132817,-0.04921285972834461,0.05,0.8863739725837707,-0.052576196416165184
0.8930324185938449,-0.0482785663223362,0.05,0.8965728175584481,-0.0555413400323013
0.9037187523831086,-0.04907145155140365,0.05,0.8965728175584481,-0.0555413400323013
0.9104604726830663,-0.048253798388634625,0.05,0.8815287812699506,-0.048787627893905804
0.9102626646520999,-0.046048454207345414,0.05,0.912832594900306,-0.050057824822454064
0.9070005965577248,-0.0435074715726239,0.05,0.8794568366016832,-0.05105858905696726
0.9064374375901145,-0.0434713394144493,0.05,0.8794568366016832,-0.05105858905696726
0.9099654946474715,-0.04526367603805712,0.05,0.9783220484123571,-0.042596085678835834
0.9130050208082423,-0.04434330558901038,0.05,0.9564019246356631,-0.03637748006886346
0.9141248998664886,-0.041365158306313175,0.05,0.9683476110813093,-0.03684445908252966
0.9140448047419806,-0.0391218270571827,0.05,0.9683476110813093,-0.03684445908252966
0.9125074278665666,-0.03682206192570345,0.05,0.8821216142192208,-0.038967382421522825
0.9120051206828769,-0.03285827058935655,0.05,0.9600290186433041,-0.036573589204178296
0.9141478820010228,-0.02904126396041723,0.05,0.9677022880974883,-0.03652170298688497
0.9176119597340229,-0.02567901736239379,0.05,0.9677022880974883,-0.03652170298688497
0.9224385729613733,-0.023385836909871238,0.05,0.9456272288062817,-0.040309656912341105
0.9282423226610087,-0.023692738369113033,0.05,0.8643246153678289,-0.022380928016823353
0.9337950969114684,-0.02419626211393355,0.05,0.8979765956024955,-0.02259928676869846
0.9378454137815967,-0.023800546425294063,0.05,0.8979765956024955,-0.02259928676869846
0.9384965787591633,-0.022482368138744855,0.05,1.3792169055862074,-0.03348520772323727
0.936985903703527,-0.020477010647938373,0.05,1.3749049423035515,-0.0171930286085891
0.9356324408984157,-0.0168011474589001,0.05,1.3749049423035515,-0.0171930286085891
0.9336128024866489,-0.010659991595937435,0.05,1.4053629390150122,-0.03205139791383841
0.9298863000798655,-0.0031363477607848217,0.05,0.9665946507332488,-0.027519005140112796
0.922454658834889,0.0014759902967015999,0.05,0.7561874890667435,-0.017799760082749135
0.9144357523484813,0.005539281627008732,0.05,0.7561874890667435,-0.017799760082749135
0.905036682816653,0.00715324310794866,0.05,0.8068070442623351,-0.010053570853320388
0.8946014426057513,0.007821109137297923,0.05,0.8147583378932907,0.012423347634464421
0.8842263559119908,0.0062628954743306955,0.05,0.7609236004935087,-0.016363042195947083
0.8733509162600366,-0.00011351125639770857,0.05,0.7632635869439461,-0.01019067225873518
0.8625588868025751,-0.0099088546137339,0.05,0.7632635869439461,-0.01019067225873518
0.8502158853203897,-0.020013684988849263,0.05,0.7646488226804278,-0.03032984516812451
0.8364708009535161,-0.023222738081048865,0.05,0.7617750865013528,-0.02743050269082781
0.8270893719087064,-0.025949943686311896,0.05,0.7657846336942827,-0.03461816450597244
0.8235261211363231,-0.029351596093145135,0.05,0.7657846336942827,-0.03461816450597244
0.8265252377094107,-0.03501093016466887,0.05,1.4200208638211755,-0.1043246547176034
0.8341946116707397,-0.04072012040293258,0.05,1.3932509253354848,-0.10622351449359521
0.8477078442236202,-0.051175538854732625,0.05,1.3932509253354848,-0.10622351449359521
0.8643773710879286,-0.06501381669150522,0.05,1.0445932742131108,-0.07081646253030967
0.8833117453043811,-0.0783666789817419,0.05,0.9857134550842707,-0.09116073959960262
0.906345879091397,-0.0875354703988553,0.05,0.9947543744353112,-0.1065844704354068
0.9349283264051836,-0.09171068672058315,0.05,1.1130908481327089,-0.11809654165796923
0.9653550494813402,-0.09553663109574342,0.05,1.1130908481327089,-0.11809654165796923
0.9963485824880509,-0.09914972049060157,0.05,1.374220420819281,-0.176483890089075
1.0274353391143694,-0.10624700190714584,0.05,0.7669309382745585,-0.13761265973658302
1.0601027769501221,-0.1069896758238484,0.05,1.305738891310438,-0.24281671341507136
1.090674373443291,-0.10533827090607904,0.05,1.305738891310438,-0.24281671341507136
1.1226779512067155,-0.103298745588095,0.05,1.4407756175721604,-0.2295324937113091
1.1546722773280558,-0.10924654502318816,0.05,1.4053778989723535,-0.3097428066211775
1.1831366963614898,-0.11458351668992164,0.05,1.4053778989723535,-0.3097428066211775
1.2053337830265165,-0.11962254864555513,0.05,1.4456146472369455,-0.28370209211913344
1.2230251034375856,-0.12436355956454861,0.05,1.329015444284749,-0.3360104927130613
1.240166483781754,-0.12773387741843192,0.05,1.4487073951632319,-0.30919088355749225
1.2556060466280483,-0.1270928949438604,0.05,1.3073029102651599,-0.32736012458750247
1.2678126040896183,-0.12739417933239483,0.05,1.3073029102651599,-0.32736012458750247
1.2782143382528253,-0.13157136790091079,0.05,1.4500025518809647,-0.3295050617269195
1.2864071397491834,-0.13626276255871064,0.05,1.2847080540525608,-0.3581502347330505
1.2902413640315875,-0.14375981841895255,0.05,1.1340838866116738,-0.35282911938010775
1.2932206972197053,-0.14881881527492966,0.05,1.1340838866116738,-0.35282911938010775
1.29588930776198,-0.15192143035907946,0.05,1.2739320169283652,-0.4307702338056147
1.295891391640147,-0.15073601566131511,0.05,1.1790181391196612,-0.40527075424385717
1.2945687669828858,-0.14601505339181006,0.05,1.1421285457162567,-0.39267836707494874
1.2926569829672099,-0.1420288442971739,0.05,1.1421285457162567,-0.39267836707494874
1.2886219350166304,-0.14077518180084164,0.05,1.2526584373846206,-0.36339540807083126
1.2865653207443701,-0.1360332996554725,0.05,0.8343022813103004,-0.3748385452927569
1.2787763177194509,-0.13619406191492658,0.05,0.5921488693696256,-0.35693354774636016
1.2720309598621529,-0.1347539401509641,0.05,0.5921488693696256,-0.35693354774636016
1.2673909687034277,-0.1313185078986587,0.05,1.1937988479299808,-0.35759242665005603
1.2631434449983303,-0.12985860832180507,0.05,1.4026017856679356,-0.3896957058353211
1.2542432101120917,-0.13308207369425232,0.05,0.86867519158623,-0.4001240440706255
1.2448637746284135,-0.13539375752410693,0.05,0.86867519158623,-0.4001240440706255
1.214747202275872,-0.16621159734481605,0.05,0.9803136689629383,-0.39609459035215994
1.1830300186017673,-0.19796688110370483,0.05,1.116839005454291,-0.45046943451776006
1.1469711241764657,-0.23120798932532735,0.05,1.0909150897836657,-0.4453986091860244
1.1170996501829535,-0.2466225700528003,0.05,1.0909150897836657,-0.4453986091860244
1.077302204663861,-0.26693535688312925,0.05,0.544687774752343,-0.3933624090332326
1.0370097113103398,-0.2800503621287807,0.05,0.7435545001803963,-0.43145111618941817
0.9880880192378751,-0.3004853203928627,0.05,0.5426489186827376,-0.402055631221343
0.9401102154385712,-0.3148956679669327,0.05,0.5426489186827376,-0.402055631221343
0.8957170256951148,-0.3217568712979847,0.05,0.6547696533624354,-0.43678576868864716
0.849688529853683,-0.32874833738775805,0.05,0.3482961606906888,-0.3329134925627978
0.8036917576848782,-0.33901649655402666,0.05,0.3482961606906888,-0.3329134925627978
0.7617347133321414,-0.35056289349782466,0.05,0.35397868344719424,-0.33016204729710524
0.7242743516399696,-0.3583952517162471,0.05,0.30220536580273877,-0.2894757515485628
0.6859047095274982,-0.3660712703330751,0.05,0.7931248896292187,-0.3852011544340512
0.6482399524382831,-0.3735663736276835,0.05,0.7931248896292187,-0.3852011544340512
0.6143076788118529,-0.37583368948754303,0.05,0.8034749206888908,-0.38069780384654317
0.596689754523659,-0.35337410063575747,0.05,0.7372491836643468,-0.3157019257446102
0.5862152887045249,-0.32420385018833736,0.05,0.6112087890792257,-0.26456195883408723
0.5745862926695451,-0.3007210413635171,0.05,0.6112087890792257,-0.26456195883408723
0.560909465130975,-0.2863346201309153,0.05,0.6301349917706398,-0.27863498914363755
0.5525947728139828,-0.2729837214154565,0.05,0.5481678580663747,-0.2493678429885448
0.5457061931933243,-0.26335031210168325,0.05,0.5757392583373896,-0.23623917905162933
0.5458210861476818,-0.24927096749189084,0.05,0.5757392583373896,-0.23623917905162933
0.5421275234279992,-0.24261325738607914,0.05,0.5807671739629857,-0.24949067335353003
0.5370947711639108,-0.23780360540527654,0.05,0.575249853513792,-0.23053463061205734
0.529879259859793,-0.23319717559254136,0.05,0.5078878436378736,-0.17474570017343696
0.5245265449907014,-0.22565771303228266,0.05,0.5078878436378736,-0.17474570017343696
0.5152116220516549,-0.21629477700439792,0.05,0.47141056466549836,-0.1736672246323634
0.501749072308114,-0.2058975643990416,0.05,0.47440391303845686,-0.16145447121480866
0.489533781851971,-0.19158498147552505,0.05,0.427630805840411,-0.12359505841329499
0.4834339830387261,-0.1715971026973551,0.05,0.427630805840411,-0.12359505841329499
0.4771635460494165,-0.15834940344938558,0.05,0.43554306248091973,-0.12788096751107106
0.47664317732287964,-0.14164282224817099,0.05,0.37915564248836364,-0.07587642264488074
0.47514359640240633,-0.1304155563166359,0.05,0.9173382288853542,-0.04203262980249472
0.4811877332562271,-0.11442768758868209,0.05,0.9173382288853542,-0.04203262980249472
0.487510721227225,-0.10648762758752264,0.05,0.9108439207834688,-0.020758863530523478
0.5018261623609638,-0.09201461981855247,0.05,0.8691363360598522,-0.011063500839440524
0.5189611516877362,-0.07882359494334497,0.05,0.8803049894350327,-0.0009202363252105702
0.536180507939157,-0.0685431903251955,0.05,0.8803049894350327,-0.0009202363252105702
0.5521465200286123,-0.06222363018597996,0.05,0.873698524977739,0.006266727201548804
0.5602351118370851,-0.06506024239317054,0.05,0.7837996124320787,-0.05893850125499635
0.5774215565953388,-0.055106266615008635,0.05,0.7449941434724503,-0.03318362885031807
0.5950158373171517,-0.04359382279658087,0.05,0.6430328473571889,-0.06461928876339049
0.6081549718143682,-0.04157667862420746,0.05,0.6430328473571889,-0.06461928876339049
0.6214461187596271,-0.04491104281842171,0.05,0.6550647750563464,-0.052834802541362226
0.6347938735248541,-0.056379896888782935,0.05,0.6129266351437078,-0.04693661366075174
0.6486392454921402,-0.0706820403651575,0.05,0.6129266351437078,-0.04693661366075174
0.6616074518313622,-0.08646156762685997,0.05,0.6176931437158795,-0.04028469983345828
0.670927939686513,-0.10620867155372787,0.05,0.9953809175721859,-0.3861855284534664
0.6723822203941486,-0.1335497615556112,0.05,0.959753830062829,-0.3290034942505937
0.671032654223781,-0.1597763373417797,0.05,0.959753830062829,-0.3290034942505937
0.6677025279794043,-0.1830927271427039,0.05,0.7616307289476731,-0.43056053674923517
0.6634863687600644,-0.20366695652173913,0.05,0.7050930028726661,-0.30646357005917674
0.6584111933714831,-0.22364951418693374,0.05,0.680261565628225,-0.39252936294584995
0.6524915661070304,-0.24219736597348088,0.05,0.680261565628225,-0.39252936294584995
0.6531553245266823,-0.25141847250703414,0.05,0.6111445099142105,-0.4203066368634066
0.6601520836312929,-0.2543185506650458,0.05,0.638445341184127,-0.3939672491856494
0.6503180437684752,-0.2848917731477067,0.05,0.6454720027716268,-0.37924968296889844
0.6493617580943295,-0.3025572637290561,0.05,0.6454720027716268,-0.37924968296889844
0.6546052763280189,-0.3100112991825743,0.05,0.9148767240700773,-0.3385600043575196
0.6539620094387968,-0.32615066738967213,0.05,0.6325876734210479,-0.28662837217337056
0.6551905527826749,-0.33132571383475484,0.05,0.622219425889851,-0.35703307752077645
0.6493464400600473,-0.3385500312745729,0.05,0.622219425889851,-0.35703307752077645
0.6401580976174008,-0.34261762085907127,0.05,0.5608713397753295,-0.32652649575524373
0.6295211303280251,-0.3444782325736626,0.05,0.7127231975654481,-0.3643165847298441
0.6220315363704648,-0.33580537061986576,0.05,0.8698575919668465,-0.3591870654176257
0.6079753390335458,-0.33097598939402967,0.05,0.8698575919668465,-0.3591870654176257
0.5911212027731083,-0.3265848030449348,0.05,0.48155745672499917,-0.22537588931001948
0.5685085336409486,-0.32618327878527736,0.05,0.4987360762920024,-0.3536355661960986
0.5427635350489289,-0.3284035272417369,0.05,0.4822461723023208,-0.3403565284763122
0.520726559911322,-0.3249359038844325,0.05,0.512972763426835,-0.2841859539889973
0.4973108410088765,-0.32530971890808436,0.05,0.512972763426835,-0.2841859539889973
0.47551617184427836,-0.32650176509491297,0.05,0.39889267101161446,-0.2858159483099916
0.46712181199852165,-0.3119352951345422,0.05,0.33531904981235605,-0.2434554253423801
0.4495596695948603,-0.311865107810768,0.05,0.33531904981235605,-0.2434554253423801
0.43298143955650925,-0.31181913805436334,0.05,0.3271179593988884,-0.2331309984084095
0.4204208580092758,-0.30252562611487693,0.05,0.38821492908799377,-0.2759581644266291
0.4022559734671498,-0.3037531756579575,0.05,0.3747873395049946,-0.27012346961485656
0.38858678068806085,-0.29991533866796954,0.05,0.3747873395049946,-0.27012346961485656
0.37614494886891847,-0.29299828520178306,0.05,0.38162648442158736,-0.2691309966126514
0.3661371107297365,-0.2842174612964353,0.05,0.37054331916539235,-0.22116758558896418
0.3582136503396497,-0.2760858312477655,0.05,0.4022378678028831,-0.2971627305150033
0.35194731121554407,-0.27001174006130796,0.05,0.4022378678028831,-0.2971627305150033
0.34859843485667996,-0.26569858526531487,0.05,0.39106754931253757,-0.2767580103062318
0.3512945387078344,-0.2586562215821172,0.05,0.3911571025943375,-0.24698692071421216
0.35933367835058916,-0.24981579831532294,0.05,0.34176712078474003,-0.22034766277915452
0.3702140379206788,-0.2453500244303556,0.05,0.34176712078474003,-0.22034766277915452
0.38026525694336877,-0.2432384911651515,0.05,0.38506600014560216,-0.23422690450639122
0.39240650112006104,-0.242153248176922,0.05,0.35244841290704515,-0.22885106787341905
0.4010666418399571,-0.24278564618959664,0.05,0.5570836547252674,-0.21200582589482153
0.40864127814798473,-0.24614520277277768,0.05,0.5570836547252674,-0.21200582589482153
0.41253933663980163,-0.250622097203014,0.05,0.5386783263050318,-0.2142290077482534
0.41914712289403716,-0.24894818079385708,0.05,0.5429527351718695,-0.2176937719619108
0.4197041433447507,-0.249649322122901,0.05,0.520105056464854,-0.2733399522488873
0.413744467152067,-0.25353096631195104,0.05,0.520105056464854,-0.2733399522488873
0.408061085034905,-0.25853409199208977,0.05,0.4958375138562477,-0.2712027980521131
0.4041984372206662,-0.25797019247958997,0.05,0.5068412505990595,-0.26156650963308575
0.39767589115402957,-0.26020387696709585,0.05,0.3995382429214914,-0.26025171929360885
0.3945262913346376,-0.2574541433053395,0.05,0.3995382429214914,-0.26025171929360885
0.38965593461900844,-0.2551590984173554,0.05,0.36234153580284084,-0.26385389628051104
0.3841402712355558,-0.2533328294000501,0.05,0.32228557081203174,-0.23016401009056583
0.3748577939143286,-0.25328321434530765,0.05,0.3090843737981219,-0.22047734246353232
0.36030303763665195,-0.25388446281041,0.05,0.3090843737981219,-0.22047734246353232
0.34667308840707545,-0.24735604230237437,0.05,0.30896022516441,-0.22047274725142968
0.327621892704221,-0.24318883180468256,0.05,0.2961275121813005,-0.21200168637529768
0.3085902839547389,-0.23952804433104005,0.05,0.27075335930671923,-0.19417522971792883
0.29212998556809233,-0.22848177643663078,0.05,0.27075335930671923,-0.19417522971792883
0.2752502352142534,-0.217251771848129,0.05,0.2717074481293593,-0.19387519115197174
0.256068446471773,-0.21171207200657854,0.05,0.20112946536200166,-0.143537969272435
0.24423218449032136,-0.2002480529465052,0.05,0.2605825035806779,-0.18587461132303257
0.23576243516984013,-0.18783922716488022,0.05,0.2605825035806779,-0.18587461132303257
0.22595274993146033,-0.17570111153493143,0.05,0.26908576072449847,-0.19181860663630476
0.21332975929391293,-0.16801917573511005,0.05,0.16450605785901073,-0.11690576734313247
0.19828245350500714,-0.16437211015736766,0.05,0.2084240407737257,-0.1482435515627169
0.17902393287414947,-0.16264300975964346,0.05,0.2084240407737257,-0.1482435515627169
0.15468657503962627,-0.16288692124801868,0.05,0.20788002586574356,-0.14777368228372878
0.12644252324749644,-0.1660203996781116,0.05,-0.5994388739725695,-0.013567202042167381
0.09565851071437084,-0.16825117780611637,0.05,-0.45851018493431256,-0.25571055835130574
0.05910272290506789,-0.17099124891214934,0.05,-0.45851018493431256,-0.25571055835130574
-0.06164120704866824,-0.1815599336504757,0.05,-0.4382583360170722,-0.2419329584542397
-0.10409040580833681,-0.185047846025404,0.05,-0.4382583360170722,-0.2419329584542397
-0.1411426248050386,-0.19214912431093809,0.05,-0.4427270199404882,-0.25426771121025954
-0.17771489998213966,-0.2001733747097696,0.05,-0.49758747286690586,-0.23241614649227588
-0.21213335816625745,-0.20800531206045722,0.05,-0.4306512741626615,-0.2450238181909274
-0.24154248534730763,-0.21814642933880843,0.05,-0.4306512741626615,-0.2450238181909274
-0.267982681143007,-0.22555333764484287,0.05,-0.4373012023925136,-0.24729225899363025
-0.2878940999082208,-0.2314062999868887,0.05,-0.41541724372792627,-0.24784420755141687
-0.30182892357424884,-0.2319556060859089,0.05,-0.3418975672185708,-0.24640190521964986
-0.3089244367019945,-0.22996108445297506,0.05,-0.3418975672185708,-0.24640190521964986
-0.3085256509764647,-0.2280202783341679,0.05,-0.3385673467513573,-0.24007730191913668
-0.3042804530331398,-0.22685056047795654,0.05,-0.30311989061233424,-0.21776962485211673
-0.2950174824174514,-0.22607500000000003,0.05,-0.20614555488009514,-0.15014537133493552
-0.2756233414128661,-0.22780261949569422,0.05,-0.20614555488009514,-0.15014537133493552
-0.24945062497764747,-0.22935693287078426,0.05,-0.20622771299468054,-0.15030408969908837
-0.21762884303725066,-0.23378740735003217,0.05,0.3314879829460941,-0.24417919376895514
-0.18263264203326818,-0.23523410645345788,0.05,0.3239186677441163,-0.23092557045879689
-0.14206807303960134,-0.23744983221276494,0.05,0.3239186677441163,-0.23092557045879689
-0.1018368989854433,-0.23701928671061884,0.05,0.37853091231715824,-0.27183242141434316
-0.06000400390974218,-0.2360843073915583,0.05,0.36958428632049745,-0.2649354993590045
0.06127257124468124,-0.2338051238960203,0.05,0.3855456400742667,-0.27537190736919914
0.09649329960189754,-0.2366994752556676,0.05,0.37360751894519145,-0.2665380046231725
0.1305713408600484,-0.24041801493818477,0.05,0.35825445264036954,-0.2537434906066936
0.1602424373554586,-0.24610926197458455,0.05,0.36743856207996095,-0.2606731561354322
0.18674726890756302,-0.25127806931283153,0.05,0.36743856207996095,-0.2606731561354322
0.2123995414128893,-0.25126402787875896,0.05,0.3340632993767212,-0.23721456182309564
0.23575294073826863,-0.25165,0.05,0.3178027333393104,-0.23792023259689363
0.25624546332391546,-0.24692647705732984,0.05,0.35816451839019436,-0.2544036951785418
0.2696867750947083,-0.24497308409377902,0.05,0.35816451839019436,-0.2544036951785418
0.2762460281487129,-0.24464651327623382,0.05,0.2808034011474073,-0.19939150238362963
0.2758903274270861,-0.24370725860300957,0.05,0.30494777324916506,-0.21951762002150343
0.26779648796538036,-0.24412123016582618,0.05,0.30494777324916506,-0.21951762002150343
0.25291629457632375,-0.24476503433762953,0.05,0.3166223964236655,-0.22737871705824542
0.23166163109410937,-0.24492596558340185,0.05,-0.15287950960206642,-0.11353268050609017
0.20357205617723118,-0.2426506643785826,0.05,-0.32866435615745265,-0.2423099809154814
0.17094434080343307,-0.24381321313624985,0.05,-0.32866435615745265,-0.2423099809154814
0.13272378984651712,-0.24678633859253699,0.05,-0.3305754481431545,-0.245800477667174
0.09066055637018228,-0.24381591889894255,0.05,-0.35695207538920876,-0.2608629869371371
-0.08693769456471177,-0.2438470283035746,0.05,-0.3803046649714285,-0.2737382833803299
-0.13035253738106026,-0.24301562641594923,0.05,-0.38115061166108805,-0.2745417701251009
-0.16994594467298635,-0.25288006349490255,0.05,-0.38115061166108805,-0.2745417701251009
-0.2091726810730253,-0.252625,0.05,-0.4040040970953097,-0.24199097336061962
-0.24062227008239237,-0.2511890710887476,0.05,-0.4172631360546954,-0.25121975275450664
-0.2651434611397729,-0.2502780978565216,0.05,-0.3613034125320396,-0.25690917995951146
-0.2860482620512087,-0.24497548902159924,0.05,-0.3613034125320396,-0.25690917995951146
-0.2995234339244851,-0.24256558209382148,0.05,-0.3667366024854444,-0.257534964065004
-0.30902598446801144,-0.23838375970749281,0.05,-0.34125740982540603,-0.2422168378789352
-0.3131814784904581,-0.2346080286793892,0.05,-0.3019022805380854,-0.21897009331517686
-0.3123984768093478,-0.23076578037438894,0.05,-0.3019022805380854,-0.21897009331517686
-0.3056321470286763,-0.22800257234630877,0.05,-0.29761675676859994,-0.21700684523688424
-0.2908919023526888,-0.23076837874237222,0.05,-0.2681366923499635,-0.19622598538318542
-0.2714620170176736,-0.2320142461898061,0.05,-0.2189968119935368,-0.1604192765109544
-0.24765664109990707,-0.2310781553195547,0.05,-0.2189968119935368,-0.1604192765109544
-0.22075312548453657,-0.2306306417947831,0.05,-0.21842210793763606,-0.15992279702767792
-0.1895325702756187,-0.23200700401745267,0.05,0.4196374121374496,-0.28971807104730884
-0.15569869670646552,-0.23257310359619648,0.05,0.48108121225265327,-0.27129068421256497
-0.125017067256131,-0.22417281512905454,0.05,0.48427659754268754,-0.2710714214237495
-0.08556033776776455,-0.22170277688373924,0.05,0.48427659754268754,-0.2710714214237495
-0.05003350202067165,-0.22148309103155586,0.05,0.6934272318508461,-0.2567795119915376
0.07124710486766302,-0.21590059131191933,0.05,0.5153560023684075,-0.22505532382921142
0.11341001144846995,-0.21908870238748301,0.05,0.5754013885828845,-0.20319557512041508
0.15808683230220885,-0.2214062868790902,0.05,0.959368019660506,-0.2418210572313707
0.20877342204371557,-0.21647464782017972,0.05,0.959368019660506,-0.2418210572313707
0.25929091220686945,-0.20989160576544783,0.05,0.8699952458985083,-0.23311312494236214
0.3088158984691688,-0.20079819614669273,0.05,0.9489426122260968,-0.18615498290402
0.3595978979372839,-0.19120219148682485,0.05,1.056932419302075,-0.21200160873012328
0.40972865188628643,-0.18210900679420702,0.05,1.058467706019362,-0.21228655931181709
0.4597103996995099,-0.17312442644551232,0.05,1.058467706019362,-0.21228655931181709
0.508585164828614,-0.16522192816691506,0.05,0.9513986811415561,-0.17562782667754817
0.5571230200498265,-0.15901532703150517,0.05,1.0648291677297848,-0.17474560471883038
0.6071217974713742,-0.1516858868082061,0.05,1.0762142664076917,-0.17598816013774782
0.6521881153988249,-0.14950989137041318,0.05,1.0762142664076917,-0.17598816013774782
0.6996320478342795,-0.1451079846038258,0.05,1.0190207015384116,-0.17782696065600254
0.744212043606315,-0.14073068867452065,0.05,0.8327629660747792,-0.17019665395493488
0.7864541004470939,-0.13970920357675112,0.05,1.1220657656509778,-0.18660937719897566
0.8254969260097701,-0.14014852257833907,0.05,1.1220657656509778,-0.18660937719897566
0.8652665020139668,-0.1307069309054508,0.05,1.133034512028678,-0.1887486969035325
0.8993095720761018,-0.121709054094352,0.05,1.1181342619066317,-0.1809152794963547
0.9234893549347787,-0.12182821073321819,0.05,1.1065373119198423,-0.18122698151859234
0.9464336170415669,-0.11872591609150185,0.05,1.1065373119198423,-0.18122698151859234
0.9652680861842889,-0.11614332012158779,0.05,0.9957521799704757,-0.17045318875397145
0.9803674452450255,-0.11162888981008733,0.05,0.9445842661938636,-0.16338537383560892
0.991015225673742,-0.10745730562842834,0.05,0.9445842661938636,-0.16338537383560892
0.9960564212318608,-0.10569251118309424,0.05,0.9853902372876887,-0.16205709736977417
0.9984573160266039,-0.10277439390688693,0.05,0.95747197252081,-0.12956008832266439
0.9999120158896663,-0.09896617604987423,0.05,0.9396712001496397,-0.1073554284673065
0.9984238213310764,-0.100916931705747,0.05,0.9254114388940476,-0.10554516426000765
0.9981802910052909,-0.09877073412698412,0.05,0.9254114388940476,-0.10554516426000765
0.9960369152081644,-0.09966289373599121,0.05,0.8613379151925807,-0.12104194282216064
0.9951042963488336,-0.09694672700289661,0.05,0.9363648793508599,-0.12877157262413927
0.9918220038859485,-0.09403655831306917,0.05,1.089429715487453,-0.15552206008273062
0.9895693350898946,-0.09112904972817015,0.05,1.089429715487453,-0.15552206008273062
0.9867967574319408,-0.09285585731150355,0.05,1.1132364676034185,-0.1671815362952794
0.9859522152615516,-0.09658354394163367,0.05,0.9908187920255686,-0.16135472232435846
0.989601994028068,-0.09758621797551506,0.05,1.0152263246412938,-0.16557782129227674
0.9953305768772348,-0.10144662574493443,0.05,1.0152263246412938,-0.16557782129227674
1.0044215505525553,-0.1093267828403848,0.05,0.95745475556129,-0.13463518783089887
1.0195984419330997,-0.11679025641942635,0.05,1.1714530981387108,-0.182538930559564
1.0332439318073439,-0.12707302783738672,0.05,1.1714530981387108,-0.182538930559564
1.0508829200042913,-0.13268732864873883,0.05,1.1841277188522306,-0.18169873496814373
1.066643949295237,-0.1361663562212311,0.05,1.1370056505881316,-0.16639966783922427
1.0792740671886358,-0.13833922961877182,0.05,1.3430619843423444,-0.27180176072018847
1.0924591390511382,-0.13490365866015022,0.05,1.2568397341878985,-0.26900935808904014
1.102677628254029,-0.13382490225994087,0.05,1.2568397341878985,-0.26900935808904014
1.1117298900469865,-0.1292367981849405,0.05,0.9403412222387382,-0.20433790885702455
1.1187047261768492,-0.12570572149091427,0.05,0.9847830677785178,-0.14563183105007083
1.1232368610528323,-0.12540781637421322,0.05,1.0910045446898144,-0.06704815375167682
1.1264831041808394,-0.12399980635420768,0.05,1.0910045446898144,-0.06704815375167682
1.1283461097204839,-0.11714346266166041,0.05,1.2933059359142536,-0.07076480190596102
1.1265856452631453,-0.10801624030407378,0.05,1.2007750902680874,-0.10322413595467025
1.118980165599628,-0.09720852945384312,0.05,1.1433030471748589,-0.10218874308041208
1.105953784503401,-0.08278846898416745,0.05,1.1433030471748589,-0.10218874308041208
1.0874080958595538,-0.06560637573893974,0.05,1.012751769469187,-0.08379905189595299
1.060941152576115,-0.05305514418377321,0.05,0.8594979045927731,-0.04198983137992059
1.0377528369978883,-0.03749454044929075,0.05,0.8058047565658941,-0.03796985410718959
1.0128802006147102,-0.024675074456172112,0.05,0.8058047565658941,-0.03796985410718959
0.9881205199279898,-0.017755050848265907,0.05,0.7753290673752834,-0.013153167812618384
0.963367064376557,-0.0183284271189673,0.05,0.7871657436193263,0.028200411952631392
0.9379805942388402,-0.021983232783288814,0.05,0.8330173688715033,0.02646994206737425
0.9156181827394221,-0.015943930542805705,0.05,0.8330173688715033,0.02646994206737425
0.895424528729328,-0.007263396487379122,0.05,0.8077490333152675,0.03119707870091944
0.8764182555146401,0.00010583997711916416,0.05,0.8097343486090455,0.03581953137449491
0.8594969736073527,0.007707714842585866,0.05,0.9533670584548374,0.038334306022091334
0.8425179137166559,0.012575131409568768,0.05,0.9533670584548374,0.038334306022091334
0.8256279443139967,0.011529512866661111,0.05,0.9177828465956247,0.04354390823530375
0.811281528943353,0.009333846318901398,0.05,0.8542225534330327,0.031217875852861676
0.7999472649684718,0.00702253763722838,0.05,0.8414145998681154,0.031904043045641116
0.7906990853658538,0.0016224593495935019,0.05,0.8414145998681154,0.031904043045641116
0.7838126717434345,-0.0023178872575912927,0.05,0.7991731493156563,0.03099793283944424
0.7788126549833094,-0.0026642405817834947,0.05,0.7855473801753101,0.029915716778597324
0.7734979524110265,-0.002268657824871636,0.05,0.7567554816216265,0.02803697023083667
0.768604711402034,-0.0027620342549868194,0.05,0.7567554816216265,0.02803697023083667
0.7663466758457906,-0.0009628048780487746,0.05,0.7522207995808314,0.026039315578406285
0.7658627019037061,0.004996769540702601,0.05,0.7363360202221291,0.00837354752426781
0.7653965268504387,0.011063548621709276,0.05,0.7016463295703333,-0.002034146867301781
0.7646361247898508,0.011812320404440262,0.05,0.7016463295703333,-0.002034146867301781
0.7646715466154745,0.013927627076203994,0.05,1.0010215343251248,0.09246855615850745
0.7646696188233891,0.01809259998807892,0.05,0.7362254281307761,-0.01185604910401991
0.764393072633686,0.024444085108664575,0.05,0.7554243203342413,-0.007962612611414753
0.7653645165039517,0.030817122626327652,0.05,0.7554243203342413,-0.007962612611414753
0.7690956620773436,0.03822383252146779,0.05,0.7634099673452607,-0.015586722688505411
0.7781331138259834,0.046128873659118004,0.05,0.9400663439763407,0.1210024877242555
0.7912560847285944,0.05003772507894894,0.05,0.9434806174904813,0.12156906695193857
0.8092798337864262,0.052809494682119526,0.05,0.9434806174904813,0.12156906695193857
0.8297775260087332,0.05761677563291895,0.05,1.0354564528440289,0.1593513435166256
0.8498495172824791,0.06411519904648391,0.05,0.956743025684499,0.1447353197589546
0.8692482861978144,0.07199630483749866,0.05,0.9585127694859013,0.14457287460176016
0.8877000363554008,0.08125318735547239,0.05,0.9585127694859013,0.14457287460176016
0.9086803068596361,0.0828080947044658,0.05,1.1648579002188741,-0.022665749264526528
0.9291113192697092,0.08044772648675722,0.05,1.0325390872663727,0.07185731645204427
0.9447924561361685,0.07504093282158864,0.05,1.0098825429305174,0.1524531999269363
0.9535982263332301,0.068948319903688,0.05,1.0098825429305174,0.1524531999269363
0.9561248211283225,0.05990776213644332,0.05,0.9891847320517277,0.1533278974458342
0.9564534518080899,0.047295924651007674,0.05,0.9464920641528529,0.08136830268880914
0.956438990186504,0.03773188790700998,0.05,0.9422847307906148,0.08104486315461368
0.9546738566455243,0.029764246029853593,0.05,0.9422847307906148,0.08104486315461368
0.947451127181064,0.022193016125572087,0.05,0.7986831159260527,0.03650917307483042
0.9342773483050947,0.015803768973041293,0.05,0.7265607775634475,0.029656529755333557
0.918427467554136,0.02024649620422124,0.05,0.7361762207344591,0.03288797876308136
0.9018422656268575,0.029259523823676265,0.05,0.7361762207344591,0.03288797876308136
0.8898504411904989,0.035769696174759134,0.05,0.7179141158113078,0.026347989134969368
0.8766179761918955,0.03498035265084229,0.05,1.1102683662774695,-0.03232085869582194
0.8628761707997187,0.0338308528069402,0.05,1.3881152094565645,-0.03386232645397742
0.8485067031789498,0.03755387546136445,0.05,1.3881152094565645,-0.03386232645397742
0.8288207256757403,0.05247739965199981,0.05,1.0366164039393655,0.09229064905926926
0.8146917179138807,0.06174514909363939,0.05,0.9964792189171308,0.18898264062782355
0.7947763276024467,0.08837042641851371,0.05,0.9076839133986562,0.2590701121948785
0.7758602648236893,0.11373289643087048,0.05,0.9076839133986562,0.2590701121948785
0.7510242568413522,0.146529167411912,0.05,0.6837387486138609,0.2945982265539025
0.7317679823672477,0.1639390555330361,0.05,0.5294788884507046,0.2868340561959392
0.7045204883632202,0.18606091425028615,0.05,0.549054948051359,0.28859485736991536
0.6777946951372091,0.20661901117691217,0.05,0.549054948051359,0.28859485736991536
0.6553584131693716,0.22214075302066202,0.05,0.4236383867554605,0.2949136602435277
0.6323677182584638,0.23627843292748374,0.05,0.4072460242767813,0.2882611776425577
0.6088834287622865,0.2433975683509877,0.05,0.40964978952201914,0.2895083156934366
0.5825396835805237,0.24820608517335113,0.05,0.40964978952201914,0.2895083156934366
0.5510686750506616,0.25476206699249015,0.05,0.40216486419939507,0.28622358432964323
0.5238035814732276,0.2629914647662404,0.05,0.4054457165278328,0.29006701212864355
0.49624532426828105,0.2717514982958337,0.05,0.40720520378693287,0.2914135131706794
0.4712265114491079,0.2736228317618872,0.05,0.40720520378693287,0.2914135131706794
0.4495570802819589,0.27146289717563993,0.05,0.3933276815968435,0.28112352403325214
0.4182487392703862,0.2842859173819743,0.05,0.37671032625810474,0.26881158252006976
0.4002417544026994,0.2770398827337872,0.05,0.3768532460906098,0.2689204556418433
0.38403205702841886,0.2697978399771123,0.05,0.3768532460906098,0.2689204556418433
0.37472511805671493,0.2572580719788214,0.05,0.40164059274754293,0.2877405888658685
0.36177077741758634,0.25800415822468,0.05,0.391483612245474,0.2557531140668704
0.356073374812272,0.2517284059214761,0.05,0.3473320727672398,0.24675905251861055
0.3543112849787863,0.24319420794203175,0.05,0.3473320727672398,0.24675905251861055
0.35662568939412004,0.23839701262547985,0.05,0.34965951354336766,0.23107553706485603
0.3616038709100662,0.23609882799928486,0.05,0.26766829025174305,0.18861446442629803
0.3691788925706521,0.23509419734913053,0.05,0.35269353454845564,0.22204641473386366
0.38429492330995657,0.2250853609083536,0.05,0.35269353454845564,0.22204641473386366
0.39916981846905925,0.21549896566114224,0.05,0.35531932836355146,0.21324017564723932
0.41652428109016776,0.20978602864909332,0.05,0.44962191892889175,0.22738333759480894
0.43813172549650714,0.19990645012278568,0.05,0.6513740985646647,0.2257213126497684
0.4611589019075516,0.19053473541949467,0.05,0.6513740985646647,0.2257213126497684
0.4858521748461868,0.18287165188152812,0.05,0.5831043842283785,0.20742877198316068
0.518487908514266,0.17013039995946155,0.05,0.9890665966237838,0.19519550993510018
0.5508375342612675,0.1636837884619968,0.05,0.9463680758640289,0.19429595695115554
0.5877174093146897,0.15776560544290671,0.05,0.9463680758640289,0.19429595695115554
0.6309430377596873,0.14834583546883753,0.05,0.9946591853977093,0.1740361427378884
0.672500544068019,0.1428132066921857,0.05,1.0200041273704135,0.1613030332289738
0.7169840807575486,0.1328212569233518,0.05,1.0247508685985085,0.16088853893681584
0.7558255592901157,0.12901527901932042,0.05,1.0247508685985085,0.16088853893681584
0.7919650493303465,0.12257432558028693,0.05,0.9971684222958445,0.14942501269428687
0.8259533813601775,0.11686396018701845,0.05,0.9674962255553684,0.1342188779309372
0.8590214583581556,0.10840249582985823,0.05,0.9670807111866893,0.13419735839370364
0.8864271746908206,0.10728377657988576,0.05,0.9670807111866893,0.13419735839370364
0.9165396156735103,0.10484988107160742,0.05,0.8598567928263983,0.12912625090049107
0.9436274035767511,0.1019142178837556,0.05,1.1336097605886026,0.1335065162311663
0.968507591733823,0.10008286920032426,0.05,1.3315621635921264,0.12885334651182312
0.9894714473542986,0.10029660477263784,0.05,1.3315621635921264,0.12885334651182312
1.0080025877480485,0.09679684434777427,0.05,1.2237629445811846,0.10731036480344026
1.0192321711059227,0.09573104123981513,0.05,1.1280554064124568,0.11238255182852677
1.0270481974248928,0.09002045064377684,0.05,1.1315445906125143,0.11221458812914077
1.0277716200271734,0.0825137424618025,0.05,1.1315445906125143,0.11221458812914077
1.0227002670386134,0.07341673461845666,0.05,0.9695630115041127,0.11221924254271176
1.0158661494773478,0.06297250146008893,0.05,0.9139644643138961,0.09297259053479602
1.0025483867604124,0.06027868378716559,0.05,0.9140156002134138,0.09297639210138012
0.990418160810553,0.055560778350269555,0.05,0.9140156002134138,0.09297639210138012
0.9757991988327127,0.05347680434211783,0.05,0.8624840148835659,0.09090669610632961
0.9603136401563916,0.05053485314451915,0.05,0.7892940434602695,0.07706857355354588
0.9430264704479322,0.047817628679101276,0.05,0.7848831157286049,0.07265998865577536
0.922347203880718,0.046703805630378306,0.05,0.7848831157286049,0.07265998865577536
0.899658210004528,0.044829112747551296,0.05,0.7690369406461088,0.06413263982555084
0.8774220678331763,0.04267423060419324,0.05,0.7626500610841126,0.045684313041229864
0.85669502228472,0.04006177723621804,0.05,0.7624446304078337,0.04566813294216022
0.8380187868940434,0.03574091288533779,0.05,0.7624446304078337,0.04566813294216022
0.8200385711220256,0.03368178556101283,0.05,0.9231626198516112,0.046394320178019186
0.8074311125350181,0.028002619657864943,0.05,0.8539754492660698,0.04317063247733419
0.7950107556684071,0.02744943494742866,0.05,0.8539730320883135,0.04317061158008802
0.7869929260747239,0.02818810471853318,0.05,0.8539730320883135,0.04317061158008802
0.7812208911864609,0.031766171563077296,0.05,0.7844248883821849,0.03018723459040036
0.7760847630402384,0.03543002980625932,0.05,0.7530097008254174,0.032483026437468115
0.7749579337552592,0.0342229708227554,0.05,0.7530096981308749,0.03248302651945814
0.7723922012469898,0.03404169100641378,0.05,0.7530096981308749,0.03248302651945814
0.7691092546672706,0.03477428470947283,0.05,0.7659543486554093,0.04780833262490552
0.7678161968893391,0.03250234193433049,0.05,0.7654498608369208,0.028921098240784895
0.7670737369976289,0.031224351519773146,0.05,0.7672657121902808,0.03010565092413237
0.7676676736943837,0.02974655087041081,0.05,0.7672657121902808,0.03010565092413237
0.7672921573301549,0.030323528009535167,0.05,0.7548231284242588,0.025491203041880357
0.7638654656041769,0.03371401163414431,0.05,0.7253540037903948,0.03551203719853812
0.7603429207071549,0.0346402188415811,0.05,0.7083198969236395,0.035968810425180124
0.757973578631195,0.030793738825716947,0.05,0.7083198969236395,0.035968810425180124
0.7545203964545011,0.027497072340577727,0.05,1.0188228362147838,0.06760951602216633
0.747897752474067,0.02860226600691547,0.05,0.786080123691824,0.1320034453876196
0.7371752345445008,0.03678562751829865,0.05,0.7624102380451422,0.13191643488008
0.7348406725759725,0.03361995225264966,0.05,0.7624102380451422,0.13191643488008
0.7291549252717391,0.03694607229691076,0.05,0.6564079842640488,0.04992361059306628
0.7263038181568875,0.03931857450309412,0.05,1.222183353427297,-0.03132948294639185
0.7253026937421061,0.0426205859924219,0.05,0.952592439305333,-0.003561723143193661
0.7286237560780855,0.042845141404872014,0.05,0.952592439305333,-0.003561723143193661
0.7336385031361046,0.04398115535045671,0.05,0.19906650176138196,0.14015067344181042
0.7403758376142743,0.04480823639137535,0.05,0.7747322443762029,0.07066942716846807
0.7486415891999475,0.04433921454705806,0.05,0.7879173033797857,0.0686696550582792
0.75755863556107,0.04103414079835843,0.05,0.7879173033797857,0.0686696550582792
0.7666726289532347,0.034808695328239186,0.05,0.7927267941549463,0.06677968358124489
0.775318966442153,0.02264132890266437,0.05,0.9805798333448326,0.042636055333767325
0.7804791777931429,0.012728589480711464,0.05,0.9464596708255408,-0.14117860653999323
0.779518643496822,0.005829210341167919,0.05,0.946449809445848,-0.141169315164733
0.7759498018072791,-0.0019268212867923115,0.05,0.946449809445848,-0.141169315164733
0.7696083641305643,-0.01568982916477909,0.05,0.834484040613249,-0.11070053437801543
0.7664845334286736,-0.037059010844952917,0.05,0.7715172201882066,-0.13039980291890996
0.7575586883468189,-0.03884459585066196,0.05,0.7715172201882066,-0.13039980291890996
0.7446469537150834,-0.057468253845144195,0.05,0.7715172122487649,-0.13039979609515875
0.7298601230138391,-0.07324961558175294,0.05,0.5231605063619419,-0.18588644601023058
0.7166231036353448,-0.09184409003111921,0.05,0.3137769098171464,-0.25686833663249664
0.6986662523393451,-0.11304185818502581,0.05,0.3137769098171464,-0.25686833663249664
0.6830527724164224,-0.1173452766459361,0.05,0.30859658939718565,-0.2525935626030859
0.6531310381116595,-0.12835064480646888,0.05,0.9481098686627432,-0.19859992223808656
0.6220478718835739,-0.13094386317547418,0.05,0.9481098686627432,-0.19844124944264926
0.5845279444861214,-0.13716849212303076,0.05,0.9481098686627432,-0.19844124944264926
0.5485222383218251,-0.1365575390862581,0.05,0.3283970359885694,-0.3070339328826048
0.5044825010140537,-0.14035540192312282,0.05,0.05,-0.05
0.45957141788375555,-0.14040811087928465,0.05,0.05000000000000001,-0.05
0.4155549011659792,-0.13685899997615583,0.05,0.05000000000000001,-0.05
0.3716735134168157,-0.12979210733452592,0.05,0.049999999999999996,-0.049999999999999996
0.32965614865509346,-0.11964136064479206,0.05,0.05,-0.05
0.28675050983291794,-0.11014188799179497,0.05,-0.05,-0.05
0.24258286433419615,-0.10871734769953836,0.05,-0.05,-0.05
0.20680426388706732,-0.09657990414078428,0.05,-0.05,-0.05
0.17224650250417362,-0.08674405914619603,0.05,-0.05,-0.05000000000000001
0.1360282117331745,-0.07437952650387135,0.05,-0.05,-0.05000000000000001
0.10215461733872411,-0.05879918691187519,0.05,-0.05,-0.05000000000000001
0.06656277349851551,-0.05828741012555594,0.05,-0.05,-0.049999999999999996
0.06641134564014502,0.004404644867391723,0.05,1.27950451245782,0.02868949113964564
0.09093227580574004,0.00742372238186653,0.05,1.316723362829597,0.03253478969806124
0.1182534258531122,0.0104341962753789,0.05,1.2931516740366022,0.032431832592853364
0.14914684858420266,0.013311281371087932,0.05,1.2931516740366022,0.032431832592853364
0.18490327229811887,0.018719701142026087,0.05,1.48625323684083,0.0296288687805896
0.22601342215679499,0.025078543203842993,0.05,1.4327771294974643,0.04082693515303084
0.2704392489393145,0.028934461553129624,0.05,1.2166513657090674,0.03946844883063493
0.31747858313663785,0.029993813926042487,0.05,1.2166513657090674,0.03946844883063493
0.365835306581002,0.03111346834658434,0.05,1.145405120478331,0.03881143129471557
0.4157590809393253,0.03231007927047324,0.05,1.142941162670621,0.033300298471894786
0.46525887777486347,0.03271705065690646,0.05,1.1435189813325404,0.03329467466550624
0.513559206527051,0.034434450874286336,0.05,1.1435189813325404,0.03329467466550624
0.5605294287452436,0.03485295706941181,0.05,1.1452403940761888,0.05284726873101548
0.6083156542418138,0.03577211947646351,0.05,1.1538530679359271,0.04373900797914376
0.6561569616329255,0.036984802501371115,0.05,1.1537038931163053,0.043815913588116276
0.7026567234927482,0.03802088015873962,0.05,1.1537038931163053,0.043815913588116276
0.7449582421120413,0.0383567074479502,0.05,1.1203094276572858,0.044817497859496076
0.7813574772486015,0.039461359895516517,0.05,1.1128520704593166,0.07978728952278868
0.8112509530503568,0.04104114586435711,0.05,1.1262945987511286,0.08131945814165889
0.8345472024178548,0.0429384770375316,0.05,1.1262945987511286,0.08131945814165889
0.8548848802983902,0.041459097084023504,0.05,1.0955583952397554,0.1031322865874057
0.876734682928574,0.03507729621946422,0.05,0.889654781198054,0.04526901166809261
0.8971984487442214,0.032354814016108284,0.05,0.7651944680430476,0.03569174454028621
0.9159155380052174,0.03322658995342411,0.05,0.7651944680430476,0.03569174454028621
0.931209374813702,0.03801121961106938,0.05,0.8701821369857532,0.0399152210469221
0.9429535071995998,0.04566327072639139,0.05,0.7983563026531506,0.0455910381218684
0.9500596622419407,0.051687999570646535,0.05,1.3542195220797297,0.073980170092429
0.9522837400021456,0.05347919999284803,0.05,1.3542195220797297,0.073980170092429
0.9506325550629291,0.052834195032418006,0.05,1.2786592026901964,0.0656860699895728
0.9445624605048228,0.05135413074841125,0.05,1.1841980905885945,0.09557708621779969
0.935726495148293,0.04957695051735648,0.05,1.186857698947907,0.09566971323280694
0.9254028969867522,0.047168638434112786,0.05,1.186857698947907,0.09566971323280694
0.9151515718321948,0.043025785916097424,0.05,0.9790437763545354,0.036508868741805
0.90697147200496,0.037018585165490274,0.05,0.8892015047083023,0.040378176559318975
0.9020235418306735,0.0312153742932799,0.05,0.8873907915470326,0.04032170835547933
0.9001270349218461,0.02753046540603055,0.05,0.8873907915470326,0.04032170835547933
0.8961776605821586,0.030294586793599355,0.05,0.7828589491447706,0.05831020890388982
0.8870354978600126,0.03737249132679217,0.05,0.7703994641535175,0.05462301922837488
0.8757839156339371,0.04334404045519543,0.05,0.7703994641535175,0.05462301922837488
0.8647378265509306,0.04412291907617833,0.05,0.7698348045282734,0.051367887962698484
0.8530282907253269,0.0426795986920333,0.05,0.7778900298411776,0.07850510157532462
0.8428267153502235,0.03864801341281669,0.05,0.8678542303961971,0.09651234902167993
0.8352642600116769,0.03612993792224196,0.05,0.7947046207810553,0.08151072262274929
0.8297576557191393,0.036325362400906,0.05,0.7947046207810553,0.08151072262274929
0.8273008534986291,0.03830912921683157,0.05,0.9054366096179806,0.08941507626480599
0.8262234060532947,0.03870378450366089,0.05,0.8472466337571125,0.07426367561273402
0.8252395774983613,0.0388108309993445,0.05,0.8621091892362229,0.07053602345448307
0.8248487457974678,0.038960005603376334,0.05,0.8621091892362229,0.07053602345448307
0.8239555238379023,0.040179214243146605,0.05,0.8079351810896553,0.07749298580749797
0.821668520891697,0.04350777492996365,0.05,0.8831051162024754,0.08532970821862877
0.8187750298037719,0.04625402827781885,0.05,0.8557162255881381,0.07141059309056268
0.8161569825704164,0.046419090225833015,0.05,0.8557162255881381,0.07141059309056268
0.8152783614647404,0.04517310828207696,0.05,0.7662861508207004,0.03716407434398323
0.8147082090441246,0.04549048502573145,0.05,0.7724515053163246,0.05863057775529296
0.8159216826819905,0.04338495195402847,0.05,0.7695176360742864,0.05877716272492361
0.8158478742804018,0.04386085028783924,0.05,0.7695176360742864,0.05877716272492361
0.8164922317174845,0.0410114727251072,0.05,0.7701758595537324,0.03264268728169537
0.8158005634885634,0.03587192062886635,0.05,0.8648340887146581,0.052333402767940636
0.8137949141630901,0.030844371125417266,0.05,1.019767434497878,0.049683529634523854
0.8100806609678458,0.0264846230194213,0.05,1.019767434497878,0.049683529634523854
0.8040967684845307,0.022645713162034613,0.05,0.8534733629965809,0.023338008077092305
0.7959854677868482,0.020230003034486046,0.05,0.7526066103734306,-0.048225421252487743
0.7873902810220719,0.01826045996806026,0.05,0.754431933904051,-0.04725619088979689
0.7774206009440597,0.01773994701584161,0.05,0.754431933904051,-0.04725619088979689
0.7645927953581472,0.022616102320926465,0.05,0.7596333854529567,0.03653467729758743
0.7509262236281887,0.02942233359968515,0.05,0.7352115997022636,0.011405157364705399
0.7390854232217773,0.03423428561212816,0.05,0.7319624020224779,0.007815384999781402
0.7302469633273703,0.03571421288014312,0.05,0.7319624020224779,0.007815384999781402
0.7222248539649992,0.037481967955748416,0.05,0.7265482044381155,-0.0011503203883049705
0.7166861730794453,0.039107950196139225,0.05,0.6622949826912308,0.041128343023801514
0.7158988165327866,0.03991122148594856,0.05,0.66229503365213,0.041128364582981136
0.7179359673284444,0.03928997227687355,0.05,0.66229503365213,0.041128364582981136
0.7218203490866193,0.04010694926059653,0.05,1.0527142246131451,0.020958062010328998
0.7279023374649902,0.044836428997080034,0.05,1.0676341069236126,0.013757659872289994
0.7346118939096034,0.051106584623267684,0.05,1.1030892417123521,0.00908297542746696
0.744992087913398,0.05418164894251175,0.05,1.1030892417123521,0.00908297542746696
0.7570610847651502,0.05427537711793724,0.05,0.9726883226858352,0.023551010310890998
0.7698378317714721,0.05258895047689358,0.05,0.8868844688827913,0.06814367201961909
0.7827198097690052,0.05145730529929201,0.05,0.8934081159420493,0.06749466543567342
0.797965495345705,0.04779103318196446,0.05,0.8934081159420493,0.06749466543567342
0.8195620810263738,0.037675272370066085,0.05,0.22041065299353962,0.1420436187376584
0.8474725633737352,0.020980137831170226,0.05,1.5,-0.1766261737561074
0.8789994683640872,0.0025898500452963373,0.05,1.5,-0.10795138441456432
0.907210094732198,-0.008020391269614152,0.05,1.5,-0.10795138441456432
0.936125276625173,-0.01343461272475795,0.05,1.4960124011226452,-0.21188410149953826
0.9670369897230094,-0.018548918415223756,0.05,1.5,-0.14573456650759775
0.9985024674248656,-0.0244776030304114,0.05,1.5,-0.1377051180040188
1.0333052608669728,-0.030394066841571754,0.05,1.5,-0.1377051180040188
1.0684956224439914,-0.03669495028078835,0.05,1.4986694815627832,-0.17075794936789057
1.1040589674172312,-0.04547972760232802,0.05,1.4669490906602978,-0.050918144378932724
1.1393212540231255,-0.05805781678388365,0.05,1.4430928280935738,-0.04176526430586
1.1702315030246626,-0.07088199162401115,0.05,1.4430928280935738,-0.04176526430586
1.1969580345649584,-0.08584990226460071,0.05,1.423590545793396,-0.20041865963711436
1.2232043306077691,-0.09918726354935217,0.05,1.495732978259422,-0.12132799441160265
1.257607791619479,-0.09657084371460929,0.05,1.3898919734942405,-0.11203327838385028
1.2869198082629265,-0.0888057667099634,0.05,1.3898919734942405,-0.11203327838385028
1.3045060889755236,-0.08145910619120854,0.05,1.4551715834374237,-0.1467565688151328
1.3161787360947168,-0.06774181987814619,0.05,1.2816484688038507,-0.23234716970758273
1.319769777360515,-0.051435437231759654,0.05,1.301838650383303,-0.24015563426126751
1.3236719224579807,-0.04083928477768506,0.05,1.301838650383303,-0.24015563426126751
1.3234494974425008,-0.044182541045176514,0.05,1.093830152562894,-0.245670683702522
1.3116048284246535,-0.04680541931369861,0.05,1.1214938328626143,-0.13092933043530525
1.2863193248205642,-0.05150189093163555,0.05,0.8696068530888028,-0.09970234648309202
1.2421476679827754,-0.06287832625577039,0.05,0.8696068530888028,-0.09970234648309202
1.1964109667843006,-0.06534228861652916,0.05,0.6287587866858955,-0.19682063070251632
1.1505058373274197,-0.05810575208050169,0.05,0.763017537782676,-0.03169344965378801
1.097996709938399,-0.048744782370393314,0.05,0.7631862722766509,-0.03173108171674928
1.0449479093401681,-0.03881928115872921,0.05,0.7631862722766509,-0.03173108171674928
1.0009039603252188,-0.03427784208769462,0.05,0.7631862722766509,-0.03173108171674928
0.9648574821845656,-0.03042142261308928,0.05,0.7198042409297161,-0.13491838413252927
0.9251001754751832,-0.03266569862360722,0.05,0.7198042409297161,-0.13491838413252927
0.8907938431924098,-0.03314247875421637,0.05,0.7809212107048396,-0.05354262222605562
0.8690607310997485,-0.040146241403558956,0.05,0.7722465953385359,-0.03854023259844224
0.8516830557707205,-0.05241354257284157,0.05,0.9388404936896373,-0.13577096678465717
0.8441863825642492,-0.06265384005909616,0.05,0.938791860878128,-0.13576201496116838
0.841509362743345,-0.07177522203545414,0.05,0.938791860878128,-0.13576201496116838
0.845195366185257,-0.07409201231947145,0.05,1.222219105955407,-0.013092368440981692
0.8572827904704017,-0.0803590731405008,0.05,1.1609419861832828,-0.04212436570644869
0.8756775310570113,-0.08703962570638307,0.05,1.1365253977157537,-0.03981469385514738
0.9071444384590659,-0.08588406566588493,0.05,1.1365253977157537,-0.03981469385514738
0.9402005261401689,-0.08885357423760323,0.05,1.1173851532843126,-0.18972957926338407
0.97498736289938,-0.09314755007153076,0.05,1.1151070005794719,-0.191988294610985
1.0171630528519287,-0.09524716059543406,0.05,1.116312193453127,-0.19213497537472912
1.0595766544249159,-0.09265256420957241,0.05,1.116312193453127,-0.19213497537472912
1.0916907756688445,-0.07849377414278219,0.05,1.2843840742881265,-0.21947811635294157
1.1085868101505774,-0.06716415137642023,0.05,1.182351308486159,-0.054436061234895784
1.1196862804077443,-0.06422829143689274,0.05,1.2119346941363272,-0.05184622828976784
1.1293965108445514,-0.064344579214709,0.05,1.2119346941363272,-0.05184622828976784
1.1342123093707894,-0.05931214959400002,0.05,0.7352082044587266,-0.2179915057487394
1.1373801787331934,-0.05224384952798703,0.05,0.9610818284798613,-0.1263819634495995
1.1337761852099157,-0.04943747600367248,0.05,0.8880847700184854,-0.11907437289916498
1.1259583187286144,-0.051447091574567526,0.05,0.8880847700184854,-0.11907437289916498
1.1154003251513995,-0.05816659374850983,0.05,0.9079565605073707,-0.10955161823572547
1.1023821680134438,-0.058334609196224255,0.05,1.1647752391020263,-0.01862575974064777
1.0952909267341608,-0.04549842682359674,0.05,1.2411744302436383,-0.015704605899002206
1.0946057310216675,-0.03119451733749449,0.05,1.2411744302436383,-0.015704605899002206
1.0941141122303015,-0.024854237692215994,0.05,1.1905139254255315,0.0158718148671671
1.0880291480889823,-0.02708212071719797,0.05,1.1944302974096126,-0.05132679842881683
1.0813731496053605,-0.032440215680663846,0.05,1.293622014973469,-0.05445446356322592
1.0758846711239825,-0.04212934469114615,0.05,1.293622014973469,-0.05445446356322592
1.0746771905312327,-0.05665274970804834,0.05,1.4112934196869131,-0.05852952445619665
1.0820081625052143,-0.0686223270365294,0.05,1.04980377577213,-0.03036165967670613
1.0965345532234418,-0.073405471627275,0.05,1.1576037470289249,-0.03343349959914966
1.110322115120951,-0.07436563420246313,0.05,1.1576037470289249,-0.03343349959914966
1.1182411380074593,-0.06874940421576921,0.05,1.181114223547492,-0.13042510413489222
1.1189818242518184,-0.06235437880052462,0.05,1.1265571914543817,-0.14804091070830835
1.1196792094192796,-0.04758087215330163,0.05,1.136978348098438,-0.1486584845935142
1.119268366598705,-0.03812396537539793,0.05,1.136978348098438,-0.1486584845935142
1.11906736668296,-0.023515724138342138,0.05,1.0356238999844396,-0.14273329826997516
1.1154586280654926,-0.015344793727209895,0.05,0.7714531246222698,-0.04249593202068765
1.1051150640834577,-0.016893543964232486,0.05,0.76301789884677,-0.04208547867153856
1.089195041115481,-0.02373039893933977,0.05,0.76301789884677,-0.04208547867153856
1.073632169923737,-0.03505768112488084,0.05,0.7603483488305972,-0.016639292347917323
1.05881440063881,-0.04904203632636522,0.05,1.3267699185835662,-0.13941040920810463
1.0412017555208433,-0.05410637311599733,0.05,1.2879007887253011,-0.13945527445906367
1.0317271914665396,-0.05166388475061081,0.05,1.2879007887253011,-0.13945527445906367
1.0316832181168059,-0.04426336889153754,0.05,1.002032948353293,-0.11397634181714011
1.0338241666666668,-0.0362675,0.05,1.3673464528834272,-0.14070203803115716
1.0293417177219415,-0.03891183429484123,0.05,1.312035127017213,-0.10551335121206155
1.025142070326944,-0.04858124127771747,0.05,1.312035127017213,-0.10551335121206155
1.0277193826254964,-0.06208265262919366,0.05,1.2897200612165647,-0.11579056180889988
1.0352697367009864,-0.07771719964011631,0.05,1.2390888536284004,-0.09855327106050846
1.0414903313863393,-0.09871935451186077,0.05,1.2518086619193698,-0.09983769920726311
1.047871823575006,-0.1027632870259957,0.05,1.2518086619193698,-0.09983769920726311
1.0549541774889195,-0.09139655733212601,0.05,1.1307304932754203,-0.09984292514222054
1.0585745488784535,-0.07931220173535793,0.05,1.122027637293372,-0.10219968197047083
1.0659371324186762,-0.0756059468608823,0.05,1.0953219068040183,-0.10304314062173532
1.0739018419735133,-0.07378797755420724,0.05,0.9195927791586146,-0.07634469843384094
1.0734635909340133,-0.061363237222275185,0.05,0.9195927791586146,-0.07634469843384094
1.0700762335085272,-0.0426347393542851,0.05,0.7634838955927336,-0.037197663043627344
1.0661359219541255,-0.030792369675305326,0.05,0.7634855915242454,-0.03719711499109606
1.0534786532592628,-0.023473200491154447,0.05,0.7634855915242454,-0.03719711499109606
1.0273677894755657,-0.019960450255603616,0.05,0.7587931629325302,0.011696884892716196
1.003473668482147,-0.00913902309672498,0.05,1.3911966146377732,-0.08630522817285745
0.9914520357044998,0.010838344214250829,0.05,1.3802613390819554,-0.0371564410544138
0.9838822482685453,0.02622743357293567,0.05,1.3802613390819554,-0.0371564410544138
0.9767447907725321,0.03777709227467812,0.05,0.9860893664402689,0.13347667983702263
0.9764458851820067,0.0598831885146249,0.05,1.415711322580037,0.1705488077000987
0.9804866480320403,0.08251564116623358,0.05,1.3912088589600873,0.19654487448059804
0.9877930494931426,0.09499146392367323,0.05,1.3912088589600873,0.19654487448059804
0.995807389262385,0.09007462153721452,0.05,1.1790564890772905,0.20688023325557683
1.014826903890624,0.0862484283739004,0.05,1.2639048920200626,0.22788864281267332
1.0327559647544013,0.09649146274598615,0.05,1.2854488249231832,0.2254767996016752
1.0468633318629437,0.11543023021531272,0.05,1.2854488249231832,0.2254767996016752
1.0664647122970945,0.13233659333063189,0.05,1.287100490039568,0.1671428641381286
1.098133447698196,0.1328692514516687,0.05,1.3134582552051202,0.23537637373013828
1.132276959743868,0.13284712000524665,0.05,1.033777752631763,0.18172916821237303
1.1633410485476239,0.13631338665268125,0.05,1.033777752631763,0.18172916821237303
1.1960583410805592,0.14206386723638573,0.05,1.4079652850368016,0.24127353077456437
1.2199145980333732,0.14190037872467223,0.05,1.039548880836843,0.15458383758038893
1.2314776878195883,0.13167162711419955,0.05,1.4038064228366913,0.21487710383271394
1.2343394600745956,0.12817079147749616,0.05,1.4038064228366913,0.21487710383271394
1.2316037179533064,0.12945875147632513,0.05,0.9811494251918954,0.28019258578041617
1.2062625978645567,0.14244729226497613,0.05,1.0455499300026492,0.28149859984272174
1.1800484846498547,0.1499438492158078,0.05,1.0620922539316873,0.27710446062823013
1.1515783774680466,0.15960322455646697,0.05,1.0620922539316873,0.27710446062823013
1.1262308333333333,0.16123375,0.05,0.641964517085928,0.26551404389642136
1.1006550362349072,0.16507832729418215,0.05,0.3736980418110588,0.2648498204153062
1.0787420287825518,0.16612231124486027,0.05,0.33947946436421716,0.2429580788548942
1.062526567051494,0.16863648001949896,0.05,0.33947946436421716,0.2429580788548942
1.0482511991894146,0.17047269340803434,0.05,1.3558489631672896,0.34067190474403924
1.0291491390602299,0.1873693723356117,0.05,1.2183008338509536,0.3003631054752285
1.0129174744241698,0.2040015088244092,0.05,1.2183008338509536,0.3003631054752285
1.0008633439239856,0.21384041208168908,0.05,1.1821012296710995,0.2950075962692116
0.9909881685599513,0.22184310520544026,0.05,1.1965897772952208,0.2898304330114764
0.9838414497443414,0.2261532294013182,0.05,1.1365507571285716,0.28709901785304476
0.9686547750196723,0.2417469382645397,0.05,1.1365507571285716,0.28709901785304476
0.9483763682422365,0.26583294093103654,0.05,1.2401251750704383,0.3143040504888111
0.9359358387877488,0.2796907957485365,0.05,0.7356244989846705,0.3195991803137949
0.9371134128979223,0.2694688369710255,0.05,0.41494720013463277,0.30717297325093507
0.9309305310473103,0.265415031238077,0.05,0.41494720013463277,0.30717297325093507
0.9160997409372765,0.2656967350345814,0.05,0.3888094609983485,0.285408596059608
0.8943901958680542,0.27357207807303024,0.05,0.386648370648373,0.2828794238841963
0.8631025644618834,0.28556123461501765,0.05,0.3412119637967244,0.24906589589254635
0.8311645965510661,0.2850538824357201,0.05,0.3412119637967244,0.24906589589254635
0.7912671166126571,0.2846436076296226,0.05,0.35849543355421803,0.2633124749653336
0.7473010843883872,0.2858208110091524,0.05,0.3847648883867547,0.28577238199171207
0.7030737626566805,0.28098310564228557,0.05,0.3847648883867547,0.28577238199171207
0.6525609110422131,0.2808952325304078,0.05,0.4273813183783432,0.3287553531243515
0.6017568560348834,0.2806417932496992,0.05,0.43818915811142095,0.3374739793145123
0.5495548490030866,0.2820985356159649,0.05,0.4184246102017029,0.31335178455401413
0.4987768002360965,0.2832255231684633,0.05,0.39036262221200196,0.28849464181629564
0.45793578777119853,0.2749425258837406,0.05,0.39036262221200196,0.28849464181629564
0.4277999243146603,0.2567478873659118,0.05,0.34851087805558917,0.2557371390423954
0.3953061552544637,0.25092547201316745,0.05,0.3082585126355561,0.2327756671244902
0.36611697270116655,0.24871354038821303,0.05,0.2665144112735484,0.19706095599794204
0.3443237378311071,0.24309730020375822,0.05,0.2665144112735484,0.19706095599794204
0.32865398339036805,0.23753762355872987,0.05,0.31210941432144024,0.2267382053475831
0.31280344447489783,0.23473508615655947,0.05,0.2845402395159338,0.2083331066338215
0.30398049740092514,0.22578235967380417,0.05,0.3066919660969555,0.22514755725071722
0.2929102189302569,0.22583104829098535,0.05,0.3066919660969555,0.22514755725071722
0.28754852804462344,0.21996922957736403,0.05,0.2767663729911933,0.19967879210207903
0.28433646527372197,0.2148335790653047,0.05,0.27936079937263253,0.20199409133601892
0.28005504577313695,0.21345553300672293,0.05,0.27609297756047235,0.19972364492906314
0.28096395911844674,0.20807487358679577,0.05,0.27609297756047235,0.19972364492906314
0.2831073008084518,0.20420220535629116,0.05,0.2653566247524269,0.19025514024984597
0.28568684789478077,0.20157873764353768,0.05,0.2761513287504346,0.20000182622236454
0.28979435699214423,0.19878859269016655,0.05,0.32548738776117997,0.23629653337749137
0.29538249061102834,0.19576083368107303,0.05,0.32548738776117997,0.23629653337749137
0.30059795987658,0.19219026995151356,0.05,0.32422896520377414,0.23378690408826175
0.309129780582015,0.18364947872581394,0.05,0.42438316482926736,0.15876967309300197
0.31913283198235787,0.17749487900822508,0.05,0.3488176035944974,0.1627436466613396
0.32907115513026886,0.1715357509091993,0.05,0.3488176035944974,0.1627436466613396
0.3411157876071382,0.16315310805011504,0.05,0.2889408572710677,0.17903101364395851
0.3604333329359592,0.14825975633017024,0.05,0.6241891754988458,0.09165265015591964
0.37792281290253327,0.13780027103907258,0.05,0.5936793143052251,0.10747677220421371
0.39776215148698885,0.12663840613382898,0.05,0.5936793143052251,0.10747677220421371
0.4185387957035394,0.11732493502855167,0.05,0.4397205862533886,0.12331608598097323
0.4422978900956259,0.10513855495218702,0.05,1.1793787613559943,0.0005994376442683223
0.46845900052453393,0.09126626055028374,0.05,1.1409148156001305,-0.013759671766279414
0.49774830645930734,0.07439941799446619,0.05,1.1409148156001305,-0.013759671766279414
0.5287197464415992,0.058941329304055504,0.05,1.1660396232487487,0.018282588562483278
0.5641058947694804,0.04277387125241491,0.05,1.1401296349496108,-0.039320996102399954
0.6012538764888937,0.029935249669134745,0.05,1.072901819989473,-0.045223156922839736
0.6386068859758933,0.01773690701861058,0.05,1.072901819989473,-0.045223156922839736
0.6763137318279314,0.006862707042421355,0.05,1.0801647520072044,-0.049113858807094325
0.7092661427107048,-0.0002186171734388598,0.05,1.043789937670425,-0.09803366195979883
0.7393489052573867,-0.010325809883076483,0.05,1.0078561848127576,-0.053273803005176465
0.7671521253263085,-0.01987626500423158,0.05,1.0078561848127576,-0.053273803005176465
0.7940601330487965,-0.031134419520976647,0.05,1.009534038473061,-0.053123881940154064
0.8133915178252056,-0.03904448610945511,0.05,0.9466253892300148,-0.07932008435583297
0.8298613430700448,-0.052412047391952314,0.05,0.8536569712307296,-0.10217403596086727
0.8398987089159902,-0.06485275025928972,0.05,0.8536569712307296,-0.10217403596086727
0.8504569496619083,-0.07353042407546541,0.05,0.8570703378037936,-0.10145211893007815
0.8632894596655981,-0.07877310930628881,0.05,0.9056007922235021,-0.09879436680922644
0.8581770861877926,-0.10574863939094278,0.05,0.6376018480886022,-0.17566122566482742
0.8422607005723824,-0.13647405407822563,0.05,0.6376018480886022,-0.17566122566482742
0.8189306925204454,-0.16538392921008085,0.05,0.7231509666858966,-0.13241029138910027
0.7931132287891072,-0.19052633089708126,0.05,0.47543185636655694,-0.22108119053217684
0.7625511345349212,-0.2172065041304581,0.05,0.7196345871875638,-0.45545095546284553
0.7280047262556535,-0.24515521542489885,0.05,0.6917884046968118,-0.44173398910122885
0.6901714257190878,-0.2694290767185991,0.05,0.6917884046968118,-0.44173398910122885
0.6516218755586809,-0.2897783771140484,0.05,0.5932663119147441,-0.46554187334712477
0.6111653754707537,-0.3036513487986842,0.05,0.40748599953471076,-0.45019138243600704
0.567006286368406,-0.31247822426786226,0.05,0.40748599953471076,-0.45019138243600704
0.5184503914121841,-0.3152308222935025,0.05,0.44618067240429293,-0.48346631531491274
0.4679784076953344,-0.31337308719550727,0.05,-0.4048321055610814,-0.26692414304300116
0.4171576235641771,-0.3106300098899004,0.05,-0.5665884267722868,-0.20110327588115054
0.36585849056603775,-0.3070698113207547,0.05,-0.5665884267722868,-0.20110327588115054
0.30540020805761225,-0.3071457893670041,0.05,-0.6069291646647851,-0.21151433351916876
0.23603674528639193,-0.3089425887302457,0.05,0.0,0.0
0.1765561408999857,-0.28786828945485765,0.05,-0.8472636351573509,-0.16756249455140224
0.12166480088680165,-0.26256662008176695,0.05,-0.8472636351573509,-0.16756249455140224
0.0665254250524609,-0.23171951425982448,0.05,-0.9337541762215876,-0.1680116810785554
-0.08780761919238884,-0.15076032881481216,0.05,-0.947189829210424,-0.13755794127735466
-0.126548671434195,-0.1294979923894502,0.05,-0.9569481835376813,-0.13694867999922197
-0.15852230730724765,-0.11120207710093799,0.05,-0.9411150992022042,-0.13550973458610346
-0.18271702295081968,-0.09930236005961252,0.05,0.0,0.0
-0.20309723019569076,-0.09025853303398088,0.05,0.0,0.0
-0.21830461290899342,-0.0848661898802074,0.05,0.0,0.0
-0.22854382855781263,-0.07871169506165485,0.05,0.0,0.0
-0.23204016669051367,-0.0709505419230219,0.05,0.0,0.0
-0.23092928216020142,-0.06418686386578687,0.05,0.0,0.0
-0.22636967600042912,-0.0602119497192719,0.05,0.0,0.0
-0.22266032766672225,-0.05850081067880203,0.05,-0.43573846602870636,-0.17664095225338294
-0.21915423524784575,-0.05821879968535094,0.05,0.0,0.0
-0.21899221676994157,-0.056010361223539515,0.05,0.0,0.0
-0.21541156175849854,-0.06076013688339872,0.05,0.0,0.0
-0.21319709854927466,-0.060061999452107,0.05,-0.2990252839001585,-0.1860922845993244
-0.2094506585063526,-0.06158632630926557,0.05,-0.44533742452121255,-0.14888028519442864
-0.20523257480033377,-0.06603207086661103,0.05,-0.44533742452121255,-0.14888028519442864
-0.2038136250327998,-0.06897698289640038,0.05,-0.45390284387512053,-0.1512979957614949
-0.20268914553302095,-0.077618969011935,0.05,-0.45501220797127184,-0.16888009314528366
-0.20232384519127636,-0.08644890418305326,0.05,0.0,0.0
-0.1970255978850487,-0.09651883099464706,0.05,0.0,0.0
-0.18882586293236042,-0.10779492643464368,0.05,0.0,0.0
-0.18031571814344985,-0.12347669983070247,0.05,0.20084523543462046,-0.28050423503721894
-0.1700309824015452,-0.13917589184581083,0.05,0.1548368555660388,-0.2773480496519685
-0.1582713765783167,-0.1535286234216833,0.05,0.1548368555660388,-0.2773480496519685
-0.14104959943449574,-0.16584076343072574,0.05,0.1460988276690251,-0.2730373960614575
-0.11729689543651503,-0.17599817716708954,0.05,0.24351628586401486,-0.2666084164642307
-0.08738840229528906,-0.18336942802493117,0.05,0.1597598746506638,-0.2584731956443069
-0.05130165566268219,-0.18834479287084818,0.05,0.1597598746506638,-0.2584731956443069
0.07672844093586778,-0.22355076140618665,0.05,0.2603804279626716,-0.22783162165102064
0.10101100809190691,-0.2257390583475349,0.05,0.2603804279626716,-0.22783162165102064
0.12178892180236024,-0.2230437316724282,0.05,0.22167575199293726,-0.21590271634046077
0.13918189834024897,-0.2194078060165975,0.05,0.1703050857836471,-0.21221609489369855
0.1515550098899004,-0.21205298216243268,0.05,0.16456916838235777,-0.21010823451362987
0.1583751788098417,-0.20020719471199694,0.05,0.16456916838235777,-0.21010823451362987
0.16122841370845695,-0.18193609164789856,0.05,0.1901773841922701,-0.1840938684551148
0.15630581048867698,-0.16142294398092968,0.05,0.19292989965776397,-0.1620584320192907
0.14320330988434482,-0.1353606361034935,0.05,0.19292989965776397,-0.1620584320192907
0.12347167578390361,-0.10739882637920554,0.05,0.19028835700127988,-0.15650544679428624
0.09719798874195855,-0.07916154038598999,0.05,-0.4951121236760651,0.1730548210333619
0.06738336134253464,-0.052682093777189784,0.05,-0.3065080800881794,0.2393823929555544
-0.05444361025696034,0.04038095174246758,0.05,-0.30231667700361387,0.23519540070507047
-0.08387302008822127,0.06620495022651407,0.05,-0.30231667700361387,0.23519540070507047
-0.11623899333579714,0.08802704009251201,0.05,-0.3011030886075511,0.23443832473859466
-0.15506193632449583,0.10012549286199864,0.05,-0.27863082057297867,0.19793861085391862
-0.1930600210970464,0.11178633966244726,0.05,-0.3880355646446407,0.17927892390898298
-0.22667299335088953,0.12321505999690184,0.05,-0.3034806569438652,0.18616571449928393
-0.255329356846473,0.12579854771784232,0.05,-0.3034806569438652,0.18616571449928393
-0.274604804356379,0.12794892610608388,0.05,-0.2829453599270079,0.20788856044138268
-0.29087173913043474,0.11824021739130436,0.05,-0.574245581285174,0.07113751324117022
-0.2961304785376262,0.10421676282318723,0.05,-0.4498972837365661,0.04103438847875851
-0.29865083564878303,0.08186571365538953,0.05,-0.4498972837365661,0.04103438847875851
-0.2911297007453091,0.06576218895847223,0.05,1.0629775197274982,-0.045237777161022424
-0.2824574171206504,0.04804235310596398,0.05,0.9824740838506528,-0.1087276494026976
-0.2702604880274885,0.03453877912595297,0.05,0.9832713566827254,-0.10900177173460134
-0.2531633215179316,0.018660732157750506,0.05,0.9832713566827254,-0.10900177173460134
-0.23021139898688917,0.0042851218712753264,0.05,0.9085528875872362,-0.1642449416886932
-0.20403238277432123,-0.012873938890080813,0.05,1.0982885069060664,-0.09693602409075032
-0.17594323968341002,-0.033878132524376,0.05,1.1620185609433804,-0.11418591961353755
-0.14212983834434084,-0.05434261760568418,0.05,1.1620185609433804,-0.11418591961353755
-0.09921274586939417,-0.06544169944925256,0.05,1.0151060933837341,-0.24649179796674336
-0.05273943873536635,-0.07481400449440881,0.05,1.1355241458616927,-0.09493330128888523
0.08952946402980796,-0.09467994918553549,0.05,1.1349164518479558,-0.1765150462141883
0.1349811120512943,-0.09990134164799543,0.05,1.1702319903488803,-0.1536977290100563
0.18060616537948132,-0.10043686117467582,0.05,1.157329244010651,-0.13293000439737304
0.22525214782774483,-0.10441224053287576,0.05,1.157329244010651,-0.13293000439737304
0.26833717609478175,-0.11262111432930463,0.05,1.1521711074572811,-0.1183095947701902
0.3185426394184938,-0.1113534914204004,0.05,1.1403186028504328,-0.15415609254506968
0.3660577774600224,-0.11366086068015538,0.05,1.1434335624570988,-0.1582339106570965
0.4147342380481057,-0.11507187950916441,0.05,1.1434335624570988,-0.1582339106570965
0.46422509118867117,-0.11860652803604634,0.05,1.1067751915105717,-0.14958744755120423
0.5139916856396991,-0.12076647822770023,0.05,1.0803493672202762,-0.16650164112345467
0.5553919543589254,-0.13147530479076205,0.05,1.0803493672202762,-0.16650164112345467
0.5947649878373061,-0.1392282788595686,0.05,1.0558970544147368,-0.16770499461480062
0.6358910232269905,-0.13718332757326215,0.05,0.9830630510867178,-0.1687350905422309
0.673203835745452,-0.13399698922295608,0.05,0.9289754321338866,-0.32046024797836475
0.6881514370250182,-0.1514126970018731,0.05,0.7185066478928618,-0.26779649798701294
0.6995353981878875,-0.1656532573319027,0.05,0.7185066478928618,-0.26779649798701294
0.7075432203844274,-0.17460328389956745,0.05,0.8548568772852386,-0.2533143692820401
0.7137564838640507,-0.17471331617883565,0.05,0.7455088095544438,-0.1109021421311805
0.7098574246741943,-0.18294727968617724,0.05,0.7737696458500904,-0.12587747556587064
0.7066183963726554,-0.17783895907611225,0.05,0.7737696458500904,-0.12587747556587064
0.7016099539961385,-0.17122506257001885,0.05,0.6382166184186311,-0.12909564629547735
0.6910504530281355,-0.16960931807343826,0.05,0.3543084150324381,-0.15973998335840775
0.68131322915673,-0.16323168522846515,0.05,0.3904488123382295,-0.18734069066920808
0.6745948599134076,-0.15050796418220203,0.05,0.3904488123382295,-0.18734069066920808
0.6695604839286565,-0.13183097906433305,0.05,0.6138234927602871,-0.004961267204900857
0.6643279987953532,-0.11191714773025452,0.05,1.4843769548887429,0.08099647024823127
0.6685708394055953,-0.08205229232864275,0.05,1.4777711974479881,0.07435586962511068
0.6724891339070733,-0.057483261615848574,0.05,1.4777711974479881,0.07435586962511068
0.6738209602704283,-0.044002270559337996,0.05,1.3534107136461972,0.13794406399503237
0.6788473694563663,-0.03275241416309013,0.05,1.2709937929818458,0.18970941912571718
0.7029781249627484,-0.002668260141377296,0.05,1.2709937929818458,0.18970941912571718
0.7268618016809728,0.028850546316165952,0.05,1.2914295985553954,0.20737052159733366
0.7506146992561865,0.06331329030181662,0.05,1.1942490501612597,0.22562014161280763
0.780351250536455,0.08451907038290973,0.05,1.2315714359167547,0.20906950193113918
0.8200438997055071,0.09367352455498193,0.05,1.2210313701494957,0.2046754947951185
0.8397543913846521,0.1187276966158246,0.05,1.2210313701494957,0.2046754947951185
0.84982576016735,0.13506909656002672,0.05,0.9782506706993412,0.2852753098603987
0.8572978241700627,0.14671086365911204,0.05,0.8009259709557585,0.33462749281090076
0.8565656313305847,0.16210967968731382,0.05,0.8009259709557585,0.33462749281090076
0.8551382314519881,0.16567351323622395,0.05,0.20745961231293616,0.22984012443315327
0.832243837049845,0.17788495617696162,0.05,-1.4288765857691543,0.16389402197342112
0.8005798657718121,0.1878771698832954,0.05,-1.5,0.1822773922465178
0.7616863656416555,0.19371976862726398,0.05,-1.5,0.1822773922465178
0.7193229462018148,0.19872715812755606,0.05,-1.5,0.17713163738352486
0.6791949968411768,0.20051181697897297,0.05,-1.367679871132724,0.16150226242239663
0.6355331906828152,0.20319054691970245,0.05,0.16645894404150097,0.26592974621431303
0.5912397762626201,0.2003939255956993,0.05,0.16645894404150097,0.26592974621431303
0.5484864493418856,0.18593965586103295,0.05,0.1933323817801902,0.296303689630432
0.5116600162061036,0.1580799100918743,0.05,0.09987772965982666,0.2954640528668148
0.47349367114270047,0.14253368294893504,0.05,1.434665776118815,-0.07008176103236988
0.4328876855085766,0.14392026051662277,0.05,1.4235923550851006,-0.10729974287552195
0.41879442301961023,0.12506504172378852,0.05,1.4235923550851006,-0.10729974287552195
0.41644566756453966,0.11013155765059236,0.05,1.4595997854573484,-0.10628977771135405
0.42265616250506777,0.09705165450382772,0.05,1.4626516868580721,-0.08939701488683258
0.4376096136894268,0.07782996855196074,0.05,1.429977015293925,-0.04759104513475518
0.44944132788096997,0.06521972269248195,0.05,1.429977015293925,-0.04759104513475518
0.4779484189935472,0.037269642708047564,0.05,1.367024918401441,-0.11313283004362927
0.5138528160535915,0.008949650749755645,0.05,1.3834081021611533,-0.09895715620161534
0.5563429878847803,-0.01510933717716573,0.05,1.370127441540896,-0.11304186709667555
0.6042244456035768,-0.033133099850968704,0.05,1.370127441540896,-0.11304186709667555
0.6508189156719888,-0.04666597039218726,0.05,1.4289232745002869,-0.11616101575612149
0.7001657458826894,-0.061474071072764966,0.05,1.4205019400991232,-0.08376195855017068
0.7502447865744605,-0.07227544413974007,0.05,1.3925361927978617,-0.12077842983211806
0.7998087659975429,-0.07787069482711322,0.05,1.3925361927978617,-0.12077842983211806
0.8454027100392129,-0.07753853023205921,0.05,1.3731518895802513,-0.11555560379665494
0.8895766625549716,-0.0795793226429261,0.05,1.3158513177655735,-0.10100759509553792
0.9342476167338374,-0.0809102720411132,0.05,1.3947406050373454,-0.10096900708943854
0.9756272241770038,-0.08229763478053435,0.05,1.3947406050373454,-0.10096900708943854
1.014590341423871,-0.08382707012064279,0.05,1.2865648246255328,-0.11758336178854599
1.0480354085962549,-0.0842108835834416,0.05,0.8512293586861258,-0.09809696465293967
1.0813206264761315,-0.08512759530739318,0.05,1.356030722249372,-0.17499011544858908
1.1125687234752755,-0.08596522280768681,0.05,1.356030722249372,-0.17499011544858908
1.1450136578928556,-0.08570706740622468,0.05,1.2883706343452583,-0.14892236822603983
1.1772704333452468,-0.08436344710507505,0.05,1.459800025053358,-0.17091994801302737
1.2088681508278007,-0.08096079835989367,0.05,1.4003447349394307,-0.22062422174384033
1.2342241834178347,-0.08675579779302117,0.05,1.4003447349394307,-0.22062422174384033
1.2568510727311737,-0.09277117571336622,0.05,1.3934250768104062,-0.1959139214156076
1.280841177049063,-0.09359553801315977,0.05,1.4066221224041644,-0.23795867408786195
1.2997166265519626,-0.09936358101184377,0.05,1.4656190015998787,-0.23505992699570308
1.3167687598533346,-0.1040567934263329,0.05,1.4656190015998787,-0.23505992699570308
1.3323844600790795,-0.1056545036086035,0.05,1.362990402854688,-0.2600579940567185
1.3454678569725722,-0.11061824317881111,0.05,1.4018774573266877,-0.24970679908159638
1.3538267989342299,-0.12070471102607203,0.05,1.431072381157236,-0.2747311149538602
1.3605939517137855,-0.12788513259944959,0.05,1.431072381157236,-0.2747311149538602
1.3662978377927617,-0.13265175657001266,0.05,1.4488245936677737,-0.2859882334603191
1.3685973873659116,-0.13941150059594754,0.05,1.3865088657092741,-0.3388095120977824
1.3667365394016715,-0.14724740213671647,0.05,1.376581290572632,-0.33254972211832196
1.3675021648427628,-0.14876196922013207,0.05,1.376581290572632,-0.33254972211832196
1.3650916520697791,-0.1506762767808203,0.05,1.3972737020364332,-0.30733456411741733
1.3586173605234617,-0.15860329934567297,0.05,1.3623596199379844,-0.316746978038705
1.3510796187017704,-0.16614697183266838,0.05,1.3331528992298711,-0.3418985420306181
1.3473184673756244,-0.16513354325874177,0.05,1.3331528992298711,-0.3418985420306181
1.3425354096865352,-0.16626245662879013,0.05,1.4000677680037366,-0.3630022946376803
1.3337611491189454,-0.17105940753387983,0.05,1.299645290722324,-0.362654079333885
1.3264424538312052,-0.1725565485770831,0.05,1.4122842382765086,-0.38030709395779466
1.3186022278142853,-0.17682235894286158,0.05,1.4122842382765086,-0.38030709395779466
1.3151625096831092,-0.1770576305878988,0.05,1.3372257145114639,-0.37214921286113867
1.3100152668801868,-0.17799244841586398,0.05,1.320164282535831,-0.29651904238510807
1.3058671534390904,-0.17790837067804488,0.05,1.4429951807462678,-0.2783108193413077
1.3038511035324953,-0.17825320337165665,0.05,1.4429951807462678,-0.2783108193413077
1.2995762580022174,-0.18174041343299593,0.05,0.6647769452118881,-0.28968499332799447
1.2983030338894122,-0.18206869492374286,0.05,0.710906412670526,-0.2621373433123312
1.2973635824376395,-0.180521653822754,0.05,1.2129507295860384,-0.26826298875195576
1.2922669072699324,-0.18944221529772048,0.05,1.2129507295860384,-0.26826298875195576
1.2902280412906462,-0.19424716999713507,0.05,1.3435028348183486,-0.34581882743647985
1.2874714200520025,-0.19670715989599483,0.05,1.273376535596983,-0.36044411280082617
1.2865340795664344,-0.1967769614674528,0.05,1.2660975917597022,-0.33403860427984655
1.2834760802708276,-0.1985500071521379,0.05,1.2660975917597022,-0.33403860427984655
1.2829955171674077,-0.19587374089787746,0.05,1.3724623545880061,-0.309310207928061
1.2794684366502886,-0.19942087964508898,0.05,1.3182180285558183,-0.28422242854183755
1.2767632104253317,-0.1984968433816782,0.05,1.220654830436467,-0.2974163576264014
1.2761366282673214,-0.19154455714609234,0.05,1.220654830436467,-0.2974163576264014
1.2715545078010464,-0.18735420714192064,0.05,1.2494671508686057,-0.279089573787216
1.2654068821446878,-0.180227392688131,0.05,1.1958448577474998,-0.27837945685260884
1.2577796360970726,-0.1702672237055402,0.05,1.2260506684905836,-0.29991608842293277
1.2442360138776287,-0.16180663121751157,0.05,1.2260506684905836,-0.29991608842293277
1.2255822075831644,-0.15705668176940504,0.05,1.149966445523648,-0.28617694481313793
1.203348893736738,-0.15056379073981355,0.05,1.0613391155513447,-0.25772951281144324
1.180395684071145,-0.1412750739600854,0.05,0.9582430445023946,-0.17532238312753548
1.14370718134888,-0.13924893653802592,0.05,0.9582430445023946,-0.17532238312753548
1.1011721931601524,-0.14084819202812204,0.05,0.9582430445023946,-0.2468539087246251
1.0581933353207729,-0.13690727879799666,0.05,0.7788234652319307,-0.24870565732905323
1.0162748077587953,-0.12387452997770598,0.05,0.8420714925169709,-0.2343741902759311
0.9713869686940967,-0.11058168067978533,0.05,0.8420714925169709,-0.2343741902759311
0.9180963834303157,-0.1022751108938281,0.05,0.05,-0.05
0.8593452182177888,-0.09467586852110074,0.05,0.05,-0.05
0.7995514767932489,-0.08638628691983123,0.05,0.05,-0.05
0.7395999469252421,-0.07844908401316732,0.05,0.05,-0.05
0.6750619223064817,-0.08137783123479754,0.05,0.05000000000000001,-0.05000000000000001
0.6145945553198336,-0.08329397637748352,0.05,0.05,-0.05
0.5546923054919909,-0.09064707999618611,0.05,0.05,-0.05000000000000001
0.5005753312362977,-0.09976569202173291,0.05,0.05,-0.05000000000000001
0.4539494729373606,-0.10265589397932293,0.05,0.049999999999999996,-0.05
0.4113886566186107,-0.10609479685452164,0.05,0.2686408691795763,-0.18920767938967045
0.369688762370335,-0.11417556814117086,0.05,0.2686258275873921,-0.1891968289388087
0.34132969975913957,-0.11133861666229461,0.05,0.2686258275873921,-0.1891968289388087
0.3144103433581271,-0.10978937234778048,0.05,0.25460970252657383,-0.17952036868787694
0.28844194759679576,-0.11061634679572765,0.05,0.24265602737390884,-0.17125265192703581
0.25422789775572996,-0.12440509194113859,0.05,0.24266042720590758,-0.17125568572880281
0.21955479474920417,-0.13728046153112444,0.05,0.24266042720590758,-0.17125568572880281
0.18742849363979924,-0.14706251713737317,0.05,0.24906925184608544,-0.17567748721114076
0.1607439302877449,-0.15097739896731419,0.05,-0.4036436499126367,-0.18485723530526574
0.12931815715410117,-0.15869790588403654,0.05,-0.486676458802675,-0.18162855549553555
0.09395092980009298,-0.17170135983263599,0.05,-0.486676458802675,-0.18162855549553555
0.06024240627048936,-0.1779014460272993,0.05,-0.5002657586037582,-0.18726067510894734
-0.06566719507979833,-0.1820253101944004,0.05,-0.5196665550272502,-0.1930507754199657
-0.11433778738543318,-0.18115378651538086,0.05,-0.5213350773775498,-0.19525037583237498
-0.16329442722982315,-0.18532918076941413,0.05,-0.5337447779096866,-0.19673559610227406
-0.21419801970771646,-0.1822178137049555,0.05,-0.5337410257955958,-0.19673254137958127
-0.2581498005818598,-0.18741171618834135,0.05,-0.5337410257955958,-0.19673254137958127
-0.30102137538274576,-0.1888840730106156,0.05,-0.5514546209482933,-0.18504702726707392
-0.3443053603995566,-0.18290930917955014,0.05,-0.5246672905847195,-0.19182792845750019
-0.37606634027438407,-0.1849784154975744,0.05,-0.5289201670350221,-0.19286384652436664
-0.4026156811787707,-0.17941758619045348,0.05,-0.5289201670350221,-0.19286384652436664
-0.4232829475409836,-0.17203388852459017,0.05,-0.5148969193348467,-0.1862221200182005
-0.4395310488676996,-0.1623286203814064,0.05,-0.4933382475073641,-0.17575028820386396
-0.43983426633778094,-0.1627368894609219,0.05,-0.49333563404170566,-0.17574753302455542
-0.43677089449459244,-0.1564819738740565,0.05,-0.49333563404170566,-0.17574753302455542
-0.42730278449930265,-0.14651664471410009,0.05,-0.05,-0.05
-0.40930284516982796,-0.1415620313189237,0.05,-0.05,-0.05
-0.3862287936931676,-0.1326612246600484,0.05,-0.05,-0.05
-0.3567917330226127,-0.1253011762286777,0.05,-0.05,-0.05
-0.3253507237053715,-0.11956254422643937,0.05,-0.049999999999999996,-0.05
-0.29453896767770704,-0.10913213838615066,0.05,-0.05,-0.05
-0.2608295705016579,-0.10376182820066315,0.05,-0.05,-0.05
-0.23284588238451354,-0.08945236161305328,0.05,-0.05,-0.05
-0.20397278186172302,-0.07744071968117427,0.05,-0.05,-0.05
-0.17274676234542138,-0.0728483811727107,0.05,-0.05,-0.05
-0.14849871042259558,-0.061031410378538,0.05,-0.05,-0.05
-0.12287364431625868,-0.05554594069554024,0.05,-0.05,-0.05
-0.09920124319938914,-0.05255614202538895,0.05,-0.05,-0.05
-0.07816942588726515,-0.053728413361169104,0.05,-0.05,-0.05
-0.06645159755835857,-0.04493936252652662,0.05,-0.05,-0.05
-0.05450970161261487,-0.04077836646762256,0.05,-0.05,-0.05
-0.050296433217951776,-0.05548102261876343,0.05,-0.05,-0.05
-0.05043587770333102,-0.055928244593337936,0.05,-0.05,-0.05
0.05055168265506763,-0.0579157585056307,0.05,0.05,-0.05
0.05104570734759549,-0.05863935075382873,0.05,0.05,-0.049999999999999996
