# v_mps,w_radps,dt_s,cmd_v,cmd_w
0.06312591095048961,-0.10188260367839125,0.05,1.0,-0.26401847182130944
0.10973926089703095,-0.1607333713751058,0.05,1.0,-0.262250976696632
0.16468396251729236,-0.2096508744573773,0.05,1.0,-0.2575298165829384
0.22416462495681283,-0.2284876306039053,0.05,1.0,-0.2575298165829384
0.27717707216863163,-0.2400092875431702,0.05,1.0,-0.24470154865114158
0.313256458037663,-0.24021661707354885,0.05,1.0,-0.2563019825491081
0.35404501573226543,-0.2467402388443936,0.05,1.0,-0.2563936589357624
0.3905231728683464,-0.2529553631021907,0.05,1.0,-0.2563936589357624
0.449928956780924,-0.24083659463487334,0.05,1.0,-0.21346144847113643
0.5054454227871041,-0.2225701291849485,0.05,1.0,-0.21535814190036703
0.566529451822094,-0.19212975639848845,0.05,1.0,-0.22183075341288064
0.6282491877213273,-0.1709775736565358,0.05,1.0,-0.22183075341288064
0.6796038338658147,-0.1735491214057508,0.05,1.0,-0.21369798666696108
0.727559336555884,-0.17842316541102424,0.05,1.0,-0.2190360935349762
0.7574499538113119,-0.2026919333690923,0.05,1.0,-0.21927139193918566
0.8001725984054914,-0.19637173322369597,0.05,1.0,-0.21927139193918566
0.849576921013093,-0.18758872910257327,0.05,1.0,-0.21036390275501235
0.9104054934739853,-0.1603664401930985,0.05,0.9734115214788284,-0.15893803861881484
0.9573146285567833,-0.14289362580314463,0.05,0.899314638676423,-0.1429408938566295
0.9785511188915376,-0.13141599821215733,0.05,0.899314638676423,-0.1429408938566295
0.9857308141683656,-0.11236557399525496,0.05,0.9437723081679237,-0.15033482831797368
0.985769294041914,-0.08992350928641252,0.05,0.8356584511180963,-0.1316407737033722
0.9823955897078281,-0.06847236973858313,0.05,0.8531808046544489,-0.13460637331054703
0.9707389119032008,-0.0584972879537462,0.05,0.8531808046544489,-0.13460637331054703
0.9506477074938604,-0.04254873363772919,0.05,0.8071089901276067,-0.12631346950849393
0.9325157343595369,-0.019400478722770037,0.05,0.7605752402761591,-0.11996374911359742
0.8606275727275977,-0.0757205961219893,0.05,0.762700634270084,-0.12041201846334346
0.8005357813450007,-0.10938031556609959,0.05,0.762700634270084,-0.12041201846334346
0.7550725224526795,-0.1213207587395489,0.05,0.7667178640262698,-0.1226133156722046
0.7510517344141138,-0.08011077899630469,0.05,0.7688111839418507,-0.12534607228421843
0.7456921100146592,-0.060038833172440915,0.05,0.8339028584824978,-0.1328579303064329
0.757136689929318,-0.04824016353385699,0.05,0.8339028584824978,-0.1328579303064329
0.7730743797590534,-0.07276898854848127,0.05,0.8848686742094789,-0.14969841456471975
0.8235536838059141,-0.07846539671755998,0.05,0.9848009580025828,-0.16354611674542494
0.8731248912175292,-0.09454686140219115,0.05,1.0,-0.25506333082358357
0.9189388054363377,-0.11043470433953267,0.05,1.0,-0.25506333082358357
0.9621803724475808,-0.12985855157287432,0.05,0.9538208960381724,-0.19044980537441028
0.9832716769379313,-0.16639805670453325,0.05,1.0,-0.21210221774110075
1.0118168372456218,-0.16320136115449266,0.05,0.9902428421645599,-0.19161263962933273
1.0262704385933552,-0.1506922324109824,0.05,0.9902428421645599,-0.19161263962933273
1.0390459792210578,-0.1275120569722113,0.05,0.9907080966927885,-0.18944495480079349
1.0392648104547892,-0.12482181409071942,0.05,0.9999999999999999,-0.20051189298520494
1.0510094188388697,-0.10618224306027342,0.05,1.0,-0.19603260704256384
1.0678726153002338,-0.08052830340535128,0.05,1.0,-0.19603260704256384
1.0794692664734922,-0.06096561762180725,0.05,0.9866514572974295,-0.15388922496330742
1.0756057971791388,-0.05892359969504205,0.05,0.8747017169821095,-0.14363379250785357
1.0559169961476074,-0.06404323803730738,0.05,0.8791335209209805,-0.1363816875193191
1.0358620064259996,-0.056001728701208904,0.05,0.8791335209209805,-0.1363816875193191
1.0123775772734862,-0.04030309272818336,0.05,0.787552785366532,-0.12030268410384984
0.9863365045250218,-0.014050462339179892,0.05,1.0,-0.17395116424677098
0.9558113020882998,-0.011738736054162296,0.05,1.0,-0.20460856953907147
0.9238335603008486,-0.03282093157003909,0.05,1.0,-0.20460856953907147
0.9040867860207877,-0.07219064079336322,0.05,1.0,-0.22695349769801346
0.9077998492306593,-0.10689607046231958,0.05,1.0,-0.25099698277950383
0.9168342839943259,-0.14984438066969447,0.05,1.0,-0.2509404187852892
0.9443361448224886,-0.17759324110059369,0.05,1.0,-0.2509404187852892
0.9825815029504679,-0.1856086591762532,0.05,0.9940100991739944,-0.17240779998082598
1.0229104039784036,-0.16149507764919013,0.05,1.0,-0.18871013446461127
1.0407871078384627,-0.1595407031492121,0.05,0.9999999999999999,-0.26099264765710417
1.0628798669956023,-0.13474012746254782,0.05,0.9999999999999999,-0.26099264765710417
1.0768252759631889,-0.11706889990225063,0.05,1.0,-0.16753888055966934
1.0880905600534179,-0.09209347985500853,0.05,0.9597827810216724,-0.1564892113345817
1.0753578973093476,-0.09042283448374522,0.05,0.9083102368348082,-0.1385655333200836
1.061545439110698,-0.07856267499493631,0.05,0.9083102368348082,-0.1385655333200836
1.0392263197739573,-0.07273239109182383,0.05,0.8710902136846649,-0.16445083066107555
1.017528473488505,-0.05434389860202367,0.05,1.0,0.08551554087752407
1.00505172922252,-0.02512706434316354,0.05,1.0,0.08551554087752407
0.9902031464176311,0.0022383949962453964,0.05,0.9502897783261363,0.06963083198291128
0.9721738479372534,0.02388750551297486,0.05,1.0,0.10666998098669452
0.9344609621733068,0.00753558468102349,0.05,1.0,0.1122451734023976
0.9107794822427009,-0.0049805230028254315,0.05,1.0,0.08996044176878815
0.8964873389240544,-0.019983077340294912,0.05,1.0,0.08996044176878815
0.8913356414689401,-0.02180952366758078,0.05,1.0,0.08085995447838218
0.9006962548725101,-0.006289765344681662,0.05,0.9824679294785801,0.0842520520462461
0.927302900779741,0.029590474998211602,0.05,0.9917729824845122,0.08325676795474973
0.9546842302099102,0.060626178584625656,0.05,0.9917729824845122,0.08325676795474973
0.9715465159951829,0.07391395211579964,0.05,0.9442402066606115,0.0737977978655859
0.9755816901912164,0.06651584330742455,0.05,0.9811547486384284,0.05289793688903114
0.9718079742535312,0.050001099588771684,0.05,1.0,0.03626318530800956
0.9721385376318454,0.03610424289374888,0.05,1.0,0.03626318530800956
0.9752589911548731,0.028443734503147054,0.05,0.9589385877074881,0.04363759856229019
0.9733134133984981,0.023650092382882345,0.05,0.993741704385509,0.02081352364147892
0.9692233483483483,0.02008674746174746,0.05,0.9842594774909083,0.024185925608802908
0.9643799502294809,0.01738985068844251,0.05,0.9842594774909083,0.024185925608802908
0.9661146442916223,0.01643308195177765,0.05,0.9786897723864852,0.002190564261908799
0.965134821332793,0.009462499553034007,0.05,0.9554481997902194,-0.02431463707791615
0.962827119037971,0.0003081930970371608,0.05,0.9976808748687938,-0.03397088599041317
0.9628929299127782,-0.01324516824746199,0.05,0.9976808748687938,-0.03397088599041317
0.9670958438129522,-0.02416253143885664,0.05,0.9715054966551835,-0.048625462053735254
0.9689670184382295,-0.030920118871789984,0.05,0.9559032993290718,-0.05797057393191043
0.9662797062889559,-0.04032611072709722,0.05,0.957329880053681,-0.0613017669362559
0.960449142683276,-0.04601260917812142,0.05,0.957329880053681,-0.0613017669362559
0.9459143842760922,-0.06082588961077666,0.05,0.8876601141728517,-0.0923228043047467
0.9249372630035058,-0.07679558381626958,0.05,0.7664779012611533,-0.10593394541274465
0.8935828732904887,-0.08946011041028269,0.05,0.7664779012611533,-0.10593394541274465
0.8686949536910111,-0.08400795954370449,0.05,0.7653386668971648,-0.06820586603114764
0.8515668927617775,-0.05639904396337975,0.05,0.8355875454224199,-0.12771176315734395
0.8627027858888028,-0.023140867647935166,0.05,1.0,-0.21905194705897366
0.8784569030273403,-0.0297528452109838,0.05,1.0,-0.2514225034104087
0.8954210441623458,-0.06979877674474044,0.05,1.0,-0.2514225034104087
0.9011049742526106,-0.10840643923139275,0.05,1.0,-0.258185284915983
0.9133250166859349,-0.12517667723442547,0.05,1.0,-0.2704034857084781
0.9440926555086665,-0.13591089395131487,0.05,1.0,-0.2765794618780632
0.9763515200690805,-0.15886417341591233,0.05,1.0,-0.2765794618780632
1.004875202675314,-0.18411348327332552,0.05,1.0,-0.2970687794403929
1.0308037549784168,-0.19533514881591185,0.05,0.9999999999999999,-0.33431258734212377
1.0597081242027206,-0.19621247570905706,0.05,0.9999999999999999,-0.3383299475860604
1.0935461900164487,-0.18028838291735202,0.05,0.9999999999999999,-0.3383299475860604
1.1180145720602608,-0.15572528515410838,0.05,1.0,-0.31882106609449756
1.126467239549801,-0.1377744757016477,0.05,0.9370410567839255,-0.324761885518333
1.1220778362346489,-0.13133674138547752,0.05,1.0,-0.34444013106249727
1.1241955892522864,-0.125131021295115,0.05,1.0,-0.34444013106249727
1.1145170146137786,-0.1345613331345064,0.05,1.0,-0.41548295140960445
1.1195535788771167,-0.1403571056144156,0.05,1.0,-0.450712844736621
1.130986667620683,-0.13968858519366534,0.05,1.0,-0.48640346274256413
1.0881397346335415,-0.23478007128892278,0.05,1.0,-0.48640346274256413
1.0400173969916926,-0.3451140719419315,0.05,1.0,-0.5239875350424984
0.9957920622189889,-0.466470071199418,0.05,1.0,-0.493715631025489
0.9815870762737126,-0.5150379237262873,0.05,1.0,-0.461064481010253
0.9965593781293214,-0.5002079747031615,0.05,1.0,-0.461064481010253
0.98836439788703,-0.481417596258183,0.05,1.0,-0.4770648290551908
0.9646584375558335,-0.5014064722172592,0.05,1.0,-0.5001388138759479
0.9434891043219076,-0.5371156646795827,0.05,1.0,-0.43691456718272315
0.9900877454721053,-0.4775682269372474,0.05,1.0,-0.43691456718272315
1.0290954990880155,-0.42244174475161833,0.05,1.0,-0.4611905501360714
1.071034972881154,-0.3327149302658243,0.05,1.0,-0.4332865587970855
1.080884166805761,-0.2975733314654967,0.05,1.0,-0.4332865587970855
1.0921156055150874,-0.27062427872292233,0.05,1.0,-0.46079659107790577
1.1010954916567344,-0.2631732240762813,0.05,1.0,-0.4407475953635784
1.1126818506864988,-0.25499006900743704,0.05,1.0,-0.37836478695343884
1.1126438023031258,-0.25714738305557544,0.05,0.9734682795209992,-0.2267868983455293
1.1161917672059227,-0.22206882369070471,0.05,0.9734682795209992,-0.2267868983455293
1.1187308093512314,-0.17853530554827018,0.05,-0.2774734111500056,-0.19819085630136182
1.1099630195854047,-0.11762744519543683,0.05,-0.28689067959895664,-0.20399144011197126
0.9907133265016741,-0.19997687612454274,0.05,-0.2894532181368079,-0.20592732559704735
0.8921889788665204,-0.23004456576185478,0.05,-0.2894532181368079,-0.20592732559704735
0.7815619130056495,-0.29229829741841673,0.05,-0.28775059870797587,-0.20464945206304694
0.7519229095893676,-0.224093487394958,0.05,-0.29245851445682375,-0.20810114258276446
0.6453938790903453,-0.2614063155886281,0.05,-0.2924585136676447,-0.20810114202011123
0.5743121133559806,-0.23340094314321475,0.05,-0.2924585136676447,-0.20810114202011123
0.46741038140643626,-0.27502889749702025,0.05,-0.3594405666405888,-0.25696042279617826
0.44017489151427003,-0.21568228881047186,0.05,-0.36267878536466824,-0.26142799875216527
0.3567642342444362,-0.23754028292665483,0.05,-0.3773136714396962,-0.2717138839991227
0.2752279082240763,-0.25464453516090585,0.05,-0.3773136714396962,-0.2717138839991227
0.20507748503136852,-0.26777949297488135,0.05,-0.3534728787965936,-0.2529066626651262
0.16464589366367546,-0.25695255800650674,0.05,-0.3973710556673513,-0.28615598325441544
0.1194844601036887,-0.26167234670162687,0.05,-0.3973710556673513,-0.28615598325441544
0.06637115987554242,-0.262375,0.05,-0.39172147213309944,-0.2821202929673818
-0.059697495142853746,-0.2651735342145726,0.05,-0.366196557935946,-0.26314466690962096
-0.12748003242495767,-0.2645594586700999,0.05,-0.41233523680706996,-0.29556612567438917
-0.21088137469310897,-0.26483161663051513,0.05,-0.41233523680706996,-0.29556612567438917
-0.28725388656588396,-0.26120049765912584,0.05,-0.403795200887606,-0.2902496742675707
-0.3431897057420832,-0.2703678104731019,0.05,-0.34966846247789185,-0.25135400164029137
-0.36879956752664583,-0.2709299980328572,0.05,-0.34966846247789185,-0.25135400164029137
-0.38434778669273595,-0.2523064399313296,0.05,-0.3563593968345866,-0.2562020366004013
-0.3769011030594853,-0.24396589514081737,0.05,-0.3455917980967664,-0.24788621272084815
-0.38652127475645964,-0.22225776825211346,0.05,-0.34081452327326434,-0.24456875888427554
-0.36143891969236275,-0.2439552033029273,0.05,-0.34081452327326434,-0.24456875888427554
-0.34330373313922397,-0.2502044788757502,0.05,-0.3371149459128894,-0.24180026705817342
-0.3183799149366486,-0.26207773184224614,0.05,-0.3129606737783577,-0.22381904142386397
-0.3020433812400939,-0.264753593007043,0.05,-0.28511826384578093,-0.20287118457665637
-0.3088389609577042,-0.2305360271246231,0.05,-0.28511778245357106,-0.20287073693329347
-0.3027699494558156,-0.2071196967348934,0.05,-0.28511778245357106,-0.20287073693329347
-0.29670578532346314,-0.1831371902156421,0.05,-0.2545674278022783,-0.18048407387367457
-0.28182312585662356,-0.17453899499433884,0.05,0.6642271220601096,-0.34945376719227966
-0.24260774535761565,-0.2146319367419228,0.05,0.6642271220601096,-0.34945376719227966
-0.21142229387433992,-0.25071340576686973,0.05,0.639994391974208,-0.3652051190369139
-0.1662043953948466,-0.30290409356899384,0.05,0.4672983999270712,-0.3505757722381417
-0.1322842492698337,-0.32544986886809324,0.05,0.5056517701030135,-0.3338877198116984
-0.0909401183590722,-0.3379426554767158,0.05,0.5164698202948375,-0.3317496363224547
0.06112049135843701,-0.32614537238039576,0.05,0.6035591995552215,-0.33943396566375533
0.11034018215848265,-0.3190300969803178,0.05,0.642169466691181,-0.3205772996360527
0.1605318083217125,-0.3170511480792839,0.05,0.642169466691181,-0.3205772996360527
0.21045438059532467,-0.3158710720969876,0.05,0.5923943329441461,-0.2782210322607825
0.2694061158414425,-0.2961401420291929,0.05,0.7427947009012457,-0.2590082074563617
0.314782012231468,-0.2799317434014449,0.05,0.7427942368917283,-0.259008117682905
0.36394375163928566,-0.25381385315577387,0.05,0.7427942368917283,-0.259008117682905
0.4029509799830709,-0.23773841783998378,0.05,0.7955788689353684,-0.25296103089404953
0.4439727217475242,-0.23685959565264025,0.05,1.0,-0.3112639532813115
0.4848839630627623,-0.24605851923168637,0.05,1.0,-0.3189249161101295
0.5348950800519772,-0.2739831595794142,0.05,1.0,-0.3189249161101295
0.5827246289563093,-0.3050220554926387,0.05,1.0,-0.2941488248708317
0.657270740665657,-0.27436312561861265,0.05,1.0,-0.30294504084778945
0.6893337982832618,-0.28703908559847396,0.05,1.0,-0.30294504084778945
0.725522234738762,-0.2887944739477166,0.05,1.0,-0.30655189519059245
0.7688076904733516,-0.29470672618337906,0.05,1.0,-0.33246359212176796
0.8288704490725288,-0.2696412843927328,0.05,0.8760242286533813,-0.22476244137646711
0.8914464598527099,-0.22916227388102386,0.05,1.0,-0.2641384950613295
0.9268964123957092,-0.20277901817640046,0.05,1.0,-0.2641384950613295
0.9578869155426338,-0.19107970604356322,0.05,1.0,-0.2687335480135987
0.9974174067230899,-0.18054873048039097,0.05,1.0,-0.2627116686462497
1.0337356382978722,-0.17820053191489363,0.05,1.0,-0.26812580590565155
1.0511933638443935,-0.1759058924485126,0.05,1.0,-0.26812580590565155
1.0629393203738808,-0.16777052559104402,0.05,0.7333104987686925,-0.25067618001834513
1.071514581471552,-0.14641625111706882,0.05,1.0,-0.273038859570935
1.0845010814643565,-0.12192449114569678,0.05,1.0,-0.2792114743564015
1.0907154795948764,-0.10497163538873995,0.05,1.0,-0.2792114743564015
1.0846807499493318,-0.10566795324217028,0.05,1.0,-0.24618285782248278
1.0852266284392733,-0.10504403402317487,0.05,0.9226151709676907,-0.1863914331181651
1.0794162266062701,-0.10201103528430086,0.05,0.9025964296743323,-0.18312585537640683
1.0692775170189897,-0.0860328496357339,0.05,0.9025964296743323,-0.18312585537640683
1.0537132308224324,-0.06969704630281061,0.05,1.0,-0.24007923855861224
1.0517617022671466,-0.050994996662455,0.05,0.6939336776016239,-0.2772753651710712
1.0273528907814438,-0.06930617073519596,0.05,0.5859624897859402,-0.2600052143848315
0.9289432909966504,-0.18893383527434407,0.05,0.5859624897859402,-0.2600052143848315
0.8440098706552435,-0.2725546542664109,0.05,1.0,-0.2388379450596221
0.7929223839843564,-0.3062545965087995,0.05,0.9352373228516342,-0.18226564574801454
0.820528941958167,-0.23582400631666767,0.05,0.9509015080016379,-0.18035354607961485
0.8614243956299396,-0.15529415656403103,0.05,0.9509015080016379,-0.18035354607961485
0.8969524312675855,-0.10839784473508512,0.05,1.0,-0.22398867688401142
0.9351091697656678,-0.09593984063982455,0.05,1.0,-0.20874410360831344
0.9600417436661699,-0.1271058554396423,0.05,1.0,-0.20874410360831344
0.9957262547526251,-0.1432741311188186,0.05,1.0,-0.21339212472583893
1.0235404331581395,-0.1562920554900068,0.05,0.971017751190926,-0.27795255281114023
1.0397698195996137,-0.15558741907021664,0.05,0.4515981135551127,-0.26956750819141384
1.0126925822276265,-0.19717103435737873,0.05,0.411709175837777,-0.29719032304726617
0.906092761259865,-0.3311550138885577,0.05,0.411709175837777,-0.29719032304726617
0.8687543014596366,-0.35357981829014,0.05,0.87401616173314,-0.21097296823124081
0.8635882550075664,-0.3172494444312048,0.05,0.8182545754693548,-0.20684602220106174
0.8735494312558871,-0.22828720385362888,0.05,0.865740750071983,-0.20909362590793
0.8773455285037044,-0.15039904292827025,0.05,0.865740750071983,-0.20909362590793
0.8042352165753098,-0.21112068785748328,0.05,0.5831376955374166,-0.326666810816526
0.7932488437790545,-0.2198076680096312,0.05,1.0,-0.26567778489262933
0.7736401045828016,-0.2702108708873439,0.05,1.0,-0.26567778489262933
0.813965249630442,-0.23734386176148015,0.05,1.0,-0.2799356654160238
0.8661139623473865,-0.20315125280188856,0.05,1.0,-0.3485727467286302
0.9135935913554353,-0.18683501114236004,0.05,1.0,-0.3737376834093332
0.9343261586739621,-0.24541449415298788,0.05,1.0,-0.3737376834093332
0.9866686307402596,-0.25603213383311685,0.05,0.8245044329881456,-0.3416626421709552
1.0299006463769498,-0.25541474860468444,0.05,1.0,-0.3177760278622157
1.0419668286766635,-0.2340228189739433,0.05,0.7276652316072426,-0.2936692717704603
1.0143004253150372,-0.24068499266800986,0.05,0.8613868680115314,-0.3190642046183931
0.9276493735620537,-0.3405955630789038,0.05,0.8613868680115314,-0.3190642046183931
0.8980719011910013,-0.3562379245699162,0.05,0.4857837892078612,-0.310050267573894
0.8426446935564615,-0.4014573976733653,0.05,0.9323596615109424,-0.24148099882132132
0.8988403117177256,-0.2616606270115628,0.05,0.9323596615109424,-0.24148099882132132
0.917416347242921,-0.17661737406855443,0.05,0.9714640697713722,-0.24103384771602612
0.9555735123233141,-0.08384358538125998,0.05,0.4738233535277085,-0.2404162805568467
0.9246646588498844,-0.1271651742093849,0.05,0.4331167143546295,-0.20903950436030438
0.8980421971105707,-0.15728879392552328,0.05,0.4331167143546295,-0.20903950436030438
0.8278198989140412,-0.2421711547401924,0.05,0.43353731800347717,-0.21924977816260247
0.7434133064756255,-0.3169762880980455,0.05,0.7762817656137031,-0.15706629767518018
0.7114366956625358,-0.29150678026692084,0.05,0.47207119417523175,-0.13556079293561918
0.696947294848409,-0.2173605264255994,0.05,0.47207119417523175,-0.13556079293561918
0.6543546111760078,-0.18026189596395453,0.05,0.19776949818575407,-0.13454526619252952
0.5920851163372827,-0.1841207178105705,0.05,1.0,-0.31513535273788224
0.5397275715563506,-0.2285015429338104,0.05,0.9999999999999999,-0.334793772491544
0.5984102887559724,-0.15350408678764194,0.05,1.0,-0.3338142440706327
0.6298520316915263,-0.1840893410714073,0.05,1.0,-0.3338142440706327
0.6744089349126529,-0.21081687480635858,0.05,1.0,-0.33521838072331184
0.69835958824511,-0.2844040788109229,0.05,1.0,-0.2616305580411444
0.7462849964234621,-0.2987737482117311,0.05,1.0,-0.26665769476604845
0.8163666967573558,-0.26520582478281074,0.05,1.0,-0.26665769476604845
0.8682881169527897,-0.2429172657367668,0.05,0.9999999999999999,-0.2076106639395373
0.9289902984095948,-0.21017438720522666,0.05,1.0,-0.12845321663751139
0.9806554017809247,-0.18072626327647248,0.05,1.0,-0.12845321663751139
1.0258547560597755,-0.136489572657721,0.05,1.0,-0.16924887052259557
1.0541148236415634,-0.09470519542421353,0.05,0.9051575237402417,-0.14287958623186836
1.0605730779768427,-0.081138716824701,0.05,1.0,-0.24440450230620261
1.0554634609423434,-0.080120001549907,0.05,1.0,-0.24440450230620261
1.0483275009537663,-0.09279749904623381,0.05,1.0,-0.23678755257309908
1.0531944912931024,-0.08301817661712298,0.05,1.0,-0.14756903770407495
1.0478578229143067,-0.08571326562853974,0.05,1.0,-0.2856075620897591
1.0416180119121583,-0.08356444155037278,0.05,1.0,-0.23188424061971058
1.0326098773354024,-0.09620891183668596,0.05,1.0,-0.23188424061971058
1.0369565811430954,-0.10122396745932416,0.05,1.0,-0.22646354050128403
1.0487591042133626,-0.09928107265487147,0.05,0.9629753665002723,-0.035335869796529515
1.0568769492131616,-0.09371573676680973,0.05,1.0,0.01586689281875758
1.0526514402446001,-0.08246489683164068,0.05,1.0,0.01586689281875758
1.0434487251314206,-0.06729126187552896,0.05,1.0,-0.038205599958845114
1.0374391629315278,-0.044643494897959185,0.05,1.0,0.062290010392150104
1.023526128209407,-0.0268056505828784,0.05,1.0,0.04847513136884741
1.002336753486709,-0.01622046429848611,0.05,1.0,0.04847513136884741
0.98049924255979,-0.0096518876364287,0.05,1.0,0.09502901717275551
0.95786222662535,-0.004883980394493772,0.05,1.0,0.14059866396948906
0.9401308219259754,-0.0015315331966040248,0.05,1.0,0.14059866396948906
0.9202999856962357,-0.003343424440365223,0.05,1.0,0.13876252305003536
0.9034064682814028,-0.006972319236178987,0.05,1.0,0.13257053532091997
0.9011910194059028,-0.0019859223763886904,0.05,1.0,0.14047909320742938
0.9220693768996961,0.03556687824065797,0.05,0.9984945320005258,0.1488142893712492
0.9504414237166875,0.08420103291003399,0.05,0.9984945320005258,0.1488142893712492
0.9733212312725712,0.13143934816033181,0.05,0.9598603695351438,0.14436375956758837
0.9749600549568452,0.14428123956892852,0.05,0.970315957302392,0.14555413540391793
0.9634696806543216,0.13492597271273804,0.05,0.9785336313118647,0.14667613004905458
0.9523558698554214,0.11570132838293662,0.05,0.9785336313118647,0.14667613004905458
0.9406108312868077,0.09511791564340383,0.05,0.8788324239262159,0.1321902082607424
0.9274748417740378,0.09243556240241242,0.05,0.7989413698746798,0.12003837913635564
0.9035239564585147,0.10896746307972871,0.05,0.788525817098785,0.14226505231839398
0.8702144351464436,0.13885355648535566,0.05,0.788525817098785,0.14226505231839398
0.8413023011492334,0.142159445709449,0.05,0.7628179873947009,0.11452073011719587
0.8528086226217156,0.08370423590911259,0.05,1.0,0.16614516392273906
0.8754398889432019,0.019174240843626306,0.05,0.9922288165301947,0.1490075061641804
0.901469444808717,-0.013701575744209056,0.05,0.9922288165301947,0.1490075061641804
0.900611825874501,0.010600971336630714,0.05,0.8571113918213397,0.1287584374777705
0.8852723687347279,0.046318053817271596,0.05,0.8149834814016927,0.11515043072185424
0.8564854211856125,0.07570138011584392,0.05,0.8149834814016927,0.11515043072185424
0.8229177893557156,0.08845991851065858,0.05,0.8485089175667737,0.1042313185683223
0.8031501502038481,0.08541517505900866,0.05,0.8154347768671254,0.13809107387689262
0.8023182553731717,0.06977975807316812,0.05,0.821907718085338,0.12358274046923734
0.8079705407370328,0.06264251406369184,0.05,0.8328778645332623,0.12632159541754065
0.8146916221166812,0.06851971933509148,0.05,0.8328778645332623,0.12632159541754065
0.8326822818599996,0.06887832185332603,0.05,0.8261613243274527,0.12620943575908103
0.847634085381121,0.06041372017741532,0.05,0.7659535610641436,0.08923433311104338
0.8575276016022698,0.04660582700492363,0.05,1.0,0.1106774402433803
0.8584817158931083,0.033310478199718704,0.05,1.0,0.1106774402433803
0.8671187900975459,0.02374735564883494,0.05,1.0,0.13828024948956782
0.863967133177598,0.04129052149505977,0.05,1.0,0.1521748748947099
0.8748337509384942,0.05556764905673868,0.05,1.0,0.1564106561134248
0.9015325415131901,0.0694493467558321,0.05,1.0,0.1564106561134248
0.9415931487662415,0.07778816307068781,0.05,1.0,0.15867225305689311
0.9715738193906148,0.10083443891240831,0.05,1.0,0.12035036617700082
0.9944046303580795,0.10641148440852524,0.05,1.0,0.13985111259880526
1.0134686404606912,0.10098068978467702,0.05,1.0,0.13985111259880526
1.0362277304161203,0.07930970251579826,0.05,1.0,-0.03732555451015458
1.0511162648268464,0.05425182839601836,0.05,1.0,-0.2418384333223945
1.0587413016270337,0.026536129983908453,0.05,1.0,-0.23444416896107187
1.0491223306003765,-0.010165103558405036,0.05,1.0,-0.23444416896107187
1.0204006099887901,-0.033103677224700076,0.05,1.0,-0.09131723737585176
0.9843902790026935,-0.04673711206588325,0.05,1.0,-0.18150696034737046
0.948713818926264,-0.04196536701075167,0.05,1.0,-0.16348857435608866
0.9247021036948748,-0.03293787842669845,0.05,1.0,-0.16348857435608866
0.9022223761845164,-0.020486188092258183,0.05,0.8882750483899957,-0.13674216270035489
0.8815616514893262,-0.01893556831591118,0.05,0.8477673473554892,-0.14048534191459447
0.8650164978477828,-0.03583321956192543,0.05,0.8225119204172833,-0.13588880034805073
0.8435480653466998,-0.0697698799632857,0.05,0.8225119204172833,-0.13588880034805073
0.8240202182896477,-0.10137399965464268,0.05,0.7655768393070377,-0.12433152602135256
0.8018443200515059,-0.11499475999713857,0.05,0.8856629922973644,0.1330935396715314
0.7925748942886071,-0.09964206568995296,0.05,0.8625687472892501,0.1295227498925991
0.802021607017251,-0.045117045088758814,0.05,0.8625687472892501,0.1295227498925991
0.820042765353805,0.02252764400152585,0.05,0.8235910288327454,0.12406361572973294
0.8273368512007627,0.07696384154698765,0.05,0.8305798369832325,0.12490869147539367
0.8186446626366682,0.0979809424592529,0.05,0.8108623779501497,0.1218809496741961
0.8020965285474241,0.0929393523649494,0.05,0.8108623779501497,0.1218809496741961
0.7856676263023628,0.08578969971151325,0.05,0.7522343899364418,0.12996086238313115
0.7736545520635942,0.08795831098716436,0.05,0.8050422600811896,0.12166579737732787
0.7685647292689906,0.09808093319345763,0.05,0.8372537769095665,0.1283631029706928
0.7839062555882739,0.10658980430610031,0.05,0.8372537769095665,0.1283631029706928
0.8192224052104448,0.08403618695600334,0.05,0.7582191779699193,0.11418273662712146
0.8531944424576211,0.04120939429702215,0.05,0.734263876887516,0.1159865936040821
0.8701882517015723,-0.001608911053365596,0.05,1.0,0.17204567632771708
0.8216965154115712,0.04857934187942502,0.05,1.0,0.17204567632771708
0.811540522174535,0.061602864210777306,0.05,1.0,0.17792351568299017
0.7963678639121675,0.10434461239524599,0.05,1.0,0.17790788863898138
0.8337277291145274,0.07727942140388512,0.05,1.0,0.18689766302451044
0.8526057825278367,0.10322009787558714,0.05,1.0,0.18689766302451044
0.8867074334954234,0.12152531464530893,0.05,1.0,0.18289361380464836
0.935774076304742,0.13870761974048276,0.05,1.0,0.17654115911819207
0.9740216872786251,0.13844072521496464,0.05,1.0,0.18228813276669284
1.0053406210147433,0.13473599275353684,0.05,1.0,0.18228813276669284
1.0267153104056856,0.1258082144816237,0.05,1.0,0.17797702438993065
1.0529856070087609,0.10536050271172298,0.05,1.0,0.17761123508578439
1.065887484957882,0.09504978941034899,0.05,1.0,0.17761123508578439
1.0793630467045738,0.07303963719915603,0.05,1.0,0.18040222071722326
1.078885250053634,0.074501375116207,0.05,1.0,0.16741283435702478
1.0711041378570407,0.08236642267893758,0.05,1.0,0.1500944774332282
1.0615710269261944,0.07826038488128159,0.05,1.0,0.1500981353561859
1.0558715192099084,0.07143055853568406,0.05,1.0,0.1500981353561859
1.041312497020262,0.07050001191895112,0.05,0.922761451868084,0.106760155037923
1.0309928175478333,0.05519099809262681,0.05,0.7925552283870263,0.1264047701579609
1.0153594757992392,0.02864525077211099,0.05,0.8168992514695347,0.12256153380523949
0.9842002089842352,0.011415225738748834,0.05,0.8168992514695347,0.12256153380523949
0.9479751584804937,-0.000983156979099644,0.05,0.7794642381423897,0.1176503409547314
0.8808685527993992,0.03499591890860977,0.05,0.7588010200297763,0.11549504943767792
0.8177295250650187,0.07765481317553863,0.05,0.765921913259998,0.11477013169528247
0.7768673261691044,0.09307942340473721,0.05,0.765921913259998,0.11477013169528247
0.7518435995304157,0.09613660701516018,0.05,0.7640861124817692,0.11450196006930703
0.7646096823220885,0.04778786208129693,0.05,0.8018756715796225,0.12023328859640867
0.7396697159680092,0.08331379396655501,0.05,0.8386010053649353,0.12577522715021636
0.7518284619412576,0.08704945970390822,0.05,0.8386010053649353,0.12577522715021636
0.7840957755043639,0.08033725318357418,0.05,0.7972940183812366,0.11745721555646244
0.8099930411541763,0.08133037459477498,0.05,0.8306525953051773,0.11386313221752045
0.8300602234803337,0.07781180572109653,0.05,0.8396685565593432,0.11640313297580572
0.8443986031288007,0.07399472968783535,0.05,0.8396685565593432,0.11640313297580572
0.866216057845919,0.050461867235747145,0.05,0.7755728894891561,0.09290920381779032
0.8766866348320635,0.04007920645992059,0.05,0.861127295781148,0.13623963390224647
0.8852865086176072,0.02962669253140718,0.05,0.9542431863897718,0.15658917941594266
0.885059213192524,0.034599989868408496,0.05,0.9542431863897718,0.15658917941594266
0.8909723266972641,0.04587215384156881,0.05,1.0,0.19611672355075363
0.9011443594817208,0.06637968453863849,0.05,1.0,0.16829717557770324
0.9303339836996053,0.08818652296006581,0.05,1.0,0.16829717557770324
0.9624187587168759,0.10696827057182706,0.05,1.0,0.16745828827648432
0.9880864245756747,0.11323154647598373,0.05,0.9058275178462472,0.048716498532870994
0.9983273059641009,0.09812822250959452,0.05,0.7587453962055705,0.02806443394790397
0.9873919645304697,0.07854179826704648,0.05,0.7627487421953736,0.03065028267784596
0.9784914365824909,0.01958085687752259,0.05,0.7627487421953736,0.03065028267784596
0.9405433990321004,-0.024795140834157802,0.05,0.762108861979233,-0.03583654145435664
0.8951388900478,-0.0748272073285573,0.05,0.7708215011559215,0.03573406760394688
0.8393570174758902,-0.07921610172017118,0.05,0.7618181321544004,-0.09201444338350454
0.7914994278085066,-0.06497232023650583,0.05,0.7618181321544004,-0.09201444338350454
0.7637117159001502,-0.055999952316238714,0.05,0.8003851425387735,0.12111829926929671
0.7471169836454447,-0.04144141505048218,0.05,0.7763373872257798,-0.11628721130907779
0.7320634593383545,-0.017165059824578135,0.05,0.818275498214444,-0.1199595748109114
0.7156106281071544,0.013820887826511995,0.05,0.818275498214444,-0.1199595748109114
0.7057937317349555,0.040687414266117966,0.05,0.9118852525278501,-0.005866182148411026
0.7310787071257406,0.023925011027790023,0.05,0.9280457658879213,-0.058293798780130815
0.7732453417723029,-0.029656520922522873,0.05,0.759747145671436,-0.0635086399688182
0.8145925173391806,-0.0808506089567891,0.05,0.759747145671436,-0.0635086399688182
0.8265838466630092,-0.10114557294151322,0.05,0.7886018534811391,-0.0799848832191001
0.815236616881027,-0.06767168148713243,0.05,0.7734355245501798,-0.11600929766154498
0.8101631538314793,-0.04759284645467445,0.05,0.7734355245501798,-0.11600929766154498
0.8131056123118003,-0.04292150154374338,0.05,0.8570526939594688,-0.1275285752422895
0.8268732227135127,-0.06515878781016853,0.05,0.9166140983889057,-0.12249858892788716
0.8399696358748778,-0.08438404799370576,0.05,0.8810847492742253,-0.1259667342639141
0.8497261261905613,-0.0994864746867885,0.05,0.900129820340165,-0.12510913520504674
0.8621007361268404,-0.10615278655301902,0.05,0.900129820340165,-0.12510913520504674
0.8691806879946601,-0.10971889899399256,0.05,0.8567081807520276,-0.1287877914875407
0.8727759740066264,-0.11535941559602414,0.05,0.7612683711705515,-0.11411849234160962
0.8572132466889982,-0.12372495440294683,0.05,0.7622417983418971,-0.12529103242741593
0.8461223115395161,-0.11271862071843294,0.05,0.7622417983418971,-0.12529103242741593
0.8536250000000001,-0.057364953148470475,0.05,0.7681318423680799,-0.10402826759323604
0.8636503773742383,-0.015057047299955887,0.05,0.8280017706077125,-0.13615039294396783
0.8751007951983971,0.006367012236573752,0.05,0.8691377305744273,-0.13062835584493562
0.8591737132572055,-0.03241658968460201,0.05,0.8691377305744273,-0.13062835584493562
0.8384342169579627,-0.07522299351438996,0.05,0.8877671009083489,-0.13350171118412674
0.8396197795616261,-0.08553103210927165,0.05,0.9924407160295219,-0.14941427064476215
0.8504772732691207,-0.08849454629982835,0.05,0.8381036173149518,-0.12601522561541587
0.8774034730913642,-0.08203973717146434,0.05,0.8381036173149518,-0.12601522561541587
0.8941383847144236,-0.09096662315367834,0.05,0.8999668464536951,-0.14556304293955716
0.9068810412245775,-0.09552811389809496,0.05,0.8036803054832298,-0.16092061103821576
0.9211801449551783,-0.08597035779849324,0.05,1.0,-0.28288025187627547
0.923304986827361,-0.08990438809813318,0.05,1.0,-0.28288025187627547
0.9441112431133584,-0.06013592322736054,0.05,1.0,-0.17512632698181144
0.946891873122228,-0.06863656021984835,0.05,1.0,0.1584613444206039
0.9567960981918304,-0.060333373064591106,0.05,1.0,0.15410353741595198
0.974373582830643,-0.037133084273145614,0.05,1.0,0.15410353741595198
0.987298912784179,-0.01617119623559723,0.05,0.9999999999999999,-0.30490689020136547
0.9955458889047807,-0.012672466657131627,0.05,1.0,-0.06826258541109054
1.0004105850727765,-0.022063691334771783,0.05,1.0,-0.17120865458608156
0.9997020908570815,-0.049604562222142774,0.05,1.0,-0.17120865458608156
1.005937877125617,-0.06537859834482102,0.05,1.0,-0.16421780094449265
1.0040499457629544,-0.0869354892062319,0.05,1.0,-0.16981010149055564
1.0090551655502848,-0.09513556291864318,0.05,1.0,-0.1708331509223069
1.0169057698492103,-0.08918680173420045,0.05,1.0,-0.1708331509223069
1.0255246355042142,-0.08328488936971735,0.05,0.8817467476870025,-0.13564248468238752
1.0290650614326744,-0.0721144980515534,0.05,0.8816455461191369,-0.14251698620165734
1.0300020129328329,-0.05455876095118899,0.05,0.9665192045967945,-0.14983553828166649
1.0192275937913522,-0.04257075033081793,0.05,0.9665192045967945,-0.14983553828166649
1.0154047226029437,-0.02974803349025685,0.05,1.0,-0.17243361271921795
0.9925413984359166,-0.05583992137858685,0.05,1.0,-0.17935929008923795
0.9911459637046308,-0.07067287234042553,0.05,1.0,-0.18277148108267272
0.9898223081874971,-0.08649473081874971,0.05,1.0,-0.18277148108267272
1.0019335439642325,-0.08759728464977645,0.05,1.0,-0.14997625465888556
1.0097516866119955,-0.09796180985982646,0.05,1.0,-0.13754705182264196
1.0218515825236931,-0.09332625320379091,0.05,1.0,-0.13581616160671367
1.029989519244527,-0.09192889421471837,0.05,1.0,-0.13581616160671367
1.0382309154619025,-0.07763359176668297,0.05,1.0,-0.13823451563012146
1.0339838752458723,-0.08542383322405675,0.05,1.0,-0.15286881370730457
1.0392336684315968,-0.07799461576989125,0.05,1.0,-0.11314079896498397
1.0372125345591916,-0.08107599447052936,0.05,1.0,-0.11314079896498397
1.0393471834763948,-0.0688305123390558,0.05,1.0,-0.10014733997596793
1.0440060393526243,-0.043663531784811936,0.05,1.0,-0.042435447717494405
1.0363252002598609,-0.03329305438008845,0.05,1.0,-0.029343540733957257
1.0335978668891141,-0.020064994339510225,0.05,1.0,-0.029343540733957257
1.0121091043038095,-0.031082163905986365,0.05,1.0,0.002142823406017059
0.9961664695050001,-0.03577271481185712,0.05,1.0,0.01881765405107685
0.9865303686537109,-0.03662887241293029,0.05,1.0,0.01887150467787757
0.9776242176043491,-0.03369599234593513,0.05,1.0,0.01887150467787757
0.975565470087508,-0.0256619316149646,0.05,1.0,-0.0014121568804454448
0.9699221152699964,-0.023332384670401725,0.05,1.0,-0.08262777152886859
0.9659018808870872,-0.02926188744485514,0.05,1.0,-0.12231235498119891
0.9640438844847111,-0.048364241223103066,0.05,1.0,-0.12231235498119891
0.959410789643087,-0.07503578964308706,0.05,0.9999999999999999,0.03337074040367879
0.9609553641685346,-0.07077797135056513,0.05,0.844911204697962,0.09517873026194722
0.9632766979872174,-0.04260594534007442,0.05,0.7951739896622463,0.1152016060388896
0.9457702358389357,-0.014820331497639831,0.05,0.7951739896622463,0.1152016060388896
0.9128399762197084,0.024613936800448186,0.05,0.7695293495536301,0.11087031478032128
0.8562506256256257,0.05407595095095094,0.05,0.7683523120068314,0.11460834393267381
0.803647205270623,0.08092793120299407,0.05,0.7601673683256432,0.1138251213156328
0.7642463524096745,0.09454585712412535,0.05,0.7601673683256432,0.1138251213156328
0.7431861032312661,0.07588463956662177,0.05,0.7678178106353397,0.040689736000074625
0.7394294400991989,0.044917809280808844,0.05,0.8222653274358527,-0.09777663837618399
0.7424978075140307,-0.001545553662285672,0.05,0.7668901387718912,-0.09836164190233868
0.74517401274227,-0.056506263856771655,0.05,0.7668901387718912,-0.09836164190233868
0.742799629088959,-0.09427197610677472,0.05,0.7637703565804853,0.11557283541951682
0.7206999922510193,-0.10814090627309794,0.05,0.7738187690495565,0.11599135442648165
0.6917443533388176,-0.08950578972781574,0.05,0.8083307708890621,0.1212788727445241
0.689625,-0.0219471159575736,0.05,0.8083307708890621,0.1212788727445241
0.7112874770500012,0.047444917022341965,0.05,0.7914536673374045,-0.019748622736329484
0.7443448142783917,0.08658407687539485,0.05,0.7715020850692426,0.11574638324811301
0.7584356535055834,0.08755602497944201,0.05,0.7840386483906793,0.11752528618461848
0.7643478319153499,0.07313585829699006,0.05,0.7840386483906793,0.11752528618461848
0.768236662911839,0.06930710467029036,0.05,0.7748787589789584,0.11617676602674601
0.7735938021007002,0.06951039929976659,0.05,0.7601388732702301,0.11407405748030305
0.7744747847680145,0.07378811573637956,0.05,0.7599001899898365,0.11508425380729745
0.7677010586503624,0.07748374332570555,0.05,0.7599001899898365,0.11508425380729745
0.7609557268998247,0.08964571980491992,0.05,0.7621194574036847,0.11429798025010338
0.7546137118312647,0.10301185451467133,0.05,0.7640514718085842,0.11473914240564549
0.751413143776824,0.11332628755364806,0.05,0.7659889121264065,0.11489969825346082
0.7539248226844678,0.11363558231016807,0.05,0.7659889121264065,0.11489969825346082
0.76050551382928,0.1073232549475441,0.05,0.7663725183718948,0.11483900241808585
0.7763176723109946,0.08878046744574289,0.05,0.8021301813642302,0.12041901289376697
0.7972887941306135,0.06358871995901198,0.05,0.8021301813642302,0.12041901289376697
0.8110427000405205,0.04641420216189159,0.05,0.7884957372509922,0.11748351027489917
0.8189381192988732,0.03175796369164728,0.05,0.7780525917077669,0.11669089138196685
0.8130326553355821,0.030565251075698154,0.05,0.7544093496666516,0.05786113957935741
0.8042520333802079,0.03162863327056916,0.05,0.7877142674138663,0.1177955496933024
0.7923750432134087,0.046527115668883956,0.05,0.7877142674138663,0.1177955496933024
0.7868969711143153,0.05848515646412526,0.05,0.8893179621288727,0.1335880910963126
0.7950253015925997,0.07066935825147816,0.05,1.0,0.2380217612089382
0.819012831402141,0.07733107729537704,0.05,1.0,0.3634169721706313
0.8574995887030437,0.11126047615073735,0.05,1.0,0.3634169721706313
0.8993140961442163,0.15199333822161815,0.05,0.9198155610703904,-0.16226349120999076
0.9418835785921271,0.18147886878853287,0.05,1.0,0.1700902527021809
0.9678647762759541,0.18731102052492313,0.05,1.0,0.16369912280298007
1.002373955290611,0.1469996423248882,0.05,1.0,0.16369912280298007
1.0295008391662592,0.11038160154060789,0.05,0.9999999999999999,0.12116505398125835
1.0422230944376891,0.09600525117421262,0.05,1.0,-0.07020705663075269
1.046163097621431,0.09532258448925114,0.05,1.0,0.1307539966767148
1.0506305624761587,0.08151210393620065,0.05,1.0,0.1307539966767148
1.061551950781744,0.054755335356763774,0.05,1.0,0.11208875336541407
1.0620832602470018,0.03926587166636835,0.05,1.0,-0.04354174358274794
1.0515176328646332,0.025546042361773113,0.05,1.0,-0.05887277340139546
1.0274569833402998,0.025420115543082336,0.05,1.0,-0.05887277340139546
1.0148875384422829,0.004388280467744236,0.05,1.0,-0.013563474740025326
1.0010597450457,-0.0044132237806404,0.05,1.0,-0.12884281516579113
0.9899061703015135,-0.01990477892980575,0.05,1.0,-0.12884281516579113
0.9680751120541675,-0.019586679560843038,0.05,1.0,-0.13094607958671411
0.9394308341975706,-0.01329060872104806,0.05,0.9999999999999999,-0.14507644496828948
0.9153539697627022,-0.0053482116253292565,0.05,1.0,-0.05014291289036942
0.9030950965425945,0.005855980691481108,0.05,1.0,-0.024660431942701524
0.9071246097613289,0.0060434952277683045,0.05,1.0,-0.024660431942701524
0.9235428571428571,-0.00040357142857143564,0.05,0.9999999999999999,-0.024445148518362412
0.9485114533282463,-0.015858992166728276,0.05,1.0,0.03465720181156881
0.9662298277506258,-0.01854282989629277,0.05,1.0,0.03217628161296647
0.9791245709893462,-0.005832790118454614,0.05,1.0,0.03217628161296647
0.9862913755276274,0.01301735804736126,0.05,1.0,0.01068079383534343
0.9957784811446688,0.029696917236776234,0.05,1.0,-0.00870519778771793
1.0040513700876619,0.030907770290416834,0.05,1.0,-0.0052630206197706395
1.0107990976708703,0.026684685436384,0.05,1.0,-0.0052630206197706395
1.0089534823099013,0.016743849577558773,0.05,0.9382886196418586,0.09019494313393789
1.0044948839121832,0.010848320063884049,0.05,0.7741781828684817,0.11335797307515649
0.9936263319586646,-0.00048793936757292214,0.05,0.7972703630710656,0.10268594742035081
0.971897311052575,-0.018439821988343135,0.05,0.7972703630710656,0.10268594742035081
0.9299565402038505,-0.018024453120343332,0.05,0.7774691409348582,0.11659040556117975
0.8915583639212976,-0.015618712087807327,0.05,0.8097103540258158,0.12162293580882927
0.861889245090675,0.0073904031190757166,0.05,0.8219234080746118,0.12340502873812885
0.841885922156545,0.03722275717418247,0.05,0.8219234080746118,0.12340502873812885
0.8203020412420287,0.06716217742416114,0.05,0.7621277322335394,0.11408510873052692
0.7997863930840476,0.07294418932449666,0.05,0.781957443948757,0.07848989422465322
0.780085890959348,0.06535756922270408,0.05,0.8245470405453493,0.08299640389059837
0.7580766989597112,0.06392430647410002,0.05,0.8245470405453493,0.08299640389059837
0.7467688599105812,0.06429639344262295,0.05,0.7742562668583535,0.10946549445165771
0.7494356943649886,0.06929881173722349,0.05,0.770620030189863,0.0960956941967648
0.7575936162922353,0.07604301889041178,0.05,0.770620030189863,0.0960956941967648
0.7737566104694819,0.06808569176767856,0.05,0.7869239914030909,0.06110051838856165
0.7863234328989879,0.04671461803030483,0.05,0.7604050953516412,0.10394960018257357
0.7998613329201726,0.03055100052439634,0.05,0.7770224990586703,0.11682285029871717
0.8100139042785145,0.024176971262108153,0.05,0.7883378530316671,0.11566120458533433
0.8143858816797988,0.03763589807011478,0.05,0.7883378530316671,0.11566120458533433
0.8192901065453548,0.03894208869438713,0.05,0.7706450616069017,0.11400359871752397
0.7859748167024321,0.0899320681330472,0.05,0.7631735955029872,0.11835467346606633
0.7531779066232744,0.13400635535131009,0.05,0.7748654216541706,0.07884487401052402
0.7165003979515185,0.18107566593535,0.05,0.7748654216541706,0.07884487401052402
0.7264698784411869,0.15989048534143727,0.05,0.8082286250079129,0.12489112743579824
0.7437856195613303,0.13398441411372033,0.05,0.7669743869789537,0.10707941016575254
0.7767041196213322,0.08531491063870375,0.05,0.7669743869789537,0.10707941016575254
0.7952009379767353,0.06703817458047291,0.05,0.815102010587138,0.12278953672167012
0.7984507953353048,0.06989428419822569,0.05,0.7637750975436722,0.09904964979055719
0.79422311065564,0.08238541492885912,0.05,0.7612881631890416,0.1197224238848562
0.7276088299786684,0.1780623100711451,0.05,0.7930676697200294,0.10431526132189746
0.7099915683470385,0.19778090215707306,0.05,0.7930676697200294,0.10431526132189746
0.7061045196813776,0.18842709364305216,0.05,0.761873331246432,-0.008953867242031732
0.7667390752395938,0.07973922424069041,0.05,0.8242127930861611,0.052722728368602575
0.7915251511033226,0.02823171113336432,0.05,0.8242127930861611,0.052722728368602575
0.7913369203719156,0.0193803805578734,0.05,0.7623320605842238,0.008578128812903174
0.7791703399527976,0.031448762724390296,0.05,0.7770951034308771,0.07811619686154513
0.774755066520433,0.031076462734252058,0.05,0.7617482256802064,0.09907870904561047
0.7727011529017724,0.03319038225443102,0.05,0.9033275550521208,-0.08425605629938665
0.7789005625828646,0.02882600094361032,0.05,0.9033275550521208,-0.08425605629938665
0.7830519949218004,0.02833379923230974,0.05,1.0,-0.03724593219600099
0.7919018408197307,0.019140721434528767,0.05,1.0,-0.08618926563403358
0.8002142612369929,0.025999999999999995,0.05,1.0,-0.08618926563403358
0.8143577868852458,0.025027421758569295,0.05,0.9059177274046641,-0.12835228961043066
0.8390055819944895,0.015724228003005682,0.05,1.0,-0.0843694262902949
0.8725373824255213,-0.009553328743607172,0.05,1.0,-0.10504858368311565
0.9142814254634322,-0.039399624485903326,0.05,1.0,-0.10504858368311565
0.9553516395397365,-0.0644829935014607,0.05,1.0,-0.072506125634773
0.9842764216738197,-0.0713727423104435,0.05,1.0,-0.04667590635888482
0.9974835983029234,-0.05975596479519481,0.05,0.9771799648196461,-0.04842890677980377
0.9985900956609846,-0.042686357134342594,0.05,0.9771799648196461,-0.04842890677980377
0.9942285780281355,-0.028364620588936584,0.05,0.9771074979067284,-0.048429821318309356
0.9835881767587086,-0.019721150981396963,0.05,0.8585135081694724,0.018897924884699418
0.9639652191137748,-0.008077544710409997,0.05,0.7582386617530174,-0.02576740386596234
0.9218776420098945,-0.00010220241997974111,0.05,0.7582386617530174,-0.02576740386596234
0.8645056746381822,0.0019071165446698873,0.05,0.7582386487140723,-0.02576547937096627
0.809826012828767,-0.013002822686410575,0.05,0.7617142213467383,-0.034665193997561565
0.7946900902296864,-0.058381980285349896,0.05,0.7668041466853125,-0.08377492785255125
0.7951168579348992,-0.09110870394658399,0.05,0.7668041466853125,-0.08377492785255125
0.8091130336737248,-0.09296290200540973,0.05,0.7701690911113339,-0.09119208698882127
0.7995887207293094,-0.06280413215754037,0.05,0.7709165375907707,-0.055569585325268525
0.7840014573349546,-0.025421424611973397,0.05,1.0,0.0018953547512669687
0.7613122579395817,-0.005824651432997684,0.05,1.0,0.0018953547512669687
0.7481254232236528,-0.005309543395326664,0.05,1.0,0.021026863096660246
0.7690775150731615,-0.005790466672227259,0.05,1.0,0.02213763626277043
0.8208520506066601,0.00017923589425758012,0.05,0.9501752916522506,0.07562301480484265
0.8789418501388706,0.013570196743393206,0.05,0.9767414548445988,0.07327732294330404
0.9068044530551416,0.03100992250372577,0.05,0.9767414548445988,0.07327732294330404
0.8912486528373867,0.04455247973295183,0.05,0.8755983857188643,0.04754173098156461
0.8752775505035457,0.05105418926166497,0.05,0.80424400505712,0.06573781316311217
0.869703503581346,0.05604367335264041,0.05,0.80424400505712,0.06573781316311217
0.8804565404013306,0.053146747683943195,0.05,0.8036337007222023,0.06579496954944397
0.8741486055147585,0.06501958508177959,0.05,0.782089674831341,0.07437180319916083
0.8511395408436937,0.07668022957815311,0.05,1.0,0.039460231780263116
0.8277216868367712,0.08236245230714201,0.05,1.0,0.039460231780263116
0.8235641803278688,0.06739375558867362,0.05,1.0,0.03697085336038573
0.8485209021279131,0.040931738391845975,0.05,0.9885253654922211,0.0029993186263718085
0.8832230486043986,0.01924117083736082,0.05,0.8875017600995335,-0.09995017129061926
0.9066308246931236,-0.009251793588368497,0.05,0.8811334444837248,-0.08653974733925787
0.9048482738790494,-0.03761819295130033,0.05,0.8811334444837248,-0.08653974733925787
0.8863856473645314,-0.06299472846687487,0.05,0.7634487300987098,-0.06586567812788441
0.8518790360067222,-0.07541873904959417,0.05,0.7557901947360711,-0.07506774812578751
0.8164655408788537,-0.07473922295605732,0.05,0.759781334892179,-0.1303538799488583
0.7794778805235365,-0.07845118665887878,0.05,0.759781334892179,-0.1303538799488583
0.760994685067528,-0.09253775583793257,0.05,0.7677076582035031,-0.14122367995840318
0.7592716913693599,-0.1126898743799485,0.05,0.8745969571868536,-0.17002445579068745
0.7774814351272423,-0.13411462244472258,0.05,1.0,-0.25544268488618604
0.8069658013665144,-0.16011318012711206,0.05,1.0,-0.25544268488618604
0.8221157215327205,-0.16953512732930362,0.05,1.0,-0.2722244811111761
0.848956569943492,-0.18022284578336234,0.05,0.9999999999999999,-0.3031777865763854
0.8796776193428394,-0.18148318350898948,0.05,0.7950138569480775,-0.1823890233922454
0.9269781642212661,-0.1982417370886423,0.05,0.7950138569480775,-0.1823890233922454
0.963078643213085,-0.19467629527192962,0.05,0.9680435160370412,-0.2260119715537703
0.9983349392780103,-0.16344211597363748,0.05,0.9313046528189645,-0.2795462998753349
1.0315033699227687,-0.12732259189073228,0.05,1.0,-0.3486564117204123
1.0610628530568467,-0.11593273596710763,0.05,1.0,-0.3486564117204123
1.0801709669338677,-0.13579274024238955,0.05,1.0,-0.34792547514136135
1.0976316287652936,-0.1522769726800067,0.05,1.0,-0.3652129289190396
1.119480477126519,-0.14482318024779603,0.05,1.0,-0.3607740948036062
1.128336164151708,-0.1379197388495554,0.05,1.0,-0.3607740948036062
1.12581009821684,-0.1360075942238009,0.05,0.445685922634494,-0.38335451144720384
1.0734136016045013,-0.20360125284602273,0.05,0.3979017897860869,-0.3352067867071478
0.9930648773609654,-0.3003880017051417,0.05,0.3954891477183364,-0.3390288563343162
0.9126834615659678,-0.3655281044018261,0.05,0.3954891477183364,-0.3390288563343162
0.8145093330949401,-0.4175216610048274,0.05,0.24475697394852103,-0.3453020506515706
0.7651544273658112,-0.3768456799136996,0.05,1.0,-0.5680400483237609
0.7233209964836999,-0.359693089576256,0.05,1.0,-0.5680400483237609
0.6851321888412018,-0.39091187410586553,0.05,1.0,-0.5279819133830627
0.6912414700587738,-0.4147182779771343,0.05,1.0,-0.5119285238149728
0.7212673687660132,-0.4609024459274266,0.05,1.0,-0.46311664464895613
0.7768125163975481,-0.4904021901161543,0.05,1.0,-0.46311664464895613
0.8580141045887962,-0.48311234058402863,0.05,1.0,-0.4572282091888887
0.9339258750551193,-0.4418940116674016,0.05,1.0,-0.4205146738644389
0.9927229390659641,-0.3876364996304861,0.05,1.0,-0.38030341288124586
1.0202739686202948,-0.35983615106626593,0.05,1.0,-0.38030341288124586
1.0489778776356722,-0.3070063664374173,0.05,1.0,-0.4270966534100477
1.0645877159560408,-0.2794225207472585,0.05,0.8723154276261273,-0.3568450189220263
0.9996761707061195,-0.3621442579368391,0.05,0.7405956812978135,-0.32167267872294
0.9545068904677889,-0.3966949775880979,0.05,0.7277865453394193,-0.3517914143559177
0.9012554951770023,-0.4116738961952569,0.05,0.7277865453394193,-0.3517914143559177
0.8652124678065531,-0.35620062777221345,0.05,0.6477055727571998,-0.34638012097346527
0.788823695864675,-0.3518061559001991,0.05,0.7188223038727992,-0.3010525414461363
0.7371114354948317,-0.31212937247397976,0.05,0.7188223038727992,-0.3010525414461363
0.687644140438722,-0.3010385237839771,0.05,0.8601113528156562,-0.39574022043932494
0.727197989666762,-0.20252105531321513,0.05,0.47501411239127456,-0.3370259959631494
0.7017422950819672,-0.24367345007451566,0.05,0.40846576205887103,-0.2913550875549225
0.6835295526870955,-0.283780468945543,0.05,0.43886538406815406,-0.3137354373734758
0.6612577896888295,-0.3113748435805456,0.05,0.43886538406815406,-0.3137354373734758
0.6233460410557186,-0.32706314820113014,0.05,0.4388640377349453,-0.31368995003285255
0.5671729459198511,-0.3309908172813313,0.05,0.3946058750975233,-0.28409249342014964
0.5152462643404012,-0.3084349106780834,0.05,0.3946058750975233,-0.28409249342014964
0.4392974813243897,-0.3162054168205593,0.05,0.4000254045181233,-0.28908719414392076
0.4056119584385873,-0.29521704756684625,0.05,0.5741997655545382,-0.41487358911790656
0.40834684704830054,-0.256111110614192,0.05,0.5141451678102202,-0.3706721771783601
0.42061958763501106,-0.257349401540259,0.05,0.5301588504499104,-0.38162265963991243
0.43950725834336885,-0.287626697587905,0.05,0.5301588504499104,-0.38162265963991243
0.47405767350928646,-0.32305649035595935,0.05,0.5050071570006281,-0.3645736204149806
0.4911127513798324,-0.36908606667302446,0.05,0.5486073042372837,-0.39513019548557543
0.5206207594793367,-0.36798405707269977,0.05,0.4890452971561157,-0.3525527857332366
0.5088936488210191,-0.3964133854278426,0.05,0.4890452971561157,-0.3525527857332366
0.5052840101795123,-0.3990099858154338,0.05,0.5349849849047084,-0.38477506980024795
0.5186573413857656,-0.3723494834082536,0.05,0.4740295309861577,-0.3394313509202379
0.506412997997282,-0.3763090891209499,0.05,0.4364638464356947,-0.3128354860996082
0.5069815498319868,-0.33816130156573965,0.05,0.4364638464356947,-0.3128354860996082
0.475769306107116,-0.34154486422668245,0.05,0.4895780055495075,-0.3522215755662372
0.46104266424227974,-0.3294948655657566,0.05,0.42429127971229247,-0.3067927087098876
0.46072787141222465,-0.3118464393415658,0.05,0.4161446115882892,-0.29741339806883593
0.4532355678675314,-0.3052243946998236,0.05,0.4161446115882892,-0.29741339806883593
0.44847566322880644,-0.2823777915225945,0.05,0.46803293064450713,-0.33962368913030894
0.4383819365798414,-0.28292252190498896,0.05,0.4141392806861825,-0.29630799063659546
0.41676010311736306,-0.3034086994099064,0.05,0.4141392806861825,-0.29630799063659546
0.4240543237944268,-0.2931142299945175,0.05,0.40514268642701623,-0.31073462840922594
0.40440331898504756,-0.3206253368468748,0.05,0.4618732379830868,-0.33002184735630363
0.4110313427764066,-0.3203597220731838,0.05,0.4192982509213098,-0.2994875558480252
0.4089787407672147,-0.33656957946152016,0.05,0.44595247287331846,-0.3182195117253023
0.4036472109593942,-0.3527378093136963,0.05,0.44595247287331846,-0.3182195117253023
0.4438808028635805,-0.2891578635209404,0.05,0.3904665429328991,-0.2783254095779445
0.4373045296613705,-0.2835330762720956,0.05,0.531071154904238,-0.29747391584109295
0.43909211553822863,-0.27518799551724554,0.05,0.5316644312959612,-0.29768226638859246
0.4471140184882764,-0.2654780369765529,0.05,0.5316644312959612,-0.29768226638859246
0.48381404373442105,-0.23934234081123956,0.05,0.4620705196270545,-0.2851874763099903
0.536463784225144,-0.18321950579905358,0.05,0.53849643773086,-0.271167061862994
0.524512610864745,-0.2213686252771619,0.05,0.5386684512764076,-0.2711347826841778
0.5162229908931615,-0.24599905236432126,0.05,0.5386684512764076,-0.2711347826841778
0.4929044600798998,-0.28956280931369627,0.05,0.4781119008644132,-0.26621333572253714
0.5114015751317578,-0.25533258710323614,0.05,0.5411093029019227,-0.2654356882278945
0.49458055992703603,-0.27408888014592797,0.05,0.5042961923802237,-0.25659146857778414
0.5098932321775511,-0.2481222287447704,0.05,0.5042961923802237,-0.25659146857778414
0.5023399683521671,-0.25858906540552146,0.05,0.5042965426815997,-0.25659166300454594
0.5111080769689382,-0.24361860132355576,0.05,0.5367486949037371,-0.24857171273177683
0.5147574482483127,-0.23124390963726124,0.05,0.536749034397989,-0.24857188050179613
0.540340987651378,-0.18916161676361212,0.05,0.536749034397989,-0.24857188050179613
0.5416322072125755,-0.19463000691225021,0.05,0.6295494899311115,-0.23682274860508024
0.5408383406441462,-0.2127079141535748,0.05,0.5972370356190249,-0.2276878977187611
0.5368671619029464,-0.24349523280473717,0.05,0.5972370924779598,-0.22768792045932607
0.5694418993098187,-0.21928953046214736,0.05,0.5972370924779598,-0.22768792045932607
0.5708022464606467,-0.23881088612048712,0.05,0.6312690698954011,-0.21761537470314885
0.6000481845489981,-0.2110653630902004,0.05,0.5468815971810603,-0.21084721888318914
0.6055832419677758,-0.20656598877395368,0.05,0.4937334288687697,-0.20389275397319276
0.5919620301267302,-0.2035434792975596,0.05,0.4937334288687697,-0.20389275397319276
0.554928255389896,-0.21850335639457974,0.05,0.4937335229579556,-0.20389279865764312
0.5019520400314814,-0.23313866132436592,0.05,0.429369722370512,-0.19701127550059713
0.49348544016309404,-0.19176389965187537,0.05,0.4293697793211797,-0.1970113078092057
0.4560253349983906,-0.19181493425209528,0.05,0.4293697793211797,-0.1970113078092057
0.4400499654218534,-0.17078880353650977,0.05,0.3517185257195456,-0.19081142032189588
0.39427370458446576,-0.2011974234730368,0.05,0.8503256113155443,-0.29536309283591444
0.36633071488194613,-0.2217088301931791,0.05,0.943771380306738,-0.30562849983404744
0.35354348013971343,-0.26493454211668216,0.05,0.943771380306738,-0.30562849983404744
0.3855466480530339,-0.2861200937649307,0.05,0.7913929895352848,-0.2997081149646543
0.42912076096933,-0.3059185256815229,0.05,0.707609804944627,-0.2989480551308908
0.4967694688129492,-0.2827773058035448,0.05,0.7035047726668036,-0.29875353360460444
0.5448349231181835,-0.27808705226771563,0.05,0.7035047726668036,-0.29875353360460444
0.6118735352319192,-0.24532823917889543,0.05,0.6444543370748139,-0.2856067041869887
0.6609230087150385,-0.2149807965139846,0.05,0.9342544410209526,-0.2581823930496119
0.660832910260994,-0.25388497795256826,0.05,0.9337599748497075,-0.2582010816063289
0.6796496631691904,-0.2617016215571718,0.05,0.9337599748497075,-0.2582010816063289
0.7097474162901861,-0.2675844816488062,0.05,0.8300122134421745,-0.2285581685888676
0.7843412529959576,-0.21023448064104552,0.05,0.6549444721139368,-0.2127538871254943
0.782630493654293,-0.2291808526485134,0.05,0.790540850352565,-0.21752731770177416
0.788893678914614,-0.22614265361596608,0.05,0.790540850352565,-0.21752731770177416
0.7932194755482417,-0.21780699298823028,0.05,0.9855003386636473,-0.18581834471433842
0.8288262120616074,-0.1786371221061918,0.05,0.9364543488399062,-0.1607966685086882
0.8767843605073975,-0.11498874420295906,0.05,0.9364543488399062,-0.1607966685086882
0.8954332519787346,-0.10729192294855293,0.05,0.9364543488399062,-0.1607966685086882
0.9144229411624413,-0.09708705490233493,0.05,0.8641757761696885,-0.16191615617144456
0.9267106267200401,-0.11091417223632012,0.05,0.7282748735914032,-0.16302602811080233
0.9078885486177312,-0.14727830969971403,0.05,0.7282748736051885,-0.16302602804865224
0.8406815329328471,-0.21625776240196432,0.05,0.7282748736051885,-0.16302602804865224
0.79090394369807,-0.23421372650112657,0.05,0.7529317627148477,-0.110514100119331
0.7334329202875228,-0.2510340881998832,0.05,0.6959187252257107,-0.1518306482125547
0.7225525945617318,-0.1955372107716333,0.05,0.6959187252257107,-0.1518306482125547
0.6618595280657847,-0.2196303271362174,0.05,0.6959187252257107,-0.1518306482125547
0.6694191149292349,-0.15387537260489575,0.05,0.7105518651958338,-0.10046989283087747
0.6799046702117513,-0.09840411132439912,0.05,0.6871624574719994,-0.0034031140284041424
0.7270395761065217,0.0005791954249066947,0.05,0.6871624574719994,-0.0034031140284041424
0.7154225963372758,0.009324208317436066,0.05,0.6871624574719994,-0.0034031140284041424
0.70638150616342,0.010844902660880732,0.05,0.6601748942770874,-0.03351305677586622
0.7012712480926041,0.012325908397310544,0.05,0.6190204107451728,0.019938481507051884
0.6765280751531915,-0.020490939653322555,0.05,0.6190204107451728,0.019938481507051884
0.6787785023420461,0.007485184920322734,0.05,0.6190204107451728,0.019938481507051884
0.6336500944543103,-0.025470890492592664,0.05,0.5983077081117387,-0.02242702887402182
0.6010615420828069,-0.027778937143946823,0.05,0.5707692366804792,-0.010838252337813457
0.6049043325387365,0.018194237187127506,0.05,0.5707692366804792,-0.010838252337813457
0.596448469041207,0.039065222896160504,0.05,0.5707692366804792,-0.010838252337813457
0.5699138410418405,0.023842966980569764,0.05,0.5226939536170536,-0.040257170904669716
0.5431080996114237,0.002344870434824037,0.05,0.4615019672694914,-0.05146159081203414
0.5165145560906415,-0.020696546709420588,0.05,0.4615019672694914,-0.05146159081203414
0.492042145982095,-0.03527104169895219,0.05,0.4615019672694914,-0.05146159081203414
0.48545134443212573,-0.017880990486749432,0.05,0.43941279690715757,-0.03593523699298832
0.4626533965593295,-0.02142986325540365,0.05,0.7122007524535565,-0.007201496246250311
0.4587976717015772,0.0010880428821782896,0.05,0.7122007499297883,-0.007201499066335656
0.4342788149930896,-0.031675040508983496,0.05,0.7122007499297883,-0.007201499066335656
0.45235203272865965,-0.026569649710376425,0.05,0.6709812773443399,0.02348194783549145
0.4872201765308676,-0.019812220726141853,0.05,0.05,0.021823321859802843
0.5157988848547718,-0.019760623837458902,0.05,0.05,0.021823321042248284
0.5393528203462946,-0.009722804973962402,0.05,0.05,0.021823321042248284
0.5521210624053606,0.02608206650689746,0.05,0.05,0.026096712676605585
0.5086165624702013,0.0274645945575474,0.05,0.05,0.05
0.41536737592245976,0.01788769686095443,0.05,0.05,0.05
0.315600324535994,0.010240731800355195,0.05,0.05,0.05
0.24207117952080104,0.028751034092263643,0.05,0.05,0.05
0.18583631225494285,0.02208482105614412,0.05,-0.05,0.049999999999999996
0.12193421264347265,0.02145951478528262,0.05,-0.05,0.049999999999999996
-0.07262962311827316,0.038507868091395565,0.05,-0.05000000000000001,0.05
-0.06985521469101659,0.04024867829725344,0.05,-0.05000000000000001,0.05
-0.058835802899691196,0.04483374766009702,0.05,-0.05000000000000001,0.05
0.05067457228017884,0.018693429210134088,0.05,0.05,0.011113677590080764
0.05082568577661743,0.055456421444154316,0.05,0.05,0.05
0.05103407533021792,0.05653407533021788,0.05,0.05,0.05
0.05626470807357166,0.06272689263448995,0.05,0.05,0.05
0.05644321027402161,0.060749999999999964,0.05,0.05,0.030169395547705206
0.05679919474048113,0.05845242501728533,0.05,0.05,0.05000000000000001
0.09532720009774238,-0.0968567582306244,0.05,0.759678255575208,-0.11429956568298241
0.14524376199330163,-0.12064881080082482,0.05,0.762247347105286,-0.11463555716323384
0.18674498933203013,-0.12567449580432924,0.05,0.762247347105286,-0.11463555716323384
0.21445738666841496,-0.11390153443158389,0.05,0.7595891357179357,-0.11421819307016044
0.2503552866849446,-0.09137312999165578,0.05,0.7595925907703512,-0.11422775637393376
0.30074287591006044,-0.0760349918973345,0.05,0.7595867164315462,-0.11422694241906167
0.37530557177934587,-0.07219853151520934,0.05,0.7595867164315462,-0.11422694241906167
0.4453979944324563,-0.07428297458243426,0.05,0.7595669459914408,-0.11424184785497937
0.5057394675981117,-0.08154906179962809,0.05,0.7595619110347115,-0.11424294125293927
0.5511915650345808,-0.09043490420105836,0.05,0.7595018225121513,-0.11423610201571585
0.5891352493206845,-0.1077680346331697,0.05,0.7595018225121513,-0.11423610201571585
0.625567933130699,-0.11403768996960491,0.05,0.7606592648971762,-0.11432025194639533
0.6658461797525095,-0.1118052204286975,0.05,0.7598205869216311,-0.11419153882711075
0.7042565168418795,-0.10630368423561948,0.05,0.759848832220311,-0.1141843365303841
0.7360970611028315,-0.10765098062593148,0.05,0.759848832220311,-0.1141843365303841
0.7587689533858418,-0.1080479070099973,0.05,0.7597714820221676,-0.1141649448175894
0.789360740215305,-0.08159368778388434,0.05,0.7598260682816109,-0.11418616484784512
0.8116911520267854,-0.052591814515168166,0.05,0.7598260682816109,-0.11418616484784512
0.8318267650666253,-0.01725292044250215,0.05,0.7593951575303802,-0.11412611077066183
0.8322647868688313,-0.008193023470652783,0.05,0.7604982635451117,-0.11421588012829532
0.8174635705345967,-0.023290032183086038,0.05,0.7668332919133967,-0.11506248649661668
0.7986966331310867,-0.047185037727527426,0.05,0.7668332919133967,-0.11506248649661668
0.7824450962856973,-0.062072865617361264,0.05,0.769738695486178,-0.1184850155568543
0.7741920940756994,-0.06252701590784425,0.05,0.7683599854139044,-0.12755030234378156
0.7687972227852026,-0.06354363428271681,0.05,0.7680937135824764,-0.11806875584837881
0.7667759132528972,-0.0617311358433879,0.05,0.7632897967506519,-0.11453281065795429
0.7699607886957972,-0.0625591790030752,0.05,0.7632897967506519,-0.11453281065795429
0.7869141886252533,-0.043638574579706726,0.05,0.7697939261210626,-0.11329048193235972
0.7963382899018919,-0.043241788060128544,0.05,0.7795120166874262,-0.11851400905576713
0.8023968936657249,-0.04668673325226228,0.05,0.8504475858445026,-0.13136439052926904
0.8084006740729262,-0.06316341202484121,0.05,0.8504475858445026,-0.13136439052926904
0.8260430717734072,-0.0632513555613689,0.05,0.8188334046260574,-0.12690731719318143
0.8485210506240092,-0.05546355029621068,0.05,0.8326203008092063,-0.12502101135161683
0.8576145645878273,-0.05824158016422557,0.05,0.8326203008092063,-0.12502101135161683
0.8777323213199604,-0.03990333299543241,0.05,0.9080233666136727,-0.13303806650740133
0.8811457958163886,-0.04439384741982806,0.05,0.7556728371844076,-0.10421760835163318
0.886735737275003,-0.03452097091429256,0.05,0.8857929854342956,0.14434223252166858
0.872098449348977,-0.03352346544570042,0.05,0.8857929854342956,0.14434223252166858
0.8495306796915044,-0.02522982650105498,0.05,0.7698443956278718,0.06631717721724106
0.8263460922046661,-0.0024454731774743613,0.05,0.835137673097079,0.09773420637560187
0.8123253150859704,0.02457315240979654,0.05,0.7621347951782992,-0.11466281545912654
0.7882705932647736,0.020632213973330753,0.05,0.7638993795641362,-0.11499669146977518
0.7665239173709368,-0.00368061846637983,0.05,0.7638993795641362,-0.11499669146977518
0.7448763348429772,-0.029142507895834613,0.05,0.7388532830320336,-0.02875946892454179
0.7388927224466451,-0.029291352375504988,0.05,0.7697869197909575,0.006654111123230194
0.734734409275155,-0.018511954577968563,0.05,0.7697869197909575,0.006654111123230194
0.7259308556302762,-0.020900450708255868,0.05,0.7767964476656752,0.08855753317263314
0.7250068140078471,-0.015352946525467225,0.05,0.7591439712715017,0.09160495100314132
0.7257378243465414,-0.003979574209535645,0.05,0.81967767951284,0.1407396755286365
0.7292994745407074,0.006464864566816449,0.05,0.81967767951284,0.1407396755286365
0.7367227602689107,0.016452749898681632,0.05,0.8059712407957201,0.06860943550783856
0.750721875968715,0.026544875348737354,0.05,0.7628438844548776,0.022174399570516822
0.7604066757249616,0.03212473033694469,0.05,0.7680965559139945,0.11917587630379034
0.7686981186030717,0.04637735174616031,0.05,0.7489792001355012,0.11146339568085456
0.7653238799694646,0.056790440080155505,0.05,0.7489792001355012,0.11146339568085456
0.7622805971349914,0.07463999839111415,0.05,0.8436789636447166,0.13512611797610505
0.7648834081318838,0.09442623998712626,0.05,0.8047652680611717,0.12728720443309222
0.7729148420086536,0.10920955010310257,0.05,0.8047652680611717,0.12728720443309222
0.7791887472878568,0.11589512201664239,0.05,0.8076133499110629,0.12706833687366326
0.7737367411150573,0.11004343849069192,0.05,0.7552900446488285,0.11521783859688281
0.7583189198292616,0.0954816369782165,0.05,0.7578448362030205,0.09573955627881933
0.7440089501722105,0.08238395017221033,0.05,0.7554846047169484,0.0987957618793963
0.7393810446142293,0.07780577076653512,0.05,0.7554846047169484,0.0987957618793963
0.7406571477122312,0.07746357725467747,0.05,0.7591695915551271,0.07634758962833907
0.7468827813010359,0.0803887610714413,0.05,0.7602902296893174,0.05894574819872266
0.7528132295777838,0.07914382295777836,0.05,0.7602902296893174,0.05894574819872266
0.7580954218720198,0.07953772291626927,0.05,0.7578717425454011,0.06334327744645152
0.7613956674968422,0.07192604536571412,0.05,0.7625346241154729,0.018521272594259865
0.7690768877818563,0.050806993969585705,0.05,0.7686332165460398,-0.00029149397721014563
0.7777332281990437,0.020808026078868565,0.05,0.7670691138452009,-0.013423843406649913
0.7840023795758783,-0.005684042388337286,0.05,0.7670691138452009,-0.013423843406649913
0.7863804040596787,-0.019482486374315773,0.05,0.7690989933514796,-0.031390208082273115
0.7797385451933622,-0.02216860932955037,0.05,0.7726120022432184,-0.0547927924245584
0.7671195194130199,-0.021431661044023543,0.05,0.7712451608346879,-0.050323540671459326
0.7529201509352981,-0.02098816123609575,0.05,0.7712451608346879,-0.050323540671459326
0.743561129853255,-0.02455219223479208,0.05,0.7718624989780953,-0.0729017142409974
0.7451827417143538,-0.03574277837386747,0.05,0.7638523438317477,-0.0764134083810405
0.748119774900446,-0.051335270763287824,0.05,0.7638523438317477,-0.0764134083810405
0.750375,-0.06617849479669567,0.05,0.7645378838677523,-0.07698106070225526
0.7506438282460951,-0.07700312984380593,0.05,0.7677052116829091,-0.10297764760473789
0.7511190124222121,-0.08690244927398015,0.05,0.7626766780819826,-0.11554245244987002
0.7508492657576047,-0.09453951916658725,0.05,0.7626766780819826,-0.11554245244987002
0.7426511167832833,-0.0948982400399829,0.05,0.763881447706331,-0.11783354132324456
0.7331180457851436,-0.08472218314057474,0.05,0.77383876146176,-0.1116331595663105
0.733458282179339,-0.08030750801578129,0.05,0.8348468159280166,-0.17091238206921133
0.7459672132613283,-0.0864526587628006,0.05,0.8348468159280166,-0.17091238206921133
0.772961101773709,-0.10411038299241886,0.05,0.9396413245061164,-0.18790475386599714
0.8025139278007606,-0.1246790182882486,0.05,0.9069563639231931,-0.20838392625359925
0.8401886140886382,-0.1488683691232756,0.05,0.9630123894039246,-0.23770146318184224
0.8918288292584071,-0.1627688512522799,0.05,0.9995664640590884,-0.2551918284789715
0.9559179776887872,-0.15962385583524033,0.05,0.9995664640590884,-0.2551918284789715
1.0282127924926394,-0.12863079174166483,0.05,0.975036761327516,-0.2592605646356271
1.0732041567342074,-0.11043668057210969,0.05,1.0,-0.35491077614391126
1.1057688087120308,-0.0990660048400172,0.05,0.9999999999999999,-0.297879606281466
1.111003786027606,-0.1182924985696236,0.05,0.9999999999999999,-0.297879606281466
1.1259175904404315,-0.11631566243518689,0.05,1.0,-0.33573573202116863
1.125537636747146,-0.12419559608646952,0.05,1.0,-0.352389577551634
1.1218431510860307,-0.1271755749574106,0.05,1.0,-0.3827066925755711
1.1111530773771197,-0.143367460828504,0.05,1.0,-0.3827066925755711
1.113709695593075,-0.1449233572399485,0.05,1.0,-0.4030672750717594
1.1114007384054259,-0.15490671150339108,0.05,1.0,-0.22092106751865367
1.1088520617604654,-0.1610770143944901,0.05,1.0,-0.30465675308603957
1.1153373165818363,-0.14721645727295488,0.05,1.0,-0.30465675308603957
1.1229054418039233,-0.12952865706862443,0.05,1.0,-0.3185954972333033
1.1374161657901327,-0.10232859736682054,0.05,1.0,-0.3736905181401468
1.1305198474192395,-0.10289979437358449,0.05,1.0,-0.35661274568723456
1.1234653032759525,-0.11281184135234375,0.05,1.0,-0.35661274568723456
1.1169225943480594,-0.12532045400345798,0.05,0.555005752747845,-0.33648905031731974
1.0853622854333056,-0.1630952005602575,0.05,0.40967562798474283,-0.29271294557900357
1.0207368781977126,-0.2188107699555153,0.05,0.40967562798474283,-0.29271294557900357
0.9127945894588863,-0.31997979758869644,0.05,0.4095837514601095,-0.2958027128409422
0.8089258949645948,-0.3929603166797797,0.05,0.2909901890162024,-0.21877100426750776
0.7860065735365985,-0.3171725240473438,0.05,0.2102424045976669,-0.15595856600196809
0.6958606937311583,-0.3124766601527591,0.05,0.2102424045976669,-0.15595856600196809
0.6368102063673626,-0.22639759079210753,0.05,-0.8181064087085163,-0.02053819782204744
0.5198333755588674,-0.2177528315946349,0.05,-0.9442035450216532,0.020079293618104423
0.468063651586299,-0.09346437978213719,0.05,-1.0,0.0683743488909919
0.405969156076393,-0.0062439140697647085,0.05,-1.0,0.0683743488909919
0.3724561038334088,0.07799240112522941,0.05,-1.0,0.07496236188479372
0.2883703363768565,0.06049523952845253,0.05,-1.0,0.0901632343969542
0.22293632050166307,0.057633389861828026,0.05,-1.0,0.10216909118601755
0.12540847689664633,0.01786587617365987,0.05,-1.0,0.10216909118601755
0.0571159037803555,0.02500419344070763,0.05,-1.0,0.1099375711048829
-0.06174937419539407,0.05885152338721209,0.05,-1.0,0.10418841370769027
-0.12371265025758443,0.0650066840774661,0.05,-1.0,0.10418841370769027
-0.18267516872957953,0.06625604117478712,0.05,-1.0,0.10567826417990094
-0.24116891388335737,0.06718436169705348,0.05,-1.0,0.11509558312139492
-0.2976656480565455,0.07461326835286121,0.05,-1.0,0.10031136271737544
-0.3628532348171379,0.0746061548276314,0.05,-1.0,0.10031136271737544
-0.43718978275122183,0.07634496811300508,0.05,-1.0,0.08694376705127752
-0.5088093998045432,0.07701404547946507,0.05,-1.0,0.0910814605805318
-0.5831561755385056,0.08029366273112844,0.05,-1.0,0.06883945867878265
-0.6542841675705312,0.08052388884253682,0.05,-1.0,0.06883945867878265
-0.7244033550467245,0.07702388075712784,0.05,-1.0,0.07855118372825662
-0.7881380041007545,0.07446230047563981,0.05,-1.0,0.06630486595563827
-0.8475416011108726,0.07322165009892961,0.05,-0.9957935445495577,0.04131169503618196
-0.9030205288266342,0.06639814250913516,0.05,-0.9957935445495577,0.04131169503618196
-0.952484589020683,0.0636310320677117,0.05,-1.0,0.07095440276696224
-0.9872499046563458,0.06164618863741996,0.05,-0.984476649483846,0.040802142568021435
-1.0027530924517958,0.06812654622589791,0.05,-1.0,0.050648658897660334
-1.015454258407143,0.06484729010454536,0.05,-1.0,0.050648658897660334
-1.03060281234356,0.046445889651719904,0.05,-1.0,0.05200707823956312
-1.0458279603851837,0.019176398555560817,0.05,-0.9336975053019633,0.008340506572492827
-1.0427088368310036,-0.012591803415442221,0.05,-0.3807827137644541,-0.12182022587879211
-1.0140249809328596,-0.04459131968443887,0.05,-0.35218391404564886,-0.11531809997790657
-0.9672197981977256,-0.08155879741101871,0.05,-0.35218391404564886,-0.11531809997790657
-0.9086858041683051,-0.12185221910413617,0.05,0.2918009171154686,-0.20755443983496388
-0.8660565638377791,-0.13018803436639204,0.05,0.43113283492302296,-0.2413452335617254
-0.8299261277612865,-0.1403065743356819,0.05,0.43113283492302296,-0.2413452335617254
-0.7979263680465333,-0.10858000584049493,0.05,0.4276277588600276,-0.2343319515360019
-0.719931914893617,-0.15588723404255322,0.05,0.9503395949228747,-0.291595776337278
-0.6436614690107271,-0.17682841179976166,0.05,1.0,-0.29508194567870444
-0.5333467874548683,-0.2358998701159424,0.05,1.0,-0.27165228744872855
-0.450194950572972,-0.2282772742991379,0.05,1.0,-0.27165228744872855
-0.38995153167650043,-0.2231818806245903,0.05,1.0,-0.32034089547664746
-0.3637201007271427,-0.25488910925020863,0.05,1.0,-0.30873574647000174
-0.34041893390242733,-0.2781231043445086,0.05,1.0,-0.30873574647000174
-0.297560564152698,-0.26613457938911284,0.05,0.9899670097675216,-0.1822738682832894
-0.24586576209374664,-0.22807805963745578,0.05,1.0,-0.177294157885472
-0.2085270661723509,-0.1901923659208221,0.05,1.0,-0.19844234007649805
-0.18632688386181237,-0.2018816929415553,0.05,1.0,-0.19326780641159355
-0.16183651771451735,-0.20247431931430754,0.05,1.0,-0.19326780641159355
-0.13105559048970056,-0.19854043337545302,0.05,0.9999999999999999,-0.18605061657886166
-0.08416951299475442,-0.19061695129947548,0.05,1.0,-0.17824307227182035
0.06754312646774828,-0.1714868543397666,0.05,1.0,-0.182995195366125
0.11033577099127449,-0.173070769560864,0.05,1.0,-0.19492731127384771
0.16353945541545503,-0.1742754862468418,0.05,1.0,-0.19492731127384771
0.2073231187186304,-0.16939370700652134,0.05,1.0,-0.1490448124644027
0.26335107619842596,-0.15864643453374677,0.05,1.0,-0.14738709310324088
0.31970206463302697,-0.14221545286032738,0.05,1.0,-0.13953748949523326
0.3697081127643847,-0.1362136776593462,0.05,1.0,-0.2790434275222717
0.41191709983547536,-0.13985105897851643,0.05,1.0,-0.2790434275222717
0.45505211602486845,-0.15447245856254702,0.05,1.0,-0.2564838845521254
0.5012490747693628,-0.17237091915182726,0.05,1.0,-0.26579670358494845
0.5390593956731629,-0.20761965403182553,0.05,1.0,-0.253715035397347
0.5995286338491619,-0.21176606201864617,0.05,1.0,-0.253715035397347
0.6511418130309926,-0.2303226380134171,0.05,1.0,-0.2349960712827646
0.7057801953315929,-0.22886767730052576,0.05,1.0,-0.2500202829870485
0.7549267870548002,-0.21529959754775216,0.05,1.0,-0.24431614308053334
0.8169185440804845,-0.1809980629857436,0.05,1.0,-0.24431614308053334
0.872661463485858,-0.16486794985637498,0.05,1.0,-0.2511593035287
0.919340054185171,-0.15501630080614023,0.05,1.0,-0.24127455339328693
0.9574521445946913,-0.16770604385776636,0.05,1.0,-0.20941675841528623
0.9870890947299391,-0.1823192038273519,0.05,1.0,-0.20941675841528623
1.013522264926707,-0.19671403885115007,0.05,1.0,-0.21149942716582693
1.039558047745105,-0.1741701843504806,0.05,1.0,-0.18607254089753228
1.0567977027590727,-0.1385527084202372,0.05,1.0,-0.15144825859108044
1.0644317738936628,-0.105858711845822,0.05,1.0,-0.15144825859108044
1.0603914314492098,-0.10006309450020268,0.05,1.0,-0.2217851389566211
1.0569589157401782,-0.09551426375433458,0.05,0.9954389616436065,-0.180044277016273
1.0689489941843837,-0.07754431577128425,0.05,0.9775353110296596,-0.19598274722288123
1.075501160926118,-0.05798811950832771,0.05,0.9775353110296596,-0.19598274722288123
1.0593646348733234,-0.0778203800298063,0.05,1.0,-0.2501990668336137
1.0444113226214031,-0.09841393901828502,0.05,1.0,-0.28821336413126397
1.0540387965964344,-0.09007402397750028,0.05,1.0,-0.2891227446751741
1.0726013862235837,-0.0939438910211331,0.05,1.0,-0.2891227446751741
1.0753999150319002,-0.11121319390614756,0.05,0.9461198665091117,-0.3148364072012318
1.0682063041690013,-0.14687324602710988,0.05,1.0,-0.36708992449386857
1.0774812189989031,-0.15603357508227217,0.05,1.0,-0.36708992449386857
1.0959034619236088,-0.15664339593963097,0.05,0.9999999999999999,-0.4295244255863273
1.1219826258105274,-0.1595719134404501,0.05,1.0,-0.43971146097021274
1.1370504936681691,-0.17710899602919086,0.05,1.0,-0.45087904207384094
1.1084218887855593,-0.2513727868588598,0.05,1.0,-0.4921485588745328
1.0414793729520406,-0.38355006851355383,0.05,1.0,-0.4921485588745328
1.0032719957081546,-0.47594055495946597,0.05,1.0,-0.5018545862320553
0.9936099627532776,-0.5174897035160907,0.05,1.0,-0.44532142104011174
1.0442145722084484,-0.4419868244612378,0.05,1.0,-0.44532142104011174
1.069549860521673,-0.3674008452148205,0.05,1.0,-0.43979841394486735
1.0320563997853822,-0.3745448074400859,0.05,1.0,-0.47716024394926526
1.0403800996657913,-0.3540867674265935,0.05,1.0,-0.5119611301144378
1.0082029435954896,-0.4169650421961047,0.05,1.0,-0.4612647766205818
1.0523866813241813,-0.3898029666571334,0.05,1.0,-0.4612647766205818
1.047119647433987,-0.3973897299874829,0.05,1.0,-0.4304407207075879
1.095637137484653,-0.29580585388530634,0.05,0.8988277636694204,-0.41045352710713834
1.0410404694485842,-0.3386769672131148,0.05,0.8988277636694204,-0.41045352710713834
0.955083912030138,-0.4222594851635055,0.05,0.5894140126252215,-0.33180002430824634
0.8641610455136076,-0.511132827494129,0.05,0.4985798222942021,-0.3471841550731322
0.8014255089331473,-0.5268949580457921,0.05,0.5091556289646098,-0.3346293465436204
0.7399737472409473,-0.5058563696832309,0.05,0.5091556289646098,-0.3346293465436204
0.7079250309770889,-0.4089297981723518,0.05,0.43187013329295737,-0.3090658831790384
0.5947917729857989,-0.4334514588574767,0.05,0.4723881541868628,-0.3405039684615903
0.5963506864988558,-0.3039493707093822,0.05,0.4896201087134048,-0.3473920249979832
0.5281958022365817,-0.30922068063139324,0.05,0.4896201087134048,-0.3473920249979832
0.5158543352962914,-0.2655726647156294,0.05,0.5077271414255643,-0.36684905370336257
0.4707047487248546,-0.2995374901682715,0.05,0.45328568980667994,-0.3363041806244643
0.43516430197359013,-0.3505297483553416,0.05,0.6514844137332455,-0.39942922296538125
0.45121371669547594,-0.3387144751743459,0.05,0.6514844137332455,-0.39942922296538125
0.47262777115613824,-0.3502790643623362,0.05,0.5800993125782502,-0.4160392440125073
0.5213059475986698,-0.33953015669142106,0.05,0.5828187694671955,-0.4182010669744517
0.5421833836885012,-0.3627456468106408,0.05,0.5144342304302159,-0.369958245614396
0.5568049253259911,-0.3758096006460226,0.05,0.5144342304302159,-0.369958245614396
0.5647657673231914,-0.36883739687157235,0.05,0.5422216780457567,-0.3940521321340191
0.5604879385050003,-0.3781129385050005,0.05,0.5569724645659887,-0.4050927225687832
0.5557787287994184,-0.38063994916627936,0.05,0.5202501659924352,-0.3756009003035699
0.5663753815701613,-0.35807717256510546,0.05,0.5202501659924352,-0.3756009003035699
0.5346671400555549,-0.39027452879674784,0.05,0.5224403335401733,-0.37713077396057565
0.5326911432572552,-0.37048728174721424,0.05,0.5021828604416617,-0.36092896482453607
0.5008628011348059,-0.3905226901574663,0.05,0.48574536156652265,-0.35353527573026083
0.5077990184392768,-0.34957352765891514,0.05,0.48574536156652265,-0.35353527573026083
0.4898213591770077,-0.3554948518280109,0.05,0.45521284861551425,-0.33085381753577253
0.471931323445284,-0.35965644441398714,0.05,0.47497458512854507,-0.34205700827775354
0.46652397978642257,-0.35120628188167435,0.05,0.45218628398151595,-0.3246444927389058
0.4560849003171726,-0.3442960183507024,0.05,0.45218628398151595,-0.3246444927389058
0.4440691724281798,-0.3409939653117178,0.05,0.43459927171989027,-0.3120915665321827
0.43550875724059024,-0.3235338981788278,0.05,0.4179027702089481,-0.3027334621739988
0.4149028959599571,-0.3288410707901323,0.05,0.4073346611357539,-0.2818124799372277
0.41939615987460815,-0.2947119905956114,0.05,0.4885859645148547,-0.27547072117733656
0.42673156326360334,-0.2696929614398952,0.05,0.4885859645148547,-0.27547072117733656
0.4350295066040435,-0.250790428905207,0.05,0.4808863722891261,-0.2574888030908225
0.4513569438650855,-0.23914166319051314,0.05,0.6142547064125878,-0.26407603439115346
0.4746881034688282,-0.24065772440100136,0.05,0.6142547064125878,-0.26407603439115346
0.5075284828807556,-0.2490346141461844,0.05,0.8257221541636255,-0.3074173942973211
0.5566003841614611,-0.25423207643889184,0.05,0.7199294689387495,-0.2896125099197663
0.5835437419608404,-0.29251486351293415,0.05,0.8333581788664549,-0.30390007777323524
0.6178725354043487,-0.32134219584445933,0.05,0.8181055119102065,-0.3285430688521459
0.6626601618383404,-0.3389224383047211,0.05,0.8181055119102065,-0.3285430688521459
0.7369489243464987,-0.29126332641671443,0.05,0.6255931518098586,-0.2808492123630796
0.7582655775075987,-0.2890839665653496,0.05,0.6619943452251612,-0.26711843661182644
0.7522196503283944,-0.2746046809626549,0.05,0.6523034455376728,-0.27962810402896265
0.7004770324234116,-0.32821008761473364,0.05,0.6523034455376728,-0.27962810402896265
0.6798377328637323,-0.3213854140594273,0.05,0.6072502734262387,-0.29272940886622895
0.6269252411096408,-0.34763621204534895,0.05,0.5596198433725469,-0.26478444466780876
0.6216648627385536,-0.2861279815474843,0.05,0.5645076455401405,-0.26815549291079455
0.5648322950819672,-0.3034249180327869,0.05,0.5645076455401405,-0.26815549291079455
0.5267914302064953,-0.3080699961848444,0.05,0.49632528581616103,-0.2750893313643429
0.513795473783352,-0.29613532451894425,0.05,0.6675923000808399,-0.3004395185030411
0.502402843849107,-0.29995886538140554,0.05,0.7270773336880305,-0.31284255099832614
0.5424707871767049,-0.2676478825584585,0.05,0.7270773336880305,-0.31284255099832614
0.5566193433723453,-0.2957562093294878,0.05,0.8696345225911932,-0.28778983254320595
0.6226524851013111,-0.25366631704410014,0.05,0.6861513483020535,-0.2973758064618152
0.6413525871008499,-0.2803128195883048,0.05,0.6848248393274642,-0.29746413446337716
0.6926595157483132,-0.24328909658806425,0.05,0.6848248393274642,-0.29746413446337716
0.6763680900704402,-0.307556504094111,0.05,1.0,-0.38186270093457036
0.7036253724539051,-0.29280533473177367,0.05,1.0,-0.48621465648250334
0.7281131652661064,-0.2978871148459384,0.05,1.0,-0.4674220585877563
0.7833118760449009,-0.2860542213995702,0.05,1.0,-0.4674220585877563
0.7889811877145718,-0.38073604389185584,0.05,1.0,-0.4777734247940151
0.8068226342893927,-0.45689471425506045,0.05,0.698922430429173,-0.2642074816963439
0.8217132802536383,-0.4717009618708209,0.05,0.3676711298191467,-0.25711953515159347
0.8241558223260693,-0.4173330268585189,0.05,0.3676711298191467,-0.25711953515159347
0.796827412884613,-0.35894774864990525,0.05,0.3761957130973188,-0.25763151971148457
0.7271183126713553,-0.33784091369650737,0.05,0.37685170530578543,-0.22713263143188356
0.6784536642300079,-0.29166836646473804,0.05,0.37685170530578543,-0.22713263143188356
0.583433559149271,-0.3125192311131246,0.05,0.3959774205694249,-0.2640512604513788
0.5242455773311399,-0.29272124371170405,0.05,1.0,-0.37166848899457405
0.4742842985352133,-0.2864035508265498,0.05,1.0,-0.39078737586096485
0.4366963027434335,-0.3006223129016489,0.05,1.0,-0.39078737586096485
0.45961358514190315,-0.31290172161936564,0.05,1.0,-0.4063013872459496
0.4799727702847739,-0.3731364347810533,0.05,0.9999999999999999,-0.43163691529575593
0.5381074146355997,-0.4059686028842143,0.05,1.0,-0.3763542753119402
0.600038321233146,-0.40623117914237694,0.05,1.0,-0.3763542753119402
0.6577283865064321,-0.4010403909891866,0.05,1.0,-0.36472802789927317
0.722578955831904,-0.3549531384005146,0.05,0.485569455709919,-0.36486967552841293
0.7667600357568535,-0.3166698867699643,0.05,0.9555422143087792,-0.25677476745142436
0.7841606248658702,-0.30356216467558483,0.05,0.8759354986805213,-0.21028381136564564
0.8084517962947508,-0.26078454894433784,0.05,0.8759354986805213,-0.21028381136564564
0.8232933372887622,-0.2529066290205245,0.05,1.0,-0.20765189839398612
0.8610795928583347,-0.19932084455674481,0.05,1.0,-0.1984208393626475
0.8871602167274982,-0.18092367422887004,0.05,1.0,-0.1984208393626475
0.9242730365509102,-0.16767934802045711,0.05,1.0,-0.17353425016565835
0.9642361473680446,-0.15610521116435422,0.05,1.0,-0.1732434034189309
0.9855623525416457,-0.1637123132194181,0.05,0.9308056863954263,-0.1313171078648105
0.9960070809834385,-0.15561607238669836,0.05,0.8928015018712817,-0.08137622932357723
1.0097131891969202,-0.11632132428309222,0.05,0.8928015018712817,-0.08137622932357723
1.002973218330512,-0.08640084136048264,0.05,0.9383418082852935,-0.12605032385290585
0.989508187388977,-0.06650609956008065,0.05,0.873247579435449,-0.07594824610928728
0.9668284056640881,-0.05800000000000005,0.05,0.9343134837457671,-0.025676657647784977
0.9502562419516383,-0.048312258549148716,0.05,0.9343134837457671,-0.025676657647784977
0.9422248254060948,-0.023160797709423357,0.05,0.9661769015687379,0.041299611943655334
0.9323866090584029,-0.016607199046483966,0.05,1.0,0.0007861014408997816
0.9251582789296219,-0.02034542470765484,0.05,1.0,0.0007861014408997816
0.9226617369199042,-0.03414675992704477,0.05,1.0,-0.0334932462209746
0.9312245059418096,-0.045736128824630254,0.05,1.0,-0.10414706115424491
0.9407586283977111,-0.06036887517882695,0.05,1.0,-0.07639795966709809
0.9631823451533259,-0.060137420832289755,0.05,1.0,-0.08910262622236943
0.985203203966816,-0.05659249845046253,0.05,1.0,-0.08910262622236943
1.004558068612721,-0.05304859769621527,0.05,1.0,-0.05140391211910601
1.0237336478530825,-0.03672973299090709,0.05,1.0,-0.2404278354577857
1.0283445566895992,-0.050382121224767255,0.05,1.0,-0.2404278354577857
1.0423456306542547,-0.050155737094294245,0.05,1.0,-0.2027225150998558
1.0496880832906232,-0.06486518313686701,0.05,1.0,-0.20202099435225956
1.0502054629386801,-0.07971490260823962,0.05,1.0,0.4652434052130687
1.0427905972844744,-0.08637021534665273,0.05,1.0,0.4652434052130687
1.029512661018363,-0.07453770302315334,0.05,1.0,0.20676383014591695
1.0122756127874677,-0.04949083203185547,0.05,0.8979335028898812,0.03889924711002138
0.9950118420425288,-0.016548512443978314,0.05,1.0,0.03031137240022023
0.9719122590566105,-0.007887534420484267,0.05,1.0,0.03031137240022023
0.949705370977354,-0.005474880810488733,0.05,0.9017672390788845,0.053518995982771086
0.9325904034229829,-0.01740288627825159,0.05,1.0,-0.20636307083244404
0.914655892260911,-0.04031891694490823,0.05,0.8855590116521983,0.034599260574142233
0.911498749806287,-0.044724499922514864,0.05,0.7616657212625446,0.054805313471353326
0.8989056806129866,-0.043781301762455815,0.05,0.7616657212625446,0.054805313471353326
0.8839706800057219,-0.016424190001072904,0.05,0.7656867835761985,0.07513769877106163
0.8464899127459978,-0.005022151728988172,0.05,0.7800488891910319,0.06685144923828021
0.8182241422925371,0.011837870373677074,0.05,0.9462755625310076,-0.17189314578140422
0.7965234387106773,0.001203277545327697,0.05,0.9462755625310076,-0.17189314578140422
0.7948690967172861,-0.02492809378501448,0.05,1.0,-0.16712778464848121
0.7955191194702398,-0.06239208101374473,0.05,0.8214535996185427,0.052304554174129186
0.795087417599447,-0.08246730799032059,0.05,0.8182422091700702,0.031198737636320233
0.7943682471898058,-0.06312938664457457,0.05,0.8182422091700702,0.031198737636320233
0.7879438665410845,-0.047605831823167584,0.05,0.7690944408947985,0.06168148398664532
0.7923683003516719,-0.021604901055015856,0.05,0.7684712699872366,-0.010412502776440248
0.7949052199930862,-0.008350494403318727,0.05,0.7576380103595678,0.02023049682788915
0.7910942328556441,-0.002103964483284905,0.05,0.7576380103595678,0.02023049682788915
0.7761112611323724,-0.004736989878035751,0.05,0.7616544532210017,0.025510556085246487
0.7590921953792783,-0.0028940130896606547,0.05,0.7610948045947912,0.07826746613059982
0.7449789746784136,0.0035868820114208855,0.05,0.761843991035648,0.06363725583650008
0.7281267525871524,0.004136886594496582,0.05,0.761843991035648,0.06363725583650008
0.7172561762426988,0.009006265645488084,0.05,0.771403969066154,0.11776330010594795
0.7096687610281844,0.011843584577233003,0.05,0.7680150600602719,0.04403261488291934
0.7139373860209542,0.02026859422863744,0.05,0.7656103712925363,0.031536595792648316
0.7237686760884077,0.029531190393877204,0.05,0.7656103712925363,0.031536595792648316
0.7360554326435684,0.041286321486075445,0.05,0.774165405321363,0.10222363473642133
0.7503814759969489,0.05713147599694891,0.05,0.7812602034641885,0.11760665176397903
0.7598258259242486,0.06950137654041422,0.05,0.7619333880128014,0.11459932901748104
0.7643624338466672,0.07544995589777814,0.05,0.7619333880128014,0.11459932901748104
0.7639315210782327,0.07650613837955121,0.05,0.7654520332090963,0.11524767083624009
0.7620311133029,0.07648155073362013,0.05,0.7668409364444387,0.07800012135236456
0.762375,0.07540039996185156,0.05,0.76877672859944,0.11523771610847129
0.7609870796528747,0.08043840074384001,0.05,0.76877672859944,0.11523771610847129
0.7582370775466412,0.08998888806103587,0.05,0.7602039205020221,0.11564768919016231
0.7551372814023627,0.10346388445170283,0.05,0.7614290235781903,0.11492862129609105
0.7537311989750313,0.11238821434956195,0.05,0.7629513570579245,0.11461649036325214
0.7540749809269502,0.11594998092695016,0.05,0.7629513570579245,0.11461649036325214
0.756882084947839,0.11594888673621455,0.05,0.7644618267935952,0.13178801047265812
0.7699508197942617,0.09998658261118323,0.05,0.9014411363078948,0.13693501606086284
0.7991329244664361,0.07181776409920108,0.05,0.9484174034026304,0.14361089156958579
0.8329825979165176,0.049449060168299544,0.05,0.9484174034026304,0.14361089156958579
0.8621881409797749,0.04497541022705585,0.05,0.7751968215303331,0.11674776508270285
0.8715563631164436,0.05138727376711262,0.05,0.7774573317873221,0.11824744492864889
0.8666186566675008,0.05106210000357533,0.05,0.8146597642598303,0.12386549725592733
0.8559738552349153,0.050144012341998515,0.05,0.8146597642598303,0.12386549725592733
0.8487429475490722,0.04001351049376089,0.05,0.7852997242546231,0.12046709594692388
0.8489437056579027,0.03733763936087755,0.05,0.7987267770271013,0.12260465009506735
0.8465131487971772,0.03846055360846858,0.05,0.8447069786596877,0.1294111742183265
0.8393062692917327,0.053037329130367364,0.05,0.8447069786596877,0.1294111742183265
0.84475,0.059927832977696126,0.05,0.8684716114697817,0.13720851498632072
0.8576503641543395,0.0672597549855172,0.05,1.0,0.15419322717602674
0.8657199435556934,0.09408903836067131,0.05,0.9535986556777623,0.147380211874762
0.8726990509609541,0.12077152019016522,0.05,0.9535986556777623,0.147380211874762
0.8903678427094882,0.12841134526662132,0.05,0.8714084150794659,0.1374882613283854
0.9048040511148983,0.1213273233502961,0.05,0.8031614872874194,0.12236763941902432
0.9135266710353867,0.09991503931847963,0.05,0.8463413424813886,0.12944786141443707
0.9207937434417628,0.06993081059811117,0.05,0.8463413424813886,0.12944786141443707
0.9292249436903386,0.03381866352444846,0.05,0.807442386270423,0.12510592799045292
0.9298625236948461,0.01953734993264101,0.05,0.9027683818473685,0.14536572164219244
0.9208245842026825,0.026431977645305457,0.05,0.9075906353666581,0.13879085514335493
0.9105465262875536,0.04200155430376723,0.05,0.9075906353666581,0.13879085514335493
0.9054065686683762,0.05219974506529901,0.05,0.7994144459475824,0.12212794584697767
0.8971428252110056,0.05543038898955695,0.05,0.7862276686619886,0.11971509144688194
0.8863686124752664,0.048644797303740384,0.05,0.8389834908760322,0.12705989475486
0.8852323291173947,0.026318601885847736,0.05,0.8389834908760322,0.12705989475486
0.8711683093049046,0.02420372142524947,0.05,0.7948074216470773,0.12012055142026311
0.8631127900460258,0.022518936458159385,0.05,0.8220120589479865,0.12426378804147772
0.8629942147430165,0.017543595085661084,0.05,0.7752370895249765,0.11748300583594995
0.8600266303570577,0.013341966796968047,0.05,0.7752370895249765,0.11748300583594995
0.8470748787087699,0.024614137431605992,0.05,1.0,-0.12242736600860236
0.8368396815271435,0.022398190928710194,0.05,0.7945233241560136,0.1145051441023733
0.8288521437259273,0.026103128987252658,0.05,0.9082440852267628,0.13945218075655808
0.8266368764527087,0.03572532332081763,0.05,0.9082440852267628,0.13945218075655808
0.8276488671451222,0.05036144806332775,0.05,0.7757997054968232,0.11861142806833237
0.8331562254177493,0.062012234511692146,0.05,0.8149605864926539,0.1252477219508561
0.8466066208018498,0.0496876951588682,0.05,0.7913621959247467,0.1292233951711539
0.8535182810506612,0.0474508471342895,0.05,0.7913621959247467,0.1292233951711539
0.858981296430999,0.035830739259011875,0.05,0.825827852897464,0.12497970470794668
0.8561577398338122,0.04353332846532582,0.05,0.8125437553498396,0.12297207621990684
0.8544374203594097,0.04704414023889194,0.05,0.8125437553498396,0.12297207621990684
0.8610418133802816,0.04951335342563852,0.05,0.8665606550834862,0.13139577584774179
0.8688124627488377,0.0496874627488377,0.05,0.8230287345034439,0.12500062482040797
0.8689149927922132,0.05400895761106538,0.05,0.797883484670461,0.12421233657030567
0.8701769706797667,0.04733669381282263,0.05,0.8108508159389488,0.12547853299300782
0.8635058353002886,0.04538119590873322,0.05,0.8108508159389488,0.12547853299300782
0.8640317965592474,0.040192911942487156,0.05,0.8491272872757955,0.1338103432077605
0.86291285937351,0.04439904167063979,0.05,0.7950135761258786,0.12205678320473459
0.8630004380110128,0.049818246287335166,0.05,0.862884270336021,0.13283239437457356
0.8657621858907114,0.05117522172420364,0.05,0.862884270336021,0.13283239437457356
0.868700363022926,0.0479809323549398,0.05,0.7780380859336832,0.1189609714290129
0.8699000464872338,0.04435606986196861,0.05,0.7821109905277425,0.12100707035183977
0.8632557716145026,0.044468198016733754,0.05,0.8062806497841231,0.12356524704463787
0.8577062660928858,0.04258062237745559,0.05,0.8062806497841231,0.12356524704463787
0.8516629815146093,0.03408085718545015,0.05,0.7955554907336552,0.12410505235220794
0.8460374886705146,0.035493750894432984,0.05,0.7635801736926583,0.11514986193112699
0.8361749481537984,0.03849365926914728,0.05,0.8135153188439886,0.12620587805579067
0.8333441690006556,0.04128049579882003,0.05,0.8135153188439886,0.12620587805579067
0.831,0.041693695452594375,0.05,0.7603741329916204,0.11916457274460014
0.8213803594416764,0.05205734766491043,0.05,0.8605992682897092,0.13235080054164108
0.818976101494886,0.057073760818253286,0.05,0.8765607751106568,0.1344951698436787
0.823625,0.05675711629237585,0.05,0.8765607751106568,0.1344951698436787
0.834283790386976,0.06668133022274655,0.05,0.9353903023240938,0.17080531663671283
0.8562190450784491,0.08148796139539313,0.05,0.9446327464000139,0.17734311583851828
0.8757982653499099,0.11155843157355196,0.05,0.9014914053026991,0.16822751788305368
0.9106947805046665,0.11870052117477377,0.05,0.9014914053026991,0.16822751788305368
0.9367633931764537,0.11560599653100631,0.05,0.9014911210542617,0.1682274846761906
0.9595381397637796,0.09747054700548789,0.05,0.8623536963008921,0.16963637177739066
0.9648315884680947,0.08238546919143148,0.05,0.8623536735730823,0.16963636914903402
0.9654935118735396,0.06894977588097845,0.05,0.8623536735730823,0.16963636914903402
0.9654188016356505,0.06074999999999995,0.05,1.0,0.29763623378650245
0.9706550497103211,0.07004377667310392,0.05,1.0,0.274762367776576
0.9887448268052542,0.0769708709800462,0.05,1.0,0.24179696463965625
1.0070942525002087,0.0906313399210899,0.05,1.0,0.24179696463965625
1.0235096137792037,0.10552590607148389,0.05,1.0,0.23249688600081475
1.0504924122310306,0.1097558890147225,0.05,1.0,0.29854888745090236
1.080356631759012,0.10907310938394045,0.05,1.0,0.2772879021409882
1.097834849685902,0.11349583238964842,0.05,1.0,0.2772879021409882
1.0959796325212168,0.1265699288404691,0.05,1.0,0.2786268411847641
1.1031563047676956,0.12041243427876527,0.05,1.0,0.2668662311540606
1.1165125442633506,0.09971236720994832,0.05,1.0,0.2668662311540606
1.1156432212529643,0.09453252922669902,0.05,1.0,0.19983238954017568
1.1038120105022233,0.08357979782326218,0.05,0.8000098842276174,0.14264063998858176
1.0885360195251037,0.05842517164926328,0.05,0.7721074508420199,0.11784795263195567
1.0630543497731073,0.0238365401839025,0.05,0.7553560673346207,0.13333973120887524
0.9570929191147552,0.08385691642136117,0.05,0.7553560673346207,0.13333973120887524
0.8605235893753203,0.12136469445404588,0.05,0.7587133039625801,0.13916364008850507
0.7765068856563729,0.1585371929772266,0.05,0.7574569235125772,0.13401529914516183
0.7467433195641549,0.145682849921915,0.05,0.7574582939539384,0.13401550614628674
0.7472005173564753,0.10908770324718667,0.05,0.7574582939539384,0.13401550614628674
0.733930099723421,0.09422788262082443,0.05,0.9496278866276991,0.15601688036612904
0.7360613225252922,0.08315605375421532,0.05,1.0,0.1554501866763211
0.777899746427337,0.05653211821074833,0.05,0.9919837181218789,0.1523647795686677
0.788880751031014,0.12286869174473761,0.05,0.9919837181218789,0.1523647795686677
0.8443030794165316,0.142570040637811,0.05,1.0,0.20256297279410085
0.9003646502796093,0.14988721726066265,0.05,1.0,0.2166379461292098
0.9570716704488,0.15412008077696382,0.05,1.0,0.2166379461292098
1.0046503290571798,0.15480653583861886,0.05,1.0,0.2161487473939381
1.0528682880606444,0.13532531377012832,0.05,0.9792282950249225,0.16706930548006763
1.0752110266159696,0.11478315523797032,0.05,0.7741461760402981,0.1397832981699936
1.0741436216825238,0.09646336767055338,0.05,0.7741461760402981,0.1397832981699936
1.0681776085194148,0.06501437487332938,0.05,0.8687608369836761,0.15946659649390466
1.0406407984933415,0.03226509782569883,0.05,0.7892137795775095,0.13418304947738577
1.0025578057939915,0.008521056866952736,0.05,0.9763574689566669,0.17884727568854492
0.9572753245282569,0.00483117378503052,0.05,0.9763574689566669,0.17884727568854492
0.9239320552714094,0.022349006581065076,0.05,0.9701620530066299,0.18190506664546044
0.906258045188983,0.040609893287230185,0.05,0.9270047238916487,0.1829087963650037
0.8894499731791632,0.06498753427106921,0.05,0.8764656791772925,0.1670913905759601
0.869737697589586,0.09010609040841136,0.05,0.8764871603872945,0.16704086761027423
0.8727310756853397,0.09006191895113225,0.05,0.8764871603872945,0.16704086761027423
0.8823884868930824,0.0980121532537818,0.05,0.9104611032707602,0.1978991082377129
0.9040376893329997,0.100868756926817,0.05,0.7620671676598941,0.2053124706912337
0.9192288629998213,0.10824756271974251,0.05,0.7620671676598941,0.2053124706912337
0.8902243658513327,0.15205126829733462,0.05,0.6655236950001835,0.20319325156075382
0.842114465622467,0.20007333833977015,0.05,0.7551794815796726,0.1341646833379809
0.8085636633934742,0.2043812817289129,0.05,0.9457393040301225,0.11290009666537676
0.8254539583482344,0.12937028228786682,0.05,0.954369025012032,0.11517173282536945
0.827680668987636,0.08039523595197495,0.05,0.954369025012032,0.11517173282536945
0.8378997496423461,0.055806402002861175,0.05,0.9012227914898037,0.10760785841354495
0.8451507239422515,0.06906534405884521,0.05,0.6819749456948999,0.12648451664873947
0.8544499928493111,0.10126871394861031,0.05,0.6819749456948999,0.12648451664873947
0.8666308067111694,0.10784388037906777,0.05,0.7470862831308522,0.12049933610379215
0.8486316220725821,0.12085430695429349,0.05,0.7471076599470522,0.08969533082408263
0.844475524590164,0.08881872131147536,0.05,0.7169018812973416,0.07895080442926362
0.792954540984779,0.10411705871485268,0.05,0.7266113445799465,0.08760936832648641
0.7603942564426538,0.08886206403318468,0.05,0.7266113445799465,0.08760936832648641
0.6894381235770226,0.12659426964751874,0.05,0.6582784773121283,0.06262130754526068
0.6792062046297068,0.08244412376479558,0.05,0.7143957206296107,0.01751930116247126
0.6862313684304612,0.031343485579787805,0.05,0.7153050418770371,0.018018913502246294
0.7014348923885452,-0.01501005654666148,0.05,0.7153050418770371,0.018018913502246294
0.7039879516277074,-0.016951806510829583,0.05,0.7244693173397329,-0.020740168307329353
0.6968514128166916,0.005340365126676545,0.05,0.7072908045297379,-0.04170402448492919
0.6963311936910096,0.013306393900753112,0.05,0.9570416371388955,-0.07810210484775224
0.6961996619889594,0.016837809843453736,0.05,0.9570416371388955,-0.07810210484775224
0.7065746738534188,0.0005803530969018493,0.05,1.0,-0.17825602938214158
0.7196597322397205,-0.0028793260690741012,0.05,0.9484859768181191,-0.13504287506198087
0.7519443750372712,-0.0318655629435268,0.05,0.9484859768181191,-0.13504287506198087
0.80076914503016,-0.0688021079202728,0.05,0.9646095820744947,-0.13508411017736188
0.8561357888589612,-0.1159873697947704,0.05,0.9127843119243793,-0.1476466760794305
0.894530800255166,-0.14090611772210768,0.05,0.8565211414698223,-0.16559927153031861
0.9043752265032665,-0.13846914638071628,0.05,0.8949703580110482,-0.16912044607259785
0.8962515737517287,-0.12508993931517962,0.05,0.8949703580110482,-0.16912044607259785
0.8809001662356852,-0.11636243997044705,0.05,0.6730647511294989,-0.2549941575551509
0.8603454396219894,-0.1356292484477972,0.05,0.6447421596517485,-0.2237265258386256
0.8303956088169376,-0.17078520933670313,0.05,0.6447421596517485,-0.2237265258386256
0.7924583422753178,-0.20844213939957562,0.05,0.6398498790689351,-0.21742883267918733
0.7950924722908241,-0.1568610961976688,0.05,0.516265135300735,-0.2178717567094315
0.7440126473638412,-0.15308756302821525,0.05,0.3426740801472831,-0.24676218300892805
0.6754726912166109,-0.1523930951047118,0.05,0.34041359479198885,-0.24401156649945832
0.5555835340120646,-0.21549293948642145,0.05,0.34041359479198885,-0.24401156649945832
0.4567067719565813,-0.24511896946155595,0.05,0.2190423523826221,-0.16541105472535078
0.3773236617526031,-0.24898824411684026,0.05,0.42539664945646094,-0.3634758564842445
0.3447935367133284,-0.23515265423413545,0.05,0.43662385682986343,-0.3630696765746194
0.3431827222182494,-0.22935562964816938,0.05,0.43662385682986343,-0.3630696765746194
0.3412180943326499,-0.2514862935720758,0.05,0.4378885168389655,-0.3540167955542837
0.3484758010680908,-0.26240958182338364,0.05,0.15107447939156562,-0.3341625205714256
0.3383172867107852,-0.30123354051153645,0.05,0.14995517272314557,-0.3333051190385977
0.3369497699203662,-0.3125135156883316,0.05,0.14995517272314557,-0.3333051190385977
0.3211086635788118,-0.34114212775850355,0.05,0.288699203347951,-0.33002791934859477
0.3025615121195878,-0.34398859954737665,0.05,0.2205404704993947,-0.32039546674663927
0.2793064292101341,-0.3378376065573771,0.05,0.2155437642770016,-0.31574699838332543
0.2620272951522951,-0.3332506375423043,0.05,0.2155437642770016,-0.31574699838332543
0.23435655781680317,-0.32387507600414894,0.05,0.1546504241397716,-0.28185682213220387
0.2109759776403142,-0.3078446845091239,0.05,0.2981347167014945,-0.252454235234037
0.19210023784544217,-0.2834069720308067,0.05,0.2981347167014945,-0.252454235234037
0.19339290481752522,-0.2634509815022289,0.05,0.296447400998255,-0.2516018421337936
0.2124249830156971,-0.24453126005649523,0.05,0.2799673670798858,-0.2098167861712407
0.23526220224611935,-0.2278189632561578,0.05,0.2573364502090045,-0.1725460783982114
0.2629568477392745,-0.19491133819690312,0.05,0.2573364502090045,-0.1725460783982114
0.2740377481075281,-0.1671753308100376,0.05,0.2607971828348744,-0.17505967237484385
0.283768112053236,-0.14192040088011168,0.05,1.0,-0.1901151690073613
0.29817107896272826,-0.13879390060868846,0.05,0.824942926509309,-0.2862132329892031
0.29883934510257354,-0.18229413763097357,0.05,0.8481794712298338,-0.2799298001527457
0.33829889626105825,-0.19643893965948928,0.05,0.8481794712298338,-0.2799298001527457
0.3768604345493562,-0.22009881974248932,0.05,1.0,-0.2190151596905541
0.43258916693487826,-0.20956342905506092,0.05,0.9330028423553697,-0.180644760090136
0.4911171639479046,-0.18710013643458892,0.05,0.9292998529780369,-0.18554355268690004
0.519853478232363,-0.18362562286913198,0.05,0.9292998529780369,-0.18554355268690004
0.5710407037032623,-0.15913014010894055,0.05,0.7015359693131837,-0.2442667185345276
0.6133513222815464,-0.16563703699289703,0.05,0.6300751829510057,-0.253712687594544
0.6484604141599456,-0.17444409764000912,0.05,0.6300751829510057,-0.253712687594544
0.672599622558256,-0.17809899348868277,0.05,0.6295801215671843,-0.2539572638509028
0.6943980305087977,-0.16700836430673202,0.05,0.8336163423650709,-0.14679308192447815
0.7192674561769616,-0.1397078777128548,0.05,0.7500595100846409,-0.12098623072423663
0.7402492579833836,-0.10586145149178124,0.05,0.777385554397794,-0.1320615178032756
0.7475253272742433,-0.08305847309740212,0.05,0.777385554397794,-0.1320615178032756
0.7363936578724722,-0.09366792085225044,0.05,0.7082577641775476,-0.12911560252139614
0.7600258906428844,-0.07247337013544454,0.05,0.9561023596962834,0.14507438809578438
0.7773920194508009,-0.05451034515636924,0.05,0.9561023596962834,0.14507438809578438
0.8076021629886619,-0.007936880789727874,0.05,0.9236802112156187,0.14104121763802646
0.8197370299608946,0.01649872877819633,0.05,1.0,0.16362190198317092
0.8143502986515969,0.01372604528058938,0.05,0.8879150663958139,0.04428348640047529
0.8178129085648286,0.005703922222354469,0.05,0.9953966906496539,0.03844442756764485
0.8218425652630198,-0.014674655349242184,0.05,0.9953966906496539,0.03844442756764485
0.839937487326598,-0.02334739733053431,0.05,1.0,-0.208652546656367
0.8691035042857314,-0.028170532169808003,0.05,0.9999999999999999,0.22792686621541922
0.903843863246233,-0.028120005245088744,0.05,1.0,0.24646796850334102
0.9443614729130403,-0.017896649002122185,0.05,1.0,0.24646796850334102
0.9801056009821684,0.008349396872318053,0.05,1.0,0.24646796850334102
1.0080559997973344,0.038305931248658776,0.05,0.9080834575266361,0.02621272640425248
1.0188392869916665,0.056454931029960485,0.05,0.9080834575266361,0.02621272640425248
0.9966114853184869,0.06312405669937168,0.05,0.9085749808652994,0.10601060359439307
0.9617015991058122,0.0689368107302533,0.05,0.9085749808652994,0.10601060359439307
0.923021413416611,0.07899902259940875,0.05,0.7329024422646011,0.030103442982352804
0.8942032406910613,0.08705013502879418,0.05,0.7329024422646011,0.030103442982352804
0.8623746840611849,0.09271660884390233,0.05,0.7547934760898769,0.1154268915803492
0.8529684194994575,0.07738739731009069,0.05,0.7770175733502915,0.14983260302864668
0.8483517533983821,0.05527181844716866,0.05,0.8175855197290969,0.19498996861940074
0.8498394190289918,0.02874589748482422,0.05,0.8175855197290969,0.19498996861940074
0.8301412036761112,0.02921473186082266,0.05,0.817458714245821,0.19597313167903513
0.8120188505192126,0.059649534437330794,0.05,0.817458714245821,0.19597313167903513
0.8033373529166319,0.09929430681560777,0.05,0.8947372785228941,-0.11692543544716001
0.80025,0.1270493698230141,0.05,0.8020755936627066,0.09626096285509439
0.7772990899013017,0.14602063367186377,0.05,0.6470247592590708,0.10029008572876576
0.7442312678054189,0.13459109818459222,0.05,0.8839057794614267,0.06998351127110891
0.7141275265767268,0.10714592917242688,0.05,0.7652216385793714,0.06342400655842688
0.6941426182897606,0.09352132881513531,0.05,0.7625194785618034,0.05574329283566851
0.6986058369689601,0.08121989730844413,0.05,0.7625194785618034,0.05574329283566851
0.7059431711169388,0.08411271903683389,0.05,0.768106416223131,0.05181583742928442
0.7221142919293896,0.07272865239519881,0.05,0.7667103344605484,0.01621736308738212
0.7411587204588271,0.058646127453318334,0.05,0.7680241589161955,0.02083980356463102
0.7620078921965869,0.041498544606254115,0.05,0.7680241589161955,0.02083980356463102
0.7811344002337758,0.025177188070275826,0.05,0.7680251694402671,0.020838327149670155
0.7938230199790196,0.014033725026225389,0.05,0.7694191666632674,-0.022267467314185718
0.8029942203852481,-0.0006307796147520051,0.05,0.7656458846955426,0.02197663802696235
0.8030438049853373,-0.005705095307917944,0.05,0.7656458846955426,0.02197663802696235
0.7961694656261171,-0.015187269152865538,0.05,0.7628829976678817,-0.06347893570223193
0.7836082749311689,-0.018242042705092963,0.05,0.7650754970257323,-0.10559038338418845
0.7653595091201716,-0.02689967811158804,0.05,0.7650754970080226,-0.10559038517753405
0.7434711420415266,-0.028225294405111026,0.05,0.7650754970080226,-0.10559038517753405
0.7238444615219645,-0.02296946152196453,0.05,0.7657561932477762,-0.05578094839811269
0.7154690141012956,-0.01471366204570113,0.05,0.7685011741640867,-0.09174225878394425
0.7152434081129084,-0.015099158431774621,0.05,0.7685011741640867,-0.09174225878394425
0.7250233689431514,-0.03512160196489895,0.05,0.7685011741640867,-0.09174225878394425
0.7388546428443682,-0.06432153843402373,0.05,0.7689140071189314,-0.09559347128917792
0.7502610738935046,-0.08629765111871363,0.05,0.7705814563988527,-0.0870963355208973
0.7561623048504349,-0.09753730485043505,0.05,0.7705814488959798,-0.08709633607310296
0.7535396111018384,-0.09293441665275763,0.05,0.7705814488959798,-0.08709633607310296
0.75,-0.08144835243723718,0.05,0.8121807556398551,-0.06854522061659299
0.7534610553362984,-0.05883109969118512,0.05,1.0,-0.02238951098308358
0.7756699527942018,-0.03581554572763691,0.05,1.0,-0.01235262862237413
0.81910820879959,-0.017903358240082046,0.05,1.0,-0.01235262862237413
0.8720126476829719,-0.011613331405953872,0.05,1.0,-0.011649232114909248
0.9271674930571282,-0.008319918890570863,0.05,1.0,-0.0065273323260502695
0.9692819752887745,-0.009268695836164513,0.05,1.0,-0.006295287851244484
0.9986810028846269,-0.00855028876068331,0.05,1.0,-0.006295287851244484
1.016922170907574,-0.01061202848459573,0.05,1.0,-0.012679353158067124
1.0201267015519584,-0.01263150523279382,0.05,0.7658051678302259,-0.033814953374815014
1.0004965998664392,-0.01578574388542405,0.05,0.7587023989928069,-0.03590990962550996
0.9569005223667115,-0.019362285004231435,0.05,0.7587023989928069,-0.03590990962550996
0.8952057245720281,-0.017562792070001488,0.05,0.7606365161750389,-0.009392364181422863
0.8514862606249181,0.008050028015211607,0.05,1.0,0.04332289040306212
0.8411166015974251,0.041700470882756094,0.05,0.9999999999999999,0.04342590363605617
0.8741017452599716,0.04001146872355887,0.05,0.9999999999999999,0.04342590363605617
0.898260238526534,0.026770880754608997,0.05,1.0,0.02523929666244764
0.8980456195460398,-0.004361314434218739,0.05,0.9731414288573033,0.0020363077328377824
0.8770361451168779,0.006175230358441255,0.05,0.9733245574632872,0.0020625158870035474
0.8647809252240656,0.006001299103737549,0.05,0.9733245574632872,0.0020625158870035474
0.8814335439265706,0.007013642865657353,0.05,0.981012003469884,0.03186756210109117
0.9092076707356324,0.004493564259062731,0.05,0.8997410380519852,0.052197716082023456
0.9234753535190948,0.008999116202262942,0.05,0.899730931623696,0.05219636671312147
0.9120847405848762,0.014830322123007538,0.05,0.899730931623696,0.05219636671312147
0.8810106524356087,0.020280665605892603,0.05,0.8496448549764457,0.06474033529462046
0.8493283003479037,0.025256235532211502,0.05,0.7761189808770387,0.06619243284126215
0.8207334727259711,0.03789868282905406,0.05,0.776111538320473,0.06619161492582654
0.7988399481463822,0.05271020979854566,0.05,0.776111538320473,0.06619161492582654
0.7824018027470431,0.07057252122281565,0.05,0.7699174039540363,0.10983408355989027
0.7745825322995876,0.0870333156539772,0.05,0.7688078780623003,0.1140654057667785
0.7719439538529398,0.10182914351962227,0.05,0.7688078780623003,0.1140654057667785
0.7752776226547787,0.10349185281426557,0.05,0.7688078780623003,0.1140654057667785
0.7952880945994278,0.0787914952908917,0.05,0.7762698985331954,0.10870435209846463
0.8175054209183673,0.0471634247448979,0.05,1.0,0.16921213879683725
0.8432715706316379,0.029386499767561004,0.05,1.0,0.16794877033207067
0.8559589628261647,0.043279867151197374,0.05,1.0,0.16794877033207067
0.8699552533705253,0.07831159627603136,0.05,1.0,0.1696924883571577
0.8864460437549911,0.10679136819270785,0.05,0.8358699403339361,0.21028398837541612
0.9091045178711938,0.12071197155392349,0.05,0.8358699403339361,0.21028398837541612
0.9215042485276936,0.12183869006461452,0.05,0.8358699403339361,0.21028398837541612
0.8792152974757467,0.17393046534216855,0.05,0.6911250113413256,0.21342177178888125
0.8105119779931572,0.23700936274334483,0.05,0.6742409117588276,0.21129099451850636
0.7489953841705518,0.27527682606207293,0.05,0.6742409117588276,0.21129099451850636
0.7052658047690015,0.27822351713859905,0.05,0.6742409117588276,0.21129099451850636
0.659681458903295,0.2716689425478767,0.05,0.4441430457866033,0.20609440767081222
0.6104549778286369,0.26708378182663417,0.05,0.45818962140599123,0.32335989966159034
0.5705325938698687,0.24760288459247606,0.05,0.45818962392277746,0.32335990228682304
0.5236342698571667,0.26264075577652185,0.05,0.45818962392277746,0.32335990228682304
0.48971065369529193,0.2557585825077196,0.05,0.289149848724563,0.2038906415633939
0.42127578447268654,0.2951899887336369,0.05,0.3865059336687625,0.27266072036447125
0.38378906594717066,0.28432700942102435,0.05,0.41980180179655063,0.33472316581657197
0.35497662043108175,0.2899521560048639,0.05,0.41980180179655063,0.33472316581657197
0.363792321871719,0.28635520067767484,0.05,0.41980180513594756,0.3347231677636321
0.3721350073908068,0.2910732405111577,0.05,0.38659426735891717,0.27499220052951984
0.3806191008926124,0.29968499362419704,0.05,0.38659426457263807,0.27499220009118436
0.37941466434992016,0.2946068450323072,0.05,0.38659426457263807,0.27499220009118436
0.3764294294025776,0.27749494944978953,0.05,-0.2709151051392953,0.1446551769191632
0.38092044912820144,0.22099677917217866,0.05,-0.20871873639871585,0.13084951393820332
0.3518749672283529,0.17885630526491403,0.05,-0.28423522948363483,0.11561412057627668
0.29146696596846144,0.1549451296609967,0.05,-0.28423522948363483,0.11561412057627668
0.20751075505875063,0.15159658400266934,0.05,-0.284235197073091,0.11561411963298335
0.12835939362158555,0.13179519235353,0.05,-0.17400277443546516,0.10569949569033457
0.05957630528072476,0.11683522916915003,0.05,-0.1647742450521496,0.10476313167909385
-0.0596855367467366,0.10176925999880783,0.05,0.5619822305024909,-0.08839637121843277
-0.10053012874001668,0.09095115627607575,0.05,0.5549706922834339,0.10134009739464164
-0.12248843720586658,0.08258185248948562,0.05,0.5526613064779871,0.10077527395944626
-0.1082594640515083,0.08336003934660778,0.05,0.5526613064779871,0.10077527395944626
-0.07046484957028595,0.08937499999999994,0.05,0.5515164393930575,0.10504387118358455
0.0907620083432658,0.060025226460071454,0.05,0.5526782822695561,0.05518529048836228
0.14770354899834348,0.04732389972709174,0.05,0.5522399968415113,0.08701189477276354
0.203222716220082,0.03786210308000376,0.05,0.5578761372382817,-0.040117546847433475
0.2567632119272398,0.022442817849139315,0.05,0.33336845533503695,-0.1419156329000619
0.30768489043088443,-0.007295328409280639,0.05,0.33336845533503695,-0.1419156329000619
0.3327297238484744,-0.027610149105130797,0.05,0.33336746290062413,-0.14191561765695998
0.3389805050246164,-0.05095923087009911,0.05,0.2696080180311432,-0.149718821151555
0.3233041381530318,-0.06696855105033506,0.05,0.2696080180311432,-0.149718821151555
0.2934690510783742,-0.08487900445402476,0.05,0.2696080180311432,-0.149718821151555
0.2710035560563246,-0.10247956087324586,0.05,0.33172914082771565,-0.12314592234502901
0.26691589616567707,-0.10136498795812772,0.05,0.5295907245043482,-0.014023705157844304
0.291554984384685,-0.08051162655557151,0.05,0.5294927083329196,-0.014022126702866849
0.33267086050087613,-0.05228520555946271,0.05,0.5294927083329196,-0.014022126702866849
0.38642813461125813,-0.03619850153780136,0.05,0.5104295123879112,-0.07856234084594602
0.42305574857864814,-0.04860257422615293,0.05,0.47334749705461326,0.012038774583440316
0.4337007151370679,-0.05326959922526823,0.05,0.47335319471646686,0.012031881637287443
0.4272466608854241,-0.04426611893863545,0.05,0.47335319471646686,0.012031881637287443
0.4266054007747318,-0.01797299612634094,0.05,0.4629552805026261,0.008847253539070635
0.4457680959874115,-6.313926042491799e-05,0.05,0.4368203495095528,-0.03615706634489516
0.4737095054892658,0.0015186983705045276,0.05,0.43694935859566164,-0.036142390978398005
0.48274353024287303,-0.0021982419429839237,0.05,0.43694935859566164,-0.036142390978398005
0.4731895289159643,-0.007423279705773711,0.05,0.42453028237225104,-0.023491447732615574
0.4509756546327859,-0.018144901194250492,0.05,0.7966251144477858,-0.08129741057124656
0.4398865771912054,-0.032827888339391105,0.05,0.7966251354830899,-0.081297423181675
0.4513827635956074,-0.046847193241841494,0.05,0.7966251354830899,-0.081297423181675
0.46641789163090125,-0.051927288984263284,0.05,0.0,0.0
0.46281546796033185,-0.0401989933965863,0.05,0.0,0.0
0.4332634105269433,-0.022187960479256134,0.05,0.0,0.0
0.3745150573870137,-0.005024049806922252,0.05,0.0,0.0
0.3188215833104878,0.012518358820935138,0.05,0.0,0.0
0.2676525105500322,0.006960549138115959,0.05,0.0,0.0
0.21273943544445637,-0.009554305391648544,0.05,0.0,0.0
0.06602397003075602,0.12630714004720686,0.05,1.0,0.25972441648011513
0.10250845517472235,0.17755389912369837,0.05,1.0,0.27295247957032837
0.14028582879414533,0.20158492949856371,0.05,1.0,0.2559074930534361
0.19055300681034792,0.204377682096299,0.05,1.0,0.2559074930534361
0.24840423348606339,0.20224465444826265,0.05,1.0,0.2693222720350815
0.31791617682127105,0.21140739835459635,0.05,1.0,0.28023166811871575
0.38432638102616057,0.21166300429056667,0.05,1.0,0.27825728713891823
0.4365093737332793,0.21705786380218883,0.05,1.0,0.27825728713891823
0.4915836432999523,0.21569203624225078,0.05,1.0,0.26204101114626865
0.5272941229844708,0.23897082465639313,0.05,1.0,0.2542177319374949
0.5516106252830548,0.26802704067647126,0.05,1.0,0.2542235539789646
0.5819251662772957,0.2861074723467149,0.05,1.0,0.2542235539789646
0.620198291790342,0.28825719403020655,0.05,1.0,0.2584708837518808
0.6667284853162023,0.27550993867845813,0.05,1.0,0.21300288743187173
0.7471886514315014,0.21912454688003047,0.05,1.0,0.22114998587017554
0.7889820330194303,0.2088112498509953,0.05,1.0,0.22114998587017554
0.8705383986149023,0.1572255626214344,0.05,1.0,0.2173436372707762
0.9251019894492132,0.1500065584763948,0.05,1.0,0.19119262636569417
0.9792230688997496,0.14557389736559773,0.05,1.0,0.16336543431835848
1.0122650135294609,0.147386197565889,0.05,1.0,0.16336543431835848
1.03394109853227,0.13732125675143966,0.05,1.0,0.18288963301944855
1.049582335971772,0.11649089857905774,0.05,0.8989608882873213,0.170592209756071
1.061375,0.0890979967078974,0.05,0.8989608882873213,0.170592209756071
1.0556315986293205,0.07434935339690102,0.05,0.898225352813798,0.17264533399100546
1.0508894591664086,0.037096144222291016,0.05,0.826588844342001,0.1571009940626658
1.0204840167154796,0.03094167440531461,0.05,0.7434103619666629,0.14200479709196612
0.9150742508314161,0.1132350896379912,0.05,0.7434103619666629,0.14200479709196612
0.8163346890978653,0.15720146660945633,0.05,0.6543790647812769,0.12681887839397177
0.7178576665395069,0.19330678675313523,0.05,0.6733035738277643,0.12408451681349872
0.6682280568466215,0.18278067572398993,0.05,1.0,0.05532241458772089
0.6582962087990658,0.1379367582044376,0.05,1.0,0.05532241458772089
0.6708799767552748,0.08720839790201448,0.05,1.0,0.040184945455499416
0.6903846584746671,0.04890801282433281,0.05,1.0,0.04665025039193435
0.6997543096254262,0.06958111990653532,0.05,1.0,0.005916728959976741
0.7376851468799923,0.0820666444121223,0.05,1.0,0.005916728959976741
0.8065502115992131,0.06627176938666025,0.05,1.0,-0.039609320536002975
0.8847704706429457,0.03188333194219206,0.05,1.0,0.015112727036590477
0.9466587755685881,0.006337386163162105,0.05,1.0,-0.036558385602140676
0.9846314804559096,0.0030161989066742334,0.05,1.0,-0.036558385602140676
1.0065551899277487,0.015136293726303686,0.05,1.0,0.00357583570249944
1.0160215828624561,0.028481886131177973,0.05,1.0,-0.0014130552963967271
1.0239974646662058,0.0365239858664823,0.05,1.0,-0.031914949764653484
1.0275614127907668,0.02644511046463099,0.05,1.0,-0.031914949764653484
1.0255161371058088,0.0007639888684956402,0.05,1.0,-0.06945672204258448
1.0125853753785983,-0.03114855506665718,0.05,1.0,-0.10936307568054565
0.9966442445164595,-0.060109512944848925,0.05,1.0,-0.09898410773536417
0.9861831786867855,-0.07549546191344568,0.05,1.0,-0.09898410773536417
0.9833310900225325,-0.08585161065344132,0.05,1.0,-0.10538361210687026
0.9841861873316328,-0.09347079946122494,0.05,1.0,-0.11041123970575314
0.9851688749910614,-0.10656287542011304,0.05,1.0,-0.17260700015957062
0.9863615756412701,-0.12628829145608855,0.05,1.0,-0.17260700015957062
0.9873175046804755,-0.1465196863187017,0.05,1.0,-0.17635507161098105
0.9795686427038627,-0.15727180793991424,0.05,0.9490827323298325,-0.22239700794060482
0.9503340291435723,-0.1526410155551583,0.05,0.8582807533894444,-0.18991388986970786
0.9150042573856255,-0.14625000000000007,0.05,0.8265827842448255,-0.17911820934664155
0.8779441044313604,-0.14992886194608,0.05,0.8265827842448255,-0.17911820934664155
0.879897658866863,-0.1341215341931793,0.05,0.7289180396053558,-0.2551846404479351
0.9029601724302295,-0.09669121940465698,0.05,0.5608491777798763,-0.2924691286056126
0.8806834959587049,-0.1138554313099042,0.05,0.5608491777798763,-0.2924691286056126
0.7880638565094575,-0.213949650480924,0.05,0.5307305070031839,-0.3044070805661526
0.6840417734533317,-0.29614034002860895,0.05,0.4466361155804765,-0.31135444665481504
0.5571932302962416,-0.3770398454443624,0.05,0.38582756682802716,-0.29881153624053897
0.5341490980011204,-0.29366265033314665,0.05,0.38582756682802716,-0.29881153624053897
0.4422767441028881,-0.31845547367605526,0.05,0.3821150353497958,-0.29741037996659414
0.40087791982981563,-0.2708006143560286,0.05,0.1973833249088032,-0.24050977742183785
0.34609424631563884,-0.2572291189726714,0.05,-0.49843556876009976,-0.081082790890107
0.28992860378618096,-0.2349287975060799,0.05,-0.49843556876009976,-0.081082790890107
0.24302594477350462,-0.20273602652873954,0.05,-0.8025021964901556,-0.2349468114373636
0.1740314872983895,-0.19672900747434055,0.05,-0.947879407661112,-0.17631283275008058
0.12150489655706642,-0.17743994827853327,0.05,-0.7033737130028106,-0.1253754699062005
0.06688173121638864,-0.15427179149326886,0.05,-0.7033737130028106,-0.1253754699062005
-0.06126485825448653,-0.10207133153792994,0.05,-0.6411561484483016,-0.03718885882542038
-0.12841143834473553,-0.07817632029033879,0.05,-0.5227770779827725,-0.044601522196746186
-0.2006748686452289,-0.05338537583548789,0.05,-0.5227770779827725,-0.044601522196746186
-0.2696882891018992,-0.05352402178189497,0.05,-0.47299920142157365,-0.061764606123282384
-0.33054454153156587,-0.05341740624403973,0.05,-0.3345023399592617,-0.17182654320875934
-0.3906498617632338,-0.04913933014753205,0.05,-0.657986194348529,-0.0016320422352299026
-0.4334644781546165,-0.047862688502116044,0.05,-0.657986194348529,-0.0016320422352299026
-0.47748258558214934,-0.04127093663583489,0.05,-0.6779412674674894,-0.011274491863560073
-0.4934071585666774,-0.06269467689446774,0.05,0.14738123178720688,-0.10512946561180567
-0.5212318020906588,-0.05972694047462966,0.05,0.21676249921580515,-0.1522195997826896
-0.5211444528232152,-0.0850162352758835,0.05,0.21676249921580515,-0.1522195997826896
-0.4862792138873898,-0.13833495232955573,0.05,0.22317985094724985,-0.16092196883746912
-0.45659816524691726,-0.15572089265503075,0.05,0.22181237492619857,-0.16163136629694044
-0.38606634210620466,-0.2084131810701552,0.05,0.5058147003518246,-0.12128427460482813
-0.37231386276122697,-0.1470806808292503,0.05,0.5058147003518246,-0.12128427460482813
-0.3323136638650453,-0.11847431598712453,0.05,0.5127853223844647,-0.12367918967599688
-0.2811022196261682,-0.10421250059603286,0.05,0.6034404540897064,-0.12357514795213068
-0.2193800589917769,-0.12400675277082594,0.05,0.5995283383017682,-0.0804405392896803
-0.15182664981880606,-0.1379279187726493,0.05,0.5995283383017682,-0.0804405392896803
-0.10818737930047923,-0.1291129687909783,0.05,0.9675097169297292,-0.18403198781193209
-0.07167928466709575,-0.11227884454933378,0.05,0.5856233517482193,-0.13916886488033905
0.06016576132300357,-0.18301175953516097,0.05,0.2624620805917158,-0.22252831593195443
0.09554044341140712,-0.19428724298229932,0.05,0.6380026312343785,-0.14417298981185098
0.14154019810005125,-0.19425139605707004,0.05,0.6578963210121427,-0.12025966999375695
0.19075565960135427,-0.17767426744075157,0.05,0.6362183776476006,-0.1134867403302326
0.23749739167242984,-0.1547346183197005,0.05,0.6362183776476006,-0.1134867403302326
0.293647413659502,-0.11587609527556245,0.05,0.4161039145375375,-0.13367358010025027
0.35263906134559925,-0.09423631402082991,0.05,0.6146494370235053,-0.07677390655624902
0.41906845681587884,-0.06788337903081607,0.05,0.6146494370235053,-0.07677390655624902
0.46574160479998095,-0.04958473253333657,0.05,0.6209624637451272,-0.08242928108381949
0.4894635770468359,-0.0644904808723633,0.05,0.5990640101176808,-0.04932267944568333
0.5115347007854308,-0.08366698598381471,0.05,0.8765641665752489,-0.09619708823012689
0.5501377378668542,-0.0911527665240757,0.05,0.8765641665752489,-0.09619708823012689
0.5918839142019241,-0.07248586721981813,0.05,0.5920579098418782,-0.015378812023528636
0.6203351469360993,-0.052558425727229435,0.05,1.0,-0.13628896172927218
0.611997183207745,-0.0827091356471767,0.05,1.0,-0.18317581322209794
0.629092039815831,-0.09772314548642592,0.05,1.0,-0.18317581322209794
0.6812898965644625,-0.08221911680589158,0.05,1.0,-0.18207994524443707
0.7043881734242559,-0.12742978147613887,0.05,1.0,-0.20282132732241176
0.7682480441052042,-0.12728326063899523,0.05,1.0,-0.2452148148101113
0.8217944495445658,-0.13885181994849546,0.05,1.0,-0.2452148148101113
0.8875952360374322,-0.13782680157358293,0.05,1.0,-0.23454424534254753
0.9242634568629554,-0.1550321606063857,0.05,0.7310886280947783,-0.2910731598537622
0.9638519004088053,-0.16461989738150012,0.05,0.978774894961906,-0.1893082951835923
0.9919085594877542,-0.1575627593422842,0.05,0.9821287057745818,-0.14814359556839765
1.0098647342347176,-0.13962500000000005,0.05,0.9821287057745818,-0.14814359556839765
1.0333301170496807,-0.09507684365166401,0.05,0.9961046169563604,-0.05154675645389469
1.030885229249577,-0.08482036109191435,0.05,0.751997232558838,-0.11999002930258494
1.0322153577302633,-0.059513291976544674,0.05,0.751997232558838,-0.11999002930258494
1.0250816621983914,-0.03158536341972004,0.05,0.788906941474532,-0.12835119480910626
1.0031999848000763,-0.004062744390930172,0.05,0.5689530083206357,-0.09801163052537155
0.9376909480138725,-0.02229549680002866,0.05,1.0,0.07449820300677816
0.8841226130593368,-0.005946837676115152,0.05,1.0,0.07449820300677816
0.8378739390489587,0.015219558751653955,0.05,1.0,0.0767448561961603
0.82804052201895,0.05347419700852148,0.05,1.0,0.09245457530784444
0.8152938786823878,0.02685468800295658,0.05,1.0,0.07713588608509118
0.8082313816471767,-0.027167690340807554,0.05,1.0,0.0833807720000422
0.8143264858420268,-0.04678234277198217,0.05,1.0,0.0833807720000422
0.8525268120045301,-9.892412231036259e-05,0.05,1.0,0.08952923317094853
0.9032806210003218,0.07176503789639264,0.05,1.0,0.14209051096031902
0.9497584490285182,0.11734774304934334,0.05,1.0,0.14209051096031902
0.9729692097012612,0.11130382453567932,0.05,1.0,0.1384133027611258
0.9802936921399721,0.0892976626633782,0.05,1.0,0.13479206191440812
0.9926045038013298,0.07280417192974088,0.05,1.0,0.14132725564902393
1.0037745179868123,0.06704307564357848,0.05,1.0,0.14132725564902393
1.0130328151060282,0.08458466761972831,0.05,1.0,0.16548184361744006
1.0072759891989842,0.11980929531121463,0.05,0.872656593557883,0.23420410303379835
0.9807949113039746,0.16714726639803526,0.05,0.6781286004164789,0.23009024164594485
0.9616992857483402,0.17746714203983358,0.05,0.7269813337642365,0.24553024070375942
0.9664519103554315,0.1153270757348208,0.05,0.7269813337642365,0.24553024070375942
0.8983442976704261,0.13840206013495784,0.05,0.8525661145015966,0.20346937738075466
0.8174946437298115,0.18806890145058816,0.05,0.7941122450298974,0.21021222887589663
0.7226736184782998,0.28539709212925984,0.05,0.719019455857238,0.1731915865041171
0.7087151370785981,0.26682673330789314,0.05,0.719019455857238,0.1731915865041171
0.6782257660059158,0.2618963894255999,0.05,0.256706787836132,0.20703159929480425
0.6318973401209605,0.24569563784609139,0.05,-1.0,-0.03923236657198405
0.5532202690222249,0.2580673091819102,0.05,-1.0,-0.03923236657198405
0.5280515374666221,0.1690221858311081,0.05,-1.0,-0.04153893824970453
0.49234618593563767,0.08683402860548266,0.05,-1.0,-0.019847935102178253
0.47256172383381406,0.0046271899506590145,0.05,-1.0,-0.010228775844521237
0.3969489917528722,0.01205121084997849,0.05,-1.0,-0.012429472254494235
0.3391780485478564,0.0001211073489436219,0.05,-1.0,-0.012429472254494235
0.24446280762626985,0.03461147279057561,0.05,-1.0,0.07878421985543743
0.18331651193001694,0.03335961373441703,0.05,-1.0,0.059939188376122214
0.12164333383010431,0.03296293889716835,0.05,-1.0,0.059939188376122214
0.053307921742032374,0.05330365783890724,0.05,-1.0,0.05282132979676578
-0.06653478348991368,0.04718586961705369,0.05,-1.0,0.03426428187540549
-0.12228235203011818,0.051010490135341154,0.05,-1.0,0.03426428187540549
-0.18642154954514564,0.04575367370906007,0.05,-1.0,0.0332060051808439
-0.2607176590091271,0.020011405881371628,0.05,-1.0,0.046854612684212635
-0.3339850814767133,0.01577669599113108,0.05,-1.0,0.024576066459878844
-0.4019763693158786,0.011953242363545261,0.05,-1.0,0.024576066459878844
-0.46057688593772356,0.036077422392828136,0.05,-1.0,0.02459341657086883
-0.5269628837608262,0.029184897663779595,0.05,-1.0,0.013395981026701562
-0.595502672873607,0.022300475045242348,0.05,-1.0,0.012353267767706502
-0.6571918694729817,0.013327500417133403,0.05,-1.0,0.012353267767706502
-0.7229961483008436,0.01362021590963247,0.05,-1.0,0.01719356058027333
-0.7946464527449741,0.012322982828270736,0.05,-1.0,0.00768854520297648
-0.8659154997974117,0.006189527373263048,0.05,-0.946307792686709,0.0032368530226426313
-0.918753991516538,0.004140303295681958,0.05,-0.946307792686709,0.0032368530226426313
-0.9510847357631522,0.01345708981907458,0.05,-0.9534994904514293,0.0064583012182288365
-0.9633242201933278,0.03534963318990686,0.05,-0.1887410611753871,0.10914850012100241
-0.96767212589555,0.0494456888433249,0.05,-1.0,-0.20816101718806287
-0.9747599315640126,0.046938038009394986,0.05,-1.0,-0.20816101718806287
-0.9843088395764015,0.021779520410718702,0.05,-1.0,-0.19876915681025975
-0.9912998945260824,-0.01993604526439993,0.05,-0.9413505103974413,-0.33329986781775617
-0.9696291844930939,-0.08000132878883584,0.05,-0.6809059753799067,-0.32616714047823425
-0.9314816799170411,-0.15913130833045286,0.05,-0.6809059753799067,-0.32616714047823425
-0.8898387816348182,-0.2283103639419696,0.05,-0.7187140176817921,-0.34440611059569004
-0.8886125789724639,-0.2213999791393492,0.05,-0.7665122978548132,-0.265791554544968
-0.8666765414774826,-0.2122836181521338,0.05,-0.4043547314214372,-0.33558386255944167
-0.8441379365855404,-0.19473005628361223,0.05,-0.4043547314214372,-0.33558386255944167
-0.7270084129027643,-0.31981216995076833,0.05,-0.41970230261747404,-0.35357201308594455
-0.6635357159878941,-0.3703271423635108,0.05,-0.21884603594936936,-0.36996002870768774
-0.6056575123328806,-0.37969668263387435,0.05,-0.3199618958210564,-0.25838579469068956
-0.596869880225598,-0.2807329340853266,0.05,-0.3199618958210564,-0.25838579469068956
-0.525942831467506,-0.27072628223470085,0.05,-0.32360326374686454,-0.25494796686122384
-0.494493199752068,-0.2428496480677999,0.05,-1.0,0.06917123485224512
-0.4757838961077666,-0.23674943821899033,0.05,-1.0,0.2583341690884221
-0.5137411682839024,-0.16396854585876414,0.05,-1.0,0.2283430308363909
-0.5871147601816967,-0.03754772968429592,0.05,-1.0,0.2283430308363909
-0.5966952436464681,-0.01874724362261636,0.05,-1.0,0.21874692612455574
-0.6658953483174194,0.06615882892870335,0.05,-0.9999999999999999,0.2647634248835093
-0.7134953748420023,0.08989900073930977,0.05,-0.9999999999999999,0.2647634248835093
-0.8090699468972751,0.16798505554628454,0.05,-1.0,0.2402899040771163
-0.8777806365976617,0.20135975544352672,0.05,-1.0,0.26257438193557076
-0.9113664613661814,0.18329559100331178,0.05,-0.9720934495633681,0.2605665699689756
-0.9294266989480715,0.1530034855568542,0.05,-0.9720934495633681,0.2605665699689756
-0.948526916476995,0.15096228565129824,0.05,-0.9439833271795061,0.2817607607009689
-0.9629348717704147,0.1863737257520298,0.05,-0.9030708646385611,0.2799613513318702
-0.9559729478056688,0.24263869371141142,0.05,-0.9175864804182665,0.24588523331191933
-0.9630212722514337,0.2593009741150099,0.05,-0.9175864804182665,0.24588523331191933
-1.028979457463674,0.1695319365143694,0.05,-0.9300467632558657,0.24655605408651396
-1.0649636623922967,0.11512942135119347,0.05,-1.0,0.167863359708056
-1.1016772185276558,0.04293648324931168,0.05,-0.7342089019841177,0.22601885225666718
-1.0693957417009357,0.06627715000893969,0.05,-0.7342089019841177,0.22601885225666718
-1.0671785007687449,0.043778032370713746,0.05,-0.7110553872945019,0.22862775019127093
-1.0428804872669177,0.04324999999999995,0.05,-0.5596247449058456,0.22631811320773826
-1.0161819040524434,0.03129691895113224,0.05,-0.3785265809606681,0.21775059998137028
-0.9091178824721378,0.12374614100959527,0.05,-0.3785265809606681,0.21775059998137028
-0.8460306084738085,0.1539342648005531,0.05,-0.38842535397522093,0.21673041876038673
-0.7946995032717911,0.16068444498742532,0.05,-0.2746367457949247,0.1988534413077469
-0.7538395764208818,0.14009969744348694,0.05,0.30414824030162435,0.24311792151989237
-0.6735932573752116,0.17872813371968227,0.05,0.30414824030162435,0.24311792151989237
-0.5784299506543661,0.2475179905957233,0.05,0.29481335460545327,0.23647824721520772
-0.5176810423446944,0.28448341439862657,0.05,0.30659195208842577,0.22119022802597008
-0.5001729837700639,0.2521516119710673,0.05,0.39172793350837865,0.18859052222045625
-0.48030381131175875,0.21063801925025324,0.05,0.39172793350837865,0.18859052222045625
-0.42467125965481073,0.21414398183465236,0.05,0.3972017934965391,0.18943398665283367
-0.3791631229968187,0.1982074863873035,0.05,0.4877976839926599,0.19019522539521713
-0.3065778328882106,0.2202155367703166,0.05,0.5679475207008545,0.15721551697504033
-0.24973724574957676,0.22341943421084,0.05,0.5679475207008545,0.15721551697504033
-0.20877514513398818,0.21032020074384886,0.05,0.5327366823159749,0.15711246386945224
-0.17448626876438256,0.18881033665597532,0.05,0.714169234446577,0.15720676643697035
-0.13982473541820611,0.15893889739708716,0.05,0.861909547609214,0.08614106224289737
-0.0958109090909091,0.13383090909090903,0.05,0.861909547609214,0.08614106224289737
-0.05029662714977459,0.10958651277341787,0.05,0.819625151738947,0.09334182307896004
0.05988911362390678,0.08225815599456657,0.05,0.8491130669859928,0.0175953689887059
0.11281491329996425,0.06212147836968174,0.05,0.8491130669859928,0.0175953689887059
0.15303312062614005,0.030219649733544678,0.05,0.8021526217991752,0.01143164111558648
0.1853052641929986,0.018986243548636948,0.05,0.75011286448076,-0.02505310059020672
0.23229923131927066,0.01007133535931348,0.05,0.7695529621834832,0.05067695947369527
0.28352102157587317,0.014719731195613232,0.05,0.8407896922965721,0.002013727745494361
0.339428324929371,0.013727389765046602,0.05,0.8407896922965721,0.002013727745494361
0.38613690107270554,0.016277163289630445,0.05,0.853153017193764,-0.032263327554364514
0.4273981693432049,0.01003053429426415,0.05,0.7419376738735952,-0.08405324404767367
0.46960080717274927,-0.001229550928189117,0.05,0.7419376738735952,-0.08405324404767367
0.5130678025470111,-0.01592106322216002,0.05,0.6891919587319265,-0.05775675301208846
0.5577954015829688,-0.03046842257399313,0.05,0.7342944697054072,-0.02927049304805605
0.6030460341251773,-0.03832428453937573,0.05,0.7009022627639343,-0.053469501991889365
0.642895621490815,-0.0409865071465186,0.05,0.7009022627639343,-0.053469501991889365
0.6681711044571566,-0.03717959420808016,0.05,0.6556677184683153,-0.055969002118769026
0.6790050915222728,-0.02961481695545446,0.05,0.6489353877227936,-0.0478043636610965
0.6755674769663524,-0.021885065674203577,0.05,0.6464114947122582,-0.039318939045182445
0.6665035600181206,-0.01733785600181212,0.05,0.6464114947122582,-0.039318939045182445
0.6602106324202547,-0.01850927084823351,0.05,0.6654556036340091,-0.02412993249612859
0.6604914187199752,-0.02214997347685639,0.05,1.0,-0.19868942949137838
0.6698034803489287,-0.04009698620015737,0.05,1.0,-0.25103227127534805
0.6940435445995399,-0.08571049188828368,0.05,1.0,-0.25103227127534805
0.7272004003744381,-0.14786813281818295,0.05,1.0,-0.25566769530059125
0.7545985402764538,-0.1857415395614872,0.05,1.0,-0.30215846125550727
0.7754147353361946,-0.19265219957081553,0.05,0.9784460500427064,-0.3259456436628241
0.8064645833830159,-0.19682152779433865,0.05,0.9784460500427064,-0.3259456436628241
0.8612840307424456,-0.22675787044766157,0.05,1.0,-0.34152568275800593
0.9226022683909897,-0.27626495963462483,0.05,0.9377268796434335,-0.29874671613294973
0.9563563140104682,-0.31056815512739505,0.05,0.7381435102945205,-0.40835507070853644
0.9567300100158583,-0.33055071571655126,0.05,0.7381435102945205,-0.40835507070853644
0.976992420406072,-0.28503184203941573,0.05,0.7616131930788762,-0.44567097851276116
0.9538746081504702,-0.290278971536527,0.05,0.6640329066973575,-0.35708409701247074
0.8654418913362177,-0.37762028015160726,0.05,0.527471201106336,-0.3954524358616119
0.7595043416030534,-0.45524728649809165,0.05,0.527471201106336,-0.3954524358616119
0.6491314164461293,-0.492578752712014,0.05,0.5050875283353118,-0.3683095871855774
0.624726125068529,-0.3956361940743213,0.05,0.3380505570079152,-0.3715364609904786
0.5608634242705949,-0.3467415975400458,0.05,0.2823531773016619,-0.35944044301009015
0.48381745050242575,-0.34173569159524636,0.05,0.2823531773016619,-0.35944044301009015
0.39388435335630073,-0.3640902568335977,0.05,0.28835401266839344,-0.36334708596241905
0.3147818526950676,-0.375336606312728,0.05,0.16514965760795428,-0.31248506249451374
0.2608155905774641,-0.3443801261265558,0.05,0.12510258066437788,-0.2824901249760114
0.21396794237554834,-0.3110622183744994,0.05,0.12510258066437788,-0.2824901249760114
0.17225056173413436,-0.28283540444857685,0.05,0.1263510415982762,-0.2831625876552277
0.13872760909459236,-0.2712079083152602,0.05,-0.17944535675572434,-0.23879241009133084
0.10915138362418347,-0.27095873265627246,0.05,-0.20118500529157765,-0.2307027487571777
0.0808761744646349,-0.25529936030428774,0.05,-0.20118500529157765,-0.2307027487571777
-0.05781799408798885,-0.20749098001120428,0.05,1.0,-0.18732392081643953
-0.07869339465181989,-0.19271587793130587,0.05,1.0,-0.18732392081643953
-0.0596199818823305,-0.1793307845427673,0.05,1.0,-0.19524980115926227
0.0700924625691398,-0.12416843291054747,0.05,1.0,-0.04455516968769573
0.1257277608275928,-0.09017902176244852,0.05,1.0,-0.05270192281670272
0.17668503336510963,-0.0637362011439467,0.05,0.9999999999999999,-0.002148445862151496
0.2285153169769493,-0.03919772770613341,0.05,1.0,0.028972241100054155
0.27636350307538265,-0.02620270705192397,0.05,1.0,0.028972241100054155
0.3323775370350507,-0.0028943726387548807,0.05,0.9999999999999999,0.03895616477761914
0.3832288425776919,0.009231055323105464,0.05,0.9999999999999999,0.0941589281055699
0.42370948097009586,0.017166994562884463,0.05,1.0,0.09108074882398264
0.4640087412691602,0.03015723706167005,0.05,1.0,0.09108074882398264
0.5108696603359681,0.047809830167984006,0.05,1.0,0.07740692295544437
0.5602839409598054,0.06831054659562288,0.05,1.0,0.07706500776462286
0.6099100971278751,0.07630084316529608,0.05,0.9999999999999999,0.05428367142073427
0.6522844428489717,0.07787027961819863,0.05,0.9999999999999999,0.05428367142073427
0.6989018755363784,0.07409493748212066,0.05,1.0,0.06938085978765246
0.7411170416060483,0.07071358576402961,0.05,0.9999999999999999,0.09209172727526087
0.7851040698228802,0.06043711113494951,0.05,1.0,0.12479981693388803
0.8313321336638383,0.05417076222709498,0.05,1.0,0.1340126143466827
0.8818914461918161,0.052435535697252886,0.05,1.0,0.1340126143466827
0.934681464828852,0.06295272871376804,0.05,1.0,0.2682627008774948
0.9760273590638815,0.08564534204787828,0.05,1.0,0.21165393604238855
0.9976753353204173,0.12896107302533524,0.05,1.0,0.21165393604238855
1.003131874373837,0.17981149068508176,0.05,1.0,0.23285434770033983
1.0046727219061928,0.21933169206826225,0.05,0.7659037984079017,0.28220068717861446
1.0455054898699006,0.1699223339176474,0.05,0.5660761136813044,0.28103544457840646
1.0708066882815015,0.12578009041278765,0.05,0.6303728761547711,0.29426544042923425
1.0037079550193626,0.17771877718200768,0.05,0.6303728761547711,0.29426544042923425
0.8917013857432351,0.2614101889378948,0.05,0.8737518968017224,0.27628965129199623
0.794351368833987,0.32560270577223455,0.05,0.3726895453926851,0.26870435811463755
0.7425107939714664,0.32418063700075084,0.05,0.3844551834876624,0.27831066980033614
0.7064940064614578,0.306730135785985,0.05,0.3844551834876624,0.27831066980033614
0.6433502649966018,0.2973250485876784,0.05,-0.28564999376449407,0.2778547091015157
0.5962688764138688,0.2633773852516656,0.05,-0.35140154150905334,0.26303721047665457
0.5281359877014015,0.2633146421250834,0.05,-0.3481679178189816,0.2473419248320993
0.46783062506706086,0.27763677738170456,0.05,-0.3481679178189816,0.2473419248320993
0.4078288412032512,0.28230557409482027,0.05,-0.31855326185539823,0.2328033267760797
0.35579457574745277,0.2638207082607554,0.05,-0.554035295441536,0.16954712655796578
0.3086025832468972,0.21941819718158725,0.05,-0.8697804027066643,0.2755651661615192
0.22227873157028338,0.243000277340395,0.05,-0.8697804027066643,0.2755651661615192
0.15867506290095632,0.23048135627578634,0.05,-0.6999013925003373,0.13867194483042275
0.09727366028850735,0.21151972907725317,0.05,-0.70319955922664,0.09866952583908296
-0.08736879985453508,0.12236483235760524,0.05,-0.46208650958838854,0.07047006665098135
-0.15910109001406472,0.10779518284106884,0.05,-0.7496338559794171,0.1480069932669537
-0.2329806526507791,0.09539265894541069,0.05,-0.6195775882266084,0.10556027949237652
-0.3051626005721438,0.09238701799868877,0.05,-0.6195775882266084,0.10556027949237652
-0.3720500131142851,0.09946254679415334,0.05,-0.6315535338047507,0.12237776291973311
-0.44197522978982134,0.09598766109130785,0.05,-0.2811165396780034,-0.21912784840269042
-0.4930684262615664,0.08899152198798047,0.05,-0.2570206341343884,-0.20408653189726084
-0.5314955297066846,0.05151298067189856,0.05,-0.2570206341343884,-0.20408653189726084
-0.5339975358957236,0.004453177546688219,0.05,0.8325236570733352,-0.38795733006299266
-0.5073951387895265,-0.07267847689225934,0.05,0.7228716409820236,-0.3831505170330423
-0.4429209046534913,-0.16466040181657815,0.05,0.8272291309865125,-0.3539077515002179
-0.3746648401268494,-0.23276338684295242,0.05,0.8272291309865125,-0.3539077515002179
-0.3045423880899573,-0.26705978273830827,0.05,1.0,-0.3627073554179241
-0.23229536690467395,-0.2640339205039874,0.05,1.0,-0.4817437547334861
-0.16771907788057994,-0.28671224604158724,0.05,1.0,-0.5227668950090525
-0.10875992966980572,-0.3325753665514365,0.05,1.0,-0.5227668950090525
-0.07873071729228277,-0.3912045380020033,0.05,1.0,-0.5776094762617124
0.07592002323780013,-0.4514760054817376,0.05,0.9758218015850038,-0.4922154573386796
0.12472299439742517,-0.46653361246870917,0.05,1.0,-0.5106665624530679
0.14379387763617504,-0.5031270698966394,0.05,1.0,-0.5202344798341528
0.16791183088936573,-0.5194584227467812,0.05,1.0,-0.5578947205485253
0.20351638572314146,-0.5061982738066855,0.05,1.0,-0.5578947205485253
0.2559816874709396,-0.4989623958296078,0.05,1.0,-0.5977185087685476
0.31083380480272804,-0.5100527653244943,0.05,1.0,-0.5492602333269226
0.3673238908622786,-0.5177823831263261,0.05,1.0,-0.4038380852174462
0.4192201864390616,-0.5036863317757011,0.05,1.0,-0.4038380852174462
0.4662663830611515,-0.4659590386220051,0.05,1.0,-0.4221340121252714
0.5106230082769807,-0.4307904576192351,0.05,1.0,-0.40780724012703345
0.5742292498658879,-0.3853913393336116,0.05,1.0,-0.39776670308318723
0.6295426046262071,-0.3638648742100871,0.05,1.0,-0.39776670308318723
0.6933440669582732,-0.33912945305888953,0.05,1.0,-0.38701315378416523
0.7219456256109482,-0.3606293928665094,0.05,1.0,-0.362542424027737
0.7675369608509521,-0.3671134374366497,0.05,1.0,-0.390725712623806
0.8035924215519193,-0.3758056838360606,0.05,1.0,-0.390725712623806
0.8702863820532682,-0.352294212894,0.05,1.0,-0.39592608964874765
0.9249038255145603,-0.31772196451143614,0.05,0.0,0.0
0.9647918951295683,-0.26993490595275,0.05,0.0,0.0
0.9749880704713989,-0.2399852523903766,0.05,0.0,0.0
0.9684717671257378,-0.1824067921659811,0.05,0.0,0.0
0.938095153389588,-0.12316686034038911,0.05,0.0,0.0
0.8355424394488413,-0.13011359301992953,0.05,0.0,0.0
0.7182440387481371,-0.11308029955290619,0.05,0.0,0.0
0.61620035171386,-0.08518077794336819,0.05,0.36109481789069536,-0.15537942863091037
0.5285507651814139,-0.08404501216182388,0.05,0.5539218688389229,-0.2513736742586308
0.4615095737769407,-0.15071315474203711,0.05,0.7846403713060158,-0.17878499971019438
0.4385905026518086,-0.22484812436684354,0.05,0.7846403713060158,-0.17878499971019438
0.48334747892395924,-0.206568914479568,0.05,0.3053783556606511,-0.10995963754809228
0.49902011473710545,-0.13447924783453083,0.05,-0.18004245590842657,-0.13103297817699425
0.47666352438486215,-0.08525463366053228,0.05,0.40038143625381634,-0.28770127039623744
0.4328822452324195,-0.08249353694874859,0.05,0.40038143625381634,-0.28770127039623744
0.39504673753665687,-0.12520747800586518,0.05,-0.27783797450714526,-0.19882473919530913
0.3710271361211659,-0.16580071204038874,0.05,-0.27370088265048614,-0.19571640174977037
0.31527819994755163,-0.2044969752777381,0.05,-0.2741316463908183,-0.19606056445065764
0.2576640336234649,-0.21735252474067016,0.05,-0.2741316463908183,-0.19606056445065764
0.18899960655268613,-0.23428708986098204,0.05,-0.26881470760155257,-0.19223151283715958
0.1306681604869159,-0.21638503936538953,0.05,-0.2661274282992416,-0.1902174721274659
0.07164730270057679,-0.18869141649187213,0.05,-0.26612976305617625,-0.19021866375694024
-0.07067288375558871,-0.16399643070044717,0.05,-0.25705044818337663,-0.18368117729191125
-0.14491137409265906,-0.1564064783251291,0.05,-0.25951815593279487,-0.18523286277785458
-0.2156716932099943,-0.1509861303166127,0.05,-0.2595195424811959,-0.18523362023640869
-0.2475368875427781,-0.1554365885432194,0.05,-0.2595195424811959,-0.18523362023640869
-0.2700745944431863,-0.15304471256421576,0.05,-0.249703332115363,-0.17821162967322657
-0.2602014052778374,-0.17563422548809277,0.05,-0.23792384348580622,-0.16990904214676508
-0.25860180506060576,-0.18248598828409002,0.05,-0.23882601919448126,-0.17048820285784352
-0.24011347703753164,-0.1931037230554629,0.05,-0.23882601919448126,-0.17048820285784352
-0.22548186327701136,-0.19071862889474508,0.05,-0.20212943506069284,-0.14371853324855222
-0.21224112538889753,-0.17448607717156794,0.05,0.4814545574850341,-0.33784810305442176
-0.19021498139734555,-0.18162101116159277,0.05,0.48646184372587764,-0.3168172523588797
-0.16039693965106305,-0.20530900824673476,0.05,0.48646184372587764,-0.3168172523588797
-0.12857602541332414,-0.24198397214308712,0.05,0.5375676024964346,-0.35239991919521174
-0.09023089203305552,-0.2779493077666083,0.05,0.6035953781083042,-0.30324982450333265
0.05282296570876885,-0.32996126890666166,0.05,0.7186184868068183,-0.32950977314923274
0.10361578975606264,-0.3301435099077188,0.05,0.7929834098288248,-0.2949840862623348
0.1495638860406333,-0.32238432671213285,0.05,0.7931068844774719,-0.2997455704690659
0.20273200876095118,-0.31461740121580556,0.05,0.7931068844774719,-0.2997455704690659
0.25981412312498503,-0.29002322156773913,0.05,1.0,-0.33370386459473744
0.31093423467988984,-0.2895597978973217,0.05,1.0,-0.3063655571472049
0.35883323244552057,-0.2816861380145279,0.05,1.0,-0.32535544673597705
0.41163956257152384,-0.2772089840024796,0.05,1.0,-0.32535544673597705
0.45933060882728033,-0.2848931915159896,0.05,1.0,-0.29383352007484703
0.5117294184605116,-0.26374384073517854,0.05,1.0,-0.24695348263420455
0.5552228632045674,-0.24962108904754537,0.05,1.0,-0.24365830706712957
0.600898321451563,-0.2230786014878044,0.05,1.0,-0.24365830706712957
0.6567416434291434,-0.2165877127127128,0.05,1.0,-0.3027165505587545
0.7066431769671965,-0.21306296877049483,0.05,1.0,-0.2862173048019114
0.7364352251999857,-0.2552500223530955,0.05,1.0,-0.2801464337260792
0.7747417994181194,-0.26531705041375536,0.05,1.0,-0.2801464337260792
0.827027969411484,-0.2628031810863992,0.05,1.0,-0.26894512969183376
0.8890797539429921,-0.24382735774829234,0.05,1.0,-0.28742190281493024
0.9395698344915546,-0.23365263937396455,0.05,1.0,-0.26425234699139377
0.9970900350484001,-0.2231290085117544,0.05,1.0,-0.26425234699139377
1.0224211426101473,-0.2294533386990998,0.05,1.0,-0.2844272030647667
1.0366497089212507,-0.21556809365764143,0.05,0.983361485702102,-0.21235614546504564
1.052277999487369,-0.18907864117022935,0.05,1.0,-0.27030630513146386
1.0641840625483727,-0.16492609367371974,0.05,1.0,-0.27030630513146386
1.0748269007328846,-0.1515068596198535,0.05,1.0,-0.2580763749946155
1.0721395644088405,-0.15285558078821265,0.05,0.9747925535988116,-0.20731520431935985
1.0821253993705442,-0.12176831143749561,0.05,1.0,-0.25873703532172937
1.0863927172863495,-0.09751715104843428,0.05,1.0,-0.25873703532172937
1.0932284433422357,-0.07339963277375056,0.05,1.0,-0.21719393325939154
1.1027060007748704,-0.0564399922512965,0.05,1.0,-0.21822676138686753
1.1021064724880525,-0.0550558253584241,0.05,1.0,-0.23342108264885955
1.0970116191390182,-0.06776618215090434,0.05,1.0,-0.23342108264885955
1.0785844601845889,-0.0844779474016838,0.05,0.9223083527751648,-0.19536618142536102
1.0744753936186695,-0.0654323607585131,0.05,1.0,-0.21754431498913762
1.0622048289390524,-0.06005921695942006,0.05,1.0,-0.2334413980770329
1.059539090166573,-0.05671373424588941,0.05,1.0,-0.2334413980770329
1.0493077956829044,-0.08254635782309691,0.05,1.0,-0.24451017885567736
1.0460318864167502,-0.10028379864787532,0.05,1.0,-0.2356606581585149
1.045748956780924,-0.11670763785394941,0.05,1.0,-0.2355688408748705
1.058714785583996,-0.11373062834559314,0.05,1.0,-0.2355688408748705
1.082801689040165,-0.09124867070422879,0.05,1.0,-0.21779277654248638
1.0786493644067796,-0.0984631650933277,0.05,0.9289795893529498,-0.1815296102033419
1.069195825138566,-0.09629249508313972,0.05,1.0,-0.20915030698121964
1.0565287002576582,-0.09921827583738915,0.05,1.0,-0.20915030698121964
1.061732481817098,-0.07113277095504957,0.05,1.0,-0.2061109829741038
1.040960893538388,-0.10087011206485463,0.05,1.0,-0.21839605066674284
1.0537458658225431,-0.08034626046212184,0.05,1.0,-0.21818557364392216
1.0417059780471234,-0.10205108781150568,0.05,1.0,-0.21818557364392216
1.0439434790253554,-0.09425705264224502,0.05,0.9234885717105684,-0.1481024021981704
1.0262592844796756,-0.10026678984384321,0.05,0.8461775842814041,-0.13957456802031376
1.01733423725177,-0.06983342372517709,0.05,0.8744018859194868,-0.14480307568587178
0.998090231906522,-0.05147611183975208,0.05,0.8744018859194868,-0.14480307568587178
0.9763646173609289,-0.0314440690645939,0.05,0.7718758609900322,-0.12225115634706132
0.9451867962969581,-0.02372558262143912,0.05,0.7666399823016593,-0.12584167217891987
0.9039167570725194,-0.02381421150200888,0.05,0.7719258929267229,-0.12283436209135003
0.8472430682183846,-0.05264619757588766,0.05,0.7719258929267229,-0.12283436209135003
0.7950979998689025,-0.08418897559202458,0.05,0.7640336392065118,-0.12696715876947212
0.7484430868502623,-0.12104093347639494,0.05,0.8934021770356614,-0.2030811287338571
0.7328627848123904,-0.13653614032263842,0.05,0.9584170290356703,-0.15549843762936758
0.757854045484886,-0.12570663678840477,0.05,0.9584170290356703,-0.15549843762936758
0.8009662662453798,-0.12277714021700259,0.05,0.9937040522548808,-0.18790947183645995
0.8634245051275935,-0.14579449976150738,0.05,1.0,-0.26980100671017
0.922974245991536,-0.1772217336234131,0.05,1.0,-0.20931155749012137
0.9853000918021841,-0.18365798321331497,0.05,1.0,-0.20931155749012137
1.0233306350626117,-0.17605116577221236,0.05,0.9999999999999999,-0.2094378315080341
1.0381244307072344,-0.17269476071820314,0.05,1.0,-0.16075437260218117
1.0482076628044201,-0.15647325036655588,0.05,1.0,-0.18636242436758155
1.0505582742070116,-0.13761388027665167,0.05,1.0,-0.18636242436758155
1.0590042752370163,-0.10482933933575823,0.05,0.9810021830319889,-0.15509029588365011
1.058693309829773,-0.07686933619826443,0.05,0.9249832173449171,-0.1496820391465062
1.0464043574263682,-0.0678674013969511,0.05,0.957209259912618,-0.15114763064664474
1.0331649391006923,-0.05675574580795871,0.05,0.957209259912618,-0.15114763064664474
1.0172119250903278,-0.05177729963868791,0.05,0.6575540446040186,-0.23471252208736457
1.014223328903298,-0.03635206264824734,0.05,1.0,-0.17698332353903248
0.9942937133387381,-0.043791410832657814,0.05,0.8476437186579729,-0.15101741558951018
0.9745345699680663,-0.04616117856632199,0.05,0.8291035145612774,-0.134795865566045
0.9486086279360915,-0.054839094729939274,0.05,0.8291035145612774,-0.134795865566045
0.9323990762379425,-0.0384251243009933,0.05,0.78504793577195,-0.1204814908699876
0.9069188078751981,-0.0329075561024444,0.05,0.8753862980882458,-0.1394924623532526
0.8855657010414929,-0.029631985986320063,0.05,0.8047069302011362,-0.1277432475073405
0.8618263513755231,-0.03757389188995822,0.05,0.8047069302011362,-0.1277432475073405
0.8288991187301133,-0.07013236923956964,0.05,0.7614997298702243,-0.12250621622106411
0.7888877988433791,-0.10425851964466712,0.05,0.765855596971063,-0.12328364661207876
0.7691106508523066,-0.1081197997377519,0.05,0.765855596971063,-0.12328364661207876
0.759263172485334,-0.0960547467448849,0.05,0.7620390605641335,-0.12240335182383297
0.7575521418099902,-0.08474245092430373,0.05,0.7650973650606234,-0.13204309252899787
0.7588238986967812,-0.08188482923546098,0.05,0.7650970610972336,-0.13204275632945442
0.7633537024784521,-0.08085657850816025,0.05,0.7650970610972336,-0.13204275632945442
0.7802338313938946,-0.07241784382853543,0.05,0.7660958799807368,-0.13116649143642978
0.7822868725189839,-0.08240743053154848,0.05,0.7634711110371707,-0.12904644958919106
0.787267525899169,-0.09345002116042593,0.05,0.8160296095235461,-0.1368909356756465
0.7952076618670735,-0.10092069943739877,0.05,0.8160296095235461,-0.1368909356756465
0.8152013996472579,-0.08716612096908748,0.05,0.899563505708964,-0.17631917491408605
0.8388282030570028,-0.08555126053676401,0.05,0.9071749183978911,-0.18828688050733036
0.8581500330873147,-0.10488325692448947,0.05,0.9602047417811276,-0.20133095128514183
0.8915362353824696,-0.12020072953545766,0.05,0.9602047417811276,-0.20133095128514183
0.9300186753017718,-0.1215952622108889,0.05,0.935706012438391,-0.1961074473766316
0.9608744307615278,-0.1214521601258882,0.05,0.9339073192355425,-0.20612631117780916
0.9867842237235982,-0.1168381569845795,0.05,0.933929418669741,-0.20613030724042009
0.9996773352793994,-0.114565679733111,0.05,0.933929418669741,-0.20613030724042009
1.0129794338880411,-0.10453297551497244,0.05,0.9092372846899361,-0.21716658785690615
1.0149375894134478,-0.09552409692417749,0.05,1.0,-0.36887139282413856
1.0236885258358661,-0.08522541569819427,0.05,1.0,-0.33667981731338364
1.0284345421121004,-0.10868820688381191,0.05,1.0,-0.33667981731338364
1.0413555922464355,-0.13280008702493928,0.05,0.9836107855945893,-0.24337720367563406
1.0521634449199007,-0.14537650334938504,0.05,0.7864198123117089,-0.23570260219539174
1.0503834440125899,-0.13778741535123284,0.05,0.7864198460849097,-0.2357026254209717
0.9993473015428271,-0.17064715876573833,0.05,0.7864198460849097,-0.2357026254209717
0.9298682356727376,-0.21087402855916856,0.05,0.6491522968282927,-0.22957070799703877
0.8120704877132738,-0.31445100064384596,0.05,0.8566187344482753,-0.21976332179199165
0.783743401995494,-0.2874350078675393,0.05,0.8566187537167609,-0.2197633206890938
0.8006222517973602,-0.20515804400701068,0.05,0.8566187537167609,-0.2197633206890938
0.8001681168668519,-0.155964749400637,0.05,0.6336782398939076,-0.22145602091808142
0.7750035898215372,-0.16088451325059916,0.05,0.633678782611792,-0.2214569970204583
0.7099097189123492,-0.23507964050807884,0.05,1.0,-0.40934930281764687
0.6937179797889464,-0.24908312466463967,0.05,1.0,-0.40934930281764687
0.6906082637729549,-0.2743235943834964,0.05,0.9999999999999999,-0.3846416143495819
0.7216314747150826,-0.2770634700896477,0.05,0.9475111769622323,-0.37204510136353147
0.763844835395361,-0.30140013021764533,0.05,0.9093658871056609,-0.3700591687741522
0.7887761429337784,-0.36207170978124825,0.05,1.0,-0.3358580029742422
0.8252191205238923,-0.37813917980771533,0.05,1.0,-0.3358580029742422
0.8618539442326024,-0.39280694113441383,0.05,1.0,-0.3305525662766131
0.9356332865352744,-0.31657204069344597,0.05,1.0,-0.3342887942812825
0.991827109905829,-0.2673167838836572,0.05,1.0,-0.3342887942812825
1.0248128078670848,-0.24823797454766655,0.05,0.9545318554568462,-0.33488738237757815
1.0175420086122575,-0.2559832585824368,0.05,0.8681978670248816,-0.28398358985002103
0.985523007542089,-0.285822425800379,0.05,0.8383951981190209,-0.28191944241181993
0.9150011414980745,-0.3271030090246898,0.05,0.8383951981190209,-0.28191944241181993
0.8880294525934487,-0.3167092468691539,0.05,0.9118391887050983,-0.28310966801352233
0.863940030038621,-0.3057730951699805,0.05,0.5206121885422931,-0.2922516173816841
0.8727678020144227,-0.24337567495083148,0.05,0.5203965040588495,-0.2922589074390054
0.8166618906907193,-0.2777475261238935,0.05,0.5203965040588495,-0.2922589074390054
0.7607563611601181,-0.3141756955702843,0.05,0.49148617072395473,-0.26872639417795224
0.7207914555490647,-0.3252554587560654,0.05,0.8972180019504936,-0.20586514708993392
0.6925564388249039,-0.31309981639125367,0.05,0.8972180036765627,-0.20586514723644223
0.7290927707359534,-0.21067626305685402,0.05,0.8972180036765627,-0.20586514723644223
0.7667032285952777,-0.1400859587407585,0.05,1.0,-0.21499049517889307
0.8172553825612169,-0.09483723266016555,0.05,0.8446033154876302,-0.13367623151065325
0.843767341695182,-0.10163925816412919,0.05,0.8446032881875286,-0.133676233571133
0.8387514484633174,-0.1420890953959134,0.05,0.8446032881875286,-0.133676233571133
0.857669310040649,-0.11941568620438921,0.05,0.7802325166716798,-0.15892634905016284
0.8676130969419398,-0.09602737524450178,0.05,0.7878603322074703,-0.12704215640698158
0.8778380811874106,-0.06338400393419179,0.05,0.787869614387294,-0.12704176354189706
0.8711284738781058,-0.05096666507701854,0.05,0.787869614387294,-0.12704176354189706
0.8442992566108851,-0.06299471308102443,0.05,0.7191074670186285,-0.14521443619923335
0.7658217612193057,-0.1503670618120238,0.05,0.7520438800050726,-0.12199727854471708
0.7282979048964218,-0.1765367231638419,0.05,0.7510034417556816,-0.11424230044250262
0.7099600576631803,-0.1713138185905617,0.05,0.7510034417556816,-0.11424230044250262
0.7301177784271163,-0.1096346218066456,0.05,0.7733350978863541,-0.1456458422020685
0.7397996325501556,-0.08320956710653372,0.05,0.74005507064825,-0.1250855103908624
0.6893682589562562,-0.1652059625888471,0.05,0.7399919034946632,-0.12508827750469714
0.6999221580076262,-0.16280736415633945,0.05,0.7399919034946632,-0.12508827750469714
0.7378337039333278,-0.11378261329629329,0.05,0.5015179966874876,-0.1686663023130101
0.7236145465814818,-0.1221651881496139,0.05,0.2930681999076292,-0.2087137045832839
0.6724988846608057,-0.1791604284214671,0.05,0.28980687811165995,-0.20767128751122998
0.5684133233211757,-0.29033976972037484,0.05,0.28980687811165995,-0.20767128751122998
0.5523622915698263,-0.25353555231761254,0.05,0.6332295622112873,-0.09780403308872061
0.5272741949425342,-0.22189289844532414,0.05,0.6118474901873329,-0.07423227071133791
0.5433513897662665,-0.13921807768864955,0.05,0.6118107618711202,-0.07423753024882779
0.5372137097254835,-0.10837889782222601,0.05,0.6118107618711202,-0.07423753024882779
0.5657935365635616,-0.056069420108469006,0.05,0.29943058054720906,-0.22024211052296538
0.5478432965722801,-0.09737777496274226,0.05,0.3209701845516881,-0.24159120591588124
0.5347258966672228,-0.12912350555462854,0.05,0.3211477324939996,-0.24246654786386343
0.4912948853951869,-0.18405224561068936,0.05,0.3211477324939996,-0.24246654786386343
0.41756801967983026,-0.24823441020108958,0.05,0.3033905198007664,-0.23273384178957573
0.3415778126452812,-0.30019612970711307,0.05,-0.7171895541394707,-0.2567869790451447
0.28081070479357356,-0.30820225346824953,0.05,-0.7574936949037209,-0.23001642463740846
0.2418704301908383,-0.2663529570405159,0.05,-0.7574936949037209,-0.23001642463740846
0.18494688751668886,-0.2396093958611483,0.05,-0.7236090594033198,-0.23590753845959986
0.12656781115879823,-0.21803401287553656,0.05,1.0,0.09060620913602858
0.083179694578227,-0.20661795753659823,0.05,1.0,0.09737965698770733
0.06436681280623735,-0.17492316048926462,0.05,1.0,0.09737965698770733
0.07170673959152542,-0.11651506458378026,0.05,1.0,0.08722941314289404
0.10460303069145188,-0.02876327697425694,0.05,0.977391567827845,0.17731744071503502
0.14687182502772506,0.04127718104198706,0.05,0.9773915283201919,0.17731736874185128
0.20273138605421898,0.09400737941393854,0.05,1.0,0.16316680638318234
0.2646447602131438,0.12232282415630544,0.05,1.0,0.16316680638318234
0.32152254244968037,0.14548080821329762,0.05,0.9961839402543634,0.16128526381199682
0.3700904946364719,0.15720460071513698,0.05,0.9961839402543634,0.16128526241214888
0.40518051517029335,0.14725512429391988,0.05,0.9961839402543634,0.16128526241214888
0.43662863710081323,0.12229954506427523,0.05,0.9818390224573631,0.16261990698727988
0.4790202256499505,0.10397709974848307,0.05,0.9436654251754408,0.1679942366155645
0.5320588404423945,0.0975184192022119,0.05,0.9436654251754408,0.16799423506387037
0.5964514595951166,0.10692014551242301,0.05,0.9436654251754408,0.16799423506387037
0.6455344863569146,0.13535009898392397,0.05,0.6518051802736486,0.21924663375507572
0.6673472530091765,0.1624958318436419,0.05,0.8708564737745725,0.15745945457701702
0.682698745081674,0.19371515142482404,0.05,0.8708564737745725,0.1574594577853837
0.7222836720212753,0.17373200422167356,0.05,0.8708564737745725,0.1574594577853837
0.79236799995234,0.11399860594795531,0.05,0.7579351313593872,0.16085901103530495
0.8411990265935245,0.06328600709558158,0.05,0.05,0.05
0.8238848473746291,0.06198955540860937,0.05,0.05,0.05
0.7330987602813207,0.11801765109071394,0.05,0.05,0.05
0.6489121750924048,0.1098658459520686,0.05,0.05,0.05
0.5535664896153754,0.10936333667167408,0.05,0.05,0.049999999999999996
0.4664076121288692,0.1067958780795956,0.05,0.05000000000000001,0.05
0.4170343592433218,0.08296286042935636,0.05,0.05,0.05
0.3522294720970702,0.09309226977997083,0.05,0.05,0.05
0.2995474673358447,0.07663310643269268,0.05,0.05,0.049999999999999996
0.21993794048201099,0.08913487693335073,0.05,0.05,0.05
0.150712545610646,0.08937432031194097,0.05,0.05,0.05
0.09522147035672113,0.06783111202547489,0.05,0.05,0.05
0.054838070687805406,0.04266763619024905,0.05,0.05,0.05
0.05039528347996084,0.03430718475073305,0.05,0.05,0.05
-0.053401115464434004,0.061927230928867816,0.05,-0.05,0.05
-0.05687500000000005,0.07183929529121519,0.05,0.05,0.05
-0.05189197635739329,0.07257622594606186,0.05,0.05,0.05
-0.05244631617533115,0.051259618594060974,0.05,-0.05,0.05
-0.0579927214398056,0.061294514345629506,0.05,-0.05,0.05
-0.052954914124980684,0.06211885734377413,0.05,-0.05,0.05000000000000001
-0.05499494010370111,0.06488186125514027,0.05,-0.049999999999999996,0.05
-0.0650821336600022,0.07820713366000205,0.05,-0.05,0.05
-0.06075596628838457,0.07366370786048056,0.05,-0.05,0.05
-0.05042428893286292,0.06377677081346549,0.05,-0.05,0.05
-0.05063965800958723,0.0047462676778516275,0.05,-0.05,-0.008965508118441599
-0.05050000000000006,-0.024139649450012596,0.05,-0.05,-0.05
-0.05076395353000149,0.021925969020000873,0.05,-0.05000000000000001,0.01815851663851753
-0.051897067238912784,0.04296323319027174,0.05,-0.05,0.05
-0.0548602388844508,0.04061039537850687,0.05,-0.05000000000000001,0.05
-0.05425684278289071,0.03903296069572258,0.05,-0.05000000000000001,0.05
-0.05021000590142832,0.04457040731777096,0.05,-0.05,0.05
-0.05694112860923684,0.050183871390763135,0.05,-0.05,0.05
-0.053374636489321184,0.04283785040045759,0.05,-0.05,0.05
-0.057757424105174135,0.0626397617969224,0.05,-0.05,0.05
-0.056813194212709216,0.06165829241550261,0.05,-0.05,0.05
-0.05054512064343169,0.05697181411974969,0.05,-0.05,0.05
-0.05147866693703263,0.06370684035688291,0.05,-0.05,0.05
-0.052029879647283186,0.05344222920638695,0.05,-0.05,0.05
-0.05101536705722499,0.06453024541997918,0.05,-0.05,0.05
-0.05262488525958163,0.0581028804315431,0.05,-0.05,0.05
-0.05710666992746713,0.05840834963733528,0.05,-0.05,0.05
-0.053640688180636296,0.053419977158056624,0.05,-0.05,0.05
-0.05386739976633013,0.05804759981640211,0.05,-0.05,0.05
-0.05013994944315938,0.05629415824052647,0.05,-0.05000000000000001,0.05
-0.05063926995767012,0.05461073004232985,0.05,-0.05,0.05000000000000001
-0.0517383392742186,0.05354334064519198,0.05,-0.05,0.05000000000000001
-0.05566098697072292,0.05978529110242219,0.05,-0.5048894568309421,0.17731734569969812
-0.06564245727667085,0.07706090457860608,0.05,-0.5048894568309421,0.18292251755716338
-0.09441226527570795,0.11450146497764521,0.05,-0.5048894568309421,0.18292251755716338
-0.14594709011264087,0.14642306007509379,0.05,-0.5242964059880648,0.23261187442735126
-0.2091615759891283,0.1748870355358994,0.05,-0.5317933291641016,0.23478126547389155
-0.28394711893805735,0.20035084908921835,0.05,-0.5317933291641016,0.23881190048234893
-0.3584804911916852,0.2092510190946148,0.05,-0.5317933291641016,0.23881190048234893
-0.4297468124485879,0.2104915013531073,0.05,-0.5247671585916187,0.1255431685127842
-0.4834751123535233,0.18824281473887483,0.05,-0.5382788133141723,0.08694746074679564
-0.5217979968053785,0.15212098139252117,0.05,-0.5382788133141723,0.08696520781434763
-0.5565768357237384,0.09211338030687785,0.05,-0.5382788133141723,0.08696520781434763
-0.5680554602016735,0.07021287903168123,0.05,-0.5750403455054014,0.10685332227435151
-0.5811917212431532,0.06579998809240287,0.05,-0.5911941740236841,0.08819917627744768
-0.5936071302995268,0.06930583052241378,0.05,-0.5911941740236841,0.10026373455327336
-0.6092810689679835,0.06083446372803768,0.05,-0.5911941740236841,0.10026373455327336
-0.6167553723220354,0.05193429672504433,0.05,-0.6464083320488512,0.09887662757874034
-0.5971569133395345,0.08946742033962976,0.05,-0.6762791434168534,0.2049294759910133
-0.5968918580525149,0.12660476437480614,0.05,-0.6762791434168534,0.20667997689257395
-0.6460811974727305,0.10741492221493704,0.05,-0.6762791434168534,0.20667997689257395
-0.7287902786551137,0.047000248799208534,0.05,-0.7257868050240964,0.2023211420555272
-0.7489755210258368,0.06908452064430738,0.05,-0.2691772419473849,0.19168650107686547
-0.700628035333246,0.17806187341304364,0.05,-0.46505425557425967,0.18545993630278634
-0.7129261866164447,0.16578016902281442,0.05,-0.46505425557425967,0.18545993630278634
-0.6761936112634416,0.18399221227438536,0.05,-0.30398035876400087,0.19653670596451706
-0.6502887616538306,0.1755071443048236,0.05,-0.729307963958113,0.2211452988407394
-0.6054656319653862,0.19845707683230618,0.05,-0.7301652979035432,0.2211984226343961
-0.6041389094225794,0.18337654251070062,0.05,-0.7301652979035432,0.2211984226343961
-0.5704948772933048,0.23298115022635207,0.05,-0.4358841652124784,0.2376554434888416
-0.598520650813517,0.2048718502294534,0.05,-0.20896366645575717,0.14654576112383533
-0.5964527997042902,0.2123623309803734,0.05,-0.20958293712060097,0.15129832582953703
-0.5874198846360222,0.2028725898765873,0.05,-0.20958293712060097,0.15129832582953703
-0.5616013520764032,0.18180691329541787,0.05,0.23187056650089943,0.12250249706201333
-0.48320166521588787,0.21256272283366914,0.05,0.6909015772443036,0.11047519222126902
-0.47286471341754055,0.1372797902764537,0.05,0.7173344089928908,0.10054829860622952
-0.3953300003577434,0.1631823999212964,0.05,0.7173344089928908,0.10054829860622952
-0.3579030103026401,0.13367786661419945,0.05,0.7250974689486166,0.08229089493265168
-0.3013073971533135,0.13312447250467882,0.05,0.3445112438394122,0.1740393335188607
-0.2530609549691292,0.13442652387422815,0.05,0.32510119408946647,0.17259676225341383
-0.21050393367584133,0.13505902599802116,0.05,0.32510119408946647,0.17259676225341383
-0.15794264295676436,0.15957888102134957,0.05,0.739328093068298,0.12359954618115658
-0.11303169030873769,0.14908325485755147,0.05,0.7485945888737456,0.03099834802740036
-0.07409805573113579,0.10734487739865703,0.05,0.7012641851725817,0.03754235918728303
0.08670805411141842,0.044046904810168756,0.05,0.7021795662979897,0.033351213300319024
0.12947629400264635,0.05194093244483642,0.05,0.526736976422758,0.01597913201198133
0.18917998927038623,0.033988693669527816,0.05,0.526736976422758,0.01597913201198133
0.24560992257903014,0.030558342869403433,0.05,0.4547819040844859,0.049869966900635374
0.3165789947424265,0.01611456979696936,0.05,0.41801872928538397,0.05736683214550939
0.35862280500453003,0.02669323559916066,0.05,0.41801872928538397,0.05736683214550939
0.40315211667819567,0.014828621818572063,0.05,1.0,-0.1905615871012047
0.4314091029644905,0.00636749639421636,0.05,1.0,-0.134814708967833
0.4618634616530599,-0.009760786007985304,0.05,0.9999999999999999,-0.13444086893594034
0.49482302768042336,-0.027073188613117884,0.05,0.9999999999999999,-0.13444086893594034
0.5364034250044692,-0.06490342500446943,0.05,1.0,-0.2300203262268852
0.5905299056176562,-0.11770668184093247,0.05,1.0,-0.2041532494746208
0.6493713043322762,-0.1730380281228393,0.05,1.0,-0.20415325006276275
0.6914536887492997,-0.19083863993944966,0.05,0.8973038462265023,-0.24519204499166541
0.7123590264447438,-0.17129338851597067,0.05,0.8973038462265023,-0.24519204499166541
0.7331132076878122,-0.15239974745667714,0.05,0.7467256609216797,-0.2456501339784575
0.753375685421385,-0.1447255483371082,0.05,0.7467256523399647,-0.2456501120101578
0.7737989901518945,-0.17297208312468715,0.05,0.7467256523399647,-0.2456501120101578
0.7704331781161684,-0.21333799233255038,0.05,0.5669851226247478,-0.2453709727688205
0.7666200148942508,-0.21386962615430452,0.05,0.5669851226247478,-0.2453709727688205
0.7744275984936959,-0.1640816848201731,0.05,0.34348671321747926,-0.24189206135496508
0.7055246356014957,-0.18316894812680123,0.05,0.34348671321747926,-0.24189206135496508
0.5952409951250908,-0.23959096949904057,0.05,0.31590732055055915,-0.23903715574255627
0.45730880784402517,-0.31542395812229634,0.05,0.34376895662623597,-0.416568674569224
0.3695658513682703,-0.3485757705836763,0.05,0.34376894868193636,-0.4165686518335107
0.3463522492937432,-0.32687526670878386,0.05,0.34376894868193636,-0.4165686518335107
0.3215659166239433,-0.3608904251070071,0.05,0.27179804706358235,-0.4062813671872281
0.28003479515085045,-0.3764850758722629,0.05,0.27915430288375087,-0.3790429815924251
0.2509790603690811,-0.35204181071479673,0.05,0.2791542641573634,-0.3790430082117696
0.22985447231988554,-0.3293911641141768,0.05,0.2791542641573634,-0.3790430082117696
0.23535838389738573,-0.33623687967146293,0.05,0.3384919222065902,-0.36176674930625774
0.25864027014460955,-0.3617058213421396,0.05,0.23074232286919105,-0.38149611239609743
0.2743294900525681,-0.375112965037966,0.05,0.230564290179709,-0.38189999391401935
0.27287601642979775,-0.37637500000000007,0.05,0.230564290179709,-0.38189999391401935
0.2589698229118253,-0.37211562123866393,0.05,0.11827483660568197,-0.08341763249169921
0.22649737658001426,-0.3475782181612212,0.05,-0.22078434365378385,-0.15684894157369142
0.18540591628527836,-0.30092463410564463,0.05,-0.22018140959652002,-0.15639476071278152
0.12514177592371867,-0.24593379022646014,0.05,-0.22018140959652002,-0.15639476071278152
0.059420119551606886,-0.1968841452507305,0.05,-0.3858599128419751,-0.16413215540836368
-0.07339786623520583,-0.14642001585201614,0.05,-0.3835028035005636,-0.14995717065192737
-0.14151182977988064,-0.1317115580569427,0.05,-0.3835028035005636,-0.14995717065192737
-0.21646300138312594,-0.12060359135784812,0.05,-0.4547114832484396,-0.16183777570367197
-0.2951294702993313,-0.11879481028049647,0.05,-0.45932320381689923,-0.15854393462410252
-0.36338408581444437,-0.12460694909797664,0.05,-0.45932320469354565,-0.15854393456631835
-0.42231652572170975,-0.12141015876421377,0.05,-0.45932320469354565,-0.15854393456631835
-0.4660285352812847,-0.12095449912377963,0.05,-0.4787912702052506,-0.1604743852987252
-0.4609492039886991,-0.15896731913168916,0.05,-0.24428705221889058,-0.11566689576031386
-0.4567286207163902,-0.17040234920142666,0.05,-0.21452707846502087,-0.11617686612163955
-0.4187753212272191,-0.19584517175822744,0.05,-0.21452707846502087,-0.11617686612163955
-0.416439280563105,-0.157519073630382,0.05,0.3163374061535185,-0.2855791921994061
-0.3751881101813111,-0.16340426188177243,0.05,0.5184521786458011,-0.17615455554081025
-0.31976485360883716,-0.17369844582275776,0.05,0.39733731880291306,-0.1524348256070809
-0.2463958770476168,-0.1974591534729012,0.05,0.39733731880291306,-0.1524348256070809
-0.1735326086308815,-0.2045264262644802,0.05,0.33135290786865007,-0.18552242697156437
-0.1295440038021908,-0.18619805361208128,0.05,0.28478246659556333,-0.18930855992279505
-0.09713146130370516,-0.16273835296361652,0.05,0.2847826817828473,-0.18930857628357972
-0.056746820316597585,-0.1698739331521481,0.05,0.2847826817828473,-0.18930857628357972
0.08110667886387198,-0.1737875794109585,0.05,0.30982372326640006,-0.17034996173863362
0.13152885624031463,-0.1562688520681846,0.05,0.30982372326640006,-0.17034996173863362
0.18463529622124206,-0.1441995470258673,0.05,0.5762625707210752,-0.019318775325480233
0.2192536934799198,-0.13256065326004016,0.05,0.27553204448856394,-0.1526562588814859
0.24213851045316925,-0.12697743986745819,0.05,0.2755373398281663,-0.15265537090464723
0.2636140021459227,-0.12981201716738205,0.05,0.2755373398281663,-0.15265537090464723
0.28640687884459487,-0.11435309474989279,0.05,0.5711436715855372,0.027916001422506057
0.31945235192779986,-0.08235904229953035,0.05,0.5518467842362589,0.09859420070257315
0.3426885312350977,-0.03465866714353847,0.05,0.5518467842362589,0.09859420070257315
0.3745325864123956,0.01068594159713937,0.05,0.5518467842362589,0.09859420070257315
0.40654771987650196,0.03071019543915689,0.05,0.5529367069321781,0.05164324708063112
0.4434595591303,0.034241631998664854,0.05,0.5407001536481754,0.06470637411393619
0.47780549531084276,0.031300097119773024,0.05,0.5407001672528307,0.06470637290244072
0.5175828803051978,0.04515834525512629,0.05,0.5407001672528307,0.06470637290244072
0.5291066923783068,0.057902767677249285,0.05,0.26711328046764465,0.13838290344430035
0.5226084513922814,0.06028657791890563,0.05,0.4569175429484102,0.06492424276145323
0.49841250923762753,0.06428339104367303,0.05,0.4887780905887579,0.07041088027093909
0.4785490396086852,0.061986335301837184,0.05,0.4887780905887579,0.07041088027093909
0.4671695672904994,0.05989335737274995,0.05,0.4682209922181264,0.056463663413828885
0.464015042971404,0.058559216799971316,0.05,0.30282475733301284,0.09629245988991657
0.4496635172339816,0.06245540439073219,0.05,0.28170959492741604,0.09989352474615322
0.41854231287327,0.07610759116430428,0.05,0.28170959492741604,0.09989352474615322
0.3736817340589126,0.08892999809267221,0.05,0.7909640324892536,0.2033004980392478
0.35931582735313744,0.0684392597868586,0.05,0.05000000000000001,0.05
0.3358653828963051,0.05732517282479134,0.05,0.05,0.05
0.31237018686296714,0.04262584937712336,0.05,0.05,0.05
0.2104862475852035,0.04352923245247911,0.05,0.05,0.05
0.11851128536358646,0.03846231260576296,0.05,0.05,0.05
0.05069773255467488,0.04994155592634519,0.05,0.05,0.05
0.05669336105150209,0.04559998658798275,0.05,0.05,0.05
0.06064014221708506,0.03637747256348224,0.05,0.05,0.05
0.056413460506706356,0.02913341281669142,0.05,0.05,0.049999999999999996
0.05676359149220272,0.049006795746101305,0.05,0.05,0.05
0.06163990891315746,0.05290481782631496,0.05,0.05,0.05
0.05594985190526699,0.04755988152421355,0.05,0.05,0.05
0.05179992966812888,0.05106494373450307,0.05,0.05,-0.00790216463001118
0.05364634989509817,0.03164626347034132,0.05,0.05,-0.05
0.05254803293142062,0.001408661178096471,0.05,0.05,0.02448040163053394
0.0526843916889185,-0.008924035618920547,0.05,0.05,0.02448040163053394
0.051304857990775006,-0.014439138052274734,0.05,0.05,-0.05
0.05299221301218024,-0.00519508289037741,0.05,0.05,0.041155130002383536
0.0519235774223154,0.002671156298794868,0.05,0.05,0.03968990761587348
-0.0986896461305587,-0.13865772160045778,0.05,-0.9297037274187443,-0.3374677991041346
-0.1651710898849616,-0.21642659593491095,0.05,-0.9078562624756152,-0.31014723794041615
-0.21504220562463494,-0.24982013656251126,0.05,-0.9117608780207483,-0.31066913192367196
-0.260723554682376,-0.25168452693275467,0.05,-0.9117608780207483,-0.31066913192367196
-0.3242639021408552,-0.2514167287852586,0.05,-0.8914253848184636,-0.3163464827879037
-0.40824444192783155,-0.270953362857177,0.05,-0.9118956624820082,-0.33407656907763444
-0.49917741156981466,-0.2949172724889166,0.05,-0.9033614361523643,-0.3347808628930511
-0.5686314507666994,-0.2980827957694418,0.05,-0.9033614361523643,-0.3347808628930511
-0.6319164073027345,-0.2964045779224652,0.05,-0.914697833680223,-0.3071874831741314
-0.7075758924314661,-0.3049557553635281,0.05,-0.8977947547983861,-0.3010091489051934
-0.777027339327637,-0.3048384472608536,0.05,-0.9340702770410337,-0.3085119079763679
-0.8399456023349274,-0.29861501723171596,0.05,-0.9340702770410337,-0.3085119079763679
-0.9161880916048736,-0.24977704096230427,0.05,-0.8940966957817987,-0.35560626132449463
-0.9828880008347246,-0.18814851240162184,0.05,-0.8962763073260049,-0.31918250357876726
-1.0345316377430005,-0.14622979564714722,0.05,-0.7858503869789658,-0.34484785556148473
-0.9677368248440688,-0.25826182454592084,0.05,-0.7858503869789658,-0.34484785556148473
-0.9192279722281869,-0.33028423162264703,0.05,-0.7145112810709521,-0.33541775724974693
-0.8204293585830283,-0.44609220927875626,0.05,-0.6305838291535454,-0.3079172025023642
-0.7776835813645792,-0.4335214303168284,0.05,-0.5921871415226545,-0.30364979613930587
-0.718311199422827,-0.41935165668936414,0.05,-0.5921871415226545,-0.30364979613930587
-0.7034446553738318,-0.3155054030373832,0.05,-0.4734824609311053,-0.29485699057236264
-0.6280078278644562,-0.3228201721713013,0.05,-0.4236655511886598,-0.2962589649692278
-0.5805987588652483,-0.29437659574468095,0.05,-0.43864042532449915,-0.31058300227121577
-0.5037059702960852,-0.32766194059217046,0.05,-0.43864042532449915,-0.31058300227121577
-0.48863788888756404,-0.28678847587078626,0.05,-0.4494612526415889,-0.31708954826246666
-0.44677170997735133,-0.30331521933484334,0.05,-0.401802686973488,-0.2735375160812051
-0.43234529085212586,-0.2874674675077137,0.05,-0.3936137305382724,-0.3017846038691071
-0.4029629729552474,-0.29586912867721593,0.05,-0.3936137305382724,-0.3017846038691071
-0.37747450968703433,-0.30391772280178847,0.05,-0.41776800600947356,-0.29603637952317646
-0.3752888766677398,-0.3047924595509772,0.05,-0.43008669503533875,-0.304638902283058
-0.3802107223745382,-0.3078689802121827,0.05,-0.45185169875722475,-0.3208780196638678
-0.3929934194836941,-0.3166156993382222,0.05,-0.45185169875722475,-0.3208780196638678
-0.39938729904112213,-0.35384364564449966,0.05,-0.5077569295242051,-0.3628056121264164
-0.45320717432516217,-0.3165926858784816,0.05,-0.42039498572229156,-0.30810000309432406
-0.474353191819027,-0.3282592384567711,0.05,-0.490227999378433,-0.3458685659997888
-0.5148753815201192,-0.2783999731743667,0.05,-0.490227999378433,-0.3458685659997888
-0.5057131251265439,-0.30285517132546486,0.05,-0.5113890162038852,-0.36464609868600756
-0.5120386676602088,-0.3037788554396424,0.05,-0.47595870681334235,-0.342844489741832
-0.5029211581782859,-0.33420863627695213,0.05,-0.4832848731458664,-0.3419583640567815
-0.491023392527263,-0.3527811900363507,0.05,-0.4832848731458664,-0.3419583640567815
-0.49141206226376855,-0.3409151206047527,0.05,-0.5043537761201026,-0.3592180936443819
-0.48445852402746004,-0.3422159164044623,0.05,-0.5221365136546294,-0.37156237520425134
-0.4948852125010426,-0.3337706201074719,0.05,-0.4612724043348992,-0.3285731223759041
-0.4895378159404559,-0.34848639323926195,0.05,-0.4612724043348992,-0.3285731223759041
-0.4739242469483793,-0.3598604570264913,0.05,-0.44089787199918684,-0.3122074115855283
-0.46427917123646945,-0.3361459873158172,0.05,-0.4376286873251202,-0.3137458091689847
-0.4461038538538539,-0.326428928928929,0.05,-0.42112731030563094,-0.2980518324609901
-0.44091024410312674,-0.3050408219847839,0.05,-0.42112731030563094,-0.2980518324609901
-0.42648028764149487,-0.30824339044813154,0.05,-0.42301690629472516,-0.3034373012674169
-0.40891150695711276,-0.3284004095575349,0.05,-0.4502559030058655,-0.3262667503662131
-0.4169396360580305,-0.31519787332959825,0.05,-0.48995940589834586,-0.3449042980386187
-0.41555536244499836,-0.3428994124205531,0.05,-0.48995940589834586,-0.3449042980386187
-0.45006712742104765,-0.3068827565952677,0.05,-0.43090973317136927,-0.3094380987752427
-0.462427638478406,-0.30305337436838603,0.05,-0.4494077175507064,-0.31885346573498524
-0.4490832787061096,-0.3077186270887465,0.05,-0.42460401045373697,-0.3056782789066071
-0.4440311546347512,-0.30178894329343897,0.05,-0.42460401045373697,-0.3056782789066071
-0.41005904793695835,-0.3430786173269275,0.05,-0.4008218999003846,-0.3010880580044217
-0.41711699436193295,-0.33209139956373523,0.05,-0.4723491056984571,-0.33387176723608974
-0.4256769678987632,-0.3218469024808752,0.05,-0.4315532930120941,-0.2987320417780235
-0.4325801821563111,-0.3172161318010587,0.05,-0.4315532930120941,-0.2987320417780235
-0.45507861482417755,-0.2914969876465188,0.05,-0.4635072498385812,-0.3337589458714259
-0.44765170298021545,-0.3102172238918107,0.05,-0.444157305077802,-0.3174223887587705
-0.44963804989270395,-0.3117421271459228,0.05,-0.42725554076103467,-0.3072214520727466
-0.4405773200486549,-0.3201305839772945,0.05,-0.42725554076103467,-0.3072214520727466
-0.44307022913959404,-0.3129972013257193,0.05,-0.47765833776702604,-0.3381482494054127
-0.4508497663356422,-0.3009774263540016,0.05,-0.4527675885530581,-0.3222110366688336
-0.46475521528704944,-0.2938177272077056,0.05,-0.49318354863667524,-0.34778812281814037
-0.46792695838798143,-0.3097093328961489,0.05,-0.49318354863667524,-0.34778812281814037
-0.46476768889021414,-0.31540185759437067,0.05,-0.40819445306704616,-0.29050571884336746
-0.46549717930837187,-0.3067029154597147,0.05,-0.42921973541734304,-0.3034698250091833
-0.4371506533687838,-0.3184481895246385,0.05,-0.45569550528400643,-0.2914848187621801
-0.42116703914276865,-0.32865317558225476,0.05,-0.45569550528400643,-0.2914848187621801
-0.4296951303850144,-0.31295861900389915,0.05,-0.4787628296555122,-0.337623260485896
-0.4325242004722044,-0.31533756349717396,0.05,-0.4457536791019217,-0.2817728432611239
-0.4408981462728887,-0.3088102610228858,0.05,-0.4083083239251869,-0.2880748693351721
-0.4235907885789952,-0.3274222664264924,0.05,-0.4083083239251869,-0.2880748693351721
-0.42380471675053066,-0.3057908866525172,0.05,-0.4101660323793076,-0.2891964262711742
-0.42703641920095414,-0.2730776535480025,0.05,-0.40634459313607724,-0.28770992066597767
-0.430546380414178,-0.24437330257400727,0.05,-0.5020488150618522,-0.29957745403955427
-0.4320132322606031,-0.2460529290424125,0.05,-0.4667629124868203,-0.32784668745565737
-0.43698674335006504,-0.26490216011112044,0.05,-0.4667629124868203,-0.32784668745565737
-0.4394213746466779,-0.29969913652247554,0.05,-0.4309332743454768,-0.3045728394094574
-0.42848178833595507,-0.3314246716955051,0.05,-0.41591079767542294,-0.29226731237244175
-0.42777068628386117,-0.322693774442007,0.05,-0.479557085622098,-0.273915369689188
-0.4160835475080204,-0.31651383737432776,0.05,-0.479557085622098,-0.273915369689188
-0.42375520789872095,-0.2897057306257228,0.05,-0.409893034300593,-0.29122586432392544
-0.409081847756143,-0.30532724504873815,0.05,-0.4113079442742309,-0.29237730316807126
-0.39540350704628374,-0.3171486873166894,0.05,-0.5926917481637627,-0.3025003305141267
-0.40263681987288796,-0.31561862501937693,0.05,-0.5926917481637627,-0.3025003305141267
-0.4360550293370542,-0.2958120863296484,0.05,-0.9313227266078226,-0.2911670347225747
-0.49069993650963983,-0.2710660910803496,0.05,-0.9566988194807118,-0.2582419236324632
-0.5555972998748288,-0.24496127883411822,0.05,-0.9398941319471508,-0.25625579964311757
-0.631667821620012,-0.22165257593805845,0.05,-0.9398941319471508,-0.25625579964311757
-0.6959919897965265,-0.22781462696530114,0.05,-0.8811837485364423,-0.2540053359060997
-0.7568284213506586,-0.2469557027478096,0.05,-0.9239815941482138,-0.2622448593754187
-0.8228299081655761,-0.2492578708835414,0.05,-0.9239815941482138,-0.2622448593754187
-0.8764528012382351,-0.250292210929392,0.05,-0.9480170642536332,-0.29076443553616155
-0.9254235733695653,-0.2531408395308925,0.05,-0.9589891101066086,-0.2745605075611688
-0.9641476415263026,-0.23180790836700887,0.05,-0.902002640535577,-0.28297349960165336
-0.9991078946741048,-0.20185120750488733,0.05,-0.8794785990896096,-0.2794745752079204
-1.018373189895595,-0.1679589039259154,0.05,-0.8794785990896096,-0.2794745752079204
-1.028089282310048,-0.14546675463784872,0.05,-0.9203164244865359,-0.2731862133148074
-1.037635296221242,-0.12352853141018008,0.05,-0.9327067139210956,-0.24946579825337864
-1.0405183028955618,-0.10182264534433234,0.05,-0.9260977091453093,-0.24079047034834156
-1.0450363489451024,-0.07688469325080215,0.05,-0.9260977091453093,-0.24079047034834156
-1.0427973057532092,-0.0622166005172764,0.05,-0.9441189376870769,-0.2348225558649299
-1.039412514898689,-0.06062634088200247,0.05,-0.9332166657897496,-0.23907646831267926
-1.026329612518629,-0.07716694038748145,0.05,-0.926808318049357,-0.22073226018758274
-1.0187766599117893,-0.08523667004410546,0.05,-0.926808318049357,-0.22073226018758274
-1.0116004038748139,-0.08589131892697474,0.05,-0.8990379491878977,-0.22633313831088167
-1.010918214843424,-0.0759271880103471,0.05,-0.9165231992763684,-0.22119119504941642
-1.0068059740422335,-0.07044261598721793,0.05,-0.8676019462706485,-0.19608829661507365
-1.002981794799962,-0.06026935559820713,0.05,-0.8676019462706485,-0.19608829661507365
-0.9963563189957321,-0.04960447414224753,0.05,-0.8217464094451334,-0.18808055509821567
-0.9760765671001347,-0.04341275909746483,0.05,-0.8456214280894454,-0.1811417433163664
-0.9526595542141393,-0.044153912618582335,0.05,-0.7161468897178593,-0.15600120187327804
-0.9239877650824304,-0.05491246319541307,0.05,-0.7161468897178593,-0.15600120187327804
-0.85075862428752,-0.11745386766354257,0.05,-0.6652494474873553,-0.1423868709441998
-0.7863559397797169,-0.15234396009154635,0.05,-0.6665035644052255,-0.14327186673222259
-0.6956703472569917,-0.21078254118684892,0.05,-0.5578183649321551,-0.12771413025375547
-0.6920179286787325,-0.13890855181581904,0.05,-0.5578183649321551,-0.12771413025375547
-0.6306014112975351,-0.1663422485958574,0.05,-0.43610614404824755,-0.3145243757558198
-0.5997721372593325,-0.15148507533684558,0.05,-0.4405786505419138,-0.3186079050053011
-0.5173125014902598,-0.2341809741529365,0.05,-0.3924876884597586,-0.2830369904004884
-0.46102277170479344,-0.2835363614147604,0.05,-0.3924876884597586,-0.2830369904004884
-0.43988714801745316,-0.29416815884218317,0.05,-0.37683566413920594,-0.2716532382081941
-0.4266029169796474,-0.2791137535620179,0.05,-0.37633172544400556,-0.2717157048538349
-0.4064197775432572,-0.27085752572770966,0.05,-0.36413999304363526,-0.2621698184580014
-0.37942534047272647,-0.2653091772604766,0.05,-0.36413999304363526,-0.2621698184580014
-0.383936300325275,-0.22828944554325686,0.05,-0.31760824827763123,-0.22767733283913674
-0.35880425590874965,-0.22534073342391636,0.05,-0.3163719036449874,-0.22670616167809682
-0.34328066959339526,-0.21316702754381164,0.05,-0.3060869109305976,-0.21899143580552383
-0.31490070342771986,-0.22326685842026836,0.05,-0.3060869109305976,-0.21899143580552383
-0.3035363686757904,-0.2236158385389348,0.05,-0.3044050189065888,-0.21772648779570294
-0.3031299820568459,-0.20868390987886887,0.05,-0.305359424499845,-0.21838056655312138
-0.2982466100230072,-0.20786131641374714,0.05,-0.2897324016026761,-0.20686917764891374
-0.30890010608625174,-0.1801859489355616,0.05,-0.2897324016026761,-0.20686917764891374
-0.30274910888846507,-0.17848493455247733,0.05,-0.2822837500011349,-0.20108464714096805
-0.29291533743428355,-0.18929114361670432,0.05,-0.2844612781144479,-0.20294422259333963
-0.28002380093277357,-0.1983115308459374,0.05,-0.28013874659491855,-0.19972443107512555
-0.2756040097936425,-0.2051436579612068,0.05,-0.28013874659491855,-0.19972443107512555
-0.26400000000000007,-0.20970128917616762,0.05,-0.26987627620490645,-0.19215492567507503
-0.25876639007117574,-0.20292021799778254,0.05,-0.26987627451165663,-0.1921549241038074
-0.25252784583378046,-0.19504812403877114,0.05,-0.2511281230693848,-0.17872848388252624
-0.2431679140051483,-0.18779757662789598,0.05,-0.2511281230693848,-0.17872848388252624
-0.2356598117670894,-0.18442879594098588,0.05,0.7272407919861962,-0.30011413269060205
-0.21737067311130717,-0.21011042953012143,0.05,0.8211608478905903,-0.328834502559781
-0.20017755890028963,-0.24722952790390054,0.05,0.9834488207425458,-0.3231990894514779
-0.16956671537635698,-0.29237283192174646,0.05,0.9834488207425458,-0.3231990894514779
-0.12354113120499743,-0.32362342043774744,0.05,1.0,-0.34039387636040674
-0.07335827275977126,-0.33030456089132515,0.05,1.0,-0.3415835345567078
0.07014355201058321,-0.33375792106643154,0.05,1.0,-0.3409908614290884
0.11767283834698519,-0.33364969119242655,0.05,1.0,-0.35640207543297814
0.1676210016458549,-0.34029839022266756,0.05,1.0,-0.388577076036208
0.21146547150691458,-0.34421575464949933,0.05,1.0,-0.388577076036208
0.2609530910965926,-0.36353263519635665,0.05,0.9999999999999999,-0.3952754435495369
0.3099120603239686,-0.3749182777691694,0.05,1.0,-0.3919737352107856
0.37003655010849085,-0.37500902203199893,0.05,1.0,-0.3182576903044473
0.42845722299094624,-0.3526112241002948,0.05,1.0,-0.3182576903044473
0.49023118519842684,-0.301511688118222,0.05,1.0,-0.3064728459263161
0.544914477449975,-0.2653066165422501,0.05,1.0,-0.3393398065867733
0.5729390265708256,-0.2682448905696814,0.05,0.9999999999999999,-0.42573011160062135
0.6149816597077243,-0.2874005219206681,0.05,0.9999999999999999,-0.42573011160062135
0.6682806934410986,-0.30452985003457084,0.05,1.0,-0.3289758287866907
0.6871901428605499,-0.36617373118843766,0.05,1.0,-0.3336083265879724
0.7164931234882695,-0.40718451600795935,0.05,1.0,-0.3701117929923657
0.7733343231253577,-0.38877933600457937,0.05,1.0,-0.3701117929923657
0.8642476430835975,-0.3146086297108532,0.05,1.0,-0.3665011171169783
0.9421469516048263,-0.25113080497663115,0.05,1.0,-0.37017076771166824
0.966738022764945,-0.27103221257617144,0.05,0.8754902175294347,-0.3162073428816521
1.0064624773502133,-0.25934740749350316,0.05,0.8754902175294347,-0.3162073428816521
0.9783252230598563,-0.3250264272252309,0.05,0.7485963738302203,-0.36322950018664946
0.9284339441312146,-0.37805470361055166,0.05,0.7333363831904931,-0.31439692712104145
0.8509562526827872,-0.4346182840892832,0.05,1.0,-0.360145021455604
0.8749793111977303,-0.31705869898202454,0.05,1.0,-0.360145021455604
0.8407372246998079,-0.2899543123904464,0.05,1.0,-0.32616938326408274
0.90306285319154,-0.13727367724552336,0.05,0.9776353117856884,-0.3241480120813754
0.8586058953266571,-0.18657126251788278,0.05,1.0,-0.35519945219260635
0.9190726524771954,-0.1358933330352353,0.05,1.0,-0.35519945219260635
0.9219360515021459,-0.2103808655221746,0.05,1.0,-0.31050684435624226
0.9670113724426533,-0.23267738685678868,0.05,1.0,-0.3109568135708768
1.0104209117079102,-0.23271524102417404,0.05,1.0,-0.32500262450534434
1.0237830667954633,-0.24911752859170225,0.05,1.0,-0.32500262450534434
1.0354621609942183,-0.23768574238540868,0.05,0.7784345880686533,-0.3138033565517538
1.0209116726243668,-0.24044966636878173,0.05,0.7736957737036001,-0.28851644595987314
0.9380723073988411,-0.3254353435942679,0.05,0.7578015935059044,-0.30782868653694473
0.8355315311423839,-0.42093057607750156,0.05,0.7578015935059044,-0.30782868653694473
0.7495440674934414,-0.46507269258287626,0.05,0.6104156319141195,-0.3269509005983417
0.7057607659924628,-0.42829117373467546,0.05,0.5838692324663226,-0.30646010207479274
0.6708982123051603,-0.355870706670165,0.05,0.5036228043269607,-0.3007965196988589
0.5914351264691157,-0.35310843445300033,0.05,0.5036228043269607,-0.3007965196988589
0.5271259572374306,-0.3354368700423451,0.05,0.4138963229077445,-0.2965256826629112
0.45108906192242104,-0.3564929393773178,0.05,0.4140133250830313,-0.29661274879188204
0.4048779223643581,-0.3447020842523159,0.05,0.38822247113120645,-0.28299528535587465
0.3815539765614754,-0.3186431258121819,0.05,0.38822247113120645,-0.28299528535587465
0.3961574389255183,-0.2573333447593386,0.05,0.40001764744726587,-0.31621073258748456
0.384879643704472,-0.25611803444329206,0.05,0.35669855761359404,-0.273841253576393
0.38263997848295916,-0.25810627689630106,0.05,0.3373723428241832,-0.27598593468300825
0.34873978268646033,-0.29735176325046214,0.05,0.3373723428241832,-0.27598593468300825
0.32404024618391103,-0.2976284720153478,0.05,0.2787850035176017,-0.2164237435356306
0.30440977826786664,-0.2735308890147226,0.05,0.31588555143718566,-0.2587254599764061
0.29433364132767414,-0.2521396570532692,0.05,0.256427112081621,-0.20983759608749364
0.2853386645925714,-0.2369782607399991,0.05,0.256427112081621,-0.20983759608749364
0.28073931079920816,-0.21862936004913075,0.05,-0.2542780253741551,-0.1820543478805706
0.24267446073173632,-0.21455960552973433,0.05,-0.2195831329581158,-0.1566815802423506
0.1996895657461725,-0.19724193375304058,0.05,-0.2195831329581158,-0.1566815802423506
0.13390654406239932,-0.1868602350113899,0.05,-0.22368725658158442,-0.1596482144004903
0.07365621419193119,-0.1628313350441634,0.05,-0.05,-0.05
-0.05054563823192834,-0.044177248235742976,0.05,-0.05,-0.05000000000000001
-0.0558266695669794,-0.04292944492782997,0.05,-0.05,-0.05
-0.05816124177474733,-0.04715679686009926,0.05,-0.05,-0.05
-0.0521728779516766,-0.04828856102416181,0.05,-0.05,-0.05
-0.0516307423971378,-0.062382656529517085,0.05,-0.05,-0.05
-0.05682268103931418,-0.06855231896068596,0.05,-0.05,-0.05
-0.05062500000000006,-0.06204468350056015,0.05,0.05,-0.05
0.07301121521777984,-0.11013271912053872,0.05,0.05,-0.05
0.0939482501728371,-0.1388959073354472,0.05,0.05,-0.05
0.09124029166716326,-0.12565776785820718,0.05,0.05,-0.05
0.0797281533867391,-0.10495300914336131,0.05,0.7646353874668339,-0.20155996353344557
0.07200222378556262,-0.09357714687716127,0.05,0.7646353874668339,-0.1931154903336694
0.08365833273709435,-0.11479266536686589,0.05,0.7675177416987872,-0.20137894818338273
0.108703684166607,-0.1473145846744392,0.05,0.7675177416987872,-0.20137894818338273
0.15001239689124105,-0.17229254577313696,0.05,0.7628522247420328,-0.20424648006902676
0.20764035139999756,-0.18095394729000044,0.05,0.7628522247420328,-0.20424648390785247
0.271672515229909,-0.17979692063756997,0.05,0.7523316619332036,-0.19627794693471706
0.3352327125757069,-0.17176256020792607,0.05,0.7523316619332036,-0.19627794693471706
0.37608255718272227,-0.15656339739308808,0.05,0.05,-0.049999999999999996
0.37798614405416026,-0.15390877722022916,0.05,0.05,-0.05
0.34810985914653053,-0.15034979009135804,0.05,0.05,-0.05
0.30467921758569294,-0.13937511028315955,0.05,0.05,-0.05
0.2447248113308773,-0.14975750205658295,0.05,0.05000000000000001,-0.05
0.18698289497200044,-0.1256730683307519,0.05,0.049999999999999996,-0.049999999999999996
0.12518966761282313,-0.09877424476433555,0.05,0.05,-0.05000000000000001
0.07668184201744763,-0.07083063295514143,0.05,0.05,-0.05000000000000001
0.059077822397920185,-0.04015027398158757,0.05,0.05,-0.05
0.05954807990366726,-0.044818906779054875,0.05,0.05,-0.05
0.05247512872160372,-0.0509432403280018,0.05,0.05,-0.05000000000000001
0.051016060528386406,-0.061810418107251096,0.05,0.05,-0.05
0.05233449480985347,-0.06010265138423777,0.05,0.05,-0.05
0.05005874185051424,-0.054280935268948005,0.05,0.05,-0.05
0.05729356895935147,-0.06871661550840394,0.05,0.05,-0.05
0.06065596574991352,-0.07385164455253158,0.05,0.05,-0.05
0.05370165790320845,-0.06471780770468943,0.05,0.05,-0.05
0.051487912215651625,-0.05460484524774676,0.05,0.05,-0.05
0.05144893289046841,-0.05550478097271261,0.05,0.049999999999999996,-0.05
0.051842886270956,-0.05912916140032918,0.05,0.05,-0.05
0.05104033642497789,-0.05971373477027261,0.05,0.05,-0.05
0.0558972700721225,-0.06866542141026413,0.05,0.05,-0.05
0.05598006924662999,-0.06814548049533398,0.05,0.05,-0.05
0.052475928012015824,-0.0570325146920336,0.05,0.049999999999999996,-0.05
0.05179206309464191,-0.05866912869303964,0.05,0.049999999999999996,-0.05
-0.055737274574776265,-0.05995104711729868,0.05,-0.05,-0.05000000000000001
-0.05573382885890044,-0.062130901006151436,0.05,-0.05,-0.05
-0.0569556348269738,-0.06657253930789504,0.05,-0.05,-0.05
-0.056449519832612094,-0.06732845416502743,0.05,-0.05,-0.05
-0.06217334334835592,-0.07543141796027382,0.05,-0.05,-0.05
-0.05633080451342948,-0.06638126616835362,0.05,-0.05,-0.05
-0.05167572582568267,-0.055637683319423,0.05,-0.05,-0.05
-0.053837025316455754,-0.0624258087201126,0.05,-0.049999999999999996,-0.05
-0.052875000000000054,-0.059194002502681524,0.05,-0.05,-0.05
-0.056887634523937275,-0.06650715077407138,0.05,-0.05,-0.05
-0.050138107676160545,-0.055001566898048845,0.05,-0.05,-0.05
-0.05151619161719482,-0.05637532335550637,0.05,-0.05,-0.05
0.05295069566150429,-0.05063985508542279,0.05,0.05,-0.05
-0.0500749034023828,0.008585955481616555,0.05,-0.05,0.03883753596847032
0.05900195822454303,0.11032870900246781,0.05,0.5920379470265907,0.2739626753105773
0.10966854532015588,0.18380099337156203,0.05,0.6268222474112116,0.28848242523828765
0.1526807487188654,0.2310799010844952,0.05,0.6268222474112116,0.28848242523828765
0.17883187882256155,0.22999277513501906,0.05,0.594992244964443,0.27260735689702004
0.2079864499129646,0.21526191966521202,0.05,0.5975705459995512,0.270283377547813
0.2497531285755148,0.2113276125095346,0.05,0.5919954732628395,0.273911240130381
0.31771696488174705,0.2324751245708563,0.05,0.5919954732628395,0.273911240130381
0.386900444363645,0.25438008887272895,0.05,0.6015392270397347,0.267636677609722
0.4462258629732049,0.26564422618480016,0.05,0.6335495083492594,0.2841301970948814
0.49412220765287873,0.2670708576707593,0.05,0.633549898709954,0.2841301221529759
0.5566065598693153,0.23758744306393523,0.05,0.633549898709954,0.2841301221529759
0.632644099499225,0.187310696613807,0.05,0.6344666610551607,0.28433751718647376
0.6807423615996375,0.17359466399980913,0.05,0.5776786210483661,0.28404279610578065
0.6632496215281917,0.23182713076647984,0.05,0.5776783055710902,0.2840426215522188
0.622839884677275,0.3105755170153167,0.05,0.5776783055710902,0.2840426215522188
0.5903868313922299,0.34048211135217604,0.05,0.6372418343246011,0.28213308292519873
0.5686614451042822,0.3334435346832182,0.05,0.552443908518231,0.27525203643761587
0.6047993546118732,0.23122472378818387,0.05,0.5522710248679914,0.2752054229043178
0.5698667673148688,0.24940252077545805,0.05,0.5522710248679914,0.2752054229043178
0.5676367452065249,0.24331732328531902,0.05,1.0,0.3437918601061358
0.5345034963159023,0.31066711078522535,0.05,0.9882673278000246,0.2844724520609008
0.5706325545357014,0.29235277595660975,0.05,0.9828545094812455,0.2833873333408631
0.5992759721891376,0.29575523761314904,0.05,0.9828545094812455,0.2833873333408631
0.6490600292673039,0.2789853529362675,0.05,0.9930974638575085,0.2719036636891337
0.7044110417932858,0.268586556910133,0.05,0.984056824291308,0.2571139292125543
0.7881115408452718,0.22031787233915753,0.05,0.9791973012445622,0.2558773346624666
0.8539935961251863,0.19905414903129648,0.05,0.9791973012445622,0.2558773346624666
0.90390682771732,0.17635798955862536,0.05,0.9855405957860298,0.27048261115719163
0.9463559666980536,0.1638547360516811,0.05,0.9812818478995416,0.23740241382954633
0.9819173003349105,0.1586372418149529,0.05,0.9998323735789534,0.24192683049740824
1.0215869824318846,0.1586988421014993,0.05,0.9998323735789534,0.24192683049740824
1.0552260478863502,0.1654539579534484,0.05,1.0,0.23189642916265596
1.0818771278878478,0.14172223016951568,0.05,0.9764646273418455,0.20898135787083913
1.090332781970125,0.11856403711121434,0.05,0.9820850835317273,0.2098505876233565
1.0939386710369488,0.09352668057210958,0.05,0.9820850835317273,0.2098505876233565
1.0991257034025608,0.07387077958463474,0.05,1.0,0.23282044502077448
1.104419520445875,0.06014040891750111,0.05,0.9719290429976987,0.20554963848932392
1.0971219564517858,0.06039097304158167,0.05,1.0,0.20183846746179865
1.0838114990400325,0.06305081120240401,0.05,1.0,0.20183846746179865
1.074085023905475,0.061896197479492474,0.05,0.9863940057028738,0.2042751256281892
1.0650975339263993,0.06806154749695906,0.05,1.0,0.2224411399860542
1.06251798763769,0.07150182692766192,0.05,1.0,0.24337993601774002
1.06073330352352,0.08010366213557495,0.05,1.0,0.24337993601774002
1.057928052923297,0.0924505766136241,0.05,1.0,0.2862617047350734
1.0577553650627116,0.10370011981973382,0.05,0.98082513384323,0.17840136953689487
1.0632890665959678,0.10301086101711064,0.05,0.9786721177752431,0.16495219521281837
1.072890259461522,0.08832044273006931,0.05,0.9786721177752431,0.16495219521281837
1.0824980383973288,0.06309915633198179,0.05,0.9561497000475487,0.18245705566653486
1.0772835268107217,0.04478170029677119,0.05,0.8877999894820336,0.17824150970838554
1.0722281846583117,0.02660318465831169,0.05,0.8877999894820336,0.17824150970838554
1.0550762343470481,0.024091037567083994,0.05,0.9278145622995395,0.1908791865974383
1.0419528428581637,0.023920129293915775,0.05,0.940345804212392,0.25352299903058684
1.023392387907487,0.03893808819494964,0.05,0.7940048753710701,0.24284645172813663
1.0106394761002013,0.05275946691943572,0.05,1.0,0.31936116496509653
1.0021779476112693,0.07599808937321895,0.05,1.0,0.31936116496509653
1.0085064185081885,0.09392385694533831,0.05,1.0,0.3118991296970526
1.022970594545628,0.11683934722751971,0.05,0.9643576909151313,0.2983528767729061
1.0432605961251862,0.12689538002980616,0.05,0.9455245638895766,0.29726234463107315
1.05610975693368,0.13643968056184858,0.05,0.9455245638895766,0.29726234463107315
1.015220124867321,0.19379331894238444,0.05,0.8655732357127551,0.32334496716340755
0.9202636503414819,0.32884803156175874,0.05,0.7922742974456191,0.3111372877923377
0.8634307479925659,0.39164904900045266,0.05,0.6126858302222821,0.3208933931895093
0.8107652974842017,0.4213858769524263,0.05,0.6126858302222821,0.3208933931895093
0.7989091022889843,0.3495305913209346,0.05,0.4923099745012541,0.31327477346788163
0.7305810507181596,0.334587277251326,0.05,0.4166786122169448,0.2940362633040254
0.6491223862091986,0.326872484561646,0.05,0.46784463211589933,0.3127515172188683
0.5810139491695183,0.3113976310706237,0.05,0.46784463211589933,0.3127515172188683
0.502656960074867,0.316410272764121,0.05,0.44088545422777387,0.3126653369693084
0.46075053658303916,0.2951620719259753,0.05,0.428065000608389,0.31408081302224006
0.42476905294222855,0.28892086835986397,0.05,0.4366160688421454,0.31116613503354634
0.4175341573409052,0.26607685401703685,0.05,0.4366160688421454,0.31116613503354634
0.4141288204336579,0.2798257947813233,0.05,0.4377777297371501,0.3125789122260713
0.4208503125037238,0.29448407094936774,0.05,0.4965525700216658,0.35730820016553366
0.43364742596213457,0.32420440888931273,0.05,0.5170195494611455,0.3703382263021248
0.4447043795076593,0.35421402068307795,0.05,0.5170195494611455,0.3703382263021248
0.482864076324136,0.347492978382181,0.05,0.544966234824921,0.3896243887656704
0.5056354643401982,0.36675321796338667,0.05,0.527527887919862,0.37934256527428606
0.5253154400810439,0.37100190989809895,0.05,0.5656288203939687,0.3892611609757251
0.5436176386438414,0.37498741118687706,0.05,0.5656288203939687,0.3892611609757251
0.5281834157678327,0.40056122996245747,0.05,0.5238115967094419,0.3802358543570165
0.5382872990717681,0.3770921722888838,0.05,0.5133200225676591,0.3679790694565111
0.5247918897008856,0.3864568898201022,0.05,0.5134487151348193,0.368063316096819
0.5247625564922908,0.3710917604726869,0.05,0.5134487151348193,0.368063316096819
0.5235909212832158,0.360838927434641,0.05,0.4972812960417289,0.35308141130108295
0.5014264664662873,0.3708524200570126,0.05,0.4850640909712539,0.34921822807431274
0.5167400726969372,0.3258247050411154,0.05,0.48067101355277997,0.34601673176698394
0.5054250742591974,0.3293864699145869,0.05,0.48067101355277997,0.34601673176698394
0.49255292862591776,0.33590091154524643,0.05,0.4379918946802405,0.3114405769970748
0.4772118086184288,0.33237872213613057,0.05,0.42343791840501455,0.303094057922362
0.4383997863196919,0.3470033244126026,0.05,0.4098715365695753,0.29384546979221204
0.4498494980685774,0.28564553626782385,0.05,0.4098715365695753,0.29384546979221204
0.4245289967252158,0.28943329860077394,0.05,0.4360687558292189,0.31030057733397914
0.4228287132488767,0.2800001310943998,0.05,0.4360836537501038,0.25651753916498693
0.4264063654455752,0.2691006596038801,0.05,0.46552830440691395,0.2529818484139522
0.4168107482482482,0.29306729646312973,0.05,0.46552830440691395,0.2529818484139522
0.45836493956587554,0.24455733940853222,0.05,0.6103651181359437,0.2724530946722123
0.47516951207884917,0.24502501430154808,0.05,0.5639891999137938,0.2805959518565489
0.5267240956103141,0.2120760449930889,0.05,0.5639891999137938,0.2805959518565489
0.5383471043092551,0.23815415066892415,0.05,0.5573832070242746,0.27960204467956995
0.5282867145582448,0.3022023190652199,0.05,0.6955267233412868,0.2627691737242384
0.537743942934815,0.3177481101479688,0.05,0.6351448010739674,0.26568733636076813
0.5379707871529019,0.3599678822547967,0.05,0.6821732987050246,0.273163731076494
0.5851784853977604,0.3284967757611171,0.05,0.6821732987050246,0.273163731076494
0.6343314426688927,0.2962342809015562,0.05,0.669109548418008,0.26405816890650297
0.6802996968739567,0.23516268658495867,0.05,0.711131528515984,0.24020413443995242
0.693034750864227,0.23263811836929302,0.05,0.6971579763402483,0.24181822360170932
0.6586063041196536,0.2905744227236945,0.05,0.6971579763402483,0.24181822360170932
0.6331801276854478,0.3316544892582083,0.05,0.6308389878687662,0.23192269811343363
0.6219079551006302,0.3319856382788574,0.05,0.7511972568685316,0.1865896014743166
0.6685802226578327,0.23489456671989314,0.05,0.7478424477302968,0.18097703986497138
0.6993513664981399,0.16954717012067147,0.05,0.7478424477302968,0.18097703986497138
0.7170719822911824,0.1354190053984483,0.05,0.6891557572435751,0.17949042819808778
0.732301476986899,0.12029433046836809,0.05,0.9777971482692315,0.22638843510887832
0.7419005471515931,0.13069985337767756,0.05,1.0,0.23136818732863618
0.749725687447085,0.16379987270602536,0.05,1.0,0.23136818732863618
0.766743227775658,0.20401278138115214,0.05,1.0,0.21729723691670338
0.824324056249553,0.16711708674041045,0.05,0.922154971013143,0.21678890425638928
0.8842614796830314,0.12740330969971392,0.05,0.9068542865843362,0.21066706739042546
0.9024635081967213,0.14218632786885238,0.05,0.9068542865843362,0.21066706739042546
0.9325627287684952,0.14718229644820138,0.05,0.9079002151783792,0.18553950574791
0.9532100924347711,0.1391204199792602,0.05,0.8138419786135641,0.1436110067140282
0.9695422134420327,0.10722311712613668,0.05,0.8055592318482164,0.1418298810906465
0.9678101513616589,0.0705921563077289,0.05,0.8055592318482164,0.1418298810906465
0.9577449653832861,0.03332590801844628,0.05,0.7901306762983776,0.1589776060272965
0.9380113652615395,0.012516101159617111,0.05,0.7917936239386174,0.09266417508462561
0.9088992157049715,0.006673532724650379,0.05,0.7917936239386174,0.09266417508462561
0.8765288495928659,0.00194698762503121,0.05,0.6807333616600176,0.06705001416328897
0.8283095586656807,0.027563853639919773,0.05,0.862129418288692,0.13941390712130808
0.7855169920268869,0.06496433104508556,0.05,0.779546625454434,0.20101365452231543
0.7507970882959571,0.10968984644181354,0.05,0.9180733367356054,0.2393390401088436
0.7491752035257937,0.12162358455707058,0.05,0.9180733367356054,0.2393390401088436
0.7684967720975702,0.1229571013853453,0.05,0.6124807737430279,0.2143038745303544
0.7658798190436441,0.16466278917243016,0.05,0.35480338333524936,0.22260157400511027
0.7555165017583596,0.20383420009536857,0.05,0.5477053204464518,0.2945618749468719
0.7192478597574788,0.25334751666289085,0.05,0.5477053204464518,0.2945618749468719
0.6800255961251862,0.28019857377049173,0.05,0.3928021955225487,0.2864409252060571
0.6185226942239386,0.31708852863000303,0.05,0.3694718548728946,0.2833688346810011
0.5959236113594907,0.2741200776136484,0.05,0.3628723540551999,0.2731582801258006
0.524607016832769,0.27891743955939147,0.05,0.3628723540551999,0.2731582801258006
0.44829825559912745,0.2672966569126428,0.05,0.26051722821158696,0.2017407001501516
0.36384438888027937,0.27103163630836713,0.05,0.7108190713552548,0.3917146129790337
0.30179566261756885,0.27461873264033754,0.05,0.6793976102445454,0.3768454403123922
0.29409556263636677,0.2768422197846743,0.05,0.6793976102445454,0.3768454403123922
0.320948493555733,0.28664742527392595,0.05,0.6471648426093395,0.32290346280309035
0.3635941421659178,0.3085315296928815,0.05,0.5899265461036188,0.32413418951497075
0.4325054570706468,0.28614140697646684,0.05,0.590270582059073,0.3244926464647944
0.48876341681574237,0.2968480172927846,0.05,0.590270582059073,0.3244926464647944
0.535262312512658,0.29013035656846037,0.05,0.6069452284760259,0.3033003774734066
0.561714055461544,0.31475217484567525,0.05,0.5947970705307973,0.29852767314941087
0.582719427461356,0.3124622290154575,0.05,0.5947970705307973,0.29852767314941087
0.574358530702539,0.3291703934265917,0.05,0.5519368895439744,0.27628094003228737
0.5675508112762331,0.323102283967537,0.05,0.5855581322005043,0.23232153076490805
0.5672501981690963,0.30360587444721243,0.05,0.6610813114183134,0.20933346571453618
0.6141868673470604,0.21836963772608578,0.05,0.6122559155110724,0.2029532228850264
0.6317995090211407,0.18401360917129433,0.05,0.6122559155110724,0.2029532228850264
0.6357851510797372,0.16899526906979231,0.05,0.38062008950722237,0.2149920622181236
0.6022722709452938,0.20052074570131426,0.05,0.689759880125424,-0.06578575740095736
0.5955495426375066,0.18146064745843504,0.05,0.6434007507693899,-0.0653537885534838
0.5820275389879817,0.15568783831314376,0.05,0.6434007507693899,-0.0653537885534838
0.6177517870770037,0.05537952507571594,0.05,0.7466961413631613,0.0661646629412166
0.646865325926279,-0.023515488650994315,0.05,0.7228402534631522,-0.06179801767827222
0.6737951795379223,-0.06122650270618258,0.05,0.718313705310713,-0.0613242377339849
0.6591506553536942,-0.01186772673628504,0.05,0.718313705310713,-0.0613242377339849
0.6585864852783406,0.010611282632018038,0.05,0.18031325724118524,-0.22993383472959072
0.6556283532041729,-0.00320678092399412,0.05,-1.0,-0.12353486997572398
0.6521620735181918,-0.05976059498831728,0.05,-1.0,-0.046253274944223065
0.6108334307492275,-0.08325781017021944,0.05,-1.0,-0.046253274944223065
0.570674429623802,-0.10986520913793935,0.05,-0.9999999999999999,-0.006243439063512848
0.5033990695262393,-0.09479281609880555,0.05,-1.0,-0.061262223579134176
0.42793957036560054,-0.06915304011351991,0.05,-1.0,-0.06281632464230508
0.37244352010877335,-0.03392832522303334,0.05,-1.0,-0.06281632464230508
0.28338825861452244,-0.009975813759389615,0.05,-1.0,-0.06265480151564541
0.21384267259358122,-0.02734047085602611,0.05,-1.0,-0.143855385951708
0.10873060709771273,-0.027489652150063288,0.05,-0.9999999999999999,-0.14738060265278355
-0.0832455513045137,-0.11329618389530526,0.05,-1.0,-0.06888299838766826
-0.1301440700945162,-0.13239449172238718,0.05,-1.0,-0.07693840764720883
-0.18703960418182478,-0.12511903022459722,0.05,-1.0,-0.07693840764720883
-0.25564065014963105,-0.0990061685524544,0.05,-1.0,-0.07280590365377855
-0.3298465753261311,-0.07305449875986748,0.05,-1.0,-0.14015899457512604
-0.39900522491266976,-0.06793163203261927,0.05,-1.0,-0.14601307566002789
-0.4603434347950498,-0.08076437871092362,0.05,-1.0,-0.14601307566002789
-0.533661239533386,-0.0871967455091964,0.05,-1.0,-0.07211445203089628
-0.6031686530164708,-0.08185288298810582,0.05,-0.9999999999999999,-0.06537764205603798
-0.6800448509339723,-0.07051171637521018,0.05,-1.0,-0.06844936135096744
-0.7432604473254609,-0.06233041044553815,0.05,-1.0,-0.06844936135096744
-0.8095204473376733,-0.06055388439802569,0.05,-1.0,-0.08747976230755987
-0.8711020283232448,-0.06109766425575529,0.05,-1.0,-0.08936804404694533
-0.9310567397446443,-0.06423036103858955,0.05,-1.0,-0.10075302414799152
-0.9816910591644012,-0.0611794039442935,0.05,-1.0,-0.10075302414799152
-1.0228145915046316,-0.05888943711925236,0.05,-1.0,-0.10597080345488194
-1.0516349928494817,-0.04577929031104763,0.05,-1.0,-0.14200176362392902
-1.0746677932761086,-0.03740419051025283,0.05,-1.0,-0.14392037251491716
-1.089396309985097,-0.027706795827123782,0.05,-1.0,-0.14392037251491716
-1.0835086679104033,-0.040904827327237915,0.05,-0.9309880325905922,-0.1505172701514549
-1.067155883264032,-0.05513491266843801,0.05,-0.7372801918164092,-0.19695118150954372
-1.0479898276437694,-0.05829686438050731,0.05,-0.7278675503319826,-0.1976005890313228
-1.0247268015411959,-0.040113035452279074,0.05,-0.7278675503319826,-0.1976005890313228
-0.9331257929504914,-0.10733679826862547,0.05,-0.5936102863597303,-0.2014402369116756
-0.7869894418879126,-0.24813555811208743,0.05,-0.21259555969099891,-0.15193432337279297
-0.7082552538282786,-0.29121389054400293,0.05,-0.21077626444246686,-0.15212632987669736
-0.63869152910331,-0.30542158888663273,0.05,-0.21077626444246686,-0.15212632987669736
-0.6325176915190387,-0.21571835435492726,0.05,0.22103220136776483,-0.19338804617605454
-0.5541315340198077,-0.2243340826748663,0.05,0.9146138127027788,-0.024928500705115306
-0.5605866347552398,-0.13681257004220423,0.05,0.9146138127027788,-0.024928500705115306
-0.5067413945712038,-0.12513076973511678,0.05,0.37007500941788246,-0.12474129133940462
-0.48697238048129304,-0.06830751707410108,0.05,1.0,0.04754219576464008
-0.3879758319229578,-0.12419103984410391,0.05,0.9999999999999999,0.05597306875315804
-0.36674298536283023,-0.08209686993420434,0.05,0.9999999999999999,0.05597306875315804
-0.30726709748187725,-0.0846489173979398,0.05,1.0,0.053429806889845305
-0.28584609449475695,-0.02289299034795051,0.05,1.0,0.08318782803946566
-0.21993767507837558,-0.011517409495655162,0.05,1.0,0.12016904226851916
-0.17740700619859343,0.029689942186196125,0.05,1.0,0.12016904226851916
-0.1262500417282656,0.05631247913586715,0.05,1.0,0.12041774789319953
-0.08749060621242491,0.09228423811909527,0.05,1.0,0.1457871378510964
0.08869293270950049,0.13364608564787211,0.05,1.0,0.1524910247870279
0.12521680087978632,0.13460459980449183,0.05,1.0,0.15155920334136103
0.16003080353419202,0.12338699462602615,0.05,1.0,0.1526425830035031
0.20356914113720342,0.11041688967695783,0.05,1.0,0.1526425830035031
0.25802316862371094,0.10541364218871066,0.05,1.0,0.120271780186103
0.3194640469721884,0.11417325462929855,0.05,1.0,0.18043992332969258
0.3750830452714139,0.12694957476100785,0.05,1.0,0.18043992332969258
0.4208074120108734,0.14171128269785624,0.05,1.0,0.18452285293796453
0.46993827778572445,0.16155603037238345,0.05,1.0,0.17136613816334167
0.5238638873657484,0.1712598312095456,0.05,1.0,0.13722661028683686
0.5974615250488816,0.14701245290667167,0.05,1.0,0.13819459032998968
0.6741181506849314,0.09532876712328758,0.05,1.0,0.13819459032998968
0.7385072723100945,0.0471432038690298,0.05,1.0,0.14996042212094834
0.7819005087443224,0.03420378384177954,0.05,1.0,0.15062031074902943
0.805287383734796,0.04370414977343183,0.05,0.5479534703107282,-0.14924286502043432
0.8136804145818441,0.05862715034548479,0.05,0.5479534703107282,-0.14924286502043432
0.8167698176183096,0.049275911908451465,0.05,1.0,0.10022003377551618
0.8195261911570219,0.030427382314043596,0.05,1.0,0.15054964421215833
0.8266085947092974,0.024108594709297392,0.05,1.0,0.15082309649106934
0.8408263393016796,0.03198015336106898,0.05,1.0,0.15082309649106934
0.8563659403874814,0.061542879284649694,0.05,0.9594448170431972,0.1469943128493931
0.8816805116819645,0.08659183156514476,0.05,0.9174026428614136,0.1361622932334561
0.9083305821827979,0.10202490789756054,0.05,0.9147659414242667,0.1368594394576913
0.9312760650725346,0.10643301128845756,0.05,0.9147659414242667,0.1368594394576913
0.9453610278072571,0.09034643555560848,0.05,0.8198218804722739,0.13001752802398414
0.9289981429814834,0.09474923096183416,0.05,0.5046169915445242,0.17460292855070655
0.8528311515436993,0.16557914217059988,0.05,0.4073696896423332,0.16507210781463763
0.769421090284733,0.2354992726665712,0.05,0.4073696896423332,0.16507210781463763
0.7092516465798822,0.2480826717211453,0.05,0.9503369495770859,0.07085307716977622
0.7044998330909177,0.16744662187939618,0.05,0.3033268548588065,0.16053538312945534
0.7010672088990071,0.08886051050693104,0.05,0.3066959323826844,0.15521851849004104
0.6694634003100405,0.06351281004054368,0.05,0.3066959323826844,0.15521851849004104
0.6242825800488938,0.08173670323773173,0.05,1.0,0.018900532517248263
0.593681371146556,0.07428773573659483,0.05,1.0,-0.08250524273944176
0.5758372483821373,0.06318071346848289,0.05,1.0,-0.08161093253636555
0.5584247615925616,0.06568729586363087,0.05,1.0,-0.08161093253636555
0.5829287610698578,0.04146991173911481,0.05,1.0,-0.041680383691500456
0.6126012154495285,0.042848953801594696,0.05,1.0,-0.09156545618694724
0.6774496978653921,0.011688396124095599,0.05,1.0,-0.07545975040046776
0.747128852484435,-0.02357832291691523,0.05,1.0,-0.07545975040046776
0.815673448549316,-0.06159641413358463,0.05,1.0,-0.15528119160341713
0.8763091295148407,-0.09549915514364056,0.05,1.0,-0.2230628333759581
0.9313182116166251,-0.12951074978843113,0.05,1.0,-0.22020421844710114
0.9668960351360045,-0.1537071091134385,0.05,1.0,-0.22020421844710114
0.9815725197892327,-0.14988878987649618,0.05,1.0,-0.19664430431206772
0.9825791024586744,-0.14157181462810023,0.05,1.0,-0.2763986307535425
0.9791429463561787,-0.1518466012066582,0.05,1.0,-0.2613240889294466
0.9789017330800652,-0.18488464790577483,0.05,1.0,-0.2613240889294466
0.9754285034829074,-0.225768555130132,0.05,0.9330312811277541,-0.32671410953875
0.9948740063877203,-0.2319118872972555,0.05,0.6984080250365341,-0.34785558709165065
1.011861124691461,-0.22928028451164406,0.05,0.6984080250365341,-0.34785558709165065
0.967262314126394,-0.28491398877609386,0.05,0.7733809521922341,-0.3771677853982323
0.8803696523745363,-0.36755702941492097,0.05,0.7406933570891757,-0.4633453612651854
0.7882609282293229,-0.4339942454785904,0.05,-0.8890040915872506,0.16083770291225524
0.692814729162693,-0.4786042699790197,0.05,-0.8890040915872506,0.16083770291225524
0.7164759357491953,-0.3272749552986054,0.05,-0.9263770692754817,0.16623918892791753
0.6410951212316275,-0.3068667718652029,0.05,-0.9401806446184865,0.37082743179558547
0.6391032269216097,-0.16347205351182537,0.05,0.7880824036633352,-0.6847458205672143
0.567535929580824,-0.16465203327171915,0.05,0.7880824036633352,-0.6847458205672143
0.494470534149569,-0.19468879424422705,0.05,0.1565220063090898,-0.3903306643290968
0.4590458110814418,-0.2522986481975969,0.05,0.29802217655154245,-0.14059610687050328
0.40442992202961436,-0.3416622505305325,0.05,1.0,0.15434133223349414
0.4092698384056501,-0.3279603231886998,0.05,1.0,0.15434133223349414
0.40555243180111783,-0.28699987486443657,0.05,1.0,0.0025541348016167157
0.41362639193571454,-0.20865729469693364,0.05,1.0,0.014385681170325073
0.4459214883421541,-0.11366037584036628,0.05,1.0,0.09811157289449889
0.4635975647201917,-0.07118168159215853,0.05,1.0,0.09811157289449889
0.5132861783287638,-0.010411985933961223,0.05,1.0,0.11684805927026982
0.5631926398540963,0.024687836001478024,0.05,1.0,0.17669739190181305
0.6240226433083065,0.07047527112382306,0.05,0.9999999999999999,0.22669541745164232
0.6964821728763041,0.13235345901639337,0.05,0.9999999999999999,0.22669541745164232
0.7576827246337072,0.17561465945804167,0.05,1.0,0.21743849611773658
0.7938609470365248,0.18726482482595833,0.05,1.0,0.22452867049533112
0.8107372366868136,0.16415913683344652,0.05,1.0,0.2105486638542675
0.8408870400061988,0.14544384857010018,0.05,1.0,0.2105486638542675
0.8873840601745849,0.13376428043312338,0.05,1.0,0.14008877715265555
0.9480640949581435,0.1357525847265615,0.05,1.0,0.22557366267420137
0.9886702516330519,0.15312106190101551,0.05,0.9590455134761945,0.20907349847080833
1.0031436337625177,0.1825315450643776,0.05,0.9590455134761945,0.20907349847080833
1.0086186390938017,0.21374181126431568,0.05,0.9462684234846912,0.2096757941019913
1.047158439205778,0.1758842424856386,0.05,0.843660053041854,0.20315973898846032
1.0968827503903502,0.08568736516525814,0.05,0.8177255129455969,0.21240647074555397
1.07918952074392,0.06992259477825458,0.05,0.8177255129455969,0.21240647074555397
0.9685710524904351,0.12730352737154496,0.05,0.7682909337636492,0.2064811149262559
0.8326282913566112,0.2187598740698339,0.05,0.2884593182581495,0.20654796565791944
0.706811667341929,0.2841931156009437,0.05,-0.23190851152864517,0.2605666961432678
0.6866296238365925,0.23056542341472708,0.05,-0.23191207195477834,0.2583148251573646
0.6240547243883245,0.2485315361639719,0.05,-0.23191207195477834,0.2583148251573646
0.5877047322098939,0.21502702928172177,0.05,-0.40859342531888754,0.1894836400599377
0.5176555538006746,0.21564212449191222,0.05,-0.6305702979736126,0.1759196334939833
0.4389653777139246,0.19748791923503387,0.05,-0.6305702979736126,0.1759196334939833
0.36290200064383055,0.17818957829098747,0.05,-0.6353993894337641,0.17519275272365248
0.27556123918019887,0.18668845083100832,0.05,-0.7746895107728814,0.17607696661830866
0.21531619075426947,0.18943304502496744,0.05,-0.8172727633081366,0.17936890102917777
0.17286441903024663,0.1788045992942045,0.05,-0.8172727633081366,0.17936890102917777
0.11722249460532427,0.17703428897578646,0.05,-0.823657237286977,0.17908342802114666
0.057180670655474136,0.17083510001786023,0.05,-0.8957992394239129,0.1145196259741621
-0.060587502979027694,0.1282073001072449,0.05,-0.9185496488488268,0.09626630601001705
-0.12407633384191774,0.10627353444268285,0.05,-0.919674868044186,0.0951521938060311
-0.19317961636554326,0.09240853971015867,0.05,-0.9260826091106618,0.04201891659786365
-0.2584563519952353,0.08548047349612856,0.05,-0.9122269842916371,0.02589492456335673
-0.32612985410856044,0.07129505470928978,0.05,-0.9122269842916371,0.02589492456335673
-0.39899137232229076,0.04960415797441789,0.05,-0.9066055502194004,0.028793790336337784
-0.4768935159256921,0.03242643825740867,0.05,-0.9068241383632253,0.04805073712655902
-0.5418968720938551,0.027070757922598103,0.05,-0.8933786943606941,0.12028450313784186
-0.6059272241695878,0.03529133283258212,0.05,-0.8943522330525466,0.11930253489494758
-0.6663147787700305,0.05537216383298351,0.05,-0.8943522330525466,0.11930253489494758
-0.7314626556762196,0.07144855660537623,0.05,-0.8430655541092168,0.07550998982868053
-0.8033034160528262,0.07404454665188673,0.05,-0.7889063315350875,0.14113983541107272
-0.8567756053196566,0.059210329198473195,0.05,-0.7889063315350875,0.14113983541107272
-0.8947222232155629,0.03673421631383199,0.05,-0.789128379083182,0.14130409207029568
-0.870778744933238,0.07317431598712439,0.05,-0.6987369629996596,0.07749394954379772
-0.8001458854650748,0.1530967952384356,0.05,-0.5933350487459362,0.085944492083587
-0.7187554966334984,0.20971702764702368,0.05,-0.5933350487459362,0.085944492083587
-0.6347618550925044,0.24619864879362952,0.05,-1.0,-0.030299764044854797
-0.6373401034281424,0.1595799482859287,0.05,-1.0,0.0048959332767084295
-0.6342444012728985,0.1212686986758518,0.05,-1.0,-0.1953961726539362
-0.6575608582036186,0.06761591648590014,0.05,-1.0,-0.19414206458666514
-0.6978942510548524,0.01652320675105477,0.05,-1.0,-0.19414206458666514
-0.7553929698666032,-0.04349792311815159,0.05,-1.0,-0.06828223951726159
-0.8430200940483712,-0.11907757053627846,0.05,-1.0,-0.1091047953014507
-0.9211701058579501,-0.15692132179386317,0.05,-1.0,-0.1091047953014507
-0.9450639078925414,-0.11602022895759347,0.05,-1.0,-0.10678496076212235
-0.9577712202302906,-0.07179953572365137,0.05,-0.6814217841864774,-0.2548994651248976
-0.9725378984764312,-0.06327714974607195,0.05,-0.7051134896089597,-0.20411416259066145
-0.9773895838549305,-0.0982650890589793,0.05,-0.7025196557572144,-0.20608532385623157
-0.9501845263647422,-0.15953571045288698,0.05,-0.7025196557572144,-0.20608532385623157
-0.9107610205601907,-0.19432233462455314,0.05,-0.5430386698977584,-0.19757448615421455
-0.9114882088965172,-0.12088939247657879,0.05,-0.679214612575482,0.011981161907828356
-0.8779023384424686,-0.06250000000000008,0.05,-1.0,-0.055045765278358375
-0.8452887173021437,0.016742660121134,0.05,-1.0,-0.055045765278358375
-0.8094039394625784,0.025831873941966014,0.05,-0.8950914996007988,-0.12346899988008121
-0.8168704030316752,0.024460027528183537,0.05,-0.9013411726236396,-0.11722399778751515
-0.8587869918481177,-0.006765552933605145,0.05,-0.913630388027063,-0.11635024491562089
-0.8688656206411464,-0.07766117028886169,0.05,-0.913630388027063,-0.11635024491562089
-0.853303669077176,-0.15119701446305617,0.05,0.48266294379978675,-0.28781344547919285
-0.8153058208892968,-0.1880578424245314,0.05,0.48233325010112316,-0.25713320565707143
-0.7720972250357484,-0.19717880570781704,0.05,0.4819672930588402,-0.2499251736643359
-0.7059990955525622,-0.2396887076682839,0.05,0.4819672930588402,-0.2499251736643359
-0.6477629371483742,-0.2946479197458759,0.05,0.6811795024973766,-0.17491955617155908
-0.6217316100240712,-0.31312720155389795,0.05,0.8450365627060639,-0.05956389820042685
-0.645360084236506,-0.2444837607754767,0.05,0.8450365627060639,-0.05956389820042685
-0.6873837130648296,-0.09778216443972976,0.05,0.8499216337959725,-0.06984707485944164
-0.6464480902653602,-0.05094906033187906,0.05,0.8353887157908687,-0.08629458083832836
-0.5691886322463768,-0.05660958953089253,0.05,0.9717548210642701,0.07763800844658443
-0.4823175529505716,-0.0860376822131373,0.05,0.9717548210642701,0.07763800844658443
-0.44037354557592817,-0.031223774170859152,0.05,0.9332197438928918,0.08439496546243135
-0.3846786897554465,0.008161292725365794,0.05,0.8859251301308776,0.13428947316716805
-0.3137183954619125,0.040090559157212234,0.05,0.8472453044961138,0.22363089899287059
-0.26505736524911483,0.09541474122822696,0.05,0.8472453044961138,0.22363089899287059
-0.2074787069489647,0.13165714000453002,0.05,0.8261872899817491,0.21891815494150177
-0.15552846062621428,0.15142957771659446,0.05,0.895238384715444,0.22977698142240727
-0.11346089027458187,0.16334447319161102,0.05,0.9580858779037066,0.2353739329273933
-0.07696112727619644,0.16952005050264135,0.05,0.9580858779037066,0.2353739329273933
-0.05282331614710621,0.18294165673243123,0.05,1.0,0.25153338954334453
0.07507970409756907,0.2151624944861049,0.05,1.0,0.23715365525166998
0.13014597760402383,0.2236967752893359,0.05,1.0,0.23075221936180887
0.20156107190960337,0.19696013117274744,0.05,1.0,0.23669322425064485
0.2759491778217491,0.17193983556434975,0.05,1.0,0.21672866288391696
0.3229022555270841,0.19148809516715323,0.05,1.0,0.21672866288391696
0.35746036196370223,0.2094660573322839,0.05,0.9999999999999999,0.2213661783252793
0.37613148394366863,0.24160503094406213,0.05,1.0,0.2288596501534904
0.4199344653540867,0.22379188913784465,0.05,0.9626860015651647,0.23442963709946266
0.4554003241684245,0.2304521345060602,0.05,0.9626860015651647,0.23442963709946266
0.49318201649818805,0.24824221134131214,0.05,1.0,0.24693564048304836
0.5440586771172201,0.24975443284595852,0.05,1.0,0.22426249144899665
0.5970715990773522,0.25019060454886805,0.05,0.0,0.0
0.6363597270906359,0.21756534802203298,0.05,0.0,0.0
0.6315731241729552,0.19718435052394398,0.05,0.0,0.0
0.6188661892169387,0.11708183850479331,0.05,0.0,0.0
0.5362256654309656,0.10911914432670178,0.05,0.0,0.0
0.4549258109976283,0.08110958598004973,0.05,0.0,0.0
0.3693295713280961,0.06697323631790375,0.05,0.0,0.0
0.26768906168041573,0.07534627282914491,0.05,0.0,0.0
0.22590440624217634,0.016629694150045816,0.05,1.0,-0.11034077388110347
0.1779913954943679,-0.0019467563621193998,0.05,1.0,-0.010389104047741337
0.1795015647166819,-0.031742021435128415,0.05,1.0,-0.010389104047741337
0.19238182224606576,-0.010623700524558976,0.05,1.0,-0.017622406860281388
0.2377643426995078,-0.008733361932339602,0.05,1.0,-0.05354311261276761
0.2759864034878592,-0.018111403487859327,0.05,0.9999999999999999,0.15052272597885205
0.3205551170305364,-0.044821301882743,0.05,0.9999999999999999,0.15052272597885205
0.36557558274710855,-0.016031374448551412,0.05,1.0,0.15258048298872198
0.4280799263093933,0.054356648834770926,0.05,1.0,0.15549233000031926
0.5032805952182308,0.11380691163500266,0.05,1.0,0.14300795895042365
0.5681134850579919,0.11828489796283263,0.05,1.0,0.14300795895042365
0.625880208767894,0.12403736426809055,0.05,1.0,0.22005982881082187
0.6713797441949172,0.1465575531635912,0.05,1.0,0.15927910589253091
0.7206861252518508,0.17641417845944746,0.05,1.0,0.15244701416334805
0.7723246347363905,0.1810434189984745,0.05,1.0,0.15244701416334805
0.8455863033104681,0.1300913972561884,0.05,0.9999999999999999,0.09088599856368847
0.91422844786504,0.0742003788600838,0.05,0.9999999999999999,-0.052940786798652474
0.9658731443612428,0.022590929280041888,0.05,1.0,-0.04211905549036449
0.9827320024072265,0.00788432651285832,0.05,1.0,-0.04211905549036449
0.9878749209898627,0.0020889132379247827,0.05,1.0,0.050828417401129075
0.9914462121843982,0.009856902427109189,0.05,1.0,0.0814941216989693
0.9970725395084976,0.017020079016995125,0.05,1.0,0.082883476313283
1.0006087111958528,0.02676198683191316,0.05,1.0,0.082883476313283
1.0049469034456464,0.03430420459419521,0.05,1.0,0.1523391191970801
1.0114559929669804,0.040759169746095995,0.05,1.0,0.11765255645397907
1.024125,0.04153835518780119,0.05,1.0,0.13718223778258315
1.0305279307631785,0.048062742889159016,0.05,1.0,0.13718223778258315
1.0337857223752132,0.06285709857778088,0.05,1.0,0.1967047390708991
1.024587679539901,0.09557515197568382,0.05,1.0,0.15995592941687284
1.032768820184536,0.08974837279164573,0.05,1.0,0.1583184006112226
1.042884994814082,0.07089906981318767,0.05,1.0,0.1583184006112226
1.040321611215087,0.05303510079034884,0.05,0.9062133657634017,0.07913505489394361
1.0283731818398587,0.03574183765320227,0.05,0.8902859014091288,-0.10959237800500403
0.986176886876803,0.034750183293197505,0.05,0.8306003600973034,-0.11276972156599038
0.9494455005185176,-0.004377436138891291,0.05,0.8306003600973034,-0.11276972156599038
0.9042838115731248,-0.03046765026703551,0.05,1.0,0.10363726633570448
0.8821329574845945,-0.06589314979916337,0.05,1.0,-0.29455420823375844
0.8615873268483417,-0.05755108867987515,0.05,1.0,-0.26165719512743424
0.8415350196697858,-0.032677716516659794,0.05,1.0,-0.26165719512743424
0.8430568218365475,-0.028986329823349418,0.05,1.0,-0.166445568307695
0.8715778730018819,-0.06299759094265915,0.05,1.0,-0.05452759799223049
0.9187210759071186,-0.10554170838697381,0.05,1.0,-0.06707308009347766
0.9509567355288112,-0.12876721603311114,0.05,1.0,-0.06707308009347766
0.9521420105734959,-0.10601570974740439,0.05,1.0,-0.09459915281159767
0.9420622331735355,-0.07632772699627942,0.05,1.0,-0.12726578993281368
0.9510360515302898,-0.057607170960857566,0.05,1.0,-0.16902721937651966
0.9763858297169699,-0.06303659481628088,0.05,1.0,-0.16902721937651966
1.0061423531655225,-0.09267766584429833,0.05,1.0,-0.1818402626229737
1.0177677804936212,-0.13008809765112683,0.05,1.0,-0.17198109150612326
1.016445871865764,-0.16321602541948715,0.05,1.0,-0.19905402695901112
1.0188318010323287,-0.17211437422515743,0.05,1.0,-0.19905402695901112
1.042629113754248,-0.13451131431467248,0.05,1.0,-0.1437020583214064
1.0747685716413464,-0.07404300417039031,0.05,1.0,0.1252314413454476
1.0950525919632743,-0.005353842484946128,0.05,1.0,0.13727238262200595
1.0697914511708275,0.037129062146219305,0.05,1.0,0.14456597513379885
1.030208089471112,0.07044904670234695,0.05,1.0,0.14456597513379885
0.9865824073742723,0.0872226074172153,0.05,0.7640773397845716,-0.11499747215324287
0.9605148311652696,0.08662332774922787,0.05,0.7991835643686789,-0.1204583628016793
0.9371310088560972,0.06292352378511738,0.05,1.0,-0.32229128744641905
0.9160882161846403,0.016206665315562255,0.05,1.0,-0.32229128744641905
0.914268039362945,-0.02753894869227293,0.05,1.0,-0.31903046412240604
0.9321435371129596,-0.09903807981550791,0.05,1.0,-0.35498501365742463
0.9555476824251817,-0.16911146417074052,0.05,1.0,-0.35498501365742463
0.9411242641187896,-0.1983756226687165,0.05,0.9487414496979104,0.14382535683895742
0.9180932407219751,-0.19876467406206422,0.05,0.9487414496979104,0.14382535683895742
0.8959790678410526,-0.16724299182379448,0.05,0.3594606259677617,-0.08181414576470912
0.8960205771868105,-0.1488090871146623,0.05,0.3594606259677617,-0.08181414576470912
0.8749985809682804,-0.16575116861435735,0.05,0.6370701679528744,-0.13779574353061935
0.8234054208818476,-0.19276877743844253,0.05,0.9809113163717577,-0.14896502587417382
0.7675904013998021,-0.24399570461076212,0.05,1.0,-0.1817125284326201
0.7751682780572708,-0.21021053384516353,0.05,1.0,-0.1817125284326201
0.8240558027996041,-0.1224428304856384,0.05,0.9999999999999999,-0.1806373328402238
0.8719866838846672,-0.05503223156023723,0.05,1.0,-0.17392678559690192
0.8857536481991486,-0.07680344880002869,0.05,1.0,-0.17861647908163492
0.9134983616772608,-0.10619402124005685,0.05,1.0,-0.1764126990816439
0.9504445456659947,-0.13867771687918232,0.05,1.0,-0.1764126990816439
0.9891800393926029,-0.14434903723524722,0.05,1.0,-0.17892830580608943
1.014232259958746,-0.14692851820057,0.05,1.0,0.094590892381279
1.0323049550086407,-0.1381855923365712,0.05,1.0,0.094590892381279
1.0384996244679963,-0.11043130744745541,0.05,1.0,0.0015087986835478882
1.0428482229084446,-0.07593738598833959,0.05,1.0,-0.011367827915041413
1.0436081020230454,-0.036822303599971455,0.05,1.0,-0.0092246547801433
1.0305705523300865,-0.027544095206304253,0.05,1.0,-0.0092246547801433
1.017588842888992,-0.024802685777984515,0.05,1.0,-0.06540130440242292
1.0072031572264808,-0.025493748435246093,0.05,0.9999999999999999,-0.13281764667359608
0.9986591989845779,-0.03196633137081981,0.05,1.0,-0.13041802860797944
0.9895808079904591,-0.0467497823494336,0.05,1.0,-0.13041802860797944
0.9831430921248673,-0.06673231909365064,0.05,1.0,-0.13850602777174706
0.9871942927003816,-0.07361593213263368,0.05,0.9784712595300663,-0.14709668069882073
0.9888576182241039,-0.08446320293398542,0.05,0.7631616738888305,-0.1096806709234671
0.9870636789359469,-0.08613366391233852,0.05,0.7611271973791592,-0.11561831974580948
0.986428424498265,-0.0740355418023111,0.05,0.7611271973791592,-0.11561831974580948
0.9836613688652591,-0.04348777671152869,0.05,0.7681558496481103,-0.11570506158498052
0.9761778702886976,-0.00208511782725829,0.05,0.8058369725189369,-0.12169131351451927
0.9577981982492337,0.02679719048527702,0.05,0.8058369725189369,-0.12169131351451927
0.8617023733706327,-0.057058535206237805,0.05,0.7596268772819159,-0.11671443748002444
0.8064017139860306,-0.08712669402131168,0.05,0.79709744299132,-0.11860812512655383
0.7533716207356902,-0.1236271723841992,0.05,0.8092103808980947,-0.12208527046029194
0.7636397614562968,-0.08180967765008831,0.05,0.8092103808980947,-0.12208527046029194
0.7562674363835825,-0.07832201116119349,0.05,0.7859614717680773,-0.12006034960004272
0.7360954186187905,-0.11060263849647732,0.05,0.7612018663393455,-0.11599274606187161
0.7081331942789034,-0.15765099821215742,0.05,0.7650758451286389,-0.11667171890703286
0.7280993282149713,-0.14939527872819836,0.05,0.7650758451286389,-0.11667171890703286
0.7553260707601711,-0.12467392923982891,0.05,0.7900354732963752,-0.12175420929505157
0.797427221673435,-0.07730799765850811,0.05,0.7688645775186543,-0.11704416764565152
0.7962844327082415,-0.08651951127192102,0.05,0.7743152528263397,-0.11889047172529978
0.8136430468293613,-0.06719622164069679,0.05,0.7743152528263397,-0.11889047172529978
0.828324034290005,-0.054138776489237525,0.05,0.7912567660903673,-0.12467235575836481
0.8132677881864988,-0.07450906839959963,0.05,0.7451469497989957,-0.11972202593992386
0.7994086839375766,-0.08453870009179898,0.05,1.0,-0.1710320440789317
0.7866687865994012,-0.09824196751225454,0.05,1.0,-0.1710320440789317
0.8046071400884944,-0.07458935769914257,0.05,1.0,-0.09865030780955175
0.8098037843202708,-0.07542829999165472,0.05,1.0,0.03603592562724862
0.8325164461923489,-0.055518537718984705,0.05,1.0,0.03461574735023233
0.858756481437354,-0.045116403755421135,0.05,1.0,0.03461574735023233
0.8896383002812603,-0.049838167993516785,0.05,0.9132278233000959,-0.13146849647946207
0.9280351966626936,-0.042928870679380296,0.05,0.8337825503652652,-0.12567664011034396
0.9588036633999785,-0.02980516559962811,0.05,0.7830395761486069,-0.1436618211577272
0.9566507816131685,-0.03868882975553366,0.05,0.7830395761486069,-0.1436618211577272
0.9418239292359438,-0.03671585392762586,0.05,0.7602894775738216,-0.07234002582231988
0.9184553836522983,-0.022687515650152115,0.05,0.7652858065309657,-0.11295052417423064
0.9006619840919661,0.00810615840061048,0.05,0.7644978488690293,-0.11467564210836263
0.8652928238394486,0.009286056689044883,0.05,0.7644978488690293,-0.11467564210836263
0.8280513857432351,-0.008947904994635915,0.05,0.7655023615184383,-0.11481387600501998
0.7896407421982137,-0.038457370407469764,0.05,0.9169097530601741,-0.14593280727760938
0.7680176400295614,-0.061571320014780814,0.05,0.9964170742301791,-0.08236088781549297
0.7653214358081935,-0.07193756332169217,0.05,0.9964170742301791,-0.08236088781549297
0.7876772764140366,-0.07226750101386015,0.05,0.9533143180793828,-0.0811901432910388
0.8215120962455303,-0.07770574344457697,0.05,0.9317635847389335,-0.07905041465137569
0.8620055082623935,-0.0833203197653624,0.05,0.8417437880124508,-0.08811812067668714
0.8996364022333718,-0.08126773647642097,0.05,0.8417437880124508,-0.08811812067668714
0.9321778183292782,-0.06266129359286302,0.05,0.8318384378917986,-0.10101019181800248
0.9446258226037195,-0.05050804721030051,0.05,0.9648581013807171,-0.14445740902072324
0.952159906447384,-0.038088788583005684,0.05,0.7607202360439986,-0.11975629012770315
0.9403389438265202,-0.03569635086966378,0.05,0.7607202360439986,-0.11975629012770315
0.9319272981521854,-0.023125469101826453,0.05,1.0,-0.15562643982834512
0.9046513775139181,-0.0334198124172956,0.05,1.0,-0.17248533221862478
0.8926073790908874,-0.041072688484733,0.05,1.0,-0.17710860686772278
0.8900889944923286,-0.06292217284789536,0.05,1.0,-0.17710860686772278
0.9068939232155,-0.08178867559861137,0.05,1.0,-0.18774143380386307
0.930403063079711,-0.10291217899806869,0.05,1.0,-0.18290431662559456
0.9628977187399433,-0.12449855186469776,0.05,1.0,-0.15708592274796054
0.9926463281585347,-0.13318905750703494,0.05,0.8839383418327772,-0.14631879486248198
1.0229639258345549,-0.11725013258726932,0.05,0.8839383418327772,-0.14631879486248198
1.03572323727884,-0.08867841814106547,0.05,1.0,-0.2198915000897359
1.0305005737773325,-0.08998083136609686,0.05,1.0,-0.2155479567614559
1.03021453889081,-0.07936581388693474,0.05,1.0,-0.2155479567614559
1.0196609771724878,-0.09412354720467288,0.05,1.0,-0.1706021804583254
1.030185742564812,-0.08631464797634104,0.05,1.0,-0.19101353695212064
1.0240714285714285,-0.10350000000000009,0.05,1.0,-0.1913862389403825
1.0379015632822373,-0.09619654564092792,0.05,1.0,-0.1913862389403825
1.0397852661121174,-0.09210676363333024,0.05,0.8930841141854093,-0.16538723895878657
1.042785714924359,-0.0687678284038483,0.05,0.8984540205360378,-0.16452896970073505
1.0318582288896572,-0.05308963324469045,0.05,0.9866651964647251,-0.161595495635304
1.0235521708808697,-0.036644120381960674,0.05,0.9866651964647251,-0.161595495635304
1.0005540818820107,-0.04146396726626861,0.05,0.8519315598207001,-0.15740982243025273
0.9754998345949811,-0.05042736633486329,0.05,0.9427008412773905,-0.1551643112725134
0.9584999463468141,-0.038857006807993213,0.05,0.7613388925895628,-0.14520597146659964
0.9466250968518672,-0.02364284607407239,0.05,0.7613388925895628,-0.14520597146659964
0.9366603310441034,-0.010893134993025085,0.05,1.0,-0.10332296091639985
0.9142201457178616,-0.02479945914536036,0.05,0.7883411912899628,-0.12384498194960358
0.8950563921318435,-0.03165957075736083,0.05,0.7764690264168453,-0.12097325603006791
0.8735357142857142,-0.03910714285714294,0.05,0.7764690264168453,-0.12097325603006791
0.8595369157624896,-0.03455346220341012,0.05,0.8306736390614414,-0.1433863498005009
0.8535989788253808,-0.030553732384290804,0.05,0.8116045009752958,-0.13244967181544115
0.8473754515486778,-0.03691060677412441,0.05,0.9564427128419479,-0.11598788245893679
0.8502052405846516,-0.04147325313844952,0.05,0.9564427128419479,-0.11598788245893679
0.8497334921411023,-0.047870277506141715,0.05,0.8294805230665134,-0.0780387632257574
0.8546682021466905,-0.048555679785331034,0.05,0.7597838458060613,-0.1100415502981977
0.8548396051847438,-0.046141932359952405,0.05,0.8515951440203641,-0.10150538655564134
0.8570528151380741,-0.03592967520389191,0.05,0.8515951440203641,-0.10150538655564134
0.8509496577670191,-0.04165604989208341,0.05,0.8256053908934953,-0.08410204286772366
0.844918501198183,-0.05024275278085777,0.05,0.6154731926692093,-0.1365768545264668
0.7996456669448087,-0.11501485576349992,0.05,0.5352013797293418,-0.14053577758490443
0.7593793283270754,-0.1457070266404435,0.05,0.5352013797293418,-0.14053577758490443
0.7356445730704118,-0.14509069720308074,0.05,1.0,-0.0003255230133454349
0.7483433102996366,-0.084243815154584,0.05,0.9999999999999999,0.009815463600396762
0.7848581646520277,-0.0030165492454045607,0.05,1.0,0.011249231989074501
0.7855263961735606,-0.007750357611157552,0.05,1.0,0.011249231989074501
0.7897137339516254,-0.027213805476414787,0.05,1.0,0.07092324028564401
0.8129277553963694,-0.0430087396750856,0.05,1.0,0.03250796420117787
0.8471997395026108,-0.03830299661413013,0.05,1.0,0.035045344371522534
0.8957243446463056,-0.023704916493813115,0.05,1.0,0.035045344371522534
0.9394810627734267,-0.0076610804157876125,0.05,1.0,0.053737767228521416
0.9761769480906566,0.004758409635537669,0.05,0.9999999999999999,0.029660378990101988
0.9997315857059432,0.0061609109273140315,0.05,1.0,0.01850813700513863
1.0108206792551795,0.0011703219249933608,0.05,1.0,0.01850813700513863
1.0178924770768,-0.005393186533439934,0.05,1.0,0.021167099377062407
1.0200982158826686,0.004241057055982747,0.05,1.0,0.07837382720244054
1.0173031538644894,0.022429940110839555,0.05,1.0,0.04403501132644915
1.008624088026322,0.04268886796051682,0.05,1.0,0.04403501132644915
0.9934113444526573,0.06271310415126724,0.05,1.0,0.21440630629002624
0.982571530758226,0.09267811158798275,0.05,1.0,0.27628214261921347
0.9781607368433596,0.1463057369625321,0.05,1.0,0.2622214634537053
0.9802410998509686,0.20082292548435163,0.05,1.0,0.2622214634537053
0.9800540824966013,0.2368380387082925,0.05,1.0,0.2907013609869786
0.9725534028324153,0.24026766981379483,0.05,0.9999999999999999,0.3003869764707067
0.9699262709640479,0.2177920533435121,0.05,0.9999999999999999,0.296575864866495
0.9899836878777402,0.17968565004112666,0.05,0.9999999999999999,0.296575864866495
1.0217687229592018,0.15415992509028487,0.05,1.0,0.2677803213185241
1.0562728475063519,0.12313725501890654,0.05,1.0,0.2423603867587052
1.0727489897364375,0.12014367497526485,0.05,1.0,0.23016619192511212
1.083277155840286,0.11288346394517274,0.05,1.0,0.20442613740346793
1.0905547868406613,0.10581879517856708,0.05,1.0,0.20442613740346793
1.0889195058482668,0.10247400472153657,0.05,1.0,0.18070734762162002
1.0900716967414366,0.08094640473409445,0.05,1.0,0.17923019301566812
1.0822770777967132,0.0733587655372954,0.05,1.0,0.17923019301566812
1.0822722542680236,0.05187499999999992,0.05,0.7870194349765235,0.15023158493735886
1.0722600109063605,0.04722232436588149,0.05,1.0,0.3566575143289591
1.0628215818077802,0.05798130005720815,0.05,1.0,0.37163464152979425
1.0559834610754175,0.08362571966671824,0.05,1.0,0.37163464152979425
1.0632853885497637,0.1062847805093232,0.05,1.0,0.27681933106800805
1.0663995352993745,0.12416439678284175,0.05,0.6691690349122648,0.1341892209226382
1.0550715152111199,0.11823059121903527,0.05,0.6557047177541174,0.12996882051088646
1.0400149525240958,0.08027982751216711,0.05,0.6557047177541174,0.12996882051088646
1.0208765900691463,0.03526913745827365,0.05,1.0,0.3846914567096117
1.0007340219400225,0.019215413164013512,0.05,1.0,0.27826621859486816
0.9809245176341755,0.04057991620344462,0.05,1.0,0.3074772728625981
0.9709575431779442,0.06924402839195672,0.05,1.0,0.3074772728625981
0.9644106666189999,0.09723197900281226,0.05,0.9133054381026966,0.20506826273956835
0.9723301910972295,0.10691053717037806,0.05,1.0,0.3534041751590559
0.9778549106078664,0.11864179976162088,0.05,1.0,0.36592945750158457
1.0054685589220371,0.12833341279395455,0.05,1.0,0.36592945750158457
1.0338167549957078,0.15827954054988547,0.05,1.0,0.29501938231980135
1.0693169587505962,0.16589524618502613,0.05,0.9700426204779309,0.24968507405085663
1.0865002979879852,0.15483891961476107,0.05,0.8840979589916638,0.20948840819929915
1.098909028862317,0.11701430449088582,0.05,0.8840979589916638,0.20948840819929915
1.1031783819865781,0.08094847454495599,0.05,0.9368953781872864,0.2638214812924272
1.1048412804834442,0.059203407709361285,0.05,1.0,0.33913853956341244
1.1050008046634718,0.0532134235748515,0.05,0.8280110277587206,0.17876357736744464
1.0903913987176583,0.06279115023418219,0.05,0.8280110277587206,0.17876357736744464
1.0681981051935046,0.06984170750172869,0.05,0.890644617543096,0.16212952681274348
1.0500563440309005,0.05019718473570006,0.05,0.9049967337063601,0.1677904975762445
1.0302151498897432,0.039303631026878755,0.05,0.8887888584011728,0.1733656466404386
1.0118406809565819,0.03716066617391089,0.05,0.8887888584011728,0.1733656466404386
0.9928271319400565,0.0382105845920909,0.05,0.9255430447147167,0.1434388204156069
0.972786215315455,0.04187607914097985,0.05,0.8852254133944343,0.138013653488963
0.9509286480686695,0.04557162017167374,0.05,0.8951775438106738,0.14440604927627165
0.9363299905826816,0.04960732166698447,0.05,0.8951775438106738,0.14440604927627165
0.9252497764850334,0.043892860335928006,0.05,0.7628434120325713,0.13057083014193693
0.9142861682538169,0.03040186137563607,0.05,0.7665350863501559,0.12502634202868998
0.8930710400348129,0.025910538645874236,0.05,0.7665348768105369,0.12502623163909518
0.8744025400750849,0.01708972945593222,0.05,0.7665348768105369,0.12502623163909518
0.8539672073510832,0.02458643899125203,0.05,0.7673002285346683,0.12605928531340105
0.8142896581318838,0.05951465276784428,0.05,0.7640643748962272,0.12108805417049517
0.810072391716442,0.042070454355782785,0.05,0.8162475137556972,0.13182426857857726
0.7865368234263441,0.06557048374792893,0.05,0.8162475137556972,0.13182426857857726
0.7982318533244316,0.04307181177648748,0.05,0.8053377702123358,0.12585949049348336
0.7931002315753082,0.0669239884599794,0.05,0.8396237991514897,0.13799139652630424
0.8089101140169982,0.06589199675769741,0.05,0.8903240053698045,0.14772178836239272
0.8268355865522174,0.07679468139008097,0.05,0.8903240053698045,0.14772178836239272
0.8564623220926905,0.07596360499213266,0.05,0.8862626750617354,0.1444389636064581
0.8773290157757294,0.08536466767227494,0.05,0.8305037784075137,0.14937480544017895
0.9009271402332848,0.07776696264580293,0.05,0.8490691555015503,0.15135642981058106
0.9080753584880921,0.07956006091019611,0.05,0.7949591326225419,0.15484614702331373
0.9073063528864836,0.07201425212478088,0.05,0.7949591326225419,0.15484614702331373
0.8779309777751295,0.10702320353929563,0.05,1.0,0.2825381626415111
0.8642143708719807,0.13303536833257817,0.05,1.0,0.2709992971473454
0.8664986887903494,0.15414244504839547,0.05,1.0,0.2709992971473454
0.9060335069982594,0.13485824650087022,0.05,1.0,0.26479501813496154
0.9402836814123424,0.13539212530844322,0.05,1.0,0.3094029936094244
0.9726420346862149,0.16855254335776856,0.05,0.9999999999999999,0.2559791815138709
1.0103731491416308,0.1896778075822603,0.05,0.9999999999999999,0.2559791815138709
1.0379613040265976,0.19723385011380282,0.05,1.0,0.266971753286489
1.0650869919038477,0.1840458747183039,0.05,0.9999999999999999,0.29384965943739016
1.075357087942214,0.17632132789405924,0.05,1.0,0.29483172557676746
1.0910435704065815,0.15905428639561217,0.05,1.0,0.29483172557676746
1.1024096610967986,0.144272298852631,0.05,1.0,0.2621390274258106
1.1134279176201374,0.11782322654462234,0.05,1.0,0.28461871990696613
1.1211428358547022,0.10164313388886893,0.05,1.0,0.27118077464404516
1.1255618966318648,0.0881356237485697,0.05,1.0,0.27118077464404516
1.1248035522692321,0.08223237276921418,0.05,1.0,0.2257179466190052
1.119555130496961,0.076767098677154,0.05,1.0,0.22932038065804292
1.1095542684743742,0.07159012216924904,0.05,0.9568513008240366,0.2186002766145171
1.0957954237944805,0.07037575400846388,0.05,0.9568513008240366,0.2186002766145171
1.0844653522889842,0.06783935681926553,0.05,1.0,0.1780834058600499
1.0733764484633175,0.06538451485419987,0.05,1.0,0.11358323631520167
1.0560728184278612,0.06346723915920491,0.05,1.0,0.1107683127630491
1.0437333730987175,0.05437813152400827,0.05,1.0,0.1107683127630491
1.0326812023128278,0.04706929542203139,0.05,1.0,0.16479448008580283
1.0209566371285357,0.05081456766917285,0.05,0.8715194131670974,0.14046846886790298
1.006807386580479,0.05303557031771769,0.05,0.884416403017168,0.14226151190402886
0.9950289080473471,0.04357242731639857,0.05,0.884416403017168,0.14226151190402886
0.9812712365399062,0.02705513868517384,0.05,0.8117653276589855,0.13529394218946536
0.9592539780921844,0.014215043446130289,0.05,0.7543256857027374,0.10105805347859069
0.928592861570371,0.002876637541571717,0.05,0.7543256619113202,0.1010580380057635
0.8922290403559133,-0.001350188498326529,0.05,0.7543256619113202,0.1010580380057635
0.8541185208596712,-0.0005309913412686004,0.05,0.7494451804263509,0.03149804136780863
0.8207205224948143,-0.0016977415778557455,0.05,0.7512125944713371,0.01452213387705035
0.7900962045004886,-0.00241055338370965,0.05,0.7512138607390456,0.014521720540028132
0.7669123618710438,-0.003919107391910824,0.05,0.7512138607390456,0.014521720540028132
0.7493061257330854,0.003659139131263922,0.05,0.7652250636082256,0.0007724790471963116
0.7330924455738134,0.017746983770450697,0.05,0.7598310481609964,0.0009275796414787497
0.7208944612652131,0.028034243840221157,0.05,0.7936632915794417,-0.0035893606097122666
0.7101529781564105,0.04040915892642088,0.05,0.7936632915794417,-0.0035893606097122666
0.705214017409969,0.043643554734080534,0.05,0.7590016028760955,-0.020909386683939605
0.7119534661848711,0.03720777581004846,0.05,0.7735155824764113,-0.03718067751272871
0.7220882179386309,0.02594743163340716,0.05,0.8093556214171906,-0.05801240459171721
0.7359711552228121,0.015314478315337266,0.05,0.8093556214171906,-0.05801240459171721
0.7491522804074224,0.0049166407947841455,0.05,0.7603185532758838,-0.04710577591690179
0.7595710224563745,-0.004767360780013433,0.05,0.7616304920337027,-0.07293666340641691
0.7621071496680532,-0.018821019916804814,0.05,0.7569641017509423,-0.10851418129197159
0.760197362932062,-0.03769872318236003,0.05,0.7569641017509423,-0.10851418129197159
0.7569999999999999,-0.0604064238639892,0.05,0.7631224246543376,-0.11862167803842537
0.7611234087441594,-0.09103003122914093,0.05,0.9403338427664133,-0.20699974994921352
0.7753898800300372,-0.1283521949794985,0.05,0.9397143878320872,-0.20776921282451255
0.8020928079537323,-0.16091400399475325,0.05,0.9397143878320872,-0.20776921282451255
0.8355886606078665,-0.18664265345649592,0.05,0.9786640507920624,-0.20013995932146805
0.8516951445923876,-0.17578844274117614,0.05,0.9043104307054497,-0.21655656467685866
0.8584994397224838,-0.15875056027751627,0.05,0.8840380977780141,-0.20460292947766373
0.8588930896732648,-0.1511074528976867,0.05,0.8840380977780141,-0.20460292947766373
0.8668014222118926,-0.16679959863410457,0.05,1.0,-0.2775675145789433
0.8832221315090044,-0.20312213210493077,0.05,0.7678758195329736,-0.1746104308095672
0.8959988556033711,-0.2189829398476523,0.05,0.919306710358395,-0.20096000401069977
0.9477018128292531,-0.16486163619460809,0.05,0.9208170058391149,-0.18454210690899997
0.9961683403459003,-0.09624572839314882,0.05,0.9208170058391149,-0.18454210690899997
1.0375225973460822,-0.038782844615861595,0.05,0.9254571816112044,-0.15714666849755837
1.030591262295082,-0.043570619970193826,0.05,0.9571247163854445,-0.1711305040960734
1.0194117000357525,-0.04526147509236095,0.05,0.9571247163854445,-0.1711305040960734
1.011821612472585,-0.03900214551349298,0.05,1.0,-0.18910652053878618
1.0109766488105179,-0.033922725428905565,0.05,1.0,-0.22312945564054074
0.9986803008638664,-0.06663788501638376,0.05,1.0,-0.25005029799957784
0.9982308939793229,-0.09606018590286315,0.05,1.0,-0.25005029799957784
1.0094236690587448,-0.11939280498998672,0.05,1.0,-0.2138677289275479
1.0336596788422105,-0.11823084855276342,0.05,0.9178241865849909,-0.17292297224064854
1.0434795077568835,-0.11079098448623326,0.05,0.9696846099489042,-0.17220105137542369
1.056160611262099,-0.08235755495160453,0.05,0.9696846099489042,-0.17220105137542369
1.0628918199592279,-0.06517871448838243,0.05,1.0,-0.3354368915401133
1.0690772747865895,-0.06523408960846973,0.05,1.0,-0.26188401805169986
1.076600568202144,-0.08370387456624662,0.05,1.0,-0.26923597610435795
1.0960346026332108,-0.0658037196489053,0.05,1.0,-0.26923597610435795
1.0980525398822014,-0.0756771151278139,0.05,1.0,-0.26549394442553753
1.0965029729616957,-0.08303160876718217,0.05,0.9469443578740513,-0.28746822962216934
1.0860897931815472,-0.10381930355227093,0.05,1.0,-0.3794209122473722
1.0991577330925217,-0.10032358165540106,0.05,1.0,-0.3794209122473722
1.1088181528320777,-0.1083766985315153,0.05,1.0,-0.3575096084042348
1.1239438362166607,-0.11809068025467083,0.05,1.0,-0.3718143973817305
1.1279655678812286,-0.1376191466291734,0.05,1.0,-0.36374231007208047
1.1294315749964252,-0.151043426195129,0.05,1.0,-0.36374231007208047
1.1336423239000084,-0.1600717840666612,0.05,1.0,-0.39631093667967565
1.143713073870137,-0.1494022051987987,0.05,1.0,-0.3999311954865574
1.1504284040917057,-0.14374687637850672,0.05,1.0,-0.40277572024809705
1.1486952464683793,-0.15234125588603453,0.05,1.0,-0.40277572024809705
1.1187152586525508,-0.19309806323545198,0.05,0.8409144372729068,-0.4087296431398811
1.0519195898591145,-0.27123069530858906,0.05,0.26904290673650194,-0.19272629655453186
0.9361814662725138,-0.39841088797635094,0.05,0.2593406591265436,-0.18607407154795638
0.8716785524809841,-0.3855049893893513,0.05,0.2593406591265436,-0.18607407154795638
0.8115608778716961,-0.32257071346821026,0.05,0.4160660666401559,-0.3133017192552047
0.7793787105253746,-0.21824014699045108,0.05,0.4990016107349124,-0.37969830222620593
0.6645591295951938,-0.2618187580460593,0.05,0.4971460065168843,-0.39183001924659067
0.5812878442828185,-0.31227910456659125,0.05,0.4971460065168843,-0.39183001924659067
0.5055082300172855,-0.34780379537462014,0.05,0.4595443614776013,-0.3623886907565074
0.46814607665538444,-0.3456006548839206,0.05,0.43310027264966877,-0.36597274054579376
0.4484681380436466,-0.33073002407599444,0.05,0.4351142822986012,-0.3670441451446048
0.4306440372278266,-0.3422666076411248,0.05,0.4351142822986012,-0.3670441451446048
0.41330829677926906,-0.36199418909576375,0.05,0.4167584168700398,-0.3676300833669718
0.3958038822912195,-0.3855333828158536,0.05,0.37791762093424974,-0.384722763915039
0.38237616248569245,-0.3950888705408242,0.05,0.37791762093424974,-0.384722763915039
0.37637299461256984,-0.3976117265998404,0.05,0.37796947571274825,-0.3851241515353159
0.36859051436603607,-0.39596873957688106,0.05,0.370875228006692,-0.33053543490527026
0.366375697391636,-0.38069832149158367,0.05,0.27905131713758297,-0.4161224287648036
0.3483448342133177,-0.37967885236523136,0.05,0.27905131713758297,-0.4161224287648036
0.3253294119401204,-0.3805128675374248,0.05,0.27046963576083966,-0.43196252805297347
0.2992179939456057,-0.4003361440183063,0.05,0.3076623418122973,-0.36739975812299924
0.28127962126269607,-0.4090721949358639,0.05,0.33338040529535423,-0.32809216583674244
0.27832062788286194,-0.3993784251677573,0.05,0.33602337065556054,-0.3255460936913491
0.28721735335819554,-0.3743058895018409,0.05,0.33602337065556054,-0.3255460936913491
0.29617639648332794,-0.3509181453486295,0.05,0.2789297833774185,-0.31021009455813386
0.2993585498480424,-0.3310026860735356,0.05,0.2499380669768594,-0.318151114408763
0.2870734199082623,-0.3262327172812296,0.05,0.26357430256325254,-0.3058872373143529
0.2702551682821273,-0.32244735147895137,0.05,0.26357430256325254,-0.3058872373143529
0.2602461622610914,-0.3057121084761122,0.05,0.3396432932882416,-0.13694750064293426
0.29627384612634505,-0.22468505922801008,0.05,1.0,0.2520264000147139
0.3299753057538949,-0.14551409567176463,0.05,1.0,0.2324160554808569
0.36783186819081215,-0.06403346484849938,0.05,1.0,0.2324160554808569
0.3868386628600038,-0.02669790375262263,0.05,1.0,0.3248215464852407
0.4196056397607302,0.024190301708729454,0.05,1.0,0.32348582552462785
0.4825645268941515,0.10152747220004044,0.05,1.0,0.31702588748792
0.551953628407221,0.1867452498628764,0.05,1.0,0.31702588748792
0.6045492376376901,0.2485516785084163,0.05,0.9999999999999999,0.30894273218144147
0.6229711119056132,0.24013807651054694,0.05,1.0,0.31691191111424016
0.6374788922726677,0.21521765378976593,0.05,1.0,0.2652287004141362
0.6727930578394222,0.20091174840923706,0.05,1.0,0.2652287004141362
0.7282825799933239,0.21606223772680663,0.05,1.0,0.31171213149393145
0.7944202862283869,0.25027604743860143,0.05,1.0,0.37268213436700875
0.854203589691631,0.28542245181361964,0.05,1.0,0.37041621715599476
0.9085491028864947,0.31752855806359337,0.05,1.0,0.37041621715599476
0.9832584206854608,0.3040024103820835,0.05,1.0,0.36010907656233226
1.0737973328167838,0.23382844498748354,0.05,1.0,0.3396292771202053
1.1548458310483776,0.14926099759185513,0.05,1.0,0.3116837255335621
1.2019235442970064,0.10165578615114981,0.05,1.0,0.3116837255335621
1.2007341917723329,0.1025894270187815,0.05,0.9922008350740326,0.2541056044403317
1.1839771818181817,0.10357463636363627,0.05,1.0,0.30267394940825487
1.1628932506230103,0.09307988839472013,0.05,1.0,0.30356873824315256
1.1449420493972886,0.07558815919686176,0.05,1.0,0.30356873824315256
1.1240971700867535,0.06217757340673999,0.05,0.6318505296374003,0.2766362231650706
1.080132348474019,0.08726666249731962,0.05,0.3957380491408577,0.27296873650515224
0.9950793897771577,0.15825814643917435,0.05,0.40003203793380315,0.2716412784012223
0.8588123749046892,0.2970336848908691,0.05,0.40003203793380315,0.2716412784012223
0.7653063002241457,0.35880818698285516,0.05,0.6936706804428602,0.39508215225851656
0.6940531957687723,0.39602818087008335,0.05,0.5643460782139179,0.4049371974678002
0.6957811773507075,0.31632956252458894,0.05,0.5679611608357916,0.4065008403122879
0.6328407498331585,0.35063909214415095,0.05,0.5679611608357916,0.4065008403122879
0.6023334729892529,0.3446507657716759,0.05,0.5482192839020071,0.40896028479403906
0.5346149493072184,0.41034956723495,0.05,0.5120934471360102,0.3734196323150193
0.5094493273836475,0.4193390069823415,0.05,0.5197406375935185,0.3788959887097561
0.49626299696012394,0.41612867467366027,0.05,0.5197406375935185,0.3788959887097561
0.5016770932672133,0.3817936296013732,0.05,0.4698130272830811,0.35119691427455224
0.5042092383205979,0.33807608598471744,0.05,0.42560690723610956,0.31517931174887176
0.48288196241013837,0.32041189540886267,0.05,0.4184719209235726,0.3127073871174561
0.4512343671776288,0.31368248325267595,0.05,0.4184719209235726,0.3127073871174561
0.4294917227131256,0.306153217007119,0.05,0.41342478251858333,0.29970880758573754
0.4070816994730316,0.3248813471672468,0.05,0.4877537961456446,0.3509286211954323
0.42869411212446346,0.30923012339055783,0.05,0.4731923868303911,0.3409894090455161
0.4423784513590843,0.3190791309012875,0.05,0.4731923868303911,0.3409894090455161
0.4615685306952177,0.3301997722747486,0.05,0.3951986461545117,0.2904811635988403
0.4616533326976256,0.31612057785830067,0.05,0.3843917284333637,0.27404241006252283
0.4347033676982085,0.32273221156136833,0.05,0.3820794505039212,0.2730892367275699
0.4118430324741899,0.2982287618320974,0.05,0.3820794505039212,0.2730892367275699
0.3928661164412132,0.27601630266372673,0.05,0.29401044901048196,0.21328732669270842
0.35526804298844816,0.26598201512821423,0.05,0.2544358270789417,0.18523518726368754
0.31592343219075997,0.24767773472429203,0.05,0.38482285912848235,0.19795880431547064
0.2702756632975363,0.25088250157927977,0.05,0.38482285912848235,0.19795880431547064
0.2682656233236777,0.21251066140971991,0.05,0.44024818960889667,0.12492979417302225
0.2848352966945202,0.16629808024698708,0.05,0.24229304094606763,0.17111149288648117
0.29003193391503357,0.1470050064368473,0.05,0.368348737015713,0.18123871162958088
0.2930080126293946,0.15181876401278435,0.05,0.368348737015713,0.18123871162958088
0.30332831969998686,0.16306144992428118,0.05,0.7018410345667679,-0.0735162152504173
0.34067848116356697,0.12818032904148777,0.05,0.7015244920269761,-0.28898384054874177
0.37836400751897614,0.074713152846129,0.05,0.830893716798495,-0.28321619420489924
0.4147413021069189,0.01399917326071922,0.05,0.830893716798495,-0.28321619420489924
0.4573052747645726,-0.04421095184169755,0.05,0.8341743099943847,-0.29116752559084147
0.5137922814272775,-0.11337758318634703,0.05,0.7862014121331855,-0.29672886450542146
0.5776292284495088,-0.18619836166205786,0.05,0.7871754584993599,-0.29671675412409326
0.6244715419541668,-0.22984550516606495,0.05,0.7871754584993599,-0.29671675412409326
0.6406742999320206,-0.22033052272537543,0.05,0.7034309125102982,-0.2718176510943346
0.6542194862185254,-0.19908730948437153,0.05,0.7883877599339849,-0.22948210496463406
0.6722077302455236,-0.18523029913155364,0.05,0.6092221945640638,-0.24965117368139864
0.7034018475578497,-0.19727137701028846,0.05,0.6092221945640638,-0.24965117368139864
0.7233192093342075,-0.22318985962925442,0.05,0.3067309590387178,-0.21791562496041172
0.7262418745827769,-0.23757823973631517,0.05,0.1892537053901885,-0.1336866662733874
0.7629043104681094,-0.15744249332634197,0.05,-0.4253226534338835,-0.018842871669299478
0.7014597264437689,-0.13582874873353606,0.05,-0.4253226534338835,-0.018842871669299478
0.6264065946841871,-0.04154330574866158,0.05,0.1782966994737531,0.1279730177571016
0.47937168299835486,-0.057523469351262506,0.05,0.5684039383536413,0.5258358651391922
0.43975537777009543,-0.0416310647060928,0.05,0.5682218206855973,0.5279323223421439
0.3971329555205949,0.040889525529176116,0.05,0.5682218206855973,0.5279323223421439
0.3792499999999999,0.13224794514828325,0.05,0.5449898663906192,0.5569550347609692
0.37659438435147236,0.2632188065853425,0.05,0.44943022647436276,0.4869986965154507
0.38078358475940605,0.33535916164808294,0.05,0.4436460433471048,0.5010221917206529
0.3824276925002085,0.3645025727275977,0.05,0.4436460433471048,0.5010221917206529
0.3811019052842426,0.43132791634872175,0.05,0.525586126090492,0.7269904029249379
0.3990731756370223,0.4425598541820608,0.05,0.4416890901113403,0.6705343793270748
0.436115234375,0.4770090460526315,0.05,0.38563825203546725,0.4955076213894751
0.4551688001454441,0.5019808463776063,0.05,0.38563825203546725,0.4955076213894751
0.4313507663554744,0.5008175009836534,0.05,0.31305701155790666,0.48879145924093503
0.39850704678780935,0.50727999952306,0.05,0.40629811304911984,0.583969682859177
0.3750027657570663,0.5148749999999999,0.05,0.3657476720352969,0.4372058938789266
0.36758947368421047,0.5108394736842105,0.05,0.3657476720352969,0.4372058938789266
0.37194178551837626,0.4973771196546542,0.05,0.4624239464943884,0.6309085145766773
0.3858093933271348,0.4873695331497639,0.05,0.42608366492574706,0.6191335685111444
0.4016344479690891,0.4882771737186061,0.05,0.45076622374002634,0.6680989731958487
0.4162021471569912,0.49985647872213607,0.05,0.45076622374002634,0.6680989731958487
0.41841041010592606,0.4976062303177783,0.05,0.35191856485119005,0.4281370070783016
0.4158602462631415,0.49494172408038706,0.05,0.4409422007071606,0.5475001927914861
0.4035935447632215,0.4743799688904251,0.05,0.37648403147196374,0.4271460889980376
0.39216368234985505,0.46980386823498543,0.05,0.37648403147196374,0.4271460889980376
0.3816613199337171,0.45951604019884834,0.05,0.39196495117720065,0.5083896057260983
0.37754635727056013,0.464143542908224,0.05,0.32362547674434966,0.27371851262894
0.368719236133462,0.4565593954511318,0.05,0.2469894585923749,0.19082690911709257
0.34604869528168086,0.43099630394365185,0.05,0.2469894585923749,0.19082690911709257
0.30365664485290605,0.38347975969103126,0.05,-0.3398741109403308,0.24452003091231675
0.2554693342235787,0.329928462418924,0.05,-0.3339261544349219,0.23956050123770295
0.19799959335788078,0.27931109909555635,0.05,-0.33392610719606275,0.23956047937682112
0.13158689896966222,0.25735507298225524,0.05,-0.33392610719606275,0.23956047937682112
0.059824385424241996,0.23850301028862997,0.05,-0.32059745380882576,0.22964156070209146
-0.0791576533226868,0.21959398537684122,0.05,-0.32101992982567495,0.22989336781010436
-0.1563800241972013,0.20712214073712057,0.05,-0.32101992982567495,0.22989336781010436
-0.2182175002980804,0.2075354924287587,0.05,-0.32133891796219766,0.2300499075534231
-0.2691061554046002,0.19966976522464538,0.05,-0.31943861043201643,0.22863828760757993
-0.3086338372398007,0.1924990134481031,0.05,-0.3194404001336363,0.2286396249679876
-0.3331659116647792,0.1908803793884484,0.05,-0.3194404001336363,0.2286396249679876
-0.3341614275324304,0.21190543626001518,0.05,-0.30935255062406647,0.22127610933353545
-0.3292745972930468,0.2209099538912452,0.05,-0.29951869293485583,0.21403479636233674
-0.2992004246885618,0.24860872027180062,0.05,-0.29951869543828524,0.21403479835940384
-0.2904315965184214,0.23465660695123397,0.05,-0.29951869543828524,0.21403479835940384
-0.283504077722554,0.2143767475953802,0.05,-0.29514920490998875,0.2108096526251995
-0.2758132225519642,0.20110306570604491,0.05,-0.2885166342434494,0.20593171534418359
-0.27794539416441205,0.19305581264377397,0.05,-0.2885166310605108,0.20593171316872513
-0.2759908562027611,0.196838424811044,0.05,-0.2885166310605108,0.20593171316872513
-0.2853017073839587,0.18519829261604123,0.05,-0.28363242596298244,0.20227922695854117
-0.28062087561560206,0.1885826337630125,0.05,-0.2649612620786559,0.1886288315176231
-0.2662198641158592,0.2005306782287382,0.05,-0.2649612596742738,0.18862882981768012
-0.2505506973417571,0.21050627309572048,0.05,-0.2649612596742738,0.18862882981768012
-0.24271547136642638,0.1984373979500625,0.05,-0.2378423775718159,0.1693495475275837
-0.24058021589595036,0.18126726213893152,0.05,0.4533057257727714,0.31944924051060325
-0.22960111773472433,0.17443550670640823,0.05,0.4478092139205581,0.28879605725986124
-0.20911597913561852,0.19921971684053644,0.05,0.4478092139205581,0.28879605725986124
-0.17762500446987312,0.23164442159842652,0.05,0.570382494117528,0.2748256482653944
-0.13195431371497365,0.2701044713412235,0.05,0.7500299765491403,0.31159549168369854
-0.08408647678771555,0.2920843308138009,0.05,0.7500223574082963,0.3115869572885814
0.06624617812187093,0.2919318886187002,0.05,0.9341919643560322,0.29265129413070684
0.11264777495023655,0.28628736426809054,0.05,0.9341839596660049,0.29265099072512457
0.1568190251797274,0.2844094283891888,0.05,0.9341839596660049,0.29265099072512457
0.1985556544212333,0.2916729309748652,0.05,1.0,0.35056943112468203
0.24876132828794464,0.31576506167689644,0.05,1.0,0.39474431775506913
0.30186420371231354,0.33884899055827755,0.05,1.0,0.4157846782439788
0.355844304777791,0.36812439830811383,0.05,1.0,0.4157846782439788
0.410342944627971,0.3778133668650343,0.05,1.0,0.3900912513831691
0.45483435309474984,0.3861104918697248,0.05,1.0,0.34967095032886014
0.5105665855561776,0.36101777183430817,0.05,1.0,0.3212453391964741
0.5570212071535022,0.3294813517138598,0.05,1.0,0.3212453391964741
0.6323504570498372,0.2781852915220683,0.05,1.0,0.3454784629481883
0.6865589776140752,0.2624532881562008,0.05,0.9999999999999999,0.33528454309793654
0.7307452948332618,0.267307861922141,0.05,1.0,0.3432667399483293
0.7396622483101463,0.32305553717678187,0.05,1.0,0.3432667399483293
0.8048782269021738,0.2983727072010869,0.05,1.0,0.3186478255652808
0.8535071001895769,0.2969011666726281,0.05,1.0,0.3038910638954415
0.92000986410776,0.2519198921206341,0.05,1.0,0.27255509547550527
0.9557360945528677,0.23997528582839558,0.05,1.0,0.27255509547550527
0.9933128688964407,0.22363215435521364,0.05,1.0,0.268138362109647
1.0233729359165424,0.19709437704918023,0.05,1.0,0.14318083946065385
1.0465492771845353,0.16616839872241018,0.05,1.0,0.15339459564656172
1.0583162877433807,0.13459552620290263,0.05,1.0,0.15339459564656172
1.0714282464514284,0.10454763011429312,0.05,1.0,0.16961826175631856
1.069161884268752,0.08764480711458672,0.05,0.9657807903304215,0.18954775006365138
1.0668572880406275,0.08009465750321865,0.05,0.9657807903304215,0.2156004306148403
1.060811532590808,0.07647036657206221,0.05,0.9086089967857547,0.2204316706388755
1.0546508042495857,0.07117818689114899,0.05,0.9086089967857547,0.2204316706388755
1.0294506669130092,0.07812607576227135,0.05,0.7926971012834354,0.242828337837615
0.9441242576559816,0.16091222005580988,0.05,0.7927066692149919,0.24282649518772112
0.8564969241773963,0.2344453147353361,0.05,0.7927066692149919,0.24282649518772112
0.7643415535988934,0.310637800603293,0.05,0.5973972711196835,0.24051201154654298
0.7068647218214553,0.3119087945795127,0.05,0.5973842303304128,0.24051935768500607
0.6349547561004684,0.33430299390847207,0.05,0.35707332457424446,0.2512782171548255
0.5925891006761026,0.30541539773201526,0.05,0.35707332457424446,0.2512782171548255
0.517502019735273,0.3445686113761029,0.05,0.5138749310610153,0.39953865702190194
0.49691504767580447,0.3201386501787842,0.05,0.48917997393657475,0.3732152419100067
0.4580411362606974,0.34970886373930243,0.05,0.5020188782129064,0.3749559271523322
0.4545222134156515,0.35389562823293835,0.05,0.4488068105793735,0.34506022083811894
0.4549004515379112,0.36789970791607046,0.05,0.4488068105793735,0.34506022083811894
0.4311392067806308,0.38725821054764786,0.05,0.39654049352461074,0.295258209064526
0.43070283553086475,0.34422059559857887,0.05,0.3971045359590363,0.29611826990069984
0.41361564459598005,0.3115029520636131,0.05,0.34307615934689073,0.3006924595150957
0.390306384703414,0.2958290771624069,0.05,0.34307615934689073,0.3006924595150957
0.36363680173092044,0.29214978363493305,0.05,0.281890973820368,0.23033495707690285
0.31827642597449035,0.29741610293241144,0.05,0.2819329226158548,0.2303446858054808
0.2898375758406541,0.2736381819698901,0.05,0.2819329226158548,0.2303446858054808
0.26106301709544355,0.243332078097804,0.05,0.1880701351299259,0.17678358900419963
0.23243040285942546,0.20814848622157558,0.05,0.17844204601774627,0.14333387647818827
0.20459930998509682,0.16976332339791347,0.05,0.17844206139916563,0.14333388626103447
0.17877087554226054,0.14378971462792575,0.05,-0.3160222724090161,0.28472435766657767
0.15823934940161155,0.1328880152457921,0.05,-0.3160222724090161,0.28472435766657767
0.13429121861662807,0.15832004184449575,0.05,-0.35780764488825506,0.29571417794811716
0.10240628648526287,0.20756994746122126,0.05,-0.35807469911825596,0.29596774149139876
0.060308126161986886,0.2581709312580444,0.05,-0.3568288628288039,0.2733529417577685
-0.06528838637632613,0.28919034593772636,0.05,-0.37310096252968605,0.2657657024501401
-0.14623592947151326,0.28074168017787093,0.05,-0.37310080347019864,0.2657655920745471
-0.22142831684348557,0.25931399898676827,0.05,-0.3673436080605885,0.2595672934946742
-0.280660739614995,0.2519468219202574,0.05,-0.3673436080605885,0.2595672934946742
-0.3188620863335082,0.24691229555099892,0.05,-0.37039861151372466,0.2742995804713278
-0.3493679675673743,0.24197699411182752,0.05,-0.370397086757138,0.2742982290025126
-0.37001200808287943,0.2518624450113851,0.05,-0.370397086757138,0.2742982290025126
-0.3985720418539226,0.24229858470323165,0.05,-0.5452259732934193,0.2641341891164948
-0.4126413972788954,0.25451833645350147,0.05,-0.590523401812339,0.24748963676674865
-0.46368338787358593,0.2276039125925395,0.05,-0.5905234278535069,0.24748964593637288
-0.4844049260936942,0.25574274794373575,0.05,-0.4584807251269829,0.25157767252563396
-0.527047704133335,0.24869202810000107,0.05,-0.4584807251269829,0.25157767252563396
-0.5426449645948073,0.25696341463414624,0.05,-0.5473490187959653,0.242040951337662
-0.5730278830681209,0.22521983282674762,0.05,-0.5473490164848153,0.24204094259585004
-0.5621080963505043,0.2456469094896426,0.05,-0.6886054182821693,0.13097338224762411
-0.5580189309477249,0.24154297582991505,0.05,-0.6886054182821693,0.13097338224762411
-0.584006057400012,0.19190319335995698,0.05,-0.7260967652078913,0.014502736729075752
-0.6257123623229868,0.11105534496733888,0.05,-0.7260967652078913,0.22868169958431322
-0.6747717367981881,0.0627341265347478,0.05,-0.7260967652078913,0.22868169958431322
-0.7104629701376886,0.033448389163735985,0.05,-0.683315840769616,0.20660591045109272
-0.7115652849632844,0.07964002598703025,0.05,-0.623498443436999,0.1925103158232015
-0.7105088030687793,0.10391738349011043,0.05,-0.6234984705573965,0.1925103227316607
-0.6843165106991715,0.15895409042141018,0.05,-0.6175259214525289,0.19316417326164007
-0.661436961418815,0.18787108467121955,0.05,-0.6175259214525289,0.19316417326164007
-0.6281185109085922,0.20476011236625186,0.05,-0.5522711889874943,0.1811938164815817
-0.6134839896780654,0.17371844867042507,0.05,-0.5522711889874943,0.1811938164815817
-0.5835839427696122,0.150500083443598,0.05,-0.05,0.05
-0.5891780693281822,0.08272603652428982,0.05,-0.05,0.05
-0.564516381736652,0.05531705048240323,0.05,-0.05,0.05
-0.508470303933254,0.06780901668653151,0.05,-0.05000000000000001,0.05
-0.43530444697493625,0.08315806465075232,0.05,-0.05,0.05
-0.38706762583282683,0.07282604498158535,0.05,-0.05,0.05
-0.3425655424013735,0.05387193449932631,0.05,-0.05,0.05
-0.2812600054204094,0.06741500083390904,0.05,-0.05,0.05
-0.22228233637339062,0.06610081515259887,0.05,-0.05000000000000001,0.05
-0.1672534196974574,0.06789180643469339,0.05,-0.05000000000000001,0.05
-0.12714071775981695,0.06320697881648896,0.05,-0.05,0.05
-0.0834346519458848,0.07630965194588465,0.05,-0.05,0.05
-0.06231296046827692,0.056703026275005286,0.05,-0.05,0.05
0.0576083673080132,0.062018775481009855,0.05,0.05,0.05
0.05314456468610662,0.05744958095896608,0.05,0.05,0.05
0.051996978257759924,0.056673103514041784,0.05,0.05,0.05
-0.05377415653314264,0.06358568788745819,0.05,-0.05000000000000001,0.05
-0.058196922953106606,0.07144461583860921,0.05,-0.05000000000000001,0.05
-0.05623282317784609,0.07062619056123048,0.05,-0.05000000000000001,0.05
-0.05523421218913189,0.06946745869000205,0.05,-0.05000000000000001,0.05
0.0532686874105865,0.058005811874105785,0.05,0.05,0.05
0.051857283746096765,0.05624704133196664,0.05,0.049999999999999996,0.05
-0.09331661815926337,-0.13183681234791744,0.05,-0.7141637480039844,-0.4093328145600965
-0.15798459802530382,-0.21944780499874803,0.05,-0.7621481532272455,-0.34652654154722423
-0.21748388308081112,-0.2856036006771014,0.05,-0.7383059612564955,-0.3939446735609145
-0.254733058171415,-0.2951335081654548,0.05,-0.7383059612564955,-0.3939446735609145
-0.30973832633788045,-0.2945880890489364,0.05,-0.8992544831983449,-0.2969951504244132
-0.3775661246361945,-0.2922530804189132,0.05,-0.81750361480625,-0.3123288194245588
-0.4678679893170546,-0.30839265785959563,0.05,-0.6781269340281197,-0.3295342236252571
-0.5502223389355743,-0.3072923669467788,0.05,-0.6781269340281197,-0.3295342236252571
-0.620853421134384,-0.3141152620290826,0.05,-0.7468746885553535,-0.3553397207432383
-0.6788883480105342,-0.32710957702253424,0.05,-0.8699597733572507,-0.31142950391087476
-0.7264539675966203,-0.33837051757218967,0.05,-0.707661252187603,-0.4090703396139997
-0.7616788059541403,-0.34347440500309867,0.05,-0.707661252187603,-0.4090703396139997
-0.8491194080790739,-0.2538913688879351,0.05,-0.7827285599025138,-0.3154697442609782
-0.8873627318622893,-0.22222965542522002,0.05,-0.5900301854004261,-0.36783595356431104
-0.8873047096570462,-0.22812891304606886,0.05,-0.6209634853245866,-0.30441235560234275
-0.8282847019374069,-0.30315808792846505,0.05,-0.6209634853245866,-0.30441235560234275
-0.7325529386691784,-0.3861616297855091,0.05,-0.5265356393379088,-0.3640746277209081
-0.6847846818398475,-0.3709773593898952,0.05,0.448210150297602,-0.3123185869804473
-0.6234871099899814,-0.35327326642335777,0.05,0.21332168579903482,-0.1511910444681768
-0.5613283803043676,-0.32447907771390416,0.05,0.21332168579903482,-0.1511910444681768
-0.5350695302161447,-0.23218284075871204,0.05,0.1864007892210096,-0.13188023212202893
-0.4716409134242984,-0.19476918906035878,0.05,-0.30594433541456556,-0.2161927732061275
-0.440201910011919,-0.13058590286054833,0.05,-0.3105545755239903,-0.21935195973716334
-0.37647731213356217,-0.14108568985652328,0.05,-0.3105545755239903,-0.21935195973716334
-0.31747789139969496,-0.1789935223588864,0.05,-0.27735796727311285,-0.19677880740281223
-0.269716950877026,-0.21010554656448585,0.05,-0.25588062019498226,-0.18192616864393718
-0.22694264264085268,-0.24820149734150362,0.05,-0.2563419234818084,-0.18224957122813432
-0.23268280383858858,-0.21528151487155045,0.05,-0.2563419234818084,-0.18224957122813432
-0.24220032700975372,-0.19086697380344844,0.05,0.8474616844301442,-0.36548432328948716
-0.23145122965480242,-0.2100557309366244,0.05,0.7287831239468254,-0.36019010775769517
-0.2084974657934257,-0.2585972384448524,0.05,0.683104012291214,-0.3601183192007669
-0.17395804880079951,-0.31106216688874094,0.05,0.683104012291214,-0.3601183192007669
-0.1345160608697726,-0.34186826450813035,0.05,0.7429179490022729,-0.35043021554058706
-0.09303624946354494,-0.3432277281722379,0.05,1.0,-0.3339711814198063
0.09695575011620003,-0.3255162575828001,0.05,0.9999999999999999,-0.34468909557364835
0.16833509107055578,-0.30246242892562974,0.05,1.0,-0.2789106625119046
0.22474098116356694,-0.2796023605150216,0.05,1.0,-0.2789106625119046
0.2884648213051045,-0.23997955558734482,0.05,0.9999999999999999,-0.23323184083356663
0.324376778882254,-0.23587500000000008,0.05,1.0,-0.22637142464944732
0.36689354346478464,-0.2132186859234181,0.05,1.0,-0.2519484769214565
0.40666453111211803,-0.21447915225738756,0.05,1.0,-0.2519484769214565
0.4513594029370395,-0.21417278947242957,0.05,1.0,-0.1944667729187069
0.505821691373779,-0.19712011323927545,0.05,1.0,-0.18031596815241777
0.5520925066471127,-0.17944861602937853,0.05,1.0,-0.18047545027710332
0.6099030122313223,-0.13901682104836507,0.05,0.9427312314606723,-0.16039618087350097
0.6692290499630521,-0.11181062727944516,0.05,0.9427312314606723,-0.16039618087350097
0.725040581377329,-0.10026950987638139,0.05,0.9143499578853872,-0.1487281430892625
0.7673207681259608,-0.1021266642033875,0.05,0.9190032385371286,-0.15152479978399114
0.8123361779118429,-0.10033590219736992,0.05,0.9190032385371286,-0.15152479978399114
0.8437490031232491,-0.10383662397034114,0.05,0.8585266071608649,-0.14519248421433817
0.8812301443075382,-0.08952081198312647,0.05,0.8030633957221203,-0.1294938351164435
0.8971860474124573,-0.08291892624728858,0.05,0.8036726777672232,-0.12948041306835997
0.9135382169308383,-0.0491739194604459,0.05,0.8036726777672232,-0.12948041306835997
0.9081269007555355,-0.02639716555044459,0.05,0.7601532484989267,-0.11190705255679538
0.8409820762307785,-0.08946367862677324,0.05,0.7620457520225022,-0.13165234288112426
0.7732879479186534,-0.15365595049351524,0.05,0.7612290073118572,-0.09412239946679844
0.7404843455771934,-0.16666334499320676,0.05,0.7612290073118572,-0.09412239946679844
0.7633908959709931,-0.09119282847498876,0.05,0.757840397808812,-0.08211272747520058
0.774958202217057,-0.03677915251206875,0.05,0.756996314983116,-0.08560423174552614
0.7640048237404925,-0.034004823740492685,0.05,0.7571828808136685,-0.0853200011692011
0.7554620163521861,-0.04034530426278008,0.05,0.7571828808136685,-0.0853200011692011
0.7551530096595314,-0.04264439806809382,0.05,0.8013558727496941,-0.03699759140827351
0.7616861621615179,-0.03895516602307408,0.05,0.763094743454816,-0.03964489712486976
0.7702676774751147,-0.03652906657924549,0.05,0.8647278356900374,-0.03230996189856686
0.7774136389918812,-0.041419865222523014,0.05,0.8647278356900374,-0.03230996189856686
0.7897967142363221,-0.026456382560177495,0.05,0.7625388059091651,-0.009857223201690562
0.7866289700976888,-0.02734546104360266,0.05,0.7596268402001164,0.0001412346666992713
0.7882006738954195,-0.01082042967166608,0.05,0.7663243537626043,-0.015609604760478887
0.7715552986053165,-0.027079346465609815,0.05,0.7663243537626043,-0.015609604760478887
0.7599471538901601,-0.027990846681922286,0.05,0.762779739209308,0.007294680873553372
0.7495379549951132,-0.027234282257872368,0.05,0.7743437526879302,0.026903971869204214
0.7364788625956928,-0.024593381090362826,0.05,0.9593266065011355,0.05178609614594958
0.7341287505064226,-0.015144464502752645,0.05,0.9593266065011355,0.05178609614594958
0.730783587472281,-0.018179516678986235,0.05,0.9999999999999999,0.12782978339524834
0.7437648100028607,-0.007270418136740817,0.05,1.0,0.1636971717247993
0.7719812365155614,0.016534129784368093,0.05,1.0,0.16681379958623213
0.8344076741468532,0.07481125545513072,0.05,1.0,0.16681379958623213
0.9027358123487981,0.12851675286911124,0.05,1.0,0.16784523066123538
0.9500153422501966,0.14703147128245467,0.05,1.0,0.16422150171868985
0.9666955020446606,0.13210758461795238,0.05,1.0,0.16635404641405904
0.970566702244377,0.10722951499034025,0.05,1.0,0.16635404641405904
0.9826627253863766,0.09953772538637655,0.05,1.0,0.2044189611094838
0.9960424311380098,0.11455794295653822,0.05,0.9862536642723342,0.19458393135070082
1.0025705141958092,0.14766831152113272,0.05,0.9861102712303944,0.1949595119503106
1.0002279313612146,0.1855619763298093,0.05,0.9861102712303944,0.1949595119503106
1.0123541987053395,0.1801039841207395,0.05,0.9477398252927237,0.21463879754231371
1.04938161086345,0.1193682133236387,0.05,0.9313385607441339,0.23042971139784618
1.0817919806147023,0.05414169239848342,0.05,1.0,0.1680080243638391
1.0882056885085691,0.021448865396991774,0.05,1.0,0.1680080243638391
1.0587115838398282,0.0290833690859253,0.05,0.789467855352553,0.12033012721874362
1.034057623754113,0.0245119789927988,0.05,1.0,0.22514000177841792
1.0160114319092122,0.0283148960518786,0.05,1.0,0.22490203483856983
1.0035158396332156,0.04481764970666784,0.05,1.0,0.22490203483856983
0.9942164589792511,0.0790871005246839,0.05,1.0,0.3064915267510136
0.9981608407343386,0.10114470107885785,0.05,1.0,0.25606597565695194
0.9998336279466297,0.1349741048326516,0.05,1.0,0.265012866728136
1.0091404557665138,0.16406588466972039,0.05,1.0,0.265012866728136
1.0230216518416062,0.17814258140865888,0.05,1.0,0.2596525174745517
1.0424812443390379,0.1768652676145301,0.05,1.0,0.31047828980097286
1.065101753612131,0.17375178818368214,0.05,1.0,0.3190214034619549
1.085934754876246,0.16621576195812857,0.05,1.0,0.3190214034619549
1.096675979410327,0.16410127329303614,0.05,1.0,0.3187219380005369
1.1119958877658054,0.1403024458853818,0.05,1.0,0.30002319981978365
1.122182998449797,0.1212606427378964,0.05,1.0,0.3222572419668434
1.1372239393975516,0.10805501782074349,0.05,1.0,0.3222572419668434
1.1444487471831741,0.09928038147869934,0.05,1.0,0.32836318375299894
1.151184365724571,0.08939188798560026,0.05,1.0,0.2813597656007834
1.149439418859649,0.08059636012585802,0.05,-0.36274459522236985,0.2599699825097082
1.131185828940778,0.07766978617597242,0.05,-0.36274459522236985,0.2599699825097082
1.1057461155960457,0.06806196712416966,0.05,-0.28647046231201284,0.2036066937152454
0.9759168231402003,0.18218256437768232,0.05,-0.27380849406254526,0.19563931598506892
0.8530505237022199,0.2681038015356367,0.05,-0.30685115728489504,0.2179010448962446
0.7216984427910526,0.336759774288167,0.05,-0.30685115728489504,0.2179010448962446
0.6810421357191409,0.2838654569684104,0.05,-0.3789674199305175,0.27076212964585217
0.6219561905443101,0.27104217330663033,0.05,-0.4112809128800905,0.296205524271688
0.5656923758865248,0.2640914387031407,0.05,-0.4033197161842437,0.2902239189448187
0.48746242579037713,0.279612344129989,0.05,-0.4033197161842437,0.2902239189448187
0.4033035250181809,0.2906033706291204,0.05,-0.3810976644195757,0.27352655512641616
0.3168530323257366,0.30633265590731373,0.05,-0.39261507593838607,0.2822907736429274
0.2418239416475972,0.3107585097254003,0.05,-0.3925073085837736,0.2822419740489394
0.19110846863600595,0.30036673431800287,0.05,-0.3925073085837736,0.2822419740489394
0.15012573906305873,0.28107219871259975,0.05,-0.4035003262353509,0.2902798670613825
0.10444456380518732,0.2824101894011632,0.05,-0.40261158599343855,0.28953040496963345
-0.09112273139204889,0.2858749999999999,0.05,-0.3912945367427706,0.28140641829502394
-0.1593763053740881,0.28501595655905765,0.05,-0.38294660428125027,0.2751175734769148
-0.23278961256063987,0.2708497934967876,0.05,0.6509563512292521,0.3184147553893985
-0.28673661401123485,0.26243809706966253,0.05,0.7053285102509356,0.3120798475923178
-0.3118173871071544,0.27293767206550096,0.05,0.7053285102509356,0.3120798475923178
-0.3013940586033427,0.29789323307822513,0.05,1.0,0.3735565259544085
-0.26386181528282776,0.3339000551350062,0.05,1.0,0.356470056113749
-0.23049324251818296,0.34539340348157854,0.05,1.0,0.356470056113749
-0.18735532843581554,0.35934269904116767,0.05,1.0,0.4028908668675305
-0.14071665712650264,0.3694379650829993,0.05,0.9999999999999999,0.4289483680897961
-0.08785748396251168,0.3807349044904967,0.05,0.9999999999999999,0.4251445125079426
0.07848534162157003,0.38087448446849587,0.05,0.9999999999999999,0.237873053555343
0.12168145636968095,0.34123377789826137,0.05,1.0,0.22834236450434192
0.16692559183235584,0.28454079650026215,0.05,1.0,0.22834236450434192
0.22469923015939242,0.2373405374876312,0.05,1.0,0.20609667615219396
0.28613311938038105,0.19515652203725337,0.05,1.0,0.2006388354249362
0.32771849889124677,0.19470834724242345,0.05,1.0,0.1996359458204291
0.3758139132716344,0.18683843532344233,0.05,1.0,0.1996359458204291
0.426819610064393,0.17809745409015015,0.05,1.0,0.17820906147936064
0.4586358717028808,0.19580739788316895,0.05,1.0,0.17704982266515884
0.4698998989495522,0.23616196091523675,0.05,0.8994799518007801,0.21379490278811808
0.525736101836394,0.21241727879799654,0.05,0.8994799518007801,0.21379490278811808
0.6064611154822789,0.16637356049497506,0.05,0.9174931190344198,0.20636014364080277
0.6822425653770053,0.1337486143889007,0.05,0.8882968327418107,0.20730484768275645
0.7286954524862602,0.1515203487678973,0.05,0.8771611089642091,0.20751857489364886
0.7664090562349519,0.1695470482013873,0.05,0.8771611089642091,0.20751857489364886
0.8283626609442059,0.14593166577253208,0.05,0.87827550102128,0.1992577402578689
0.8722385806920719,0.13856976595186715,0.05,1.0,0.26030181107000605
0.9179888985263609,0.12994392034480282,0.05,1.0,0.3451569485696063
0.9626047287626135,0.13671146138982312,0.05,1.0,0.3451569485696063
1.0180303252056753,0.14877549183259797,0.05,1.0,0.3392401136843949
1.0514006979128174,0.17524638676647625,0.05,1.0,0.21245068262228417
1.0776022801788376,0.17070626229508185,0.05,1.0,0.1826985636417633
1.082169860559669,0.1551850997365,0.05,1.0,0.1826985636417633
1.0895544399542236,0.12772079965667685,0.05,1.0,0.28636545576681494
1.08678212599411,0.1194680006915546,0.05,1.0,0.17819941549629414
1.094229403332896,0.09651180102752371,0.05,1.0,0.18763055378238677
1.096012717975613,0.080256722528815,0.05,1.0,0.18763055378238677
1.0983556759687336,0.06890630361994177,0.05,1.0,0.25257862829566047
1.0936482876140994,0.07092419534545619,0.05,1.0,0.24132880871063228
1.0905912686113461,0.07942945271615377,0.05,1.0,0.2494140056357887
1.0854136852960108,0.08316642426265458,0.05,1.0,0.2494140056357887
1.080299822382224,0.0924371721819568,0.05,1.0,0.25036670778183107
1.085498992872637,0.08227139996662765,0.05,1.0,0.2072274402913518
1.088436086370736,0.07396146761097391,0.05,1.0,0.2138811114325889
1.0873440019560134,0.0662148752445016,0.05,1.0,0.2138811114325889
1.0737117060984043,0.08212084714636637,0.05,1.0,0.2122115254329213
1.0635009044258759,0.08911531504416331,0.05,0.8849774867191192,0.133062419813889
1.0584952346041054,0.07554068914956003,0.05,0.9411591437960936,0.12879828904079763
1.0520958483883662,0.05235717990913309,0.05,0.9411591437960936,0.12879828904079763
1.0322166954707985,0.02314009237187118,0.05,0.7971151360399219,0.017440972663072544
0.9972715708360151,-0.003777533433455006,0.05,0.8324472070945166,-0.06827764579304817
0.9500437525340455,-0.02085130071072537,0.05,0.9329271082573799,-0.07345889916632715
0.9086523392806063,-0.05081416708381016,0.05,0.9329271082573799,-0.07345889916632715
0.871986696326404,-0.05501615839849348,0.05,0.8316133663191144,-0.08724290297930037
0.8410880060077242,-0.0553838149048778,0.05,0.8402563736916564,-0.08623043779618204
0.8097455334263,-0.03185121154694233,0.05,0.8062988258570869,-0.05561529855423336
0.7806160236389428,-0.006798537020038959,0.05,0.8062988258570869,-0.05561529855423336
0.7577215342994708,0.008785425704342755,0.05,0.7969123039234784,-0.11945060702756863
0.7340686122271366,0.01928521292576201,0.05,0.8642712678129791,-0.14483009391183602
0.7279385810931631,0.005307540084639588,0.05,0.8689140310872158,-0.12463709286961934
0.7503255325747274,-0.03238297967508777,0.05,0.8689140310872158,-0.12463709286961934
0.7838817857526016,-0.074127735757966,0.05,0.8037350514959783,-0.05216751629139401
0.8084539390543408,-0.10331923448341648,0.05,1.0,-0.2530309621048546
0.8103091597024356,-0.11202076304526659,0.05,1.0,-0.25493892756793557
0.8061827669468788,-0.11050960472187454,0.05,1.0,-0.25493892756793557
0.8287893164635455,-0.12634980860502287,0.05,1.0,-0.30704680373621523
0.8722134246289563,-0.15527175299517204,0.05,1.0,-0.16828018693381194
0.9256918764752163,-0.1834414070881912,0.05,0.9141641191294969,-0.16414611806763293
0.9567140540991619,-0.19730637316261945,0.05,0.9141641191294969,-0.16414611806763293
0.9706563181574398,-0.20074423008164005,0.05,0.9419047648297723,-0.16035631160483368
0.9788374229838757,-0.20376224958587083,0.05,1.0,-0.23549884212787045
1.0113435081967213,-0.17785376154992558,0.05,1.0,-0.2280412013002281
1.0651461015353072,-0.1251961986840224,0.05,1.0,-0.2280412013002281
1.1116520719813041,-0.07054118774517411,0.05,1.0,-0.21034275080977197
1.1253693072023283,-0.05593132261373677,0.05,1.0,-0.2438389572245168
1.1117140509817018,-0.06482007300140764,0.05,0.9999999999999999,-0.2433900567369859
1.0939219882786415,-0.06792392444910818,0.05,0.9999999999999999,-0.2433900567369859
1.0841145274219326,-0.059899854481261575,0.05,1.0,-0.23844985646346195
1.0688778851083107,-0.07048457599637584,0.05,1.0,-0.37835101665538046
1.0623461387083306,-0.09365056353986533,0.05,1.0,-0.3537765472469221
1.0676641273247496,-0.11460656294706734,0.05,1.0,-0.3537765472469221
1.0848730322003577,-0.13110125223613606,0.05,1.0,-0.31661492310559647
1.0980866258907929,-0.14404981737254818,0.05,1.0,-0.28674022869177634
1.113364780408426,-0.1344818050141269,0.05,1.0,-0.28664546523080114
1.1170779066026382,-0.12803575684274504,0.05,1.0,-0.28664546523080114
1.1193360123445022,-0.1176421851913637,0.05,1.0,-0.26768573282477165
1.1251347320917588,-0.09884133858737132,0.05,1.0,-0.2656351299726984
1.1315441130906272,-0.08030280790085215,0.05,1.0,-0.25500293447655664
1.1254805005959476,-0.07768907628128735,0.05,1.0,-0.25500293447655664
1.1155757573951093,-0.07848239749383006,0.05,1.0,-0.22429061418911575
1.1012862375423205,-0.08386530506413628,0.05,1.0,-0.18419526494640798
1.104262226236036,-0.06197540595157204,0.05,0.9921068346004358,-0.16573270063584045
1.0915929505519395,-0.0674487190949623,0.05,0.9921068346004358,-0.16573270063584045
1.0806154884663528,-0.062445501281516456,0.05,0.9650062128116698,-0.13155887708056946
1.062629184312556,-0.05717783775723243,0.05,0.8557250962208939,-0.005617163242860769
1.035675594705777,-0.03621921391522099,0.05,0.7989547185147149,-0.0030627130902639707
0.9920456246796437,-0.0101612389886878,0.05,0.8245304530206554,0.059299797137141994
0.9464178941877793,0.030478552906110186,0.05,0.8245304530206554,0.059299797137141994
0.8864599307964665,0.06306054415078136,0.05,0.7812650596918683,0.12408372508439926
0.8376662261305934,0.0906619946003289,0.05,0.9478805058756242,0.15310327923766034
0.7949035850518535,0.09390917868637491,0.05,0.9478805058756242,0.15310327923766034
0.7695464344892534,0.08064751242743205,0.05,1.0,0.18371959633348434
0.7580956515012673,0.04422166305680172,0.05,0.9984678696427999,0.20257745376207875
0.7697921812600584,0.02299500655659524,0.05,0.9653224941437979,0.2016893181792049
0.8248189662371749,0.057793420424719535,0.05,0.9653224941437979,0.2016893181792049
0.8934299958268749,0.1300243024919517,0.05,1.0,0.332443498881081
0.9273204124202872,0.17957556767387797,0.05,1.0,0.3543076641675845
0.924855550855536,0.19907495769982353,0.05,1.0,0.27860677697460035
0.9263162545012281,0.212413624114659,0.05,1.0,0.27860677697460035
0.9511107907497646,0.24841992720384107,0.05,0.9999999999999999,0.3872900808128047
0.9802276813391195,0.29365816800991934,0.05,1.0,0.36536507846415306
0.9887432944710678,0.3241787068163936,0.05,1.0,0.33120228386787703
1.0246091859300674,0.2958579326665156,0.05,1.0,0.33120228386787703
1.1027325969551376,0.2107092538060777,0.05,1.0,0.3377327452856155
1.1550001430546943,0.13945626698774488,0.05,1.0,0.28853224660927435
1.196987700617652,0.08367960794600901,0.05,1.0,0.3534498600192936
1.1677239569670663,0.12324305737724456,0.05,1.0,0.3534498600192936
1.1617374257886077,0.12279700054838931,0.05,1.0,0.3342258196193465
1.1513215224465954,0.11301331090263197,0.05,1.0,0.4313430612553076
1.133979054666174,0.11284375856766508,0.05,1.0,0.4351042323483053
1.133395884228088,0.0983684144670201,0.05,1.0,0.4351042323483053
1.130422599322947,0.12190470450454736,0.05,1.0,0.4598587630511603
1.0870228565127202,0.22760932917670051,0.05,1.0,0.4943780983202452
1.0386143398610233,0.35462918509159813,0.05,0.9999999999999999,0.4906678979376534
1.0452547960558476,0.3940448844058136,0.05,0.9999999999999999,0.4906678979376534
1.1219844254819442,0.3251690500602057,0.05,0.9999999999999999,0.5601086792434375
1.1117050611522368,0.3400403524299967,0.05,0.7454494573698245,0.3923033581147263
1.0708611018393792,0.3700127612144908,0.05,0.7485987166568797,0.35261169652673535
0.949940544690239,0.47168460884860763,0.05,0.7485987166568797,0.35261169652673535
0.8654938400009535,0.4956359968052641,0.05,0.540472679151703,0.3340343107815755
0.820391020447071,0.4433725096515894,0.05,0.5055262819262155,0.3566242255955482
0.7182872495440837,0.4699892308425807,0.05,0.5658809981244636,0.37782612851913533
0.6972962794107129,0.38309811467496235,0.05,0.5658809981244636,0.37782612851913533
0.6129485688330255,0.41095322273187573,0.05,0.5016406994949696,0.3188313559658182
0.5796286020864381,0.3562879478390461,0.05,0.5088377022236439,0.3596934599973196
0.5070719208709442,0.3705291889748755,0.05,0.4751910706396359,0.34232277912177234
0.47806547335161553,0.33430986944080116,0.05,0.4751910706396359,0.34232277912177234
0.46282251264252655,0.30307750405514994,0.05,0.44697246946959773,0.32406023065315287
0.46287405383175784,0.2781788779487668,0.05,0.49340450490684346,0.3704788651767392
0.46762499999999996,0.2708206193218398,0.05,0.47427231211696114,0.3555388628214641
0.45027293770792837,0.32091306505848816,0.05,0.47427231211696114,0.3555388628214641
0.4125668337784348,0.395167084446087,0.05,0.4863513275004727,0.3673165877287218
0.42363155654255125,0.40253887784141645,0.05,0.4743408997333771,0.36296880360876793
0.4299669799513683,0.4000278842257079,0.05,0.47689211819041916,0.36429797768441363
0.4661709132866632,0.36323044895111556,0.05,0.47689211819041916,0.36429797768441363
0.4911978369453782,0.3260394061583577,0.05,0.46627067293409813,0.353992809777444
0.4817680052925189,0.3456496269012539,0.05,0.46312102754810935,0.34968028910241006
0.4930643728991346,0.31059399659093606,0.05,0.4413312431188868,0.33150452229238714
0.45081043651408736,0.3586615748965648,0.05,0.4413312431188868,0.33150452229238714
0.4316120622324505,0.3602594961425181,0.05,0.4144320924314657,0.3086005278998897
0.40418675941158233,0.3786020253677609,0.05,0.46453886066861205,0.3431095561923787
0.4016831631558881,0.3719418368441118,0.05,0.45822910143123174,0.33770107608058453
0.4179604387941207,0.3454557585023065,0.05,0.45822910143123174,0.33770107608058453
0.45003244261161823,0.32070916068746863,0.05,0.5003092030527772,0.3630531949104514
0.4410021964332546,0.358543338578547,0.05,0.4916044704024103,0.3870150145869532
0.46790351230065075,0.35628523027962516,0.05,0.5497308380642987,0.4227991058120119
0.46496718409099036,0.4028929146249865,0.05,0.5497308380642987,0.4227991058120119
0.4986182423975109,0.40585913192747375,0.05,0.5599735774959632,0.43296518968847314
0.5222293591654247,0.4053009687034276,0.05,0.5240310065573598,0.404364480781141
0.5279533588095721,0.41311888927970997,0.05,0.5711694097593635,0.4473029232714136
0.5320087514307517,0.4057341663487218,0.05,0.5711694097593635,0.4473029232714136
0.5259188007439465,0.42038390589792185,0.05,0.46963616614476533,0.34635830858425304
0.5178105547009159,0.41376945299084134,0.05,0.42846451298536714,0.31927017511459177
0.4989290007625038,0.38901629554173506,0.05,0.4161348739597721,0.30703326119539953
0.4810015053596766,0.335753781284653,0.05,0.4161348739597721,0.30703326119539953
0.4608925092059633,0.2883787509086791,0.05,0.40713965429186927,0.29718574141715537
0.42738109508935485,0.2858673476078636,0.05,0.4446562573484592,0.3200745245302689
0.4034756059775484,0.3002093974187858,0.05,0.43715957287127916,0.3139379719130818
0.39878690567027514,0.30754492941961936,0.05,0.43715957287127916,0.3139379719130818
0.40728878981499134,0.31315627384131217,0.05,0.43531407600032007,0.3125962901830014
0.42288711917135496,0.29977865899446926,0.05,0.4168133088265637,0.29991450215360327
0.4309877859433298,0.2887708370584939,0.05,0.4447494775456743,0.31999352386867774
0.42807039650938217,0.2947317287975965,0.05,0.4447494775456743,0.31999352386867774
0.43489833690987123,0.28668606491416304,0.05,0.47072021726538993,0.3358579708959071
0.43361041070150314,0.3138814736936291,0.05,0.4340539804709546,0.3182535259447276
0.43547888306115146,0.3258714894504708,0.05,0.43645686472465983,0.31491885550184784
0.4338903751281012,0.3381514067303795,0.05,0.43645686472465983,0.31491885550184784
0.4289175983313468,0.3333296364719903,0.05,0.4047492485176311,0.31205638641748135
0.42460420191849374,0.3205701680171591,0.05,0.45815269014059273,0.3346457123616802
0.4284899838453926,0.3089880911930564,0.05,0.4104392141939967,0.2968111230644609
0.4191038212612784,0.3088326425225568,0.05,0.4104392141939967,0.2968111230644609
0.41632001085439596,0.29558476120328725,0.05,0.37311755734636476,0.28607851647327476
0.39393042803896344,0.30046968032533095,0.05,0.48149725770619456,0.3177856421561603
0.3824297870311885,0.3017962778128686,0.05,0.4608060683233798,0.31033712884995357
0.38893472624539566,0.30609175070629036,0.05,0.4608060683233798,0.31033712884995357
0.41158726389783207,0.2947229287400729,0.05,0.46844330794936284,0.30404110706300297
0.4284461309665728,0.2919190668065423,0.05,0.3964526532615673,0.2838436068781681
0.4383972805480039,0.28005406710545133,0.05,0.3952833460120398,0.2838121892282819
0.4188595093048485,0.2942386505883334,0.05,0.3952833460120398,0.2838121892282819
0.4130076954329278,0.283777537461463,0.05,0.42676724923163417,0.2738932452885775
0.4049229315357393,0.2840419650410475,0.05,0.49030520117020193,0.2764003826086499
0.43846403366553804,0.2517479257069285,0.05,0.48909289679818096,0.26570105419526924
0.47668975795874563,0.21374721294861085,0.05,0.48909289679818096,0.26570105419526924
0.4764495171673819,0.2239276824034334,0.05,0.40333991141708947,0.25671374463132296
0.46110438001454435,0.22783103891226847,0.05,0.3307907104311643,0.21476543827864433
0.3931354894375431,0.2860567210486158,0.05,0.331448312847394,0.21499234853817972
0.3737086949783013,0.2666329343316323,0.05,0.331448312847394,0.21499234853817972
0.356192242016426,0.2331690824999105,0.05,0.33207924429129043,0.2312439033978027
0.3360125782600918,0.2354115988909426,0.05,1.0,0.3915602941441967
0.3462167941502617,0.22366019560733055,0.05,1.0,0.39444572510307396
0.3493181781605769,0.27221985605292953,0.05,1.0,0.39444572510307396
0.414379294359647,0.26484528678750285,0.05,1.0,0.38174895338941167
0.4601219348282192,0.2970151455546813,0.05,1.0,0.37352741716812893
0.49491506446539,0.3452778178286722,0.05,1.0,0.37869832791948327
0.5343302852799141,0.376958221546533,0.05,1.0,0.37869832791948327
0.5982170425004173,0.3552977414200194,0.05,1.0,0.3138360401547046
0.6675259654925799,0.31660636509923107,0.05,1.0,0.3076561309515485
0.7293521399792587,0.27602303435410225,0.05,1.0,0.32101202315602695
0.7690307528087207,0.2653402696610452,0.05,0.7756153078443828,0.16134521781694114
0.7887303230941677,0.2780137072059717,0.05,0.7756153078443828,0.16134521781694114
0.8064059950865811,0.258164253685064,0.05,0.8442862510580582,0.15235114402025798
0.8172702498897194,0.23151694594465694,0.05,0.8187435953795503,0.1490206506748271
0.8437744251332117,0.15343082674724923,0.05,0.8187435953795503,0.1490206506748271
0.8573602857006581,0.1002993417914718,0.05,0.7694066307627161,0.12132489084082569
0.8015977637819671,0.14261716161784677,0.05,0.7632574698412066,0.11844035135065883
0.7408597460353393,0.21441567723909485,0.05,0.8118750464566349,0.1679151395243526
0.7335691872458652,0.21312044644241193,0.05,0.8118750464566349,0.1679151395243526
0.7785930561018343,0.13019934208173908,0.05,0.7713304491970718,0.1174182097513336
0.8283516617601486,0.04001208552835442,0.05,0.7737055242812121,0.11666952578212379
0.8266734611762181,0.02929984263045568,0.05,0.8417170695475635,0.12688561010100044
0.8284089485385275,0.027677742942971484,0.05,0.8417170695475635,0.12688561010100044
0.8288266899502938,0.03625671539937768,0.05,0.7852655729851017,0.05344674962958618
0.8245656712505064,0.045218969708524896,0.05,0.8217502226991682,0.07143802546975357
0.8245196355587859,0.048622925181416206,0.05,0.8514819314077572,0.04333151508328897
0.8275548929499559,0.043770508487709414,0.05,0.8514819314077572,0.04333151508328897
0.8284648722899607,0.04532230843494108,0.05,0.7992240905092797,0.03977254577312556
0.827943779433681,0.04055476751117725,0.05,0.7717760651368766,0.01944960666243017
0.8256868827970325,0.026709061851489538,0.05,0.8150254023275281,0.013357783005764108
0.8204901755703353,0.010654264702376598,0.05,0.8150254023275281,0.013357783005764108
0.8150065893783155,-0.0020811274363713205,0.05,0.7664346023698435,0.002598782843883121
0.8069069529713297,-0.003037651248733482,0.05,0.7720155141156166,0.022247248242964875
0.7911743720270383,0.007786426604356073,0.05,0.8108416252852478,0.009999429384693703
0.7714601855494362,0.028153438893259802,0.05,0.8108416252852478,0.009999429384693703
0.7591384412448577,0.03366865050974771,0.05,0.7620317534234302,0.012321627579933691
0.7538904568049877,0.037484543195012245,0.05,0.7940940216561242,0.11932634754022814
0.7542180183373646,0.040726257640568496,0.05,0.8726593249984905,0.13163796133614303
0.7636721222528291,0.05795962717180019,0.05,0.8726593249984905,0.13163796133614303
0.7799378696108354,0.07019893409004188,0.05,0.8475396271929678,0.12749917032723826
0.7986987396561182,0.09059108876064188,0.05,0.7624071534349081,0.1145876927040352
0.822703309410839,0.08571867623566429,0.05,0.7621637285803518,0.11446980245817806
0.8319199930264161,0.07927976289814981,0.05,0.7621637285803518,0.11446980245817806
0.8457280994050954,0.043826588001764345,0.05,1.0,0.07900238045781943
0.8467269907468132,0.02906137241691797,0.05,0.9999999999999999,0.11504356335887192
0.85221486251326,0.03521274240455777,0.05,0.9999999999999999,0.1503096844041091
0.8690899362069993,0.047464369820544826,0.05,0.9999999999999999,0.1503096844041091
0.9005230259628795,0.05037953277545318,0.05,1.0,0.10701995504293436
0.9279783949146281,0.06494918053784828,0.05,1.0,0.01668902195845929
0.9514447187634176,0.07402393283955909,0.05,1.0,0.04232210808916942
0.9784255130863844,0.06488312982694498,0.05,1.0,0.04232210808916942
0.9940806259385503,0.06110514444735766,0.05,1.0,0.07754008647659157
1.010241163286959,0.05522583091925649,0.05,1.0,0.2462252434675048
1.0128228565981985,0.07478084639946614,0.05,1.0,0.29058535197535107
1.0296961367810882,0.07670502105150154,0.05,1.0,0.29058535197535107
1.0433261980687847,0.08096264975859797,0.05,1.0,0.13122308853128067
1.0472411863558353,0.09098360179490837,0.05,1.0,0.10698544128158112
1.0505099440794572,0.08096250998581112,0.05,1.0,0.0872858217038351
1.0446189011303475,0.06858917584776067,0.05,1.0,0.0872858217038351
1.0376669775118876,0.05212593253566269,0.05,1.0,0.05022734515758007
1.0219695113230036,0.050129833134684054,0.05,1.0,-0.01963216983607179
1.0094559815914346,0.038657910973603174,0.05,1.0,-0.2161810668622703
0.9900925833770381,0.026609282623724518,0.05,1.0,-0.2161810668622703
0.9749516888910091,-0.004421903699816418,0.05,1.0,-0.2246335481887415
0.9515204223043452,-0.029900190737319046,0.05,0.8521699113529981,-0.08143710094973491
0.9225903016162482,-0.04838628751579308,0.05,0.7712835343099825,-0.1110066797522551
0.8832257028902561,-0.05678241254113617,0.05,0.7712835343099825,-0.1110066797522551
0.8425880299110655,-0.07170164039960908,0.05,0.7715735014293669,-0.05554852644011909
0.8123012428930713,-0.08316128407452004,0.05,0.8905069322121061,-0.09875961728503511
0.7884885496638214,-0.07875689642840122,0.05,0.9445488869558105,-0.09422110106302838
0.7820003846704359,-0.046736661776282926,0.05,0.9445488869558105,-0.09422110106302838
0.7736148308821776,-0.018112000333706864,0.05,0.8114178203154747,-0.11519808447332744
0.7683849563589535,-0.006735247299263207,0.05,0.7759007271540835,-0.08885314864665374
0.7631450703049529,-0.022891316533292086,0.05,0.8029554741449998,-0.12059540715898562
0.7655400743795742,-0.05768561220111102,0.05,0.8029554741449998,-0.12059540715898562
0.7712957709545151,-0.08790484498665023,0.05,0.7806021642521606,-0.11875803744162071
0.7772455724913266,-0.1086270446118815,0.05,0.7747035097357267,-0.11523280224947667
0.7765637621295568,-0.11370853002884877,0.05,0.8284151111337109,-0.14100441574322034
0.7676396423377676,-0.09824371662375445,0.05,0.8284151111337109,-0.14100441574322034
0.7641679333118748,-0.08024689895449624,0.05,0.8879363535497855,-0.13372092890342882
0.7781607934767059,-0.06660432859663355,0.05,0.7706520899102834,-0.046707174642377634
0.7996548754976517,-0.06519675721744116,0.05,0.8040032926295548,-0.12056915773687507
0.8203105604218804,-0.08228064890954605,0.05,0.8040032926295548,-0.12056915773687507
0.8276732140514887,-0.09875210015143757,0.05,0.830590938438656,0.12618130591018772
0.8386879149927878,-0.11378337525480717,0.05,0.9135827271510265,-0.13724701041100204
0.8547917630643738,-0.11875471951248608,0.05,0.8974568698843622,-0.1350831638640927
0.8832209464534821,-0.10608941410022545,0.05,0.8974568698843622,-0.1350831638640927
0.9084308045024967,-0.08568856588685371,0.05,0.8417121430271489,-0.1326605745707259
0.9271562354687556,-0.05003743546637107,0.05,0.7909022028971154,-0.11789094650734254
0.9165416790822407,-0.03466891388557817,0.05,0.9026186938605205,-0.13550470470818654
0.9056842385341887,-0.018574380202246752,0.05,0.9026186938605205,-0.13550470470818654
0.8835129282077575,-0.013044879094280327,0.05,0.8074633773616056,0.12291906221416875
0.8636926295236391,-0.012195133547964088,0.05,0.7629749035919977,-0.11459410817999065
0.8297902018811244,-0.032403909770402785,0.05,0.8014583588550436,-0.12032527509492866
0.7989201951388144,-0.05224871854474375,0.05,0.8014583588550436,-0.12032527509492866
0.7749316473540526,-0.06275069889012086,0.05,0.7740359355681908,-0.11616178777564205
0.7615078020694259,-0.06477733108430297,0.05,0.37064037458541904,-0.048743652625605594
0.74010800215751,-0.07124620796729177,0.05,0.37064037458541904,-0.048743652625605594
0.7375092239375335,-0.05080950110270022,0.05,0.7644001373191868,0.01946457854578259
0.7337808552223863,-0.03920371716642047,0.05,0.7799020858515805,-0.01037979182933261
0.7431105981306182,-0.03130846884761211,0.05,0.8081031967429712,-0.12192842624452885
0.7468288921727524,-0.05147143435980561,0.05,0.7741768999953276,-0.11615206712418806
0.7536196485413512,-0.06497723655503772,0.05,0.7741768999953276,-0.11615206712418806
0.7358328261724804,-0.10824286050642579,0.05,0.7420685751963443,-0.10491447890223055
0.7434254526869158,-0.11198489652870504,0.05,1.0,-0.1360777657251516
0.7701284879493658,-0.10096419823352733,0.05,1.0,-0.15380938126483723
0.8228371964449636,-0.06343986272218986,0.05,1.0,-0.15380938126483723
0.8461742786885246,-0.08630600000000009,0.05,1.0,-0.15113709106087383
0.8861344739667203,-0.08775496063696557,0.05,1.0,-0.13189466183418994
0.922945321522544,-0.10562978473884117,0.05,1.0,-0.12794261962098102
0.9597046064160795,-0.11303064089267204,0.05,1.0,-0.12794261962098102
0.9885709367622862,-0.11472447957650772,0.05,1.0,-0.10069009354201554
1.0093489956488049,-0.1004594280860703,0.05,1.0,-0.07118955550001058
1.028787129877867,-0.07395213434614248,0.05,1.0,-0.06400072417238364
1.0293802742616034,-0.05959493670886086,0.05,1.0,-0.06400072417238364
1.0206572524407251,-0.060167596466759746,0.05,1.0,-0.13939265953692584
0.9974199876635914,-0.08927444486161777,0.05,0.9019180296192071,-0.13848871387647868
0.9974779396865128,-0.08038009863519886,0.05,0.8454086463605536,-0.12739252549495422
0.9951388059390124,-0.06219462574207863,0.05,0.8454086463605536,-0.12739252549495422
0.981490763590844,-0.02502289431330482,0.05,0.7613190198894372,-0.05927712243650462
0.9393753725382671,-0.013212889227981597,0.05,0.7754783505710295,-0.11624459077794676
0.900975840486409,-0.0016718705293277082,0.05,0.8254180389362968,-0.12405598757461708
0.8706553904276112,-0.004024860561567528,0.05,0.8254180389362968,-0.12405598757461708
0.8505241676897952,-0.014920285363498839,0.05,0.769036043143243,-0.11520974890360115
0.8268037256537017,-0.02840226785395209,0.05,0.770340128569472,-0.1153923327150741
0.8034664195117299,-0.0364448908067901,0.05,0.800359104170653,-0.12002297962584242
0.7863824586113465,-0.04268517766982189,0.05,0.800359104170653,-0.12002297962584242
0.7755199994634617,-0.05402250330865267,0.05,0.7890577378848714,-0.11834265722766055
0.7758345506287622,-0.06420676291793323,0.05,0.7784482781414632,-0.13408538691754787
0.7798249386078892,-0.07337927360616077,0.05,0.8135116115572226,-0.12211260235444008
0.7977966533133033,-0.06868976381238534,0.05,0.8135116115572226,-0.12211260235444008
0.8137261527274461,-0.06605765127312617,0.05,0.7952842817171029,-0.11929243380548676
0.8275597384292644,-0.06271523862593427,0.05,0.7588107285702864,-0.10402244906684709
0.8322407649042528,-0.0570687433715846,0.05,0.7587985327259518,-0.10402370543003364
0.8359050397071448,-0.04289018530000964,0.05,0.7587985327259518,-0.10402370543003364
0.8352168354294824,-0.027221297431077048,0.05,0.7703353693367367,-0.08985921161652428
0.8277801898824706,-0.020970337568836962,0.05,0.7621242349153508,-0.11329617333914924
0.8132851035358352,-0.026162265747937723,0.05,0.767943875570249,-0.10498766283309922
0.8035546439130227,-0.029915159625196797,0.05,0.767943875570249,-0.10498766283309922
0.7937454540846145,-0.03980183148653978,0.05,0.7880407528649516,-0.11813134980448815
0.7925197531526377,-0.046060233855395934,0.05,0.7914396690100084,-0.11861739207964192
0.798775206865305,-0.04344958626938999,0.05,0.7595574435270213,-0.11366203992823531
0.7995048833245936,-0.04684002121371035,0.05,0.7595574435270213,-0.11366203992823531
0.8034625621504966,-0.045730074580596025,0.05,0.7951762872447,-0.11997169306055604
0.8026749338387811,-0.05224517201916897,0.05,0.774341015612259,-0.11568382139244507
0.8145926826651407,-0.04699634312077546,0.05,0.8145154332242579,-0.1217002089405936
0.817245106803986,-0.05361487984551576,0.05,0.8145154332242579,-0.1217002089405936
0.8219780163934425,-0.05676180327868863,0.05,0.7887025640345136,-0.1146107713709827
0.8268900926301233,-0.04679489193152295,0.05,0.7717238088605317,-0.11539262477901145
0.8400968663899524,-0.025798274412280487,0.05,0.7974964959571931,-0.11663799767726209
0.8432898938705947,-0.021790302060614827,0.05,0.7974964959571931,-0.11663799767726209
0.8468327944331863,-0.02202469007033029,0.05,0.7910551384220422,-0.11793405505889445
0.8479312891807499,-0.02294259945653479,0.05,0.7866477336891646,-0.10655617709382625
0.8420625641010351,-0.026227405130468062,0.05,0.7872859074797796,-0.10163635740718165
0.8332243669603366,-0.032070084405288544,0.05,0.7872859074797796,-0.10163635740718165
0.8311051058478556,-0.03583758820654645,0.05,1.0,-0.16067482211738493
0.8362197644337946,-0.04377138395145629,0.05,1.0,-0.13269092399680868
0.8404105855184743,-0.07394139600715148,0.05,1.0,-0.09469861874850696
0.8649100605576548,-0.0805749833108826,0.05,1.0,-0.09469861874850696
0.8899668188265019,-0.09630689456872828,0.05,1.0,-0.18128696579195513
0.9296371864012872,-0.10623940766342897,0.05,1.0,-0.19481070338635859
0.9664475504159614,-0.12463014588448439,0.05,1.0,-0.20307641408933746
0.994304564828614,-0.1436051311475411,0.05,1.0,-0.20307641408933746
1.0206279307939081,-0.12874706920609186,0.05,0.9177847489377206,-0.1708259360062688
1.037240065978472,-0.10732837253102248,0.05,0.6610894628621306,0.09976892632425412
1.037979419542352,-0.06741177442794019,0.05,0.7113184966815526,-0.03294700785065911
1.0108538569521106,-0.04326357727018047,0.05,0.7113184966815526,-0.03294700785065911
0.9675542474194855,-0.004444286514577322,0.05,0.7406496387138747,-0.0540944365427097
0.9161409160287137,0.03435428143855372,0.05,0.8533051946277183,-0.011795250555866627
0.8616258002408173,0.05018311953839358,0.05,0.7687748047075745,-0.026407627697628746
0.8236312804710875,0.047971100892825115,0.05,0.7687748047075745,-0.026407627697628746
0.7902056627561787,0.015887913253931255,0.05,0.7694451243732073,0.11443927002585899
0.770804987124617,0.0014549942776074663,0.05,0.7604054459899982,-0.01073934750878651
0.7431503905085554,-0.022092675728850035,0.05,0.7595694407432408,-0.010388202691837541
0.7344956586255392,-0.025714121832614338,0.05,0.7595694407432408,-0.010388202691837541
0.7135945515876799,-0.05117295520644617,0.05,0.7598514706920676,0.008086666666676338
0.6897183181303285,-0.06625092410421521,0.05,0.766377444348351,0.026789493382454597
0.669645728059303,-0.06464713436144358,0.05,0.7925172198341476,0.050611316693261035
0.6669746030421514,-0.04828644889614734,0.05,0.7925172198341476,0.050611316693261035
0.6929221475669809,-0.0023094691595026426,0.05,0.762335142230252,0.10909306832656628
0.7262162907955276,0.037376317138293466,0.05,0.7583500514457351,0.05286072858736707
0.7501913254965545,0.05721144102148349,0.05,0.7771669702452366,0.10480303306842068
0.7620548134479632,0.05784023985261843,0.05,0.7771669702452366,0.10480303306842068
0.7687076160815403,0.05314742057578818,0.05,0.7619010103780468,0.04201080286940616
0.7722849873645564,0.052985050541774346,0.05,0.8273260211100915,0.06635439548303242
0.773607507123526,0.04945007123526106,0.05,0.7617977711019105,0.05328561230617538
0.7704649735345659,0.04754017202532088,0.05,0.7617977711019105,0.05328561230617538
0.7683024626225051,0.05428952655173226,0.05,0.7831640492650452,0.11828386677825407
0.7671552590182689,0.068498561009617,0.05,0.772915043012961,0.11612859140899102
0.7640926960766781,0.08077965141923861,0.05,0.7813341782641381,0.11744596069599657
0.7617251078896544,0.08645974106482907,0.05,0.7813341782641381,0.11744596069599657
0.7610319477392206,0.08496805226077928,0.05,0.801106916941014,0.12036207437618039
0.7672538350139455,0.08322980583565749,0.05,0.825864903232551,0.13039088482872277
0.7796612160260462,0.08954701494317292,0.05,0.8026822513026542,0.12009710616057319
0.7930891160800486,0.10072417132504549,0.05,0.8026822513026542,0.12009710616057319
0.8047563035105292,0.11700351470272581,0.05,0.8357293826069168,0.1373042890940648
0.8192548217416715,0.12712492694330793,0.05,0.8931194557302878,0.13455491008629636
0.8430009113435467,0.13156470837006495,0.05,0.9281389229680981,0.14044291580290336
0.8840870278999368,0.11500628523245965,0.05,0.9281389229680981,0.14044291580290336
0.9249826770597352,0.08216479968999633,0.05,0.7881278881872701,0.12008757097174047
0.9542934438778549,0.04049785990015837,0.05,0.815032689271453,0.12261446467083938
0.9611182321660644,0.012079191556080076,0.05,0.8285262503748231,0.12473721521568713
0.9506664178526305,0.000916417852630478,0.05,0.8285262503748231,0.12473721521568713
0.9338301088667366,0.0033123688352569864,0.05,0.8789807511057875,0.14732995118128828
0.9116238258573625,0.02177044617420214,0.05,0.7731069048917372,0.12554057872899207
0.8891868301362676,0.0344865580180974,0.05,0.8445491137592293,0.12789664506184512
0.8650903130438928,0.0497499999999999,0.05,0.8445491137592293,0.12789664506184512
0.8526679153851655,0.042899819397753995,0.05,0.7671017884676914,0.11693401966764112
0.8379806742832608,0.0467399540261412,0.05,0.7800406648404025,0.11891114206907494
0.8252764558621922,0.047979032306133304,0.05,0.852605473513279,0.13071666220798045
0.8040150776006961,0.07992986881787072,0.05,0.852605473513279,0.13071666220798045
0.8021801436833005,0.09554054581768309,0.05,1.0,0.16371177092380104
0.8242329681631192,0.11736495707386863,0.05,1.0,0.17856388713032456
0.8622444715175923,0.12669110796029967,0.05,1.0,0.18561043542745562
0.9048802412526533,0.14417002766713566,0.05,1.0,0.18561043542745562
0.9494430739840014,0.14402363112907254,0.05,1.0,0.18392239793411344
0.9838317338642377,0.14276037767339825,0.05,1.0,0.1844107429090996
1.0110589238438237,0.1371784530254966,0.05,1.0,0.19432978600001122
1.031112479589526,0.1356712364277796,0.05,1.0,0.19432978600001122
1.0433749150967004,0.13233075197511876,0.05,1.0,0.19430254543645578
1.0615952649867089,0.11141005888593522,0.05,1.0,0.18166305497748333
1.07586426570509,0.08588841786863739,0.05,1.0,0.192351112042997
1.0888400423223652,0.06534480954935613,0.05,1.0,0.192351112042997
1.0812708064977816,0.07081020556032623,0.05,1.0,0.18039758827342728
1.0848707229432586,0.058979377465527213,0.05,1.0,0.17272144301323406
1.0733724474599693,0.06565780773446427,0.05,1.0,0.17365766536005567
1.0735977555507883,0.05393518717151122,0.05,1.0,0.17365766536005567
1.061011359028788,0.058848203425000495,0.05,0.8277168819446874,0.1273201786596179
1.0475412977417624,0.038397470654829194,0.05,0.800638026593132,0.12050342682188747
1.0131951965599038,0.025725581991346023,0.05,0.8009038194017831,0.12269694769034706
0.9668820485920698,0.015574673350659162,0.05,0.8009038194017831,0.12269694769034706
0.9196432339791355,0.010482542473919425,0.05,0.7790986816668685,0.11702201065198146
0.8902828526404842,-0.005267274557933466,0.05,0.7613317201894,0.11423506995779065
0.827367456215649,0.0393656798049524,0.05,0.7607700174993935,0.1160390705657276
0.783053423391185,0.06990216347587515,0.05,0.7607700174993935,0.1160390705657276
0.7486496315770647,0.095817840791215,0.05,0.842978870147782,0.1285624165604536
0.7408299549952312,0.08957008077014773,0.05,0.8013866768765917,0.1203839982358536
0.7471430475787616,0.08308206085267614,0.05,0.8702984244407593,0.13089936909529507
0.7647551652399914,0.07781003212999824,0.05,0.8702984244407593,0.13089936909529507
0.7874579508743905,0.08612061612645572,0.05,0.8243860857241243,0.12368760137775718
0.810887303507371,0.0936013732138387,0.05,0.9519821906205691,0.09376098362211503
0.8367139298442173,0.08694986382436014,0.05,1.0,0.18251289635590198
0.8631142654491702,0.08356016951172983,0.05,1.0,0.18251289635590198
0.9010357713495337,0.07833485709345851,0.05,0.8971814662800821,0.12991530326443512
0.9270934337866344,0.09329608446658633,0.05,1.0,0.16996856703917812
0.9505359816872525,0.09603208903619619,0.05,1.0,0.152955893056979
0.96964307710194,0.09963061183120078,0.05,1.0,0.152955893056979
0.9941492553331027,0.08666893326019809,0.05,1.0,0.1346344121455569
1.013408596348981,0.09516875231020534,0.05,1.0,0.1476872400376101
1.0299297025924778,0.09289543037038794,0.05,1.0,0.16316534107259426
1.036685574997616,0.09508846667302365,0.05,1.0,0.16316534107259426
1.0414799553039331,0.08471246275327762,0.05,0.9999999999999999,0.14243471404497793
1.040125,0.08588197763106138,0.05,1.0,0.1610169284205406
1.0415511519473395,0.07703394130554021,0.05,1.0,0.1758181139088666
1.0483244680851063,0.0679108156028368,0.05,1.0,0.1758181139088666
1.0486948221819654,0.0621249999999999,0.05,1.0,0.05348385449155233
1.0473059956369357,0.05972602996924387,0.05,1.0,0.05115088553182246
1.0407702589907468,0.050909269770103883,0.05,1.0,0.049043760553681474
1.0406002118694573,0.0322825000595975,0.05,1.0,0.049043760553681474
1.0248326889599007,0.02023710756316539,0.05,0.8598780958050795,-0.011661235293382241
0.9933679080021448,0.002351501519394529,0.05,0.7638105149566493,-0.059754674864666936
0.9419312868808486,-0.012262211658818719,0.05,0.8702512482568205,-0.026423087636075034
0.8934731677500148,-0.03398419852108066,0.05,0.7599026629043228,-0.05426087228250473
0.8469719336670839,-0.03307540675844815,0.05,0.7599026629043228,-0.05426087228250473
0.806591097829975,-0.02903541492786465,0.05,0.7621486463039592,-0.07842398995840151
0.7689950230667445,-0.024599994635640898,0.05,0.7643915051592893,-0.07960174365271452
0.7417152891182816,-0.029434973716519947,0.05,0.7643915051592893,-0.07960174365271452
0.7223022758435673,-0.021684675688565733,0.05,0.764982666221557,0.09743228081411309
0.7093000739054248,0.009804730245199032,0.05,0.8119118866554956,-0.0387763312748623
0.7017201430274136,0.043629231227651874,0.05,0.7839482467336532,-0.06714574502220409
0.7000896408049402,0.05574595264776701,0.05,0.7839482467336532,-0.06714574502220409
0.7182575098602288,0.015006917054919296,0.05,0.8894583913117193,-0.104200335945403
0.7490079789769747,-0.04589701816274978,0.05,0.8354366954513635,-0.05112931198074298
0.7869600897328881,-0.09770059474123549,0.05,0.8612493406540743,-0.08032824208877294
0.8119990852423065,-0.10621069521584715,0.05,0.8612493406540743,-0.08032824208877294
0.8215667601779197,-0.0843234858331943,0.05,0.8406255804628083,-0.049874203035868134
0.8294539774758669,-0.05719322488380417,0.05,0.9783391494146233,-0.04723834136971178
0.8428316595942499,-0.03524693959043565,0.05,0.8362631804477157,-0.0656847433057229
0.8620825486325632,-0.028350197690922414,0.05,0.8362631804477157,-0.0656847433057229
0.8769158750178904,-0.03647993147989133,0.05,0.940747235715497,-0.13650974349279918
0.8773805243758424,-0.05748707847744931,0.05,0.8464723141215719,-0.12704886514164512
0.8686896328744262,-0.08315091781393419,0.05,0.9089255860366725,-0.12471391498959547
0.8596301735647529,-0.10450455369063523,0.05,0.9089255860366725,-0.12471391498959547
0.8640393463588556,-0.10888024081515851,0.05,0.9310344466280197,-0.12035984588509831
0.8743740915589444,-0.10547518168821121,0.05,0.8619961293230375,-0.12920381741822964
0.8820673423101224,-0.10408742832278302,0.05,0.8899888703146097,-0.1306780933539291
0.8830550581755757,-0.10424515998283354,0.05,0.8899888703146097,-0.1306780933539291
0.8840968057657701,-0.09110205699031103,0.05,0.8168333355143154,-0.12239011415976692
0.8945891530859192,-0.06509179969242151,0.05,0.8684471396745944,-0.10999859408201079
0.9087173194818825,-0.03226920129529363,0.05,0.7943090816388954,-0.11908436117910043
0.9121700430315167,-0.015541592166118438,0.05,0.7943090816388954,-0.11908436117910043
0.901342383529636,-0.01652309588240914,0.05,0.806411429792724,-0.12094273479612119
0.8813485469759458,-0.02235738849023778,0.05,0.8371239564453614,-0.12576195176128438
0.8622718446312526,-0.037835688308591284,0.05,0.8612824973820323,-0.1294350098682736
0.8505881698158192,-0.04968230762353231,0.05,0.8612824973820323,-0.1294350098682736
0.8410474825374877,-0.06519972375855256,0.05,0.8749783445995558,-0.1216807574322671
0.8419778135172841,-0.07135973104944979,0.05,0.8500603686989621,-0.12432123127539185
0.8408857384831929,-0.08175741644201645,0.05,0.8729051893936399,-0.12218799553441984
0.8542028479880774,-0.07808678390462007,0.05,0.8729051893936399,-0.12218799553441984
0.8698495805319213,-0.06424007407627784,0.05,0.8101595817324145,-0.12150665599838165
0.8866387849576397,-0.043566178222894894,0.05,0.8195590547565754,-0.11034804874087051
0.8811424125719872,-0.04803297255243306,0.05,0.7888994306593823,-0.11336481502602302
0.8782614037388525,-0.0425145989317565,0.05,0.7888994306593823,-0.11336481502602302
0.8698529346893032,-0.0399857825838143,0.05,0.8206291434000049,-0.10069082581351348
0.8636410254881857,-0.029802412913378415,0.05,0.8067519133616086,-0.0684218448530316
0.8505890804255014,-0.030020210723400293,0.05,0.8443628977934894,-0.05034539355835703
0.8422938257927715,-0.025576852976913828,0.05,0.8443628977934894,-0.05034539355835703
0.8241407772199897,-0.039827565493722,0.05,0.8090652369825138,-0.12177781842631202
0.8144632704601292,-0.04701815829019879,0.05,0.8224567258109214,0.09897008116656984
0.8020054032479059,-0.0603346543589378,0.05,0.8558025478451431,-0.01406076902443762
0.8077896991996947,-0.04997037021576051,0.05,0.8558025478451431,-0.01406076902443762
0.8119892429827387,-0.04350473284901416,0.05,0.834195306861838,0.12686443763435992
0.8110995789730875,-0.036081160163047465,0.05,0.7839109405082447,0.05407540978909211
0.812316509889769,-0.014668820982057743,0.05,0.7833574472873406,0.010769410639173816
0.8129555595639885,0.012283787611358146,0.05,0.7833574472873406,0.010769410639173816
0.8046284121657865,0.020550640116341345,0.05,0.7796276883846449,0.004484038296807249
0.788851697895063,0.00747592612457975,0.05,0.795376166201614,-0.012708717169007509
0.7710766850314825,-0.00641123622638819,0.05,0.7612854776786732,0.006275460403756089
0.7593204755378106,-0.01118009057863069,0.05,0.7612854776786732,0.006275460403756089
0.7496334882058612,-0.018166041219919087,0.05,0.792797057713,-0.05045594230794917
0.7469089620954764,-0.03164980779545871,0.05,0.7993722998201636,-0.08433236857445015
0.7529913642489147,-0.04007283666459963,0.05,0.7712113036888327,-0.07759059655458085
0.7648480896049226,-0.04234008490644798,0.05,0.7712113036888327,-0.07759059655458085
0.773848769959098,-0.0427441389713687,0.05,0.7781468083380019,-0.09396511436312303
0.7822832155329622,-0.04806381035530827,0.05,0.7834643219976755,-0.09665871178355834
0.798212549159814,-0.04373499284948168,0.05,0.8063321081540507,-0.09619787471557358
0.8147918558507025,-0.0441964609178555,0.05,0.8342605231002524,-0.11303433675765683
0.8292722690528423,-0.04493522421070212,0.05,0.8342605231002524,-0.11303433675765683
0.8340856749442662,-0.05642318284236011,0.05,0.7724730785767174,-0.1017164421635545
0.8414820215479226,-0.051044421733845116,0.05,0.7947696548579367,-0.12142773659624807
0.8367748300435326,-0.055781155703977674,0.05,0.7947696548579367,-0.12142773659624807
0.8361534896888781,-0.04346782989629286,0.05,0.7352037308852529,-0.11873784628717089
0.8175922453676102,-0.05389341330217261,0.05,0.7609275467668813,-0.11394071769697293
0.8025714428266749,-0.05729968634202729,0.05,0.7901005484403971,-0.11960303694520548
0.7892613639073716,-0.05982102293052883,0.05,0.7901005484403971,-0.11960303694520548
0.7910117308081951,-0.04675226898918999,0.05,0.7612525321275482,-0.03232935582145983
0.7936003242225216,-0.029270389067025948,0.05,0.8015225629620619,-0.12017253178510842
0.7882038218459336,-0.03833163904125934,0.05,0.9101388557393804,-0.1257438667683877
0.7971490183456711,-0.0467289856238602,0.05,0.9101388557393804,-0.1257438667683877
0.8102683794607738,-0.0612215055782022,0.05,0.8369233192227055,-0.12556304564909845
0.8318897655626138,-0.05883182067387349,0.05,0.8012035254724439,-0.12011730187769364
0.841239143258929,-0.061872285814732364,0.05,0.9055378139644938,-0.12195291649683168
0.8567577824899195,-0.05318584925917983,0.05,0.9055378139644938,-0.12195291649683168
0.8672616922123428,-0.04805518044861872,0.05,0.7960852144364103,-0.11940619654606913
0.8806700745378652,-0.03896328562909968,0.05,0.8031969150403718,-0.10426046448955585
0.8816722681181031,-0.03538930211750681,0.05,0.7613552372606792,-0.10916125140869057
0.8742558018952261,-0.03368059628106572,0.05,0.7613552372606792,-0.10916125140869057
0.8638548678923584,-0.02357883982544632,0.05,0.7757053777925813,-0.0675702079114204
0.847072565269718,-0.015751394168325068,0.05,0.7612688553285121,-0.08152327176778695
0.8276391104513914,-0.011322892076209649,0.05,0.7612703109064167,-0.08039792288730124
0.8013402615446998,-0.02518485384266778,0.05,0.7612703109064167,-0.08039792288730124
0.7920661746287351,-0.016492324208266337,0.05,0.8107556724000988,-0.03355318803903248
0.7797517951850307,-0.023375000000000097,0.05,0.8134904195559826,-0.03217902458787936
0.7752758854936359,-0.024206684702293087,0.05,0.8196820666358827,-0.05485186833802933
0.7741517224515113,-0.032454660400315,0.05,0.8196820666358827,-0.05485186833802933
0.7849704343057426,-0.02758104636330049,0.05,0.8024310068933519,-0.016113296523255653
0.7935838889286096,-0.028037129553498113,0.05,0.7608289415743363,-0.06250467424302371
0.7947064223464753,-0.03115113437213138,0.05,0.7712931564257943,-0.039488389805758674
0.7891677128040057,-0.03986111409155947,0.05,0.7712931564257943,-0.039488389805758674
0.7867526636338703,-0.03857298535672134,0.05,0.761690687119393,-0.11400687667168123
0.7857075762723987,-0.039827318573625765,0.05,0.7924324643627276,-0.1187287971406009
0.7878736097534808,-0.03866809019168425,0.05,0.7682127192768742,-0.11344328674146123
0.7851540187617708,-0.0477500000000001,0.05,0.7682127192768742,-0.11344328674146123
0.7783108108510867,-0.06800894272838912,0.05,0.7832792421629727,-0.10950139788774992
0.780911732972496,-0.06857615732185658,0.05,1.0,-0.16427567226876677
0.7916443614535397,-0.06959520970933984,0.05,1.0,-0.16408701050750807
0.8141122911424108,-0.0700773667545231,0.05,1.0,-0.16408701050750807
0.8509369748650291,-0.07247994654796393,0.05,1.0,-0.17266267348553788
0.896634804155293,-0.09173447725078383,0.05,1.0,-0.17085120627125938
0.9435246560111603,-0.11018239605813838,0.05,1.0,-0.17143267191387254
0.9769571580152125,-0.1365270273492454,0.05,1.0,-0.17143267191387254
0.9969943539446391,-0.1454011038790741,0.05,1.0,-0.17065731535836887
1.0117280064724532,-0.14552897108255666,0.05,0.9999999999999999,-0.20906127037112052
1.0212595633463666,-0.14235980414362015,0.05,1.0,-0.2090585952053198
1.0414123862972544,-0.1270617839558423,0.05,1.0,-0.2090585952053198
1.0578335836999413,-0.11118984197098142,0.05,1.0,-0.19018922959755513
1.0692132698314298,-0.09472308421353816,0.05,1.0,-0.17836677042881544
1.0714681240163113,-0.0889013867029142,0.05,0.9935444862800527,-0.18361522989703527
1.0667709239940388,-0.08572440387481381,0.05,0.9935444862800527,-0.18361522989703527
1.0647266031221674,-0.07691032861470218,0.05,0.9144926482702109,-0.16445967854493274
1.057931239196519,-0.06446619330035178,0.05,0.8211266900126328,-0.13146808201366852
1.0339344827380739,-0.05237825039028527,0.05,1.0,-0.17082107236220795
1.010362597615499,-0.028772535022354793,0.05,1.0,-0.17082107236220795
0.9776128577726937,-0.022034520149662878,0.05,0.8934478017372371,-0.14417655070189328
0.9512612276341356,-0.023364790079748336,0.05,0.7617618157037681,-0.11229116502390499
0.9133848431412265,-0.033406266010556636,0.05,0.7625777198994785,-0.11147109532083319
0.8743132272987408,-0.039823638997520124,0.05,0.7625777198994785,-0.11147109532083319
0.8378093226402717,-0.03246092361815048,0.05,0.7589338144688161,-0.09604553578509746
0.8222662290059957,-0.015286072735508423,0.05,0.7611025108151597,-0.07420852044420663
0.8126754132699274,0.005289430480072365,0.05,0.7611024915639967,-0.07420852512186552
0.7955039432270677,-0.0028033438446315867,0.05,0.7611024915639967,-0.07420852512186552
0.7713690413025075,-0.021319861927529937,0.05,0.7628249909220025,-0.054046396012843785
0.7536116539135409,-0.032345801897474505,0.05,0.7650644039056916,-0.029686471770351535
0.7527639673543819,-0.020393155325919933,0.05,0.76506438709711,-0.029686461550214094
0.7535,-0.01745910933587705,0.05,0.76506438709711,-0.029686461550214094
0.7542204540578552,-0.02206666646801521,0.05,0.7657495013178015,-0.013735871466088883
0.7568257737428169,-0.02843860726292959,0.05,0.7645636065552461,0.002375593539601894
0.7604910112995696,-0.02692783561986731,0.05,0.764157199978746,0.002000718080668155
0.7672499999999999,-0.01203308674503455,0.05,0.764157199978746,0.002000718080668155
0.7608495694792039,-0.014761150339649719,0.05,0.7631264722918879,0.00843285680158126
0.7543485900171665,-0.015518336333508272,0.05,0.7699236892658227,0.02986980280900141
0.7509187462731067,-0.011223688133571951,0.05,0.7698643500879085,0.01892052811736636
0.7471845773783271,-0.008101811235740861,0.05,0.7698643500879085,0.01892052811736636
0.7451947925360677,-0.004750000000000096,0.05,0.8196717307368653,0.03979471664097908
0.7452758235897069,-0.012227693948820728,0.05,1.0,0.0842090195575345
0.7476022455036292,-0.022579491007258652,0.05,1.0,0.08474745618888345
0.7594181883236925,-0.025844667243127298,0.05,1.0,0.08474745618888345
0.7981170822704842,-0.0007294860180705183,0.05,0.9855952380348151,0.10571453943475649
0.8497351973292,0.042131805174675,0.05,0.8530043467013688,0.11093110120007013
0.8979396814800686,0.08255294857428944,0.05,0.7607695732960278,0.1008685978153107
0.9060318559969487,0.08769751105469532,0.05,0.7607695732960278,0.1008685978153107
0.8711876607717042,0.05744087620578769,0.05,0.7318860588150428,0.04915161695895969
0.8189099616972176,0.03208859897462728,0.05,0.8473550798847517,0.16990116779299855
0.774882473716833,0.035699319975206714,0.05,0.8482806841985094,0.1700788016765611
0.7607692377619876,0.07056382186032084,0.05,0.8482806841985094,0.1700788016765611
0.7814529933375445,0.12351178146192617,0.05,0.8882234148099731,0.1993223572958532
0.8247798107744188,0.16920500977109415,0.05,0.9501656736679543,0.23897388497418437
0.8676287362794523,0.19354952357967742,0.05,0.9190733224085544,0.2346400705150911
0.8844189127972819,0.1919909966024914,0.05,0.9190733224085544,0.2346400705150911
0.893061294322436,0.1845754822710255,0.05,1.0,0.28397033171871155
0.9084027145546842,0.18704272921184956,0.05,1.0,0.32506046467657596
0.9393252663663342,0.19585147395330535,0.05,1.0,0.3381645050175075
0.99427540341336,0.19439740688396714,0.05,1.0,0.3381645050175075
1.044567334287077,0.1775590635431568,0.05,0.9237862281394523,0.3386139239757164
1.049461564820443,0.19839919369256614,0.05,0.8049999136760903,0.3249835416073288
0.9766065037257824,0.30298411475409825,0.05,0.717672658811381,0.30668065978165815
0.9320278420337204,0.32995142101686015,0.05,0.717672658811381,0.30668065978165815
0.8269209487815347,0.4131444543135103,0.05,0.6506847071673412,0.31379529741292345
0.8039566907199294,0.34188398720072455,0.05,0.8292094639437093,0.34958586281693
0.7076628555759554,0.3740186222847468,0.05,0.6433257964713434,0.33242547461665223
0.6855203935599283,0.32188975849731655,0.05,0.6433257964713434,0.33242547461665223
0.6201759110252832,0.35492348520068173,0.05,0.5417193828595208,0.3322369987712815
0.5870824814929607,0.32840987578528247,0.05,0.4622958427984975,0.3338347165486261
0.529399630013584,0.33696140165868294,0.05,0.4910825937965795,0.3385396712989413
0.488231174447438,0.3354481593190433,0.05,0.4910825937965795,0.3385396712989413
0.4871371340707542,0.3053314579956135,0.05,0.5008153347208816,0.33834309143950553
0.45822470362330936,0.3307246469718292,0.05,0.4763743073058724,0.32860927848367355
0.46743920904257846,0.3221853514041863,0.05,1.0,0.3417157194308859
0.4687276101832314,0.32520879379612067,0.05,1.0,0.3417157194308859
0.4621679082240762,0.32937964839094147,0.05,0.44898810573569314,0.26638706259416434
0.45454938672610673,0.3110499350370705,0.05,-0.19939233076015703,0.04815738283554607
0.4290536478002406,0.2764012029282471,0.05,-0.851440434862757,-0.02220446321025905
0.3974980774733528,0.2101653909435581,0.05,-0.851440434862757,-0.02220446321025905
0.3738830039572804,0.09577246233431859,0.05,-0.9138190333960485,-0.08036750138992896
0.30406187204271595,0.03100281128207563,0.05,-0.5033644197079623,0.00934296359496534
0.23831562745845944,-0.010210530550456625,0.05,0.30222192870966946,0.1250185315356423
0.16170910830531507,0.02041386186422481,0.05,0.30222192870966946,0.1250185315356423
0.1319753329478252,0.06544878058231582,0.05,1.0,0.46082624142070955
0.13162338616422672,0.10329568809308082,0.05,0.9999999999999999,0.45947238081461184
0.16518350581838986,0.16447227322586788,0.05,1.0,0.44812888028224945
0.2158347262127588,0.24689244179115144,0.05,1.0,0.44812888028224945
0.29138541306499105,0.3370967236178507,0.05,0.9999999999999999,0.44897358746252697
0.36528524853975436,0.38160401120514953,0.05,0.9999999999999999,0.4229948338527808
0.4273334451201335,0.40352007690931846,0.05,0.9999999999999999,0.416374097867653
0.47958857867711474,0.39183527815633207,0.05,0.9999999999999999,0.416374097867653
0.5183420608712238,0.4010965552800361,0.05,1.0,0.4211432080595144
0.5500319429872669,0.40174900746339826,0.05,1.0,0.42255613322958213
0.5944842967520388,0.40435682858778066,0.05,1.0,0.42280182701547053
0.6410948217287129,0.4105228829167113,0.05,1.0,0.42280182701547053
0.6812047643454836,0.43480423063627904,0.05,1.0,0.39890578910797664
0.7376585797547108,0.41767924398994044,0.05,1.0,0.38623044980994137
0.7928361090579623,0.38274724017071593,0.05,1.0,0.39354588046553396
0.8605019019505046,0.32965123261882345,0.05,1.0,0.39354588046553396
0.9195141336226423,0.3000945659171653,0.05,1.0,0.38374652839528733
0.975158468496383,0.2927564085757528,0.05,1.0,0.378019181098599
1.0240055473769534,0.27987684912565103,0.05,1.0,0.3797848190126944
1.0513064320460697,0.27779631705077906,0.05,1.0,0.3670161338247347
1.078416505733972,0.2637290310659704,0.05,1.0,0.3670161338247347
1.0877862846021793,0.24998405051143263,0.05,1.0,0.36172073153875206
1.1084215134291364,0.2093953462739209,0.05,0.9999999999999999,0.3621118905241848
1.1011580816601487,0.21102032114412428,0.05,0.9999999999999999,0.3621118905241848
1.0975939653325715,0.20830682548466553,0.05,1.0,0.361342756953132
1.121924260936941,0.17827832578376435,0.05,1.0,0.35190232685692435
1.1446503433967663,0.14633223040969132,0.05,1.0,0.35235206783196554
1.1476047049180327,0.1348064262295081,0.05,1.0,0.35504602205551167
1.1323802983152698,0.150837884966198,0.05,1.0,0.35504602205551167
1.1370490489357137,0.13636947000214517,0.05,1.0,0.36963158859543815
1.1403867303887685,0.13223819363335151,0.05,1.0,0.37110069528524553
1.1368189110962885,0.12793108890371138,0.05,1.0,0.37110069528524553
1.117912977891197,0.15172625748288765,0.05,1.0,0.3682687693575293
1.1293931740339402,0.1376971993818172,0.05,1.0,0.15565689397434138
1.1348163945570118,0.1255032766454782,0.05,1.0,0.1524720696886734
1.1478380784774211,0.08904304158123112,0.05,1.0,0.1524720696886734
1.11734213004912,0.08483382612427859,0.05,0.9999999999999999,0.11372783620375886
1.0968440353847253,0.05638879384343919,0.05,0.9318372100234853,0.11484062177658007
1.0641190778493084,0.0440944220910824,0.05,1.0,0.1324378259994443
1.0465592513981135,0.017148770912082705,0.05,1.0,0.1324378259994443
1.0112720237598503,0.030702632300520883,0.05,0.9326034384939385,0.11700743535898843
0.9757764507611428,0.04435761649600048,0.05,0.7704806873392904,0.12524356778576415
0.9533060654203378,0.034959191277288186,0.05,0.7671884789718686,0.1294954603308113
0.9307594103334763,0.02099227732455503,0.05,0.7671884789718686,0.1294954603308113
0.9050391302664187,0.01310757286007044,0.05,0.8007338549827656,0.15033779603987762
0.8702913504045375,0.03107310868295928,0.05,0.8516937592984817,0.17748988652693357
0.8536549300603401,0.040862452002194086,0.05,0.850573310255786,0.08860198596181527
0.8454900359943743,0.0481573591809491,0.05,0.8271911747460428,0.23080289830238582
0.8378207700650758,0.06361772067411971,0.05,0.8271911747460428,0.23080289830238582
0.8318119397024462,0.08582814958752553,0.05,0.9935249027957715,0.23505577384161255
0.8497844020022645,0.10796760175198132,0.05,1.0,0.24037007946854974
0.8861143783542038,0.12293228085867611,0.05,0.9960953429818326,0.25511808363661936
0.9349938591052179,0.1384579944910807,0.05,0.9960953429818326,0.25511808363661936
0.9759395953257772,0.16602581727388646,0.05,1.0,0.33914505450302895
1.0067744524067868,0.20124738425125488,0.05,0.9999999999999999,0.3428550963104313
1.0382287296176218,0.22244182678554392,0.05,1.0,0.34737168219002096
1.0625540917544947,0.2243843352091181,0.05,1.0,0.34737168219002096
1.0780844426626288,0.20857314568628377,0.05,0.9761783340450221,0.3216378690183994
1.0895406282404263,0.188023180593795,0.05,0.9419019741880651,0.31964766648097764
1.0912610861738021,0.16925586424168715,0.05,0.93234497510191,0.32512612383352363
1.0978037143146746,0.1408736629182665,0.05,0.93234497510191,0.32512612383352363
1.104077736362878,0.10749148908911048,0.05,0.830624192334839,0.2976777875809341
1.0413992990960694,0.16326838121303178,0.05,0.7995642901298486,0.32229479243914
0.9724384319018843,0.21763734788619912,0.05,0.9105604989104584,0.3169892000534613
0.8651943916349809,0.31523594556420365,0.05,0.9105604989104584,0.3169892000534613
0.832493424501662,0.2983711723599708,0.05,0.7085193059479759,0.29411428010368285
0.764036505044843,0.3313278164058772,0.05,0.6548012262333796,0.3449204670061129
0.7112076906342754,0.34019253406205663,0.05,0.4469392192559258,0.2906505116531927
0.6578347994894794,0.3473960291521541,0.05,0.4469392192559258,0.2906505116531927
0.6134573341517484,0.3415929924197277,0.05,0.44689429809166137,0.31628273791237876
0.5729502503875044,0.3137407893167997,0.05,0.4676675538327693,0.2926323239986938
0.5163823389106867,0.31141026493422846,0.05,0.45684889887060304,0.32282061144471647
0.4829268877763871,0.28669147893199826,0.05,0.45684889887060304,0.32282061144471647
0.45660987810693204,0.27869732818739934,0.05,0.4505565982896907,0.31816040413201147
0.43776707703224876,0.28853503065070113,0.05,0.4491499976685415,0.31715668220823556
0.42206813033525675,0.31004020667413795,0.05,0.4436742788020872,0.3154809607558876
0.4195996909201459,0.3228117146331576,0.05,0.4436742788020872,0.3154809607558876
0.40854549382053934,0.3245652150595301,0.05,0.40251640457341525,0.28665437460346793
0.4031424254345182,0.3177014519705313,0.05,0.4054077125461864,0.28853872927656726
0.4062478439541315,0.2889451765364992,0.05,0.5082230506550683,0.32671792888728757
0.4154962595374344,0.27201440152598944,0.05,0.5082230506550683,0.32671792888728757
0.42743227856776755,0.28045685334398124,0.05,0.454104959979832,0.30954911808488506
0.43766812893381646,0.2942164969959946,0.05,1.0,0.5775746615693431
0.45159239583954214,0.32246805149907604,0.05,1.0,0.42002231034688803
0.4707237466609425,0.3362593508514595,0.05,1.0,0.42002231034688803
0.5132444135743585,0.34973896725651044,0.05,1.0,0.4320622794549002
0.5608086773609191,0.36959341779091376,0.05,1.0,0.45748105468861305
0.5986026135198301,0.41103744246500196,0.05,1.0,0.4397669331751063
0.6517572516899746,0.42040013948996735,0.05,1.0,0.4397669331751063
0.6931921953603699,0.4298068196719356,0.05,1.0,0.4162183934981894
0.7324606808700834,0.42591252830750886,0.05,1.0,0.4159148023282034
0.7850172709208381,0.39983933224658796,0.05,0.9999999999999999,0.3729990831632821
0.8438533023366713,0.35736354017644245,0.05,0.9999999999999999,0.3729990831632821
0.9246448497598303,0.3029369539565429,0.05,1.0,0.361758909939003
0.9748893631735206,0.2868216653352251,0.05,1.0,0.361811074768495
1.0095728514716926,0.2803069900933442,0.05,0.8706218557557363,0.3321236857569828
1.0417859286523217,0.259314035584431,0.05,0.8706218557557363,0.3321236857569828
1.0569372355135953,0.2334593495571528,0.05,0.926541081325191,0.34367498554430537
1.0687659463487331,0.20331503874813703,0.05,0.8443725214429675,0.32015266220097394
1.0111959534368071,0.24973964666332873,0.05,0.8443725214429675,0.32015266220097394
0.9577705749785367,0.3001181019269292,0.05,1.0,0.3351478100272094
0.9112195375646741,0.3328499469492858,0.05,0.48579870479151877,0.291340708966521
0.8591029039275284,0.3531249999999999,0.05,0.48355077069460595,0.291446198570397
0.8274513037129745,0.32180524018117873,0.05,0.48355077069460595,0.291446198570397
0.7479895688041677,0.3566088644302182,0.05,0.8402489325191467,0.37171437727861306
0.7184026237328562,0.3397075939177101,0.05,0.6056667177201447,0.38166974417982374
0.6557123767305422,0.3960013265999689,0.05,0.6053545774144039,0.3815625659629653
0.630450125788413,0.39729987421158675,0.05,0.7259389291177398,0.3390339494039294
0.6087917476596505,0.40120521883012333,0.05,0.7259389291177398,0.3390339494039294
0.6180034910540808,0.3702996078337882,0.05,0.6773585187627308,0.3953435210898061
0.6386499913540199,0.3399846772366255,0.05,0.6781845447953961,0.3958078636112758
0.6500529418777943,0.3538467421758569,0.05,0.5209053818214957,0.2902671263936768
0.6608895803274387,0.3572142959350368,0.05,0.5209053818214957,0.2902671263936768
0.649940284764107,0.35076073080315623,0.05,0.387049434308017,0.27743850864951536
0.6282104546972063,0.31525712122476707,0.05,0.3870492807562588,0.2774383932729103
0.5637549883188708,0.3212425145418136,0.05,0.3099432322874414,0.217035611997744
0.5017379622794275,0.2999018110161216,0.05,0.3099432322874414,0.217035611997744
0.4298411553637631,0.2864652613038968,0.05,-0.2007415333524979,0.14208427128478063
0.3496268938716637,0.2599036390349151,0.05,-0.2007415364441007,0.14208427347536123
0.2574954286651165,0.2506881863709532,0.05,0.35104792704982585,0.2511226249383769
0.18714410212842064,0.23139410212842054,0.05,0.35104792704982585,0.2511226249383769
0.15683484601902847,0.19348147220831238,0.05,-0.23020540633923123,0.17213256259975426
0.13903848423085166,0.16835518576128145,0.05,-0.22919194000518617,0.1711731046097777
0.11646504868543364,0.16048336382380274,0.05,-0.3025989240646629,0.21346997039507137
0.08045491267938297,0.16318493003614493,0.05,-0.3025989240646629,0.21346997039507137
-0.08271315878861561,0.2005798993492562,0.05,-0.21498276944949696,0.17757893472500147
-0.1514861258400458,0.18934637886659347,0.05,-0.21498276944949696,0.17757893472500147
-0.2041715368029829,0.18155890472560057,0.05,-0.24224505525864284,0.1704412525027193
-0.23760568705974905,0.16469645475024125,0.05,-0.2422471865123438,0.17044129560254384
-0.2484509931327198,0.15969602746912098,0.05,-0.23193023325379625,0.16287585233198298
-0.24396528034430554,0.16730212568104047,0.05,-0.23193023325379625,0.16287585233198298
-0.23617681106303867,0.16955238763542735,0.05,-0.22013852707964565,0.1556310397842755
-0.22394471328621324,0.1761876512234948,0.05,-0.22013851641215298,0.15563103274682372
-0.21488873357812172,0.167291400419637,0.05,-0.20123906879264195,0.14231545727897835
-0.20646556251713907,0.15567055101164848,0.05,-0.20123906879264195,0.14231545727897835
-0.19255155763796994,0.13693335777388307,0.05,0.329012597974917,0.07105866459172164
-0.17618394021771538,0.11732976237316822,0.05,0.5944265840538049,0.09649106892610208
-0.15283144901610024,0.10220048598688124,0.05,0.21172236388958368,0.1495596966927358
-0.11855686288534446,0.10014590336885763,0.05,0.21172236388958368,0.1495596966927358
-0.07801102502979744,0.1027777115613825,0.05,0.3101571485801138,0.14243698771492852
0.07550286654191342,0.13413904814121733,0.05,0.1766743489205977,0.12325932511048182
0.12019721374409836,0.1183174984500929,0.05,0.40328684912525703,0.021118113458159057
0.16077488558352399,0.09111575133485879,0.05,0.3342407029563218,0.011681667606985349
0.1967470198359717,0.06354484550829669,0.05,-0.13734685314060546,0.03760633584769507
0.22728804425601942,0.044194250652928244,0.05,-0.13734685314060546,0.03760633584769507
0.24898611376074586,0.03204541755595026,0.05,0.3874695142342203,0.01857793040981305
0.2596125990939977,0.03596602491506219,0.05,0.39279610470224957,0.019810441267771275
0.26908154169398574,0.038150366573284765,0.05,0.39279610470224957,0.019810441267771275
0.27471117533776124,0.04518266983460717,0.05,0.2501653230665883,0.07556460212505074
0.2927611927617457,0.025144845575959838,0.05,0.4792330516949162,0.016041524471393287
0.3029664655953459,0.02212177232845348,0.05,0.5650015542722483,0.037279344563946284
0.3297786369542929,0.0060732457499820215,0.05,0.41988199055112957,0.14631279631907046
0.33516411717716066,0.035198849749025214,0.05,0.41988199055112957,0.14631279631907046
0.33958682624936054,0.08928630312979542,0.05,0.7404440828047999,0.13050519115783785
0.37091371322608724,0.124428500304089,0.05,0.7127148815908114,0.12519580505052058
0.4293287694912021,0.1278299034976872,0.05,0.6465000606698338,0.2152023778556001
0.502435892357181,0.11495760558765701,0.05,0.6465000606698338,0.2152023778556001
0.548713108037236,0.13110534196693555,0.05,0.7035204041610316,0.14818987135204748
0.6043460074969308,0.1388938540661016,0.05,0.7035204041610316,0.14818987135204748
0.659626451166893,0.12818933407232583,0.05,0.7035204041610316,0.14818987135204748
0.684628966999809,0.13946921065499465,0.05,0.6626710511624418,0.17135769014981014
0.6929407367668097,0.14781298283261793,0.05,0.6688185188135455,0.15636900426965297
0.6487350203225383,0.2246300836144319,0.05,0.6688185188135455,0.15636900426965297
0.6422050163316881,0.230855047326133,0.05,0.6688185188135455,0.15636900426965297
0.6440521968522713,0.211426317515202,0.05,0.5249192422454552,0.21460215145128664
0.6302377981902934,0.19179418163827316,0.05,0.353567427589413,0.2627667398468867
0.5935066777963272,0.19611823873121859,0.05,0.3557373195450596,0.26379415937967593
0.49381299541093027,0.28192339382561526,0.05,0.3557373195450596,0.26379415937967593
0.4367919001573826,0.30154794806371604,0.05,0.40105940534008583,0.18979248237060226
0.39205322195206255,0.29688172369816795,0.05,0.32104844274258426,0.2357459857996729
0.360181363024068,0.2676722227520354,0.05,0.32104844361406915,0.2357459864751772
0.3269877154709963,0.24558073456834267,0.05,0.4003169122068503,0.14871520373824682
0.32979411484280025,0.192929421018759,0.05,0.4003169122068503,0.14871520373824682
0.33904924496744876,0.16008200600668998,0.05,0.49680088686419177,-0.0737351762109748
0.37654046229856003,0.10687925824830732,0.05,0.49680095163257726,-0.07373518718133347
0.4084906666150049,0.06547077784665997,0.05,0.4715485267991897,0.0758075210649108
0.42767525808528134,0.042800901808384986,0.05,0.4715485267991897,0.0758075210649108
0.45229803062088036,0.020701969379119535,0.05,0.46394125585938634,-0.016080538745357593
0.4747811754639126,0.0017187649072173798,0.05,0.4639411702057008,-0.016075275085360906
0.49143467877544683,-0.004542161095276243,0.05,0.45022219295354193,0.0674914785712793
0.5070294449942764,-0.015680618322522277,0.05,0.45022219295354193,0.0674914785712793
0.47558356327250617,0.03585875129620129,0.05,0.45022219295354193,0.0674914785712793
0.460430918346666,0.04973529876369523,0.05,0.4313926595127313,0.06020756077505213
0.4376757024162881,0.060488374518709156,0.05,0.05,-0.035949571022731705
0.4080605628010109,0.05700586822278375,0.05,0.05,-0.035949571022731705
0.35411181481128245,0.07171980281824458,0.05,0.05,0.027366194448753066
0.29467853842484937,0.07491450545519575,0.05,0.05,0.027356325600767065
0.23941483103879846,0.06411751743250482,0.05,0.05,-0.05
0.1831627530581586,0.03717354603333562,0.05,0.05,-0.05
0.11900597760740939,0.016547154200545137,0.05,-0.049999999999999996,-0.05
0.052120611055491935,-0.00274833738558362,0.05,-0.05,-0.05
-0.06027281795734331,-0.006618853778986642,0.05,-0.05,0.014628534500834778
-0.06402696814724751,0.0035916541496792296,0.05,-0.05,0.030395107444042866
-0.05787826833426734,0.006784738533258521,0.05,-0.05,0.021147579418577898
-0.05030556846621386,-0.033336963711119154,0.05,-0.05,0.05
-0.05027075061701904,-0.017027005758844034,0.05,-0.05,0.043077849658959264
0.051835833879520885,-0.045316267949711116,0.05,0.05000000000000001,-0.05
-0.05172919001072839,-0.03996871498390759,0.05,-0.05,-0.05
-0.052260394557985416,-0.037965263038657,0.05,-0.05,-0.05
-0.050857615588161736,-0.061340231176323444,0.05,-0.05,-0.05
-0.05023267518504839,-0.05907675185048342,0.05,-0.05,-0.05
0.050576425318327005,0.013972149363345798,0.05,0.05,0.022598234630627292
0.052689886053469,0.021232002169274868,0.05,0.05,0.049999999999999996
0.05454754748343734,0.02563787474381574,0.05,0.05,0.049999999999999996
0.050795205475370316,0.02866232882018512,0.05,0.05,0.05000000000000001
0.050013513432978086,0.008163850747335957,0.05,0.05,0.0022301186510908263
0.05128183409473139,0.012566426518124361,0.05,0.05,0.05
0.05478088868095449,0.042030888680954434,0.05,0.05,0.049999999999999996
0.05721823078572189,0.045505675253986876,0.05,0.05,0.05
0.05379219269697073,0.042869019944446335,0.05,0.05,0.02875812972339706
0.05161147436432338,0.03141884618594051,0.05,0.05,0.05000000000000001
0.055004011779012325,0.031115739526454998,0.05,0.05,0.031659949661829126
0.05365958201657618,0.028992074116033537,0.05,0.049999999999999996,0.03058368895441607
0.05056918838989716,0.01812453641870772,0.05,0.05,-0.022088536178635303
0.05033230355162912,0.023459270717836742,0.05,0.05,0.05
0.051157116555644214,0.041233415160217744,0.05,0.05,0.05
0.050654241622259524,0.05448668234326374,0.05,0.049999999999999996,0.049999999999999996
0.055159516171349475,0.060844677228927065,0.05,0.05,0.05
0.05742020911844673,0.059611672947574204,0.05,0.05,0.05
0.05520665025804832,0.059275673726742785,0.05,0.05,0.05
-0.05174765543022041,0.020566689819231043,0.05,-0.05,0.04157322695050415
-0.051022645747926455,0.023708846768042618,0.05,-0.05,0.04151322171505952
-0.05446546117344085,0.03275246354607552,0.05,-0.05,0.0020529079121406847
-0.05155992023749916,0.002851411045139044,0.05,-0.05,-0.034527360596001075
-0.05382742487275159,0.0015643647709526903,0.05,-0.05,-0.003197631129639068
-0.0511809073678941,-0.003981143686450368,0.05,-0.049999999999999996,-0.04940997690993326
-0.05175000000000005,-0.004874278671324597,0.05,-0.049999999999999996,-0.04940997690993326
-0.050183470025152936,0.045178005829270236,0.05,-0.05,-0.049999999999999996
