# v_mps,w_radps,dt_s,cmd_v,cmd_w
-0.86,-0.159,0.05,-0.6641060423162037,-0.12186966934655875
-0.873,-0.085,0.01999664306640625,-0.6641060423162037,-0.12186966934655875
-0.884,-0.054,0.020004987716674805,-0.494164954320907,-0.17675479202043426
-0.873,-0.045,0.019998788833618164,-0.494164954320907,-0.17675479202043426
-0.835,-0.069,0.020008087158203125,-0.494164954320907,-0.17675479202043426
-0.833,-0.081,0.020002365112304688,-0.494164954320907,-0.17675479202043426
-0.837,-0.051,0.020022153854370117,-0.7069398368492529,-0.1382881586284271
-0.829,-0.024,0.019989728927612305,-0.7069398368492529,-0.1382881586284271
-0.829,-0.023,0.020000934600830078,-0.7069398368492529,-0.1382881586284271
-0.785,-0.063,0.019955873489379883,-0.7069398368492529,-0.1382881586284271
-0.798,-0.043,0.020032405853271484,-0.33989461181666486,-0.15728183557009554
-0.798,-0.043,0.019998788833618164,-0.33989461181666486,-0.15728183557009554
-0.8,-0.017,0.020009517669677734,-0.33989461181666486,-0.15728183557009554
-0.666,-0.196,0.019999265670776367,-0.23684961872097215,-0.15189219870215706
-0.666,-0.196,0.0200042724609375,-0.23684961872097215,-0.15189219870215706
-0.637,-0.233,0.020018815994262695,-0.23684961872097215,-0.15189219870215706
-0.812,0.042,0.019983291625976562,-0.24884546028471755,-0.1581349903609646
-0.561,-0.296,0.020004749298095703,-0.24884546028471755,-0.1581349903609646
-0.602,-0.252,0.019999027252197266,-0.24884546028471755,-0.1581349903609646
-0.537,-0.312,0.019985437393188477,0.40246112617746255,-0.20203745340516327
-0.546,-0.271,0.020010709762573242,0.40246112617746255,-0.20203745340516327
-0.663,-0.052,0.019999980926513672,0.40246112617746255,-0.20203745340516327
-0.504,-0.283,0.019982099533081055,0.40246112617746255,-0.20203745340516327
-0.442,-0.311,0.020008563995361328,0.3904387135238486,-0.20048681031996826
-0.442,-0.311,0.019997835159301758,0.3904387135238486,-0.20048681031996826
-0.49,-0.182,0.02000713348388672,0.3904387135238486,-0.20048681031996826
-0.49,-0.182,0.02001190185546875,0.3904387135238486,-0.20048681031996826
-0.48,-0.15,0.01998615264892578,0.3596697948860454,-0.2140009176909543
-0.391,-0.254,0.020005226135253906,0.3596697948860454,-0.2140009176909543
-0.404,-0.204,0.019986629486083984,0.42058765419353505,-0.17979873879492106
-0.346,-0.259,0.01999950408935547,0.42058765419353505,-0.17979873879492106
-0.4,-0.151,0.019993066787719727,0.42058765419353505,-0.17979873879492106
-0.369,-0.159,0.020006418228149414,0.5673618662001045,-0.16427198826643688
-0.285,-0.242,0.020000219345092773,0.5673618662001045,-0.16427198826643688
-0.243,-0.295,0.020011425018310547,0.5673618662001045,-0.16427198826643688
-0.243,-0.295,0.02001214027404785,0.5673618662001045,-0.16427198826643688
-0.243,-0.295,0.019979238510131836,0.6965948009322384,-0.13194231235341441
-0.28,-0.165,0.01999950408935547,0.6965948009322384,-0.13194231235341441
-0.281,-0.105,0.019991159439086914,0.6965948009322384,-0.13194231235341441
-0.226,-0.16,0.02001333236694336,1.054508175052931,-0.13522303161959304
-0.205,-0.152,0.020014047622680664,1.054508175052931,-0.13522303161959304
-0.179,-0.152,0.019982576370239258,1.054508175052931,-0.13522303161959304
-0.158,-0.166,0.02000570297241211,1.054508175052931,-0.13522303161959304
-0.158,-0.166,0.02001214027404785,1.2808467553147949,-0.12145175446717174
-0.124,-0.151,0.020000696182250977,1.2808467553147949,-0.12145175446717174
-0.107,-0.149,0.019980192184448242,1.2808467553147949,-0.12145175446717174
-0.086,-0.137,0.019999027252197266,1.26293039961672,-0.11368143715125005
-0.086,-0.137,0.02000594139099121,1.26293039961672,-0.11368143715125005
0.062,-0.082,0.01999807357788086,0.9842044655871848,-0.05505361838799964
0.062,-0.082,0.02001667022705078,0.9842044655871848,-0.05505361838799964
0.093,-0.09,0.01997828483581543,0.9654827349008401,-0.058270940149660166
0.12,-0.08,0.020000934600830078,0.9654827349008401,-0.058270940149660166
0.12,-0.08,0.019997596740722656,0.9654827349008401,-0.058270940149660166
0.125,-0.064,0.0200042724609375,0.9654827349008401,-0.058270940149660166
0.209,0.034,0.020007848739624023,0.984736643464236,-0.019376548434663503
0.223,0.014,0.01999354362487793,0.984736643464236,-0.019376548434663503
0.223,0.014,0.020009756088256836,0.984736643464236,-0.019376548434663503
0.214,-0.045,0.0199892520904541,0.9195461673684608,-0.020761927804196407
0.28,0.019,0.020002126693725586,0.9195461673684608,-0.020761927804196407
0.306,0.009,0.02000284194946289,0.9195461673684608,-0.020761927804196407
0.306,-0.019,0.019985437393188477,0.9195461673684608,-0.020761927804196407
0.306,-0.041,0.020018815994262695,1.2504482085030517,-0.0010448779665268553
0.328,-0.039,0.020012378692626953,1.2504482085030517,-0.0010448779665268553
0.354,-0.026,0.0199739933013916,1.2504482085030517,-0.0010448779665268553
0.375,-0.022,0.020004749298095703,1.2905100045881608,0.012610728417013274
0.402,-0.019,0.02000141143798828,1.2905100045881608,0.012610728417013274
0.409,-0.019,0.019995689392089844,1.2905100045881608,0.012610728417013274
0.422,-0.02,0.019999027252197266,1.3310677032972114,0.0003988498874087466
0.439,-0.019,0.020004749298095703,1.3310677032972114,0.0003988498874087466
0.471,-0.009,0.020009279251098633,1.3310677032972114,0.0003988498874087466
0.471,-0.009,0.019988298416137695,1.1858860576359915,0.01354274033716718
0.489,-0.02,0.02000737190246582,1.1858860576359915,0.01354274033716718
0.505,-0.016,0.01999378204345703,1.1858860576359915,0.01354274033716718
0.534,0.009,0.02000117301940918,1.1109005080099648,0.020735727974628138
0.55,0.0,0.02000570297241211,1.1109005080099648,0.020735727974628138
0.557,-0.019,0.019986867904663086,1.1109005080099648,0.020735727974628138
0.557,-0.019,0.0200040340423584,0.8416865280624667,-0.027213512825136354
0.604,-0.006,0.020007610321044922,0.8416865280624667,-0.027213512825136354
0.627,0.009,0.020006895065307617,0.8416865280624667,-0.027213512825136354
0.648,0.0,0.020013809204101562,0.8416865280624667,-0.027213512825136354
0.674,-0.008,0.01998448371887207,1.3923129996744934,0.008357572223015263
0.693,-0.004,0.019990205764770508,1.3923129996744934,0.008357572223015263
0.715,-0.015,0.02000260353088379,1.3923129996744934,0.008357572223015263
0.731,-0.006,0.020000457763671875,1.3923129996744934,0.008357572223015263
0.75,-0.01,0.019995450973510742,1.2266448560542549,-0.0017303413732872096
0.77,0.0,0.020009517669677734,1.2266448560542549,-0.0017303413732872096
0.77,0.0,0.019988298416137695,1.2266448560542549,-0.0017303413732872096
0.817,-0.005,0.020006418228149414,1.189988761632357,-0.0014973113955923706
0.837,0.004,0.019999980926513672,1.189988761632357,-0.0014973113955923706
0.856,0.006,0.02000570297241211,1.189988761632357,-0.0014973113955923706
0.856,0.006,0.01999211311340332,1.158398208935567,0.004201892582664688
0.879,0.0,0.020014286041259766,1.158398208935567,0.004201892582664688
0.895,0.002,0.02001333236694336,1.158398208935567,0.004201892582664688
0.916,0.002,0.019973039627075195,1.158398208935567,0.004201892582664688
0.916,0.002,0.020006418228149414,1.2226208697665493,0.06415178768092056
0.944,0.007,0.019991397857666016,1.2226208697665493,0.06415178768092056
0.974,0.008,0.020015954971313477,1.2226208697665493,0.06415178768092056
0.992,0.025,0.019989013671875,1.2518444662418506,0.07423713105121628
1.016,0.015,0.019998550415039062,1.2518444662418506,0.07423713105121628
1.041,0.041,0.020009994506835938,1.2518444662418506,0.07423713105121628
1.066,0.046,0.019987106323242188,1.2518444662418506,0.07423713105121628
1.082,0.058,0.020004749298095703,1.266888428133547,0.0650409506290891
1.082,0.058,0.01999807357788086,1.266888428133547,0.0650409506290891
1.115,0.057,0.01999521255493164,1.266888428133547,0.0650409506290891
1.131,0.067,0.019997119903564453,1.117596414445799,0.11297841533351471
1.152,0.056,0.0200045108795166,1.117596414445799,0.11297841533351471
1.167,0.046,0.02000141143798828,1.117596414445799,0.11297841533351471
1.172,0.055,0.019995689392089844,1.0148542440351638,0.17230119337196428
1.167,0.063,0.020025968551635742,1.0148542440351638,0.17230119337196428
1.17,0.065,0.019974231719970703,1.0148542440351638,0.17230119337196428
1.157,0.066,0.020001888275146484,1.0113023105843468,0.20058618684322577
1.157,0.066,0.020003318786621094,1.0113023105843468,0.20058618684322577
1.14,0.072,0.019984006881713867,1.0113023105843468,0.20058618684322577
1.136,0.077,0.020006179809570312,1.0113023105843468,0.20058618684322577
1.113,0.098,0.02000737190246582,0.6559911214075106,0.22045966253986704
1.096,0.119,0.02000141143798828,0.6559911214075106,0.22045966253986704
1.065,0.141,0.019997596740722656,0.6559911214075106,0.22045966253986704
1.037,0.191,0.01999640464782715,0.37390152314103203,0.22105447151554838
1.003,0.208,0.020003318786621094,0.37390152314103203,0.22105447151554838
0.971,0.224,0.020012617111206055,0.37390152314103203,0.22105447151554838
0.954,0.232,0.019989013671875,0.364175500757427,0.2185936038065546
0.954,0.232,0.02001190185546875,0.364175500757427,0.2185936038065546
1.011,0.066,0.01999497413635254,0.364175500757427,0.2185936038065546
1.092,-0.102,0.020000696182250977,0.364175500757427,0.2185936038065546
1.056,-0.101,0.019997835159301758,0.299960530975841,0.2265357228807277
0.99,-0.045,0.019999980926513672,0.299960530975841,0.2265357228807277
0.805,0.183,0.019997358322143555,0.299960530975841,0.2265357228807277
0.677,0.331,0.01999974250793457,0.19821942395071274,0.15964562958553724
0.677,0.331,0.02000117301940918,0.19821942395071274,0.15964562958553724
0.486,0.563,0.02000880241394043,0.19821942395071274,0.15964562958553724
0.818,0.007,0.019988536834716797,0.19821942395071274,0.15964562958553724
0.818,0.007,0.020000696182250977,0.1906377947099602,0.15252452959616628
0.601,0.286,0.020003080368041992,0.1906377947099602,0.15252452959616628
0.462,0.488,0.020000219345092773,0.1906377947099602,0.15252452959616628
0.657,0.192,0.01999640464782715,-0.845006766952189,0.009118166135479161
0.712,0.045,0.0200040340423584,-0.845006766952189,0.009118166135479161
0.576,0.145,0.019982337951660156,-0.845006766952189,0.009118166135479161
0.576,0.145,0.020024776458740234,-1.4890924400843983,-0.04253450514426911
0.512,0.182,0.019985675811767578,-1.4890924400843983,-0.04253450514426911
0.452,0.222,0.02001023292541504,-1.4890924400843983,-0.04253450514426911
0.448,-0.061,0.019988059997558594,-1.4890924400843983,-0.04253450514426911
0.448,-0.061,0.020005464553833008,-1.486142676076675,-0.045646977980788844
0.39,-0.043,0.02001214027404785,-1.486142676076675,-0.045646977980788844
0.207,0.072,0.019989013671875,-1.486142676076675,-0.045646977980788844
0.241,-0.166,0.0200045108795166,-1.481790176996,-0.05304940718110185
0.248,-0.095,0.01999378204345703,-1.481790176996,-0.05304940718110185
0.248,-0.095,0.019994735717773438,-1.481790176996,-0.05304940718110185
0.2,0.034,0.019998788833618164,-1.481790176996,-0.05304940718110185
0.085,-0.008,0.01999950408935547,0.34930544186146834,0.35892071129389364
0.114,-0.092,0.020000696182250977,0.34930544186146834,0.35892071129389364
0.114,-0.092,0.020000696182250977,0.309874426188181,0.3772890841501004
0.071,-0.035,0.01999378204345703,0.309874426188181,0.3772890841501004
0.071,0.058,0.019989490509033203,0.2081266138772348,0.32690470219361256
0.071,0.058,0.020006895065307617,0.2081266138772348,0.32690470219361256
0.093,0.057,0.01999378204345703,0.2081266138772348,0.32690470219361256
0.107,0.097,0.020008563995361328,-1.0985852668068419,-0.11560699593274708
0.131,0.133,0.02000880241394043,-1.0985852668068419,-0.11560699593274708
0.158,0.177,0.019995689392089844,-1.0985852668068419,-0.11560699593274708
0.167,0.199,0.019995450973510742,-1.0985852668068419,-0.11560699593274708
0.162,0.205,0.019999980926513672,-1.1720260654249421,-0.10450424044023554
0.139,0.177,0.02000594139099121,-1.1720260654249421,-0.10450424044023554
0.11,0.141,0.019998788833618164,-1.1720260654249421,-0.10450424044023554
0.11,0.141,0.019997596740722656,-1.1257065342613048,-0.11776395250919869
0.052,0.063,0.020004749298095703,-1.1257065342613048,-0.11776395250919869
-0.059,-0.091,0.019999027252197266,-1.149467621177026,-0.12903883589067797
-0.076,-0.101,0.020006656646728516,-1.149467621177026,-0.12903883589067797
-0.076,-0.101,0.019996166229248047,-1.149467621177026,-0.12903883589067797
-0.076,-0.101,0.020015478134155273,-1.0690917718140587,-0.054247131529230955
-0.148,-0.122,0.019988536834716797,-1.0690917718140587,-0.054247131529230955
-0.174,-0.143,0.019989490509033203,-1.0690917718140587,-0.054247131529230955
-0.202,-0.166,0.02001643180847168,-1.068788854788583,-0.08763798579967527
-0.226,-0.137,0.0200045108795166,-1.068788854788583,-0.08763798579967527
-0.239,-0.116,0.020000457763671875,-1.068788854788583,-0.08763798579967527
-0.239,-0.097,0.01997971534729004,-1.0780212017194597,-0.08561127115536608
-0.258,-0.066,0.020017623901367188,-1.0780212017194597,-0.08561127115536608
-0.294,-0.055,0.01999807357788086,-1.0780212017194597,-0.08561127115536608
-0.34,-0.063,0.01999974250793457,-1.0780212017194597,-0.08561127115536608
-0.382,-0.055,0.019998788833618164,-1.150766530604703,-0.12612582858612795
-0.425,-0.041,0.019997596740722656,-1.150766530604703,-0.12612582858612795
-0.465,-0.039,0.01999640464782715,-1.150766530604703,-0.12612582858612795
-0.504,-0.054,0.02001190185546875,-1.0976179125501992,-0.1391091511859943
-0.504,-0.054,0.019997596740722656,-1.0976179125501992,-0.1391091511859943
-0.558,-0.063,0.019997119903564453,-1.0976179125501992,-0.1391091511859943
-0.616,-0.08,0.01999378204345703,-1.0976179125501992,-0.1391091511859943
-0.616,-0.08,0.020009517669677734,-1.1204524710938943,-0.1303029970975655
-0.677,-0.086,0.0199892520904541,-1.1204524710938943,-0.1303029970975655
-0.677,-0.086,0.02001190185546875,-1.1204524710938943,-0.1303029970975655
-0.695,-0.091,0.019989728927612305,-1.0823113671140674,-0.0878490011436696
-0.73,-0.112,0.01999378204345703,-1.0823113671140674,-0.0878490011436696
-0.754,-0.096,0.020014286041259766,-1.0823113671140674,-0.0878490011436696
-0.754,-0.096,0.019993066787719727,-0.9302401432659254,-0.09005105769687738
-0.787,-0.117,0.02001333236694336,-0.9302401432659254,-0.09005105769687738
-0.823,-0.099,0.01999831199645996,-0.9302401432659254,-0.09005105769687738
-0.834,-0.108,0.019988059997558594,-0.9302401432659254,-0.09005105769687738
-0.869,-0.093,0.02000713348388672,-1.0085558653306053,-0.07915280064158993
-0.894,-0.099,0.01999807357788086,-1.0085558653306053,-0.07915280064158993
-0.894,-0.099,0.020001888275146484,-1.0085558653306053,-0.07915280064158993
-0.939,-0.106,0.01999950408935547,-0.8700540712377522,0.01243066954158106
-0.952,-0.093,0.020001649856567383,-0.8700540712377522,0.01243066954158106
-0.972,-0.089,0.020025253295898438,-0.8700540712377522,0.01243066954158106
-0.972,-0.089,0.019969940185546875,-0.6029993123791207,0.09057863938871807
-0.989,-0.073,0.019999265670776367,-0.6029993123791207,0.09057863938871807
-0.995,-0.076,0.020021438598632812,-0.6029993123791207,0.09057863938871807
-0.987,-0.03,0.01997232437133789,-0.596345594088029,0.09063616716993211
-0.974,-0.029,0.020000696182250977,-0.596345594088029,0.09063616716993211
-0.97,-0.013,0.020009517669677734,-0.596345594088029,0.09063616716993211
-0.951,0.004,0.019993305206298828,-0.596345594088029,0.09063616716993211
-0.951,0.004,0.020003795623779297,-0.2833983171176131,0.11175193746747568
-0.92,0.013,0.01999640464782715,-0.2833983171176131,0.11175193746747568
-0.899,0.056,0.020006895065307617,-0.2833983171176131,0.11175193746747568
-0.872,0.08,0.01998162269592285,0.3214137913429757,0.2086281230178789
-0.863,0.137,0.02001214027404785,0.3214137913429757,0.2086281230178789
-0.86,0.176,0.019997596740722656,0.3214137913429757,0.2086281230178789
-0.86,0.176,0.019998788833618164,0.3157823794116785,0.20904092704093685
-0.816,0.184,0.0200040340423584,0.3157823794116785,0.20904092704093685
-0.816,0.184,0.019994497299194336,0.3157823794116785,0.20904092704093685
-0.763,0.195,0.01999187469482422,0.3157823794116785,0.20904092704093685
-0.786,0.132,0.020007848739624023,0.5336707834115176,0.172613724330012
-0.786,0.132,0.020000934600830078,0.5336707834115176,0.172613724330012
-0.901,-0.074,0.019989967346191406,0.5336707834115176,0.172613724330012
-0.733,0.158,0.02001023292541504,0.7126849148406558,0.16668241019799254
-0.675,0.187,0.020003080368041992,0.7126849148406558,0.16668241019799254
-0.675,0.187,0.020009756088256836,0.7126849148406558,0.16668241019799254
-0.63,0.197,0.019989490509033203,0.783805229464896,0.16216129809954977
-0.576,0.142,0.02000737190246582,0.783805229464896,0.16216129809954977
-0.631,0.033,0.019995689392089844,0.783805229464896,0.16216129809954977
-0.537,0.095,0.019999027252197266,0.8603098529284579,0.14174878639650332
-0.537,0.095,0.01999807357788086,0.8603098529284579,0.14174878639650332
-0.537,0.095,0.020003795623779297,0.8603098529284579,0.14174878639650332
-0.347,0.212,0.019997119903564453,0.8603098529284579,0.14174878639650332
-0.35,0.153,0.019998788833618164,0.9376519380613577,0.1860649316892958
-0.342,0.13,0.0200192928314209,0.9376519380613577,0.1860649316892958
-0.404,0.011,0.019987106323242188,0.9376519380613577,0.1860649316892958
-0.365,0.041,0.019991636276245117,0.9356545182915447,0.18801403342074463
-0.262,0.176,0.01999354362487793,0.9356545182915447,0.18801403342074463
-0.254,0.19,0.02000260353088379,0.9356545182915447,0.18801403342074463
-0.249,0.224,0.020012378692626953,0.9356545182915447,0.18801403342074463
-0.289,0.181,0.020003557205200195,1.0128842764414225,0.13770546564808467
-0.322,0.116,0.019990921020507812,1.0128842764414225,0.13770546564808467
-0.29,0.15,0.020000219345092773,1.0128842764414225,0.13770546564808467
-0.26,0.158,0.020000219345092773,1.059180730642581,0.12332807894727944
-0.174,0.21,0.019991636276245117,1.059180730642581,0.12332807894727944
-0.155,0.174,0.020010948181152344,1.059180730642581,0.12332807894727944
-0.152,0.113,0.01998281478881836,1.0243696235851811,0.09378820855939313
-0.138,0.106,0.02002120018005371,1.0243696235851811,0.09378820855939313
-0.125,0.099,0.019997596740722656,1.0243696235851811,0.09378820855939313
-0.107,0.089,0.019995927810668945,1.0243696235851811,0.09378820855939313
-0.098,0.096,0.01999497413635254,1.1216307470206306,0.07755535343634049
-0.098,0.096,0.020011425018310547,1.1216307470206306,0.07755535343634049
-0.095,0.097,0.019999027252197266,1.1216307470206306,0.07755535343634049
-0.091,0.093,0.020006656646728516,1.1468577336045367,0.06461969135808564
-0.076,0.076,0.019985437393188477,1.1468577336045367,0.06461969135808564
-0.076,0.076,0.02000594139099121,1.1468577336045367,0.06461969135808564
0.057,0.073,0.019999980926513672,1.1326688486686312,0.07463528828434184
0.083,0.076,0.020015239715576172,1.1326688486686312,0.07463528828434184
0.113,0.089,0.019986867904663086,1.145572525596827,0.07339196715788772
0.141,0.084,0.020002126693725586,1.145572525596827,0.07339196715788772
0.209,0.029,0.02000141143798828,1.145572525596827,0.07339196715788772
0.209,0.029,0.019989728927612305,1.1340766520871348,0.07941030751817743
0.213,-0.02,0.02000570297241211,1.1340766520871348,0.07941030751817743
0.266,0.006,0.019999980926513672,1.1340766520871348,0.07941030751817743
0.256,0.052,0.020006656646728516,1.1316447528446878,0.06722128328937002
0.246,0.084,0.01999688148498535,1.1316447528446878,0.06722128328937002
0.246,0.084,0.01999688148498535,1.1316447528446878,0.06722128328937002
0.309,0.031,0.019997835159301758,1.0874250772137275,0.06598266723727454
0.34,0.009,0.020006895065307617,1.0874250772137275,0.06598266723727454
0.322,0.052,0.020003080368041992,1.0874250772137275,0.06598266723727454
0.326,0.069,0.01999211311340332,1.0874250772137275,0.06598266723727454
0.365,0.042,0.019999027252197266,1.108606315958718,0.06559336072592545
0.387,0.038,0.020005226135253906,1.108606315958718,0.06559336072592545
0.407,0.036,0.019996166229248047,1.108606315958718,0.06559336072592545
0.432,0.033,0.01999688148498535,1.1061725160920126,0.018925874537360676
0.432,0.033,0.02000713348388672,1.1061725160920126,0.018925874537360676
0.463,0.053,0.019991159439086914,1.1061725160920126,0.018925874537360676
0.479,0.039,0.0200042724609375,1.1061725160920126,0.018925874537360676
0.497,0.04,0.019999980926513672,1.1346245371175097,-0.015984103100611158
0.506,0.048,0.02000737190246582,1.1346245371175097,-0.015984103100611158
0.519,0.05,0.019994020462036133,1.1346245371175097,-0.015984103100611158
0.543,0.026,0.01999807357788086,1.1346245371175097,-0.015984103100611158
0.572,0.014,0.019997596740722656,1.0770295946682271,-0.010089242236417755
0.572,0.014,0.020018339157104492,1.0770295946682271,-0.010089242236417755
0.594,0.039,0.019985198974609375,1.0201542352863493,0.08259174713340825
0.618,0.032,0.020004749298095703,1.0201542352863493,0.08259174713340825
0.618,0.032,0.019987821578979492,1.0201542352863493,0.08259174713340825
0.618,0.032,0.019997835159301758,1.0201542352863493,0.08259174713340825
0.648,0.033,0.020017623901367188,0.7523521714648274,0.017284751847145216
0.677,0.032,0.019985437393188477,0.7523521714648274,0.017284751847145216
0.689,0.05,0.02000737190246582,0.7523521714648274,0.017284751847145216
0.72,0.052,0.019997835159301758,0.9630500581780388,0.052867725888541606
0.72,0.052,0.020002126693725586,0.9630500581780388,0.052867725888541606
0.733,0.043,0.02000904083251953,0.9630500581780388,0.052867725888541606
0.753,0.047,0.019988536834716797,0.9630500581780388,0.052867725888541606
0.753,0.047,0.019998788833618164,0.9612494909679673,0.016676539658708786
0.782,0.03,0.019990921020507812,0.9612494909679673,0.016676539658708786
0.79,0.052,0.020007848739624023,0.9612494909679673,0.016676539658708786
0.812,0.035,0.020000219345092773,0.8508634429159924,0.03736055172465778
0.812,0.035,0.020010709762573242,0.8508634429159924,0.03736055172465778
0.829,0.043,0.020000696182250977,0.8508634429159924,0.03736055172465778
0.857,0.06,0.019979238510131836,0.846436901419352,0.005295943638995225
0.867,0.033,0.02002716064453125,0.846436901419352,0.005295943638995225
0.866,0.039,0.01999521255493164,0.846436901419352,0.005295943638995225
0.874,0.019,0.020000934600830078,1.4227562977871284,0.13916439344496537
0.868,0.007,0.019989490509033203,1.4227562977871284,0.13916439344496537
0.881,0.011,0.02000594139099121,1.4227562977871284,0.13916439344496537
0.881,0.027,0.019987106323242188,1.4227562977871284,0.13916439344496537
0.881,0.027,0.020005464553833008,1.3896615178213705,0.1709528451534104
0.894,0.031,0.020016193389892578,1.3896615178213705,0.1709528451534104
0.897,0.04,0.019997835159301758,1.3896615178213705,0.1709528451534104
0.91,0.049,0.019989490509033203,1.340139896322489,0.16780232050779914
0.923,0.062,0.020006418228149414,1.340139896322489,0.16780232050779914
0.935,0.057,0.019999980926513672,1.340139896322489,0.16780232050779914
0.94,0.064,0.02000260353088379,1.340139896322489,0.16780232050779914
0.956,0.071,0.019990205764770508,1.1956800487947208,0.2113135868944559
0.971,0.106,0.020006418228149414,1.1956800487947208,0.2113135868944559
0.989,0.102,0.0200045108795166,1.1956800487947208,0.2113135868944559
1.016,0.108,0.019991636276245117,1.0493608138015513,0.2012582153885889
1.033,0.151,0.020000457763671875,1.0493608138015513,0.2012582153885889
1.046,0.161,0.020004749298095703,1.0493608138015513,0.2012582153885889
1.068,0.126,0.019992589950561523,1.1817541816974402,0.21169736737844166
1.068,0.126,0.02000141143798828,1.1817541816974402,0.21169736737844166
1.083,0.144,0.0200045108795166,1.1817541816974402,0.21169736737844166
1.106,0.161,0.019997119903564453,1.1817541816974402,0.21169736737844166
1.118,0.129,0.020005464553833008,0.07645419955985182,0.05436054231852096
1.136,0.168,0.020000219345092773,0.07645419955985182,0.05436054231852096
1.136,0.168,0.020003080368041992,0.07645419955985182,0.05436054231852096
1.136,0.168,0.019999265670776367,-0.46537655615596096,-0.007407676113894565
1.161,0.134,0.02000737190246582,-0.46537655615596096,-0.007407676113894565
1.161,0.134,0.019983291625976562,-0.46537655615596096,-0.007407676113894565
1.177,0.142,0.0199887752532959,-0.46878657811919877,-0.010974361733575655
1.16,0.079,0.020018577575683594,-0.46878657811919877,-0.010974361733575655
1.126,0.095,0.019995689392089844,-0.46878657811919877,-0.010974361733575655
1.101,0.051,0.020000696182250977,-0.46878657811919877,-0.010974361733575655
1.101,0.051,0.020002365112304688,-0.4024220193177819,0.011184587830607872
1.112,-0.017,0.019991636276245117,-0.4024220193177819,0.011184587830607872
1.112,-0.017,0.020002365112304688,-0.4024220193177819,0.011184587830607872
1.016,0.029,0.01999974250793457,-0.594747718659915,-0.03575214654353077
1.041,-0.117,0.01999378204345703,-0.594747718659915,-0.03575214654353077
0.996,-0.124,0.02002239227294922,-0.594747718659915,-0.03575214654353077
0.928,-0.111,0.019968271255493164,-0.5855609207206955,-0.03408784741612318
0.861,-0.092,0.020020723342895508,-0.5855609207206955,-0.03408784741612318
0.878,-0.184,0.01999831199645996,-0.5855609207206955,-0.03408784741612318
0.803,-0.111,0.020005464553833008,-0.9433926084575966,-0.12548272397134871
0.803,-0.111,0.02000141143798828,-0.9433926084575966,-0.12548272397134871
0.765,-0.114,0.020001888275146484,-0.9433926084575966,-0.12548272397134871
0.723,-0.128,0.01997518539428711,-0.9433926084575966,-0.12548272397134871
0.483,0.19,0.02000880241394043,-0.8889328904810024,-0.06259124293586991
0.483,0.19,0.020007610321044922,-0.8889328904810024,-0.06259124293586991
0.586,0.198,0.01999044418334961,-0.8889328904810024,-0.06259124293586991
0.647,0.269,0.01999187469482422,-0.8862099971952945,-0.06369267314022137
0.831,-0.093,0.020012855529785156,-0.8862099971952945,-0.06369267314022137
0.62,0.126,0.020001649856567383,-0.8862099971952945,-0.06369267314022137
0.335,-0.104,0.020001888275146484,-0.8862099971952945,-0.06369267314022137
0.273,-0.034,0.019996166229248047,-1.232954737584446,-0.21372425485469873
0.521,-0.178,0.020009994506835938,-1.232954737584446,-0.21372425485469873
0.455,0.126,0.019983768463134766,-1.232954737584446,-0.21372425485469873
0.214,0.006,0.020002365112304688,-1.2241676307208296,-0.18955989492293956
0.224,-0.236,0.0200040340423584,-1.2241676307208296,-0.18955989492293956
0.35,-0.322,0.020021438598632812,-1.2241676307208296,-0.18955989492293956
0.198,-0.122,0.019974470138549805,-1.2241676307208296,-0.18955989492293956
0.192,-0.129,0.01999950408935547,-1.2581855529042594,-0.19200250692799678
0.192,-0.129,0.02000570297241211,-1.2581855529042594,-0.19200250692799678
0.152,-0.153,0.019997596740722656,-1.2581855529042594,-0.19200250692799678
0.124,-0.149,0.020009994506835938,-1.1863699054902475,-0.12157234416662566
0.109,-0.169,0.019991397857666016,-1.1863699054902475,-0.12157234416662566
0.099,-0.176,0.019991397857666016,-1.1863699054902475,-0.12157234416662566
0.099,-0.176,0.020006895065307617,-1.2411049674010155,-0.0617488366698173
0.099,-0.176,0.020000934600830078,-1.2411049674010155,-0.0617488366698173
0.075,-0.179,0.019994258880615234,-1.2411049674010155,-0.0617488366698173
-0.069,-0.082,0.02000141143798828,-1.2224469059990526,-0.06407434321388908
-0.069,-0.082,0.01999068260192871,-1.2209048175653308,-0.09801966282562039
-0.116,-0.033,0.020002126693725586,-1.2209048175653308,-0.09801966282562039
-0.113,-0.055,0.01999974250793457,-1.2209048175653308,-0.09801966282562039
-0.129,-0.059,0.019999027252197266,-1.219416755633655,-0.10411082635623092
-0.193,0.005,0.020002365112304688,-1.219416755633655,-0.10411082635623092
-0.181,-0.037,0.019999980926513672,-1.219416755633655,-0.10411082635623092
-0.179,-0.061,0.019995689392089844,-1.2344554783647985,-0.10325505129732139
-0.196,-0.072,0.02000713348388672,-1.2344554783647985,-0.10325505129732139
-0.196,-0.072,0.01999044418334961,-1.2344554783647985,-0.10325505129732139
-0.283,-0.075,0.02001166343688965,-1.2344554783647985,-0.10325505129732139
-0.305,-0.089,0.019995450973510742,-1.238472217583599,-0.07674174672814095
-0.305,-0.089,0.01999831199645996,-1.238472217583599,-0.07674174672814095
-0.369,-0.12,0.019999980926513672,-1.238472217583599,-0.07674174672814095
-0.403,-0.102,0.020006418228149414,-1.2170163851408566,-0.0647448578921422
-0.432,-0.094,0.020011186599731445,-1.2170163851408566,-0.0647448578921422
-0.432,-0.094,0.01998305320739746,-1.2170163851408566,-0.0647448578921422
-0.46,-0.079,0.01999950408935547,-1.2072626308842447,-0.06573916558691333
-0.495,-0.083,0.020006656646728516,-1.2072626308842447,-0.06573916558691333
-0.527,-0.067,0.019997835159301758,-1.2072626308842447,-0.06573916558691333
-0.565,-0.067,0.019999265670776367,-1.2072626308842447,-0.06573916558691333
-0.592,-0.062,0.02001190185546875,-1.212641980010372,0.0021715281884707675
-0.592,-0.062,0.019995450973510742,-1.212641980010372,0.0021715281884707675
-0.647,-0.059,0.019992351531982422,-1.212641980010372,0.0021715281884707675
-0.662,-0.04,0.02000117301940918,-1.1785448387227824,-0.0020102888365736847
-0.697,-0.032,0.01999044418334961,-1.1785448387227824,-0.0020102888365736847
-0.697,-0.032,0.020005226135253906,-1.1785448387227824,-0.0020102888365736847
-0.739,-0.027,0.019993066787719727,-1.1785448387227824,-0.0020102888365736847
-0.783,-0.016,0.020000696182250977,-1.1850847185415254,0.004359549567167591
-0.819,-0.01,0.02000117301940918,-1.1850847185415254,0.004359549567167591
-0.848,-0.008,0.01999807357788086,-1.1850847185415254,0.004359549567167591
-0.848,-0.008,0.0200650691986084,-1.0309796197731431,0.01979381729535663
-0.905,-0.009,0.019943952560424805,-1.0309796197731431,0.01979381729535663
-0.905,-0.009,0.019995927810668945,-1.0309796197731431,0.01979381729535663
-0.95,-0.01,0.02000117301940918,-0.9997707975391438,0.00659943128067375
-0.989,0.007,0.019997119903564453,-0.9997707975391438,0.00659943128067375
-0.989,0.007,0.02000117301940918,-0.9997707975391438,0.00659943128067375
-0.989,0.007,0.019999265670776367,-0.9937042413139782,0.00944005090235337
-1.013,0.004,0.019998788833618164,-0.9937042413139782,0.00944005090235337
-1.011,-0.012,0.019999027252197266,-0.9937042413139782,0.00944005090235337
-1.02,-0.026,0.01999807357788086,-0.9392972117938083,-0.005933209986708094
-1.02,-0.026,0.020006656646728516,-0.9392972117938083,-0.005933209986708094
-1.019,-0.037,0.020003795623779297,-0.9392972117938083,-0.005933209986708094
-1.019,-0.049,0.01999354362487793,-0.9392972117938083,-0.005933209986708094
-1.013,-0.034,0.019997835159301758,-0.8906786211435455,0.014695911298108509
-1.001,-0.057,0.02001023292541504,-0.8906786211435455,0.014695911298108509
-1.005,-0.023,0.019992828369140625,-0.8906786211435455,0.014695911298108509
-1.005,-0.023,0.019999980926513672,-0.9134191505358042,0.02409695793664804
-1.021,0.039,0.020012617111206055,-0.9134191505358042,0.02409695793664804
-1.021,0.039,0.019997119903564453,-0.9134191505358042,0.02409695793664804
-0.954,0.029,0.019982576370239258,-0.9134191505358042,0.02409695793664804
-0.943,0.045,0.020008563995361328,-0.7168890334037288,0.011179616209701553
-0.939,0.056,0.02000141143798828,-0.7168890334037288,0.011179616209701553
-0.923,0.052,0.019991636276245117,-0.7168890334037288,0.011179616209701553
-0.929,0.069,0.020009279251098633,-0.6291240583340588,0.010583627734655644
-0.904,0.049,0.02001953125,-0.6291240583340588,0.010583627734655644
-0.893,0.044,0.02001643180847168,-0.6291240583340588,0.010583627734655644
-0.893,0.044,0.019960880279541016,-0.6226278222994494,0.01189957304840084
-0.88,0.053,0.0200042724609375,-0.6226278222994494,0.01189957304840084
-0.859,0.043,0.020017385482788086,-0.6226278222994494,0.01189957304840084
-0.817,0.019,0.01998424530029297,-0.6226278222994494,0.01189957304840084
-0.804,0.053,0.019995689392089844,-0.23018000608816327,0.03934418626132263
-0.781,0.014,0.0200040340423584,-0.23018000608816327,0.03934418626132263
-0.785,0.046,0.020022869110107422,-0.23018000608816327,0.03934418626132263
-0.772,0.078,0.019971132278442383,1.1695733718706574,0.12868663260117755
-0.739,0.057,0.01999068260192871,1.1695733718706574,0.12868663260117755
-0.703,0.046,0.021346330642700195,1.1695733718706574,0.12868663260117755
-0.678,0.035,0.01866769790649414,1.251510208030479,0.14650142497201454
-0.684,0.086,0.020025014877319336,1.251510208030479,0.14650142497201454
-0.684,0.086,0.019970178604125977,1.251510208030479,0.14650142497201454
-0.618,0.092,0.019993305206298828,1.251510208030479,0.14650142497201454
-0.618,0.092,0.020038127899169922,1.2357675007967335,0.18847311251982093
-0.543,-0.092,0.019971370697021484,1.2357675007967335,0.18847311251982093
-0.707,0.095,0.0200045108795166,1.2528003211510674,0.14335925351111717
-0.707,0.095,0.01999640464782715,1.2528003211510674,0.14335925351111717
-0.493,-0.058,0.019994735717773438,1.2528003211510674,0.14335925351111717
-0.599,0.145,0.020007848739624023,1.2528003211510674,0.14335925351111717
-0.599,0.145,0.019989490509033203,1.258022025319689,0.1449653972048233
-0.599,0.145,0.020008325576782227,1.258022025319689,0.1449653972048233
-0.381,0.066,0.019994020462036133,1.258022025319689,0.1449653972048233
-0.416,0.296,0.020002365112304688,1.258022025319689,0.1449653972048233
-0.28,0.205,0.01999950408935547,1.3195355109306761,0.12462926656917757
-0.28,0.205,0.020011425018310547,1.3195355109306761,0.12462926656917757
-0.495,-0.099,0.019990921020507812,1.3195355109306761,0.12462926656917757
-0.495,-0.099,0.0200040340423584,1.3264924668864073,0.15962902665711523
-0.267,0.058,0.020001649856567383,1.3264924668864073,0.15962902665711523
-0.242,0.111,0.020002126693725586,1.3264924668864073,0.15962902665711523
-0.24,0.137,0.019990205764770508,1.338189110663169,0.1610092780130282
-0.297,0.049,0.02000737190246582,1.338189110663169,0.1610092780130282
-0.243,0.134,0.019997835159301758,1.338189110663169,0.1610092780130282
-0.222,0.156,0.019992351531982422,1.338189110663169,0.1610092780130282
-0.193,0.188,0.020006656646728516,1.3831346377618319,0.11814200176950647
-0.168,0.196,0.019990921020507812,1.3831346377618319,0.11814200176950647
-0.137,0.174,0.020017623901367188,1.3831346377618319,0.11814200176950647
-0.137,0.174,0.01999807357788086,1.4010761559906657,0.07424528079957102
-0.093,0.115,0.019996166229248047,1.4010761559906657,0.07424528079957102
-0.077,0.103,0.020004749298095703,1.4010761559906657,0.07424528079957102
-0.077,0.103,0.019985675811767578,1.3869196110893522,0.07408421039566436
-0.077,0.103,0.020015239715576172,1.3869196110893522,0.07408421039566436
-0.059,0.088,0.019988298416137695,1.3869196110893522,0.07408421039566436
-0.051,0.086,0.020000934600830078,1.3869196110893522,0.07408421039566436
-0.051,0.086,0.020006179809570312,1.3869583848012546,0.1007821699640796
0.057,0.085,0.019974708557128906,1.4083714797781215,0.1173819927830895
0.057,0.085,0.020003080368041992,1.4083714797781215,0.1173819927830895
0.1,0.112,0.02000141143798828,1.4083714797781215,0.1173819927830895
0.124,0.116,0.019994735717773438,1.4083714797781215,0.1173819927830895
0.124,0.116,0.020050048828125,1.3802396642582704,0.10733626588614871
0.141,0.106,0.019960641860961914,1.3802396642582704,0.10733626588614871
0.173,0.121,0.01999640464782715,1.3802396642582704,0.10733626588614871
0.215,0.097,0.0200042724609375,1.430906899680471,0.09354222888152755
0.26,0.059,0.01999831199645996,1.430906899680471,0.09354222888152755
0.246,0.105,0.020008325576782227,1.430906899680471,0.09354222888152755
0.302,0.043,0.01997852325439453,1.405282168148526,0.09291817319603575
0.302,0.043,0.020016908645629883,1.405282168148526,0.09291817319603575
0.302,0.043,0.01999950408935547,1.405282168148526,0.09291817319603575
0.345,0.072,0.019994735717773438,1.405282168148526,0.09291817319603575
0.366,0.074,0.020021915435791016,1.4062591885439053,0.08860019385123943
0.382,0.073,0.019962549209594727,1.4062591885439053,0.08860019385123943
0.399,0.054,0.019996166229248047,1.4062591885439053,0.08860019385123943
0.42,0.053,0.020014524459838867,1.3518322868772894,0.10685852633712602
0.432,0.06,0.02000737190246582,1.3518322868772894,0.10685852633712602
0.451,0.064,0.019988536834716797,1.3518322868772894,0.10685852633712602
0.477,0.055,0.020001649856567383,1.3236073750638913,0.10678195364162996
0.502,0.044,0.02000284194946289,1.3236073750638913,0.10678195364162996
0.527,0.055,0.019997358322143555,1.3236073750638913,0.10678195364162996
0.542,0.078,0.0199887752532959,1.3236073750638913,0.10678195364162996
0.542,0.078,0.020016193389892578,1.398536263880212,0.0932058445603512
0.576,0.061,0.020008087158203125,1.398536263880212,0.0932058445603512
0.586,0.087,0.01999521255493164,1.398536263880212,0.0932058445603512
0.601,0.086,0.020000219345092773,1.3552567005592373,0.08001083691107341
0.601,0.086,0.01999664306640625,1.3552567005592373,0.08001083691107341
0.65,0.066,0.01999211311340332,1.3552567005592373,0.08001083691107341
0.659,0.071,0.01999688148498535,1.3231134755906013,0.07825349419733955
0.659,0.071,0.020011186599731445,1.3231134755906013,0.07825349419733955
0.697,0.069,0.02000284194946289,1.3231134755906013,0.07825349419733955
0.697,0.069,0.019989967346191406,1.2518080053073048,0.11687865240517346
0.726,0.07,0.020003080368041992,1.2518080053073048,0.11687865240517346
0.746,0.062,0.020005226135253906,1.2518080053073048,0.11687865240517346
0.746,0.062,0.020006656646728516,1.2518080053073048,0.11687865240517346
0.792,0.074,0.019995689392089844,1.2929639914949846,0.09926544719580704
0.805,0.103,0.020002126693725586,1.2929639914949846,0.09926544719580704
0.82,0.091,0.020006895065307617,1.2929639914949846,0.09926544719580704
0.833,0.099,0.01998591423034668,1.2929639914949846,0.09926544719580704
0.865,0.096,0.019996166229248047,1.2032293862581311,0.09839573373193629
0.863,0.1,0.020004987716674805,1.2032293862581311,0.09839573373193629
0.881,0.105,0.019999980926513672,1.2032293862581311,0.09839573373193629
0.881,0.105,0.02000904083251953,1.0760643456510817,0.12763525085165203
0.924,0.105,0.019991397857666016,1.0760643456510817,0.12763525085165203
0.939,0.108,0.019999980926513672,1.0760643456510817,0.12763525085165203
0.939,0.108,0.020015239715576172,0.9834250660182795,0.13319099876665738
0.979,0.128,0.019974231719970703,0.9834250660182795,0.13319099876665738
1.012,0.116,0.020011425018310547,0.9834250660182795,0.13319099876665738
1.012,0.116,0.019994020462036133,1.012835615191494,0.13214629278829126
1.032,0.125,0.020004987716674805,1.012835615191494,0.13214629278829126
1.042,0.116,0.02000594139099121,1.012835615191494,0.13214629278829126
1.042,0.116,0.019995689392089844,1.012835615191494,0.13214629278829126
1.042,0.116,0.020014524459838867,0.619581967627317,0.1592085869803212
1.044,0.086,0.01999068260192871,0.619581967627317,0.1592085869803212
1.054,0.09,0.0199892520904541,0.619581967627317,0.1592085869803212
1.054,0.09,0.01999044418334961,0.56892615855082,0.13602842236070092
1.069,0.061,0.020017623901367188,0.56892615855082,0.13602842236070092
1.073,0.06,0.020003080368041992,0.56892615855082,0.13602842236070092
1.073,0.06,0.019995689392089844,0.569995778354329,0.1367127184995218
1.041,0.063,0.02000141143798828,0.569995778354329,0.1367127184995218
1.041,0.063,0.019998550415039062,0.569995778354329,0.1367127184995218
1.051,0.01,0.01998448371887207,0.569995778354329,0.1367127184995218
0.993,0.024,0.020012617111206055,0.7096063444585142,-0.01697347350508682
0.977,-0.005,0.019995450973510742,0.7096063444585142,-0.01697347350508682
0.717,0.353,0.02001357078552246,0.7096063444585142,-0.01697347350508682
0.575,0.49,0.01999688148498535,0.7288719905171114,-0.01421002165631606
0.6,0.37,0.020002126693725586,0.7288719905171114,-0.01421002165631606
0.806,-0.009,0.019992351531982422,0.7288719905171114,-0.01421002165631606
0.785,-0.047,0.019991397857666016,0.7195761152190094,-0.014834401130910212
0.778,-0.063,0.020006656646728516,0.7195761152190094,-0.014834401130910212
0.782,-0.08,0.020025968551635742,0.7195761152190094,-0.014834401130910212
0.782,-0.08,0.019973039627075195,0.7079514882949306,0.014091379244655842
0.745,-0.065,0.02002429962158203,0.7079514882949306,0.014091379244655842
0.748,-0.07,0.01997828483581543,0.7079514882949306,0.014091379244655842
0.705,-0.006,0.020000457763671875,0.7079514882949306,0.014091379244655842
0.705,-0.006,0.019996166229248047,0.5961575571368303,-0.04397629314621932
0.696,0.014,0.02000141143798828,0.5961575571368303,-0.04397629314621932
0.694,0.023,0.020009994506835938,0.5961575571368303,-0.04397629314621932
0.658,0.049,0.01999378204345703,0.5847394454923331,-0.056472120777913845
0.672,-0.018,0.019997835159301758,0.5847394454923331,-0.056472120777913845
0.571,0.106,0.02000141143798828,0.5847394454923331,-0.056472120777913845
0.535,0.111,0.020000934600830078,1.4317955061801813,0.004780706153274043
0.535,0.111,0.020010948181152344,1.4317955061801813,0.004780706153274043
0.505,0.087,0.019987821578979492,1.4317955061801813,0.004780706153274043
0.497,0.102,0.0199892520904541,1.4317955061801813,0.004780706153274043
0.642,-0.109,0.0200045108795166,1.2255019937680118,-0.10380091136312104
0.518,0.099,0.020008087158203125,1.2255019937680118,-0.10380091136312104
0.621,-0.023,0.019996166229248047,1.2255019937680118,-0.10380091136312104
0.572,0.065,0.019994020462036133,1.3663237930727359,-0.12392463206775498
0.536,0.107,0.02000117301940918,1.3663237930727359,-0.12392463206775498
0.561,0.06,0.020006895065307617,1.3663237930727359,-0.12392463206775498
0.599,-0.018,0.019988298416137695,1.3663237930727359,-0.12392463206775498
0.599,-0.018,0.020012617111206055,1.2349813734222073,-0.13850030734003765
0.599,-0.018,0.019984960556030273,1.2349813734222073,-0.13850030734003765
0.659,-0.129,0.020006418228149414,1.2698962468124306,-0.1492372237741566
0.659,-0.129,0.020000934600830078,1.2698962468124306,-0.1492372237741566
0.72,-0.164,0.020001888275146484,1.2698962468124306,-0.1492372237741566
0.758,-0.169,0.01999068260192871,1.2698962468124306,-0.1492372237741566
0.76,-0.144,0.019994258880615234,1.2502910298232655,-0.1453418455431521
0.76,-0.144,0.020017385482788086,1.2502910298232655,-0.1453418455431521
0.759,-0.041,0.01999688148498535,1.2502910298232655,-0.1453418455431521
0.794,-0.061,0.020000696182250977,1.2144876819913608,-0.11176934552271814
0.842,-0.067,0.020000934600830078,1.2144876819913608,-0.11176934552271814
0.884,-0.103,0.020000457763671875,1.2144876819913608,-0.11176934552271814
0.884,-0.103,0.020002126693725586,1.2144876819913608,-0.11176934552271814
0.93,-0.067,0.01999378204345703,1.1442085883669373,-0.18323358363773254
0.93,-0.067,0.02001476287841797,1.1442085883669373,-0.18323358363773254
0.996,-0.081,0.01999521255493164,1.1442085883669373,-0.18323358363773254
1.037,-0.06,0.019994497299194336,1.1212896758250692,-0.18456566211553246
1.069,-0.087,0.020007848739624023,1.1212896758250692,-0.18456566211553246
1.069,-0.087,0.020000219345092773,1.1212896758250692,-0.18456566211553246
1.128,-0.116,0.019997835159301758,1.1212896758250692,-0.18456566211553246
1.126,-0.122,0.02000284194946289,1.10779864623557,-0.14686709462824407
1.126,-0.122,0.019996166229248047,1.10779864623557,-0.14686709462824407
1.142,-0.154,0.019988059997558594,1.10779864623557,-0.14686709462824407
1.127,-0.16,0.020006418228149414,0.9992190682868681,-0.15177459999447204
1.13,-0.18,0.01999831199645996,0.9992190682868681,-0.15177459999447204
1.127,-0.187,0.02002239227294922,0.9992190682868681,-0.15177459999447204
1.127,-0.187,0.019980192184448242,1.1048422434206184,-0.1403975282506105
1.111,-0.198,0.01999497413635254,1.1048422434206184,-0.1403975282506105
1.103,-0.205,0.01999831199645996,1.1048422434206184,-0.1403975282506105
1.103,-0.205,0.020016193389892578,1.027723031825723,-0.030239170137391875
1.12,-0.17,0.020000934600830078,1.027723031825723,-0.030239170137391875
1.197,-0.043,0.019990205764770508,1.027723031825723,-0.030239170137391875
1.197,-0.043,0.01999807357788086,1.027723031825723,-0.030239170137391875
1.246,0.082,0.02000260353088379,0.6401882126407324,-0.16021980435366595
1.156,0.003,0.01999521255493164,0.6401882126407324,-0.16021980435366595
1.156,0.08,0.020003318786621094,0.6401882126407324,-0.16021980435366595
1.16,0.116,0.01999974250793457,0.6322600223175342,-0.1798487056235132
1.131,0.104,0.02000713348388672,0.6322600223175342,-0.1798487056235132
1.098,0.087,0.020001888275146484,0.6322600223175342,-0.1798487056235132
0.961,-0.101,0.01999354362487793,0.6322600223175342,-0.1798487056235132
0.961,-0.101,0.020001649856567383,0.7131064613243547,-0.060295809859420776
0.961,-0.101,0.020007610321044922,0.7131064613243547,-0.060295809859420776
1.018,0.031,0.019994735717773438,1.4990355837124565,0.175619090558051
0.99,-0.012,0.019999980926513672,1.4990355837124565,0.175619090558051
0.967,0.018,0.019997596740722656,1.4990355837124565,0.175619090558051
0.967,0.018,0.0200045108795166,1.4990355837124565,0.175619090558051
0.927,0.016,0.019998550415039062,1.4109937281619764,0.20223534725840334
0.926,0.053,0.020001649856567383,1.4109937281619764,0.20223534725840334
0.947,0.086,0.019989967346191406,1.4109937281619764,0.20223534725840334
0.931,0.083,0.020003557205200195,1.4135808619976176,0.15748777517613008
0.931,0.083,0.020006418228149414,1.4135808619976176,0.15748777517613008
0.856,0.002,0.019998788833618164,1.4135808619976176,0.15748777517613008
0.888,0.044,0.019988536834716797,1.29552470012693,0.23315161215786284
0.888,0.044,0.020003795623779297,1.29552470012693,0.23315161215786284
0.821,-0.047,0.020004987716674805,1.29552470012693,0.23315161215786284
0.83,-0.031,0.01999974250793457,1.29552470012693,0.23315161215786284
0.846,-0.034,0.019998788833618164,1.3190300443953304,0.24377367641370867
0.846,-0.034,0.019999980926513672,1.3190300443953304,0.24377367641370867
0.904,0.03,0.020001888275146484,1.3190300443953304,0.24377367641370867
0.973,0.108,0.019992351531982422,0.8389037253567156,0.2553107884993931
1.043,0.187,0.02000117301940918,0.8389037253567156,0.2553107884993931
1.085,0.205,0.02000117301940918,0.8389037253567156,0.2553107884993931
1.085,0.205,0.01999807357788086,0.5763951959824815,0.25772459253890107
1.091,0.238,0.019998788833618164,0.5763951959824815,0.25772459253890107
1.085,0.218,0.020006418228149414,0.5763951959824815,0.25772459253890107
1.025,0.158,0.019999265670776367,0.5763951959824815,0.25772459253890107
0.956,0.073,0.019995689392089844,0.6537010202498921,0.2704252293226812
0.939,0.105,0.019997596740722656,0.6537010202498921,0.2704252293226812
0.937,0.13,0.0200042724609375,0.6537010202498921,0.2704252293226812
0.934,0.183,0.01999807357788086,0.5538491721985632,0.283592184086388
0.931,0.209,0.020015716552734375,0.5538491721985632,0.283592184086388
0.915,0.238,0.019994735717773438,0.5538491721985632,0.283592184086388
0.915,0.238,0.01998114585876465,0.43262921337977206,0.3195172597506852
0.878,0.289,0.020006656646728516,0.43262921337977206,0.3195172597506852
0.866,0.287,0.020000696182250977,0.43262921337977206,0.3195172597506852
0.851,0.321,0.0200042724609375,0.43262921337977206,0.3195172597506852
0.872,0.298,0.019999027252197266,0.43208451669869263,0.3118234166961205
0.985,0.093,0.01999974250793457,0.43208451669869263,0.3118234166961205
1.088,-0.065,0.019994258880615234,0.43208451669869263,0.3118234166961205
1.088,-0.065,0.02000713348388672,0.43208451669869263,0.3118234166961205
0.846,0.214,0.019998788833618164,0.36071891403638423,0.2694272733518548
0.57,0.583,0.019989490509033203,0.36071891403638423,0.2694272733518548
0.57,0.583,0.020005464553833008,0.2263982486565749,0.29128734779811805
0.579,0.486,0.020001888275146484,0.2263982486565749,0.29128734779811805
0.611,0.381,0.0200045108795166,0.2263982486565749,0.29128734779811805
0.599,0.311,0.020003080368041992,0.2263982486565749,0.29128734779811805
0.519,0.36,0.01999354362487793,0.22548539688435906,0.2912235042633024
0.496,0.324,0.01999974250793457,0.22548539688435906,0.2912235042633024
0.496,0.324,0.020003557205200195,0.22548539688435906,0.2912235042633024
0.477,0.277,0.020004749298095703,0.14559290297216743,0.2712797676166911
0.437,0.259,0.0200042724609375,0.14559290297216743,0.2712797676166911
0.38,0.318,0.020000696182250977,0.14559290297216743,0.2712797676166911
0.336,0.328,0.019988059997558594,0.13000103301761615,0.2752541797256134
0.301,0.338,0.01999974250793457,0.13000103301761615,0.2752541797256134
0.276,0.325,0.019997358322143555,0.13000103301761615,0.2752541797256134
0.257,0.314,0.019999980926513672,-0.49342093424432715,0.22629936744512205
0.25,0.279,0.020001649856567383,-0.49342093424432715,0.22629936744512205
0.25,0.279,0.020003080368041992,-0.49342093424432715,0.22629936744512205
0.206,0.271,0.020003557205200195,-0.49342093424432715,0.22629936744512205
0.175,0.255,0.019983768463134766,-0.49342093424432715,0.22629936744512205
0.145,0.242,0.020013809204101562,-0.5067394881976259,0.23263814647324477
0.139,0.2,0.020004987716674805,-0.5067394881976259,0.23263814647324477
0.099,0.213,0.01999521255493164,-0.5067394881976259,0.23263814647324477
0.099,0.213,0.02000141143798828,-0.3596746164272129,0.19719161409613037
0.066,0.204,0.019997596740722656,-0.3596746164272129,0.19719161409613037
0.066,0.204,0.02000904083251953,-0.3596746164272129,0.19719161409613037
-0.054,0.195,0.019989490509033203,-0.35918454518466164,0.1981094772237352
-0.087,0.199,0.020034313201904297,-0.42011246516478135,0.18667535834654028
-0.123,0.202,0.019985437393188477,-0.42011246516478135,0.18667535834654028
-0.135,0.183,0.019994020462036133,-0.42011246516478135,0.18667535834654028
-0.161,0.181,0.01999950408935547,-0.3961801084540135,0.1763307246516056
-0.194,0.182,0.020006179809570312,-0.3961801084540135,0.1763307246516056
-0.222,0.167,0.020008325576782227,-0.3961801084540135,0.1763307246516056
-0.256,0.166,0.019979000091552734,-0.42587220371881385,0.18485095759581668
-0.256,0.166,0.020001649856567383,-0.42587220371881385,0.18485095759581668
-0.314,0.168,0.0200045108795166,-0.42587220371881385,0.18485095759581668
-0.314,0.168,0.019984006881713867,-0.4765507122178072,0.17575995563693683
-0.368,0.162,0.020015239715576172,-0.4765507122178072,0.17575995563693683
-0.408,0.139,0.020006179809570312,-0.4765507122178072,0.17575995563693683
-0.451,0.138,0.019999980926513672,-0.4765507122178072,0.17575995563693683
-0.451,0.138,0.019997835159301758,-0.35458061389048107,0.17290160889846373
-0.472,0.109,0.019997119903564453,-0.35458061389048107,0.17290160889846373
-0.518,0.073,0.020006895065307617,-0.35458061389048107,0.17290160889846373
-0.518,0.073,0.019977807998657227,-0.36149744226911884,0.17243953805014017
-0.51,0.073,0.020014524459838867,-0.36149744226911884,0.17243953805014017
-0.527,0.052,0.020009517669677734,-0.36149744226911884,0.17243953805014017
-0.389,0.254,0.01999950408935547,-0.31344824687196626,0.17062549092822968
-0.48,0.125,0.020020723342895508,-0.31344824687196626,0.17062549092822968
-0.442,0.176,0.019968748092651367,-0.31344824687196626,0.17062549092822968
-0.442,0.176,0.019994497299194336,-0.20109740239503415,0.15943731389046836
-0.44,0.144,0.02000904083251953,-0.20109740239503415,0.15943731389046836
-0.408,0.159,0.02001476287841797,-0.20109740239503415,0.15943731389046836
-0.408,0.159,0.019989967346191406,-0.20109740239503415,0.15943731389046836
-0.272,0.282,0.01999497413635254,-0.20017261806431585,0.158832744070731
-0.253,0.267,0.020003557205200195,-0.20017261806431585,0.158832744070731
-0.274,0.188,0.020000696182250977,-0.20017261806431585,0.158832744070731
-0.232,0.208,0.019999980926513672,-0.20017261806431585,0.158832744070731
-0.209,0.204,0.020004749298095703,-0.14358713030297757,0.14198505366767333
-0.205,0.177,0.019992828369140625,-0.14358713030297757,0.14198505366767333
-0.177,0.169,0.020004987716674805,-0.14358713030297757,0.14198505366767333
-0.166,0.145,0.019995450973510742,0.1914246913678117,0.18276186048342888
-0.166,0.145,0.020003795623779297,0.1914246913678117,0.18276186048342888
-0.166,0.145,0.02002549171447754,0.1914246913678117,0.18276186048342888
-0.131,0.142,0.019970178604125977,0.18295144087172893,0.17061298283263693
-0.114,0.142,0.02000141143798828,0.18295144087172893,0.17061298283263693
-0.095,0.137,0.019997119903564453,0.18295144087172893,0.17061298283263693
-0.076,0.129,0.020003080368041992,0.2247559180771637,0.16787835123446745
-0.075,0.149,0.019999980926513672,0.2247559180771637,0.16787835123446745
-0.075,0.149,0.019993066787719727,0.2247559180771637,0.16787835123446745
0.059,0.145,0.01999831199645996,0.2597791739056901,0.16557061578460197
0.078,0.155,0.020004749298095703,0.2597791739056901,0.16557061578460197
0.102,0.149,0.019991636276245117,0.2597791739056901,0.16557061578460197
0.12,0.152,0.020000219345092773,0.2825639794679962,0.15343211040226873
0.135,0.157,0.020002126693725586,0.2825639794679962,0.15343211040226873
0.159,0.162,0.01999664306640625,0.32118233056571033,0.14930181876431028
0.171,0.158,0.01999354362487793,0.32118233056571033,0.14930181876431028
0.204,0.159,0.02000570297241211,0.32118233056571033,0.14930181876431028
0.204,0.159,0.019991159439086914,0.32118233056571033,0.14930181876431028
0.249,0.119,0.020006656646728516,0.32043502067899815,0.15130543935853824
0.268,0.124,0.020007848739624023,0.32043502067899815,0.15130543935853824
0.268,0.124,0.020005226135253906,0.32043502067899815,0.15130543935853824
0.305,0.122,0.01999187469482422,1.4836825295725657,0.008312073801681967
0.321,0.098,0.019993066787719727,1.4836825295725657,0.008312073801681967
0.278,0.172,0.020000696182250977,1.4836825295725657,0.008312073801681967
0.341,0.086,0.020006656646728516,1.4374589157429718,0.019778686313545586
0.346,0.091,0.019994735717773438,1.4374589157429718,0.019778686313545586
0.322,0.133,0.02001643180847168,1.4374589157429718,0.019778686313545586
0.374,0.079,0.01998424530029297,1.4374589157429718,0.019778686313545586
0.431,-0.013,0.019998788833618164,1.424545181430455,0.0181045168909268
0.456,-0.038,0.020000696182250977,1.424545181430455,0.0181045168909268
0.44,0.0,0.02000260353088379,1.424545181430455,0.0181045168909268
0.44,0.0,0.020005464553833008,1.414627421130196,0.1067846918569073
0.443,0.039,0.019997119903564453,1.414627421130196,0.1067846918569073
0.463,0.03,0.02000284194946289,1.414627421130196,0.1067846918569073
0.496,0.021,0.019982337951660156,1.367151791729204,0.07489177545039523
0.509,0.023,0.020017623901367188,1.367151791729204,0.07489177545039523
0.528,0.057,0.019990205764770508,1.367151791729204,0.07489177545039523
0.528,0.057,0.02001190185546875,1.367151791729204,0.07489177545039523
0.56,0.05,0.019997596740722656,1.3778686447657464,0.08174066778657904
0.596,0.027,0.02000141143798828,1.3778686447657464,0.08174066778657904
0.587,0.059,0.020006179809570312,1.3778686447657464,0.08174066778657904
0.599,0.076,0.020011425018310547,1.4506986326642732,0.04203738675852443
0.599,0.076,0.019985198974609375,1.4506986326642732,0.04203738675852443
0.657,0.061,0.01998615264892578,1.4506986326642732,0.04203738675852443
0.661,0.059,0.020000934600830078,1.3545398192719826,0.06099279397733141
0.683,0.062,0.020001649856567383,1.3545398192719826,0.06099279397733141
0.704,0.065,0.02000713348388672,1.3545398192719826,0.06099279397733141
0.704,0.065,0.019998550415039062,1.3545398192719826,0.06099279397733141
0.73,0.047,0.020003318786621094,1.348286462957585,0.06290064391706118
0.74,0.071,0.020000457763671875,1.348286462957585,0.06290064391706118
0.783,0.066,0.019999980926513672,1.348286462957585,0.06290064391706118
0.805,0.078,0.019991397857666016,1.348286462957585,0.06290064391706118
0.827,0.07,0.020004987716674805,1.3824697833445705,-0.014874267319134112
0.831,0.09,0.020011425018310547,1.3824697833445705,-0.014874267319134112
0.831,0.09,0.019991397857666016,1.3824697833445705,-0.014874267319134112
0.868,0.092,0.019994020462036133,1.4171805292067405,0.01661366831899615
0.868,0.092,0.01999950408935547,1.4171805292067405,0.01661366831899615
0.914,0.072,0.0200042724609375,1.4171805292067405,0.01661366831899615
0.914,0.072,0.019998788833618164,1.3250496168409847,0.034000306618662955
0.92,0.062,0.019995450973510742,1.3250496168409847,0.034000306618662955
0.95,0.042,0.019999980926513672,1.3250496168409847,0.034000306618662955
0.982,0.052,0.019993305206298828,1.171205294514673,0.07204956433246752
0.997,0.027,0.020008563995361328,1.171205294514673,0.07204956433246752
1.015,0.063,0.019994020462036133,1.171205294514673,0.07204956433246752
1.015,0.063,0.019993305206298828,1.1405699668806848,-0.03239828409139014
1.058,0.055,0.020023822784423828,1.1405699668806848,-0.03239828409139014
1.079,0.055,0.020008563995361328,1.1405699668806848,-0.03239828409139014
1.079,0.055,0.01998281478881836,1.1405699668806848,-0.03239828409139014
1.103,0.062,0.019989490509033203,1.149223671419072,-0.03196228760663278
1.135,0.043,0.020000457763671875,1.149223671419072,-0.03196228760663278
1.159,0.03,0.020011186599731445,1.149223671419072,-0.03196228760663278
1.159,0.03,0.020014047622680664,1.07440543535258,0.028326760300107272
1.167,0.01,0.01999068260192871,1.07440543535258,0.028326760300107272
1.161,0.015,0.019994258880615234,1.07440543535258,0.028326760300107272
1.161,0.015,0.020000219345092773,1.07440543535258,0.028326760300107272
1.156,0.027,0.020006895065307617,0.9867177413745772,-0.1101304508607542
1.158,0.024,0.01999497413635254,0.9867177413745772,-0.1101304508607542
1.155,0.009,0.020018815994262695,0.9867177413745772,-0.1101304508607542
1.155,0.009,0.019967317581176758,0.9527711501452265,-0.10711661273571363
1.132,-0.006,0.020008325576782227,0.9527711501452265,-0.10711661273571363
1.112,-0.015,0.020001649856567383,0.9527711501452265,-0.10711661273571363
1.087,-0.046,0.020001888275146484,1.35287560149761,-0.015142127233637219
1.087,-0.046,0.020007610321044922,1.35287560149761,-0.015142127233637219
1.044,-0.091,0.019991397857666016,1.35287560149761,-0.015142127233637219
1.02,-0.102,0.020030975341796875,0.997549674158417,-0.011017909694982576
1.015,-0.1,0.01996588706970215,0.997549674158417,-0.011017909694982576
1.001,-0.078,0.02000141143798828,0.997549674158417,-0.011017909694982576
1.001,-0.078,0.020008325576782227,0.997549674158417,-0.011017909694982576
0.988,-0.045,0.019992828369140625,1.262958434795939,-0.015634721460414613
0.986,-0.009,0.020004749298095703,1.262958434795939,-0.015634721460414613
0.983,0.003,0.020002365112304688,1.262958434795939,-0.015634721460414613
0.975,0.02,0.01999521255493164,1.1542684365543077,0.028994221127817108
0.986,0.024,0.01999354362487793,1.1542684365543077,0.028994221127817108
0.987,0.039,0.020003795623779297,1.1542684365543077,0.028994221127817108
0.994,0.064,0.02000594139099121,1.1542684365543077,0.028994221127817108
1.003,0.096,0.019990921020507812,1.1402599733125356,0.0377136918259647
1.021,0.086,0.020000934600830078,1.1402599733125356,0.0377136918259647
1.024,0.088,0.020002365112304688,1.1402599733125356,0.0377136918259647
1.024,0.088,0.02000713348388672,1.2493890530574157,0.038702325711920255
1.035,0.053,0.02000141143798828,1.2493890530574157,0.038702325711920255
1.057,0.023,0.019997835159301758,1.2493890530574157,0.038702325711920255
1.057,0.023,0.01999068260192871,1.4237286220325838,-0.11057657994283486
1.074,-0.037,0.020007848739624023,1.4237286220325838,-0.11057657994283486
1.074,-0.037,0.019986867904663086,1.4237286220325838,-0.11057657994283486
1.123,-0.057,0.02000570297241211,1.3675102514461017,-0.1218265507457996
1.159,-0.042,0.019997596740722656,1.3675102514461017,-0.1218265507457996
1.183,-0.072,0.02005147933959961,1.3675102514461017,-0.1218265507457996
1.183,-0.072,0.019960641860961914,1.3675102514461017,-0.1218265507457996
1.212,-0.07,0.019998550415039062,1.396012570779551,-0.11775914319156724
1.221,-0.041,0.019993305206298828,1.396012570779551,-0.11775914319156724
1.229,-0.043,0.020000219345092773,1.396012570779551,-0.11775914319156724
1.247,-0.009,0.020003795623779297,1.1498029524331996,-0.28192635170721786
1.247,-0.009,0.019998550415039062,1.1498029524331996,-0.28192635170721786
1.33,-0.022,0.02000570297241211,1.1498029524331996,-0.28192635170721786
1.342,-0.034,0.020001649856567383,1.1498029524331996,-0.28192635170721786
1.363,-0.057,0.019984006881713867,1.1498029524331996,-0.28192635170721786
1.391,-0.082,0.03999614715576172,-0.13016439978914993,-0.09248654473975185
1.362,-0.106,0.01999664306640625,0.5716101484602948,-0.14687866610513814
1.362,-0.106,0.020006656646728516,0.5716101484602948,-0.14687866610513814
1.361,-0.146,0.020002365112304688,0.5716101484602948,-0.14687866610513814
1.321,-0.189,0.019989490509033203,0.5716101484602948,-0.14687866610513814
1.296,-0.236,0.02001643180847168,0.5716101484602948,-0.14687866610513814
1.193,-0.24,0.059995174407958984,-0.14246172095259677,-0.10126267254748074
1.174,-0.189,0.019999265670776367,-0.09319690270971993,-0.06577727535255845
1.244,0.005,0.020005464553833008,-0.09319690270971993,-0.06577727535255845
1.341,0.248,0.01999211311340332,0.14172864949548336,-0.06034562800729698
1.282,0.244,0.01999521255493164,0.14172864949548336,-0.06034562800729698
1.282,0.244,0.020010948181152344,0.14172864949548336,-0.06034562800729698
1.173,0.189,0.019991397857666016,0.14172864949548336,-0.06034562800729698
1.066,0.079,0.020006656646728516,-0.14176466689095582,-0.10012815148635391
1.138,0.003,0.020003557205200195,-0.14176466689095582,-0.10012815148635391
1.138,0.003,0.02000117301940918,-0.14176466689095582,-0.10012815148635391
1.2,-0.088,0.01999688148498535,0.8778430291497609,-0.0769851905168364
1.085,-0.086,0.01999807357788086,0.8778430291497609,-0.0769851905168364
1.085,-0.086,0.020007848739624023,0.8778430291497609,-0.0769851905168364
1.101,-0.014,0.019997119903564453,0.8542525227736637,-0.07454813006360714
0.974,0.001,0.019997835159301758,0.8542525227736637,-0.07454813006360714
0.974,0.001,0.019994735717773438,0.8542525227736637,-0.07454813006360714
1.007,0.098,0.02000117301940918,1.3349899005822057,-0.08180342991699363
0.989,-0.008,0.02000570297241211,1.3349899005822057,-0.08180342991699363
0.958,0.019,0.019999980926513672,1.3349899005822057,-0.08180342991699363
0.958,0.019,0.019986391067504883,1.375487095002215,-0.08713040665818095
0.88,0.003,0.020009279251098633,1.375487095002215,-0.08713040665818095
0.833,-0.008,0.019999265670776367,1.375487095002215,-0.08713040665818095
0.828,-0.013,0.019997835159301758,1.375487095002215,-0.08713040665818095
0.828,-0.013,0.019999980926513672,1.1939944902564914,-0.08535374442414792
0.776,0.026,0.019995927810668945,1.1939944902564914,-0.08535374442414792
0.751,0.054,0.020015239715576172,1.1939944902564914,-0.08535374442414792
0.72,-0.014,0.019994258880615234,0.9857029981057714,-0.0840762128415174
0.717,-0.043,0.02000284194946289,0.9857029981057714,-0.0840762128415174
0.717,-0.043,0.019993066787719727,0.9857029981057714,-0.0840762128415174
0.802,-0.196,0.020006656646728516,0.9586813778144259,-0.1048730374172009
0.849,-0.218,0.019968271255493164,0.9586813778144259,-0.1048730374172009
0.896,-0.182,0.02002716064453125,0.9586813778144259,-0.1048730374172009
0.921,-0.165,0.02000570297241211,0.9586813778144259,-0.1048730374172009
0.939,-0.129,0.019999265670776367,0.9548479755865601,-0.10443531819641354
0.915,-0.077,0.020002365112304688,0.9548479755865601,-0.10443531819641354
0.873,0.007,0.019997119903564453,0.9548479755865601,-0.10443531819641354
0.873,0.007,0.0200040340423584,0.962151658479029,-0.1201499505397173
0.857,0.027,0.020003080368041992,0.962151658479029,-0.1201499505397173
0.87,0.005,0.01999688148498535,0.962151658479029,-0.1201499505397173
0.904,-0.053,0.019993066787719727,1.166767904166311,-0.1730986725457339
0.903,-0.06,0.020005464553833008,1.166767904166311,-0.1730986725457339
0.917,-0.093,0.020002365112304688,1.166767904166311,-0.1730986725457339
0.931,-0.111,0.0200045108795166,1.166767904166311,-0.1730986725457339
0.963,-0.134,0.019996166229248047,1.2303150811162773,-0.1835263035264993
0.989,-0.163,0.019999027252197266,1.2303150811162773,-0.1835263035264993
0.984,-0.139,0.020000457763671875,1.2303150811162773,-0.1835263035264993
1.005,-0.151,0.019993066787719727,1.17022919631519,-0.20666477016747306
1.042,-0.163,0.020002126693725586,1.17022919631519,-0.20666477016747306
1.042,-0.163,0.01999640464782715,1.17022919631519,-0.20666477016747306
1.074,-0.164,0.02000284194946289,1.17022919631519,-0.20666477016747306
1.11,-0.179,0.019995927810668945,1.158167762487446,-0.2191074101719405
1.127,-0.187,0.020009517669677734,1.158167762487446,-0.2191074101719405
1.128,-0.16,0.02000737190246582,1.158167762487446,-0.2191074101719405
1.143,-0.187,0.019980907440185547,1.2097685727201777,-0.22755484434944442
1.149,-0.193,0.020000934600830078,1.2097685727201777,-0.22755484434944442
1.149,-0.203,0.019997358322143555,1.2097685727201777,-0.22755484434944442
1.149,-0.203,0.020003557205200195,1.1457635715041592,-0.24229426668682597
1.163,-0.215,0.0200040340423584,1.1457635715041592,-0.24229426668682597
1.184,-0.229,0.020003318786621094,1.1457635715041592,-0.24229426668682597
1.192,-0.224,0.019999027252197266,1.1311924133869913,-0.23597635452029855
1.196,-0.218,0.019995927810668945,1.1311924133869913,-0.23597635452029855
1.259,-0.119,0.019999980926513672,1.1311924133869913,-0.23597635452029855
1.259,-0.119,0.02000570297241211,1.1346835497918912,-0.23661388310968196
1.315,-0.053,0.019998550415039062,1.1346835497918912,-0.23661388310968196
1.358,-0.006,0.020002365112304688,1.1346835497918912,-0.23661388310968196
1.352,-0.026,0.020003557205200195,1.1346835497918912,-0.23661388310968196
1.335,-0.026,0.019980192184448242,1.3106979245669332,-0.30506906324728306
1.289,-0.079,0.020008563995361328,1.3106979245669332,-0.30506906324728306
1.306,-0.045,0.01999354362487793,1.3106979245669332,-0.30506906324728306
1.306,-0.081,0.019991636276245117,1.3106979245669332,-0.30506906324728306
1.295,-0.083,0.020018339157104492,1.0823469832030526,-0.3167865999359245
1.247,-0.156,0.019994735717773438,1.0823469832030526,-0.3167865999359245
1.25,-0.156,0.020051002502441406,1.0823469832030526,-0.3167865999359245
1.25,-0.156,0.019947052001953125,1.1685533694481858,-0.32206653370552896
1.223,-0.158,0.019998550415039062,1.1685533694481858,-0.32206653370552896
1.242,-0.169,0.0199887752532959,1.1685533694481858,-0.32206653370552896
1.242,-0.169,0.020012617111206055,1.3078795532639063,-0.3224827673104446
1.24,-0.125,0.019997835159301758,1.3078795532639063,-0.3224827673104446
1.24,-0.125,0.0199887752532959,1.3078795532639063,-0.3224827673104446
1.219,-0.145,0.02001333236694336,1.3078795532639063,-0.3224827673104446
1.219,-0.145,0.020004987716674805,1.3494155721042211,-0.2958027265608334
1.23,-0.131,0.019997835159301758,1.3494155721042211,-0.2958027265608334
1.201,-0.208,0.020001888275146484,1.3494155721042211,-0.2958027265608334
1.201,-0.208,0.020000457763671875,1.2667940428892435,-0.28404628475236965
1.27,-0.161,0.020001649856567383,1.2667940428892435,-0.28404628475236965
1.27,-0.161,0.020001649856567383,1.2667940428892435,-0.28404628475236965
1.232,-0.193,0.019993066787719727,1.2667940428892435,-0.28404628475236965
1.255,-0.186,0.020006895065307617,1.1011642963227448,-0.29523215416282766
1.245,-0.2,0.019992589950561523,1.1011642963227448,-0.29523215416282766
1.233,-0.242,0.02000737190246582,1.1011642963227448,-0.29523215416282766
1.272,-0.169,0.019999265670776367,1.1374791888641638,-0.25659280550725483
1.259,-0.202,0.019988298416137695,1.1374791888641638,-0.25659280550725483
1.203,-0.261,0.020010709762573242,1.1374791888641638,-0.25659280550725483
1.221,-0.235,0.019999980926513672,1.0967655868469268,-0.2398828198040349
1.26,-0.171,0.019995450973510742,1.0967655868469268,-0.2398828198040349
1.195,-0.224,0.020002126693725586,1.0967655868469268,-0.2398828198040349
1.207,-0.183,0.01999640464782715,0.8517934191436984,-0.20287312339679675
1.207,-0.183,0.020003080368041992,0.8517934191436984,-0.20287312339679675
1.242,-0.087,0.019997835159301758,0.8517934191436984,-0.20287312339679675
1.173,-0.2,0.019999027252197266,0.8517934191436984,-0.20287312339679675
1.181,-0.122,0.019999265670776367,0.8542102516580534,-0.21798524996876117
1.224,-0.07,0.020003795623779297,0.8542102516580534,-0.21798524996876117
1.212,-0.053,0.020007848739624023,0.8542102516580534,-0.21798524996876117
1.123,-0.138,0.01999044418334961,0.8917203295562437,-0.220285582655132
1.144,-0.06,0.020003795623779297,0.8917203295562437,-0.220285582655132
1.105,-0.069,0.02000570297241211,0.8917203295562437,-0.220285582655132
1.105,-0.069,0.01999187469482422,0.6142017462379132,-0.21025644102567317
1.091,-0.065,0.020010709762573242,0.6142017462379132,-0.21025644102567317
1.132,0.029,0.019994258880615234,0.6142017462379132,-0.21025644102567317
1.03,-0.061,0.02000737190246582,0.6142017462379132,-0.21025644102567317
1.029,-0.045,0.019986867904663086,0.5657833019437039,-0.21158336043379974
0.786,-0.359,0.020004987716674805,0.5657833019437039,-0.21158336043379974
0.785,-0.311,0.020014047622680664,0.5657833019437039,-0.21158336043379974
0.785,-0.311,0.019978761672973633,0.5861885308760714,-0.21587143162891573
0.79,-0.195,0.01999640464782715,0.5861885308760714,-0.21587143162891573
0.659,-0.353,0.020009756088256836,0.5861885308760714,-0.21587143162891573
0.795,-0.103,0.019994735717773438,0.4980412694160253,-0.20575440029672204
0.694,-0.214,0.020013093948364258,0.4980412694160253,-0.20575440029672204
0.694,-0.214,0.019985437393188477,0.4980412694160253,-0.20575440029672204
0.617,-0.282,0.01999974250793457,0.989576797861843,-0.2940816938186043
0.576,-0.293,0.02001953125,0.989576797861843,-0.2940816938186043
0.576,-0.293,0.019987106323242188,0.989576797861843,-0.2940816938186043
0.721,0.0,0.019994735717773438,0.989576797861843,-0.2940816938186043
0.649,-0.117,0.01999640464782715,0.8339771354864839,-0.2785350909315803
0.649,-0.117,0.019999027252197266,0.8339771354864839,-0.2785350909315803
0.542,-0.252,0.020015954971313477,0.8339771354864839,-0.2785350909315803
0.529,-0.244,0.019994735717773438,0.688971745795069,-0.26474705651829805
0.626,-0.112,0.020003795623779297,0.688971745795069,-0.26474705651829805
0.681,-0.079,0.01999497413635254,0.688971745795069,-0.26474705651829805
0.511,-0.341,0.01999640464782715,0.5857235628216688,-0.25208260500593277
0.511,-0.341,0.020005464553833008,0.5857235628216688,-0.25208260500593277
0.685,-0.172,0.019999980926513672,0.5857235628216688,-0.25208260500593277
0.55,-0.368,0.02000594139099121,0.5857235628216688,-0.25208260500593277
0.493,-0.434,0.01999950408935547,0.5145979382166864,-0.2453390576151863
0.638,-0.219,0.020000696182250977,0.5145979382166864,-0.2453390576151863
0.647,-0.187,0.019999265670776367,0.5145979382166864,-0.2453390576151863
0.514,-0.36,0.019989967346191406,0.4983338509503007,-0.243642370625147
0.514,-0.36,0.0200045108795166,0.4983338509503007,-0.243642370625147
0.624,-0.171,0.019995450973510742,0.4983338509503007,-0.243642370625147
0.624,-0.171,0.019997119903564453,0.5192587466839849,-0.22764679581660016
0.535,-0.291,0.020006179809570312,0.5192587466839849,-0.22764679581660016
0.51,-0.295,0.020023822784423828,0.5192587466839849,-0.22764679581660016
0.48,-0.326,0.019982576370239258,0.5192587466839849,-0.22764679581660016
0.449,-0.361,0.01999187469482422,0.5620962112817077,-0.2319183956182453
0.518,-0.227,0.020004749298095703,0.5620962112817077,-0.2319183956182453
0.572,-0.132,0.019998550415039062,0.5620962112817077,-0.2319183956182453
0.514,-0.217,0.0200045108795166,0.5620962112817077,-0.2319183956182453
0.514,-0.217,0.020064353942871094,0.43676977215420376,-0.2124317404611899
0.457,-0.305,0.019939661026000977,0.43676977215420376,-0.2124317404611899
0.572,-0.152,0.019993305206298828,0.43676977215420376,-0.2124317404611899
0.52,-0.228,0.01999950408935547,0.9119815619830377,-0.23404628446835998
0.52,-0.228,0.020001649856567383,0.9119815619830377,-0.23404628446835998
0.475,-0.255,0.02001953125,0.9119815619830377,-0.23404628446835998
0.475,-0.255,0.01995849609375,0.7209490522683804,-0.2299123467821776
0.619,-0.076,0.020015954971313477,0.7209490522683804,-0.2299123467821776
0.619,-0.076,0.020002365112304688,0.7209490522683804,-0.2299123467821776
0.487,-0.291,0.01999378204345703,0.8273452128092941,-0.22930050437850513
0.575,-0.188,0.020013093948364258,0.8273452128092941,-0.22930050437850513
0.608,-0.183,0.019991636276245117,0.8273452128092941,-0.22930050437850513
0.608,-0.183,0.019994258880615234,0.8273452128092941,-0.22930050437850513
0.659,-0.123,0.0200045108795166,1.0744140929405253,-0.20335906522568556
0.541,-0.328,0.020008325576782227,1.0744140929405253,-0.20335906522568556
0.657,-0.191,0.020009279251098633,1.0744140929405253,-0.20335906522568556
0.685,-0.16,0.01997518539428711,0.9114174738590696,-0.1948842469908944
0.685,-0.16,0.020014047622680664,0.9114174738590696,-0.1948842469908944
0.825,-0.001,0.019990921020507812,0.9114174738590696,-0.1948842469908944
0.753,-0.169,0.0200040340423584,0.8127628671432636,-0.20550648658360246
0.725,-0.227,0.019988059997558594,0.8127628671432636,-0.20550648658360246
0.787,-0.167,0.020001649856567383,0.8127628671432636,-0.20550648658360246
0.844,-0.097,0.020008563995361328,0.8580606492213225,-0.20520591062288404
0.838,-0.124,0.019997358322143555,0.8580606492213225,-0.20520591062288404
0.838,-0.124,0.020002126693725586,0.8580606492213225,-0.20520591062288404
0.852,-0.123,0.01999807357788086,0.8580606492213225,-0.20520591062288404
0.895,-0.09,0.019997358322143555,0.7272832495756103,-0.19109858211242725
0.868,-0.148,0.020000696182250977,0.7272832495756103,-0.19109858211242725
0.888,-0.165,0.020000934600830078,0.7272832495756103,-0.19109858211242725
0.897,-0.146,0.020000696182250977,0.7282917975174029,-0.1775042638664699
0.676,-0.473,0.019998788833618164,0.7282917975174029,-0.1775042638664699
0.754,-0.345,0.020003318786621094,0.7282917975174029,-0.1775042638664699
0.819,-0.22,0.019997596740722656,0.7282917975174029,-0.1775042638664699
0.819,-0.22,0.020004749298095703,0.9300611749544211,-0.14921305221286493
0.855,-0.161,0.01999950408935547,0.9300611749544211,-0.14921305221286493
0.68,-0.42,0.019994735717773438,0.9300611749544211,-0.14921305221286493
0.824,-0.165,0.019999980926513672,0.9358260191288271,-0.15316134636418607
0.74,-0.293,0.02000284194946289,0.9358260191288271,-0.15316134636418607
0.752,-0.225,0.02000284194946289,0.9358260191288271,-0.15316134636418607
0.774,-0.156,0.0199892520904541,0.9358260191288271,-0.15316134636418607
0.773,-0.134,0.02000713348388672,1.1364185920261194,-0.18185794632368632
0.773,-0.134,0.020001888275146484,1.1364185920261194,-0.18185794632368632
0.83,-0.061,0.02000904083251953,1.1364185920261194,-0.18185794632368632
0.83,-0.061,0.019997358322143555,1.1826508231605015,-0.12515068083142555
0.848,-0.024,0.019987106323242188,1.1826508231605015,-0.12515068083142555
0.831,-0.108,0.02001047134399414,1.1826508231605015,-0.12515068083142555
0.831,-0.108,0.01999664306640625,1.1826508231605015,-0.12515068083142555
0.875,-0.123,0.020000457763671875,1.0860641173826548,-0.13413921841904092
0.902,-0.131,0.020003795623779297,1.0860641173826548,-0.13413921841904092
0.895,-0.161,0.020007848739624023,1.0860641173826548,-0.13413921841904092
0.97,-0.07,0.020017385482788086,0.9273825315033423,-0.10216491819681202
0.945,-0.12,0.019973278045654297,0.9273825315033423,-0.10216491819681202
0.945,-0.12,0.019991159439086914,0.776171019036482,-0.04823830798972545
0.945,-0.12,0.02000141143798828,0.776171019036482,-0.04823830798972545
0.997,-0.081,0.020003080368041992,0.776171019036482,-0.04823830798972545
0.976,-0.09,0.02000117301940918,0.776171019036482,-0.04823830798972545
0.959,-0.111,0.020000219345092773,0.8475357185769886,-0.06400441962129144
0.959,-0.111,0.02001214027404785,0.8475357185769886,-0.06400441962129144
0.941,-0.103,0.020000219345092773,0.8475357185769886,-0.06400441962129144
0.907,-0.135,0.019985437393188477,0.8475357185769886,-0.06400441962129144
0.982,0.0,0.020009279251098633,0.8533236934592922,-0.07064124681217866
0.951,-0.028,0.020001649856567383,0.8533236934592922,-0.07064124681217866
0.951,-0.028,0.01999211311340332,0.8533236934592922,-0.07064124681217866
0.979,0.04,0.019995450973510742,0.7528153684807598,-0.06577243321011053
0.95,0.01,0.020004749298095703,0.7528153684807598,-0.06577243321011053
0.95,0.01,0.020013093948364258,0.7528153684807598,-0.06577243321011053
0.909,-0.017,0.01999354362487793,0.7527597037163666,-0.05657524483935877
0.889,0.007,0.019993305206298828,0.7527597037163666,-0.05657524483935877
0.866,0.0,0.01999950408935547,0.7527597037163666,-0.05657524483935877
0.805,-0.074,0.020005464553833008,0.7525320720751504,-0.03624160242083586
0.844,0.028,0.019997358322143555,0.7525320720751504,-0.03624160242083586
0.847,0.051,0.019994020462036133,0.7525320720751504,-0.03624160242083586
0.78,-0.029,0.020007848739624023,0.7525320720751504,-0.03624160242083586
0.78,-0.029,0.020004987716674805,0.7416573315643743,-0.034459303893407935
0.774,-0.014,0.019997358322143555,0.7416573315643743,-0.034459303893407935
0.761,-0.027,0.019997119903564453,0.7416573315643743,-0.034459303893407935
0.761,-0.027,0.019994735717773438,0.7424744577308445,-0.03377823160669923
0.737,-0.031,0.0200045108795166,0.7424744577308445,-0.03377823160669923
0.758,0.006,0.019998788833618164,0.7424744577308445,-0.03377823160669923
0.714,-0.047,0.020004987716674805,0.7449123031016135,-0.022451846962579725
0.707,-0.055,0.019994735717773438,0.7449123031016135,-0.022451846962579725
0.731,0.0,0.020002365112304688,0.7449123031016135,-0.022451846962579725
0.7,-0.033,0.020000457763671875,0.7449123031016135,-0.022451846962579725
0.695,-0.038,0.020000457763671875,0.7430060713591484,-0.0045384434659870515
0.695,-0.03,0.020000457763671875,0.7430060713591484,-0.0045384434659870515
0.695,-0.03,0.020011425018310547,0.7430060713591484,-0.0045384434659870515
0.719,0.003,0.01998305320739746,0.7472417721047286,-0.0075066193551848286
0.691,-0.039,0.02000117301940918,0.7472417721047286,-0.0075066193551848286
0.683,-0.042,0.020001649856567383,0.7472417721047286,-0.0075066193551848286
0.715,-0.02,0.0200040340423584,0.7472417721047286,-0.0075066193551848286
0.713,-0.023,0.02000284194946289,0.7500132633748083,-0.024528956172843494
0.684,-0.067,0.01999044418334961,0.7500132633748083,-0.024528956172843494
0.709,-0.027,0.01999640464782715,0.7500132633748083,-0.024528956172843494
0.733,-0.016,0.020003557205200195,0.7560297781039615,0.0004420839037691107
0.733,-0.016,0.020000696182250977,0.7560297781039615,0.0004420839037691107
0.733,-0.016,0.01999640464782715,0.7560297781039615,0.0004420839037691107
0.717,-0.038,0.019999027252197266,0.7556827200034844,0.001978970884016135
0.743,-0.022,0.020005464553833008,0.7556827200034844,0.001978970884016135
0.746,-0.011,0.01999974250793457,0.7556827200034844,0.001978970884016135
0.746,-0.011,0.019995927810668945,0.7654413855169075,0.03554658060946085
0.728,-0.038,0.020006656646728516,0.7654413855169075,0.03554658060946085
0.745,-0.018,0.019992351531982422,0.7654413855169075,0.03554658060946085
0.745,-0.018,0.020000696182250977,1.0643525656805526,0.07493992221429399
0.747,-0.016,0.02000737190246582,1.0643525656805526,0.07493992221429399
0.77,0.008,0.02000141143798828,1.0643525656805526,0.07493992221429399
0.752,-0.008,0.020003795623779297,1.0643525656805526,0.07493992221429399
0.739,-0.037,0.01999688148498535,0.9059085166650415,0.06511456618137464
0.739,-0.037,0.01999378204345703,0.9059085166650415,0.06511456618137464
0.77,0.008,0.019999265670776367,0.9059085166650415,0.06511456618137464
0.76,-0.028,0.02002716064453125,0.9188066396332437,0.08035636062341017
0.76,-0.028,0.01999521255493164,0.9188066396332437,0.08035636062341017
0.803,0.006,0.019988059997558594,0.9188066396332437,0.08035636062341017
0.803,0.006,0.019989013671875,0.9188066396332437,0.08035636062341017
0.861,0.059,0.01999950408935547,0.9100597575672444,0.09430080096202814
0.876,0.069,0.020005226135253906,0.9100597575672444,0.09430080096202814
0.876,0.069,0.01999497413635254,0.9100597575672444,0.09430080096202814
0.889,0.083,0.019988536834716797,0.9772875009367826,0.10470854113115333
0.895,0.085,0.020016908645629883,0.9772875009367826,0.10470854113115333
0.905,0.082,0.01999664306640625,0.9772875009367826,0.10470854113115333
0.913,0.088,0.020002365112304688,0.9291568667798011,0.09075096021640308
0.923,0.084,0.01999187469482422,0.9291568667798011,0.09075096021640308
0.931,0.093,0.020003318786621094,0.9291568667798011,0.09075096021640308
0.923,0.101,0.020002365112304688,0.9291568667798011,0.09075096021640308
0.923,0.101,0.01999688148498535,1.1654936987151119,0.12940990062447316
0.929,0.07,0.01999688148498535,1.1654936987151119,0.12940990062447316
0.931,0.079,0.020013809204101562,1.1654936987151119,0.12940990062447316
0.945,0.066,0.019974946975708008,1.269835158948831,0.144685416384991
0.945,0.066,0.02001643180847168,1.269835158948831,0.144685416384991
0.954,0.078,0.020003080368041992,1.269835158948831,0.144685416384991
0.974,0.084,0.01999211311340332,1.269835158948831,0.144685416384991
0.974,0.079,0.020006895065307617,1.2077369626122436,0.15851601528219372
0.999,0.099,0.01999521255493164,1.2077369626122436,0.15851601528219372
0.999,0.099,0.0200042724609375,1.2077369626122436,0.15851601528219372
1.018,0.099,0.01999521255493164,1.4701309933285989,0.25714835741595743
1.029,0.101,0.02000117301940918,1.4701309933285989,0.25714835741595743
1.029,0.101,0.020000457763671875,1.4701309933285989,0.25714835741595743
1.055,0.105,0.01999688148498535,1.360557069575559,0.25197981985252144
1.072,0.102,0.020006418228149414,1.360557069575559,0.25197981985252144
1.111,0.14,0.01999950408935547,1.360557069575559,0.25197981985252144
1.132,0.153,0.01999688148498535,1.3446111405934693,0.27273529670005003
1.159,0.181,0.01999950408935547,1.3446111405934693,0.27273529670005003
1.173,0.183,0.020004987716674805,1.3446111405934693,0.27273529670005003
1.195,0.206,0.019994735717773438,1.3446111405934693,0.27273529670005003
1.216,0.209,0.019997596740722656,1.164315086003899,0.2860151307269579
1.237,0.214,0.0200045108795166,1.164315086003899,0.2860151307269579
1.248,0.209,0.02000713348388672,1.164315086003899,0.2860151307269579
1.248,0.209,0.019997119903564453,1.1294421164146031,0.28713724513492395
1.253,0.236,0.01999378204345703,1.1294421164146031,0.28713724513492395
1.239,0.235,0.01999974250793457,1.1294421164146031,0.28713724513492395
1.239,0.235,0.01999950408935547,1.0914722706094817,0.27858091689317893
1.24,0.27,0.019998788833618164,1.0914722706094817,0.27858091689317893
1.226,0.301,0.019994497299194336,1.0914722706094817,0.27858091689317893
1.24,0.249,0.02000284194946289,0.32656058765756324,0.23368248443422227
1.354,0.085,0.020007610321044922,0.32656058765756324,0.23368248443422227
1.395,0.02,0.020000696182250977,0.32656058765756324,0.23368248443422227
1.352,0.042,0.020001649856567383,0.32656058765756324,0.23368248443422227
1.352,0.042,0.019993305206298828,0.32540189848078166,0.23266478886823835
1.352,0.042,0.0200040340423584,0.32540189848078166,0.23266478886823835
1.24,0.137,0.019999980926513672,0.32540189848078166,0.23266478886823835
1.275,0.001,0.019995927810668945,1.0484884995533075,0.32898116738037403
1.275,0.001,0.02000570297241211,1.0484884995533075,0.32898116738037403
1.132,0.091,0.01999521255493164,1.0484884995533075,0.32898116738037403
1.13,0.041,0.020011425018310547,1.0484884995533075,0.32898116738037403
1.104,0.049,0.019997835159301758,0.27755092753890553,0.26547579547722516
1.07,0.097,0.020001649856567383,0.27755092753890553,0.26547579547722516
1.078,0.136,0.0200040340423584,0.27755092753890553,0.26547579547722516
1.067,0.128,0.01998591423034668,0.28160672851383806,0.270982879575158
1.067,0.128,0.020002126693725586,0.28160672851383806,0.270982879575158
1.054,0.143,0.020000934600830078,0.28160672851383806,0.270982879575158
1.032,0.136,0.019997596740722656,0.19165036300083504,0.2656113993964201
1.014,0.11,0.020008563995361328,0.19165036300083504,0.2656113993964201
0.753,0.452,0.019991397857666016,0.19165036300083504,0.2656113993964201
0.765,0.365,0.01999807357788086,0.19165036300083504,0.2656113993964201
0.824,0.234,0.020006179809570312,-0.7801310675371272,0.08285633882684053
0.824,0.234,0.019995450973510742,-0.7801310675371272,0.08285633882684053
0.707,0.314,0.019999980926513672,-0.7801310675371272,0.08285633882684053
0.575,0.448,0.019988536834716797,-0.7947233820610867,0.07859599934934093
0.575,0.448,0.020015716552734375,-0.7947233820610867,0.07859599934934093
0.721,0.149,0.020008087158203125,-0.7947233820610867,0.07859599934934093
0.777,0.005,0.019988298416137695,-0.7947233820610867,0.07859599934934093
0.777,0.005,0.02000713348388672,-1.2252031267705639,0.08332086868499382
0.633,0.103,0.020002365112304688,-1.2252031267705639,0.08332086868499382
0.568,0.128,0.019989967346191406,-1.368213570443627,0.09295099275705541
0.573,0.077,0.019997119903564453,-1.368213570443627,0.09295099275705541
0.602,-0.032,0.020000219345092773,-1.368213570443627,0.09295099275705541
0.602,-0.032,0.020001649856567383,-1.368213570443627,0.09295099275705541
0.391,0.237,0.020001888275146484,-1.441268952880303,-0.007735024440822051
0.395,0.171,0.02000737190246582,-1.441268952880303,-0.007735024440822051
0.395,0.171,0.01999950408935547,-1.441268952880303,-0.007735024440822051
0.363,0.126,0.020002365112304688,-0.656284264242133,-0.220290342416161
0.376,0.056,0.020002365112304688,-0.656284264242133,-0.220290342416161
0.376,0.056,0.02000570297241211,-0.656284264242133,-0.220290342416161
0.306,0.081,0.019990921020507812,-0.656284264242133,-0.220290342416161
0.348,-0.059,0.01999044418334961,-1.1914892891457716,-0.13735493942280827
0.24,-0.004,0.019991636276245117,-1.1914892891457716,-0.13735493942280827
0.144,0.064,0.020001888275146484,-1.1914892891457716,-0.13735493942280827
0.176,-0.046,0.020006179809570312,-0.9281538807131803,-0.17061239914864804
0.176,-0.046,0.020005226135253906,-0.9281538807131803,-0.17061239914864804
0.119,-0.05,0.01999497413635254,-0.9281538807131803,-0.17061239914864804
0.094,-0.055,0.020009279251098633,-0.9281538807131803,-0.17061239914864804
0.161,-0.198,0.019997119903564453,0.0,0.0
0.095,-0.155,0.020003557205200195,0.0,0.0
0.057,0.368,0.0200045108795166,0.05809230613834689,0.3856561443368075
0.051,0.371,0.019991159439086914,0.056543491356625224,0.43406943770509987
0.059,0.371,0.02000904083251953,0.056543491356625224,0.43406943770509987
0.053,0.387,0.019995927810668945,0.056543491356625224,0.43406943770509987
0.052,0.394,0.019994497299194336,0.056543491356625224,0.43406943770509987
0.054,0.401,0.02001786231994629,-0.0666240048100128,0.30479285801481754
-0.063,0.338,0.02000260353088379,0.13343791176384287,0.10354365002025227
-0.06,0.331,0.019989728927612305,0.13343791176384287,0.10354365002025227
-0.055,0.332,0.0200045108795166,0.13343791176384287,0.10354365002025227
0.058,0.151,0.02000713348388672,0.1846526152821277,0.1784335648677668
0.08,0.154,0.019990921020507812,0.13977361088410403,0.2634403310999293
0.08,0.154,0.020006656646728516,0.13977361088410403,0.2634403310999293
0.119,0.165,0.01999378204345703,0.13977361088410403,0.2634403310999293
0.127,0.186,0.02000117301940918,0.15244550857060438,0.26134846317600335
0.139,0.202,0.0200042724609375,0.15244550857060438,0.26134846317600335
0.146,0.212,0.020001649856567383,0.15244550857060438,0.26134846317600335
0.146,0.212,0.019997119903564453,0.15244550857060438,0.26134846317600335
0.152,0.231,0.02000284194946289,0.2001471076983616,0.14812433855037968
0.158,0.246,0.019991397857666016,0.2001471076983616,0.14812433855037968
0.161,0.254,0.020000219345092773,0.22660906695140023,0.10908625856333444
0.161,0.254,0.020004749298095703,0.22660906695140023,0.10908625856333444
0.166,0.235,0.020001649856567383,0.22660906695140023,0.10908625856333444
0.182,0.208,0.0200045108795166,0.22660906695140023,0.10908625856333444
0.195,0.189,0.019997596740722656,0.19339082566785284,0.12864234346875875
0.202,0.173,0.019999027252197266,0.19339082566785284,0.12864234346875875
0.243,0.106,0.01999640464782715,0.19339082566785284,0.12864234346875875
0.223,0.116,0.019986867904663086,1.421566128472225,-0.0410915008930073
0.22,0.088,0.020007848739624023,1.421566128472225,-0.0410915008930073
0.189,0.114,0.019998550415039062,1.421566128472225,-0.0410915008930073
0.17,0.142,0.020005464553833008,1.3906495172608604,-0.06365206405326257
0.201,0.098,0.019998788833618164,1.3906495172608604,-0.06365206405326257
0.257,0.021,0.020004749298095703,1.3906495172608604,-0.06365206405326257
0.248,0.018,0.02000594139099121,1.3906495172608604,-0.06365206405326257
0.219,0.056,0.01999044418334961,1.408691417116224,-0.051352884948690045
0.219,0.056,0.020004987716674805,1.408691417116224,-0.051352884948690045
0.322,-0.09,0.020001888275146484,1.408691417116224,-0.051352884948690045
0.322,-0.09,0.019997119903564453,1.3959937164702818,-0.06752818331150172
0.255,0.022,0.020001649856567383,1.3959937164702818,-0.06752818331150172
0.328,-0.066,0.01999950408935547,1.3959937164702818,-0.06752818331150172
0.307,-0.011,0.019991159439086914,1.4282598517890872,-0.06459789636575516
0.307,-0.011,0.02001047134399414,1.4282598517890872,-0.06459789636575516
0.333,0.016,0.019999980926513672,1.4282598517890872,-0.06459789636575516
0.365,-0.006,0.020003080368041992,1.4282598517890872,-0.06459789636575516
0.39,-0.024,0.019991397857666016,1.4308629379501903,-0.06692707123811886
0.413,-0.041,0.019995450973510742,1.4308629379501903,-0.06692707123811886
0.413,-0.041,0.020004987716674805,1.4308629379501903,-0.06692707123811886
0.446,-0.067,0.01999950408935547,1.3803182613666058,-0.04865658683010981
0.492,-0.056,0.020009517669677734,1.3803182613666058,-0.04865658683010981
0.521,-0.059,0.01998138427734375,1.3803182613666058,-0.04865658683010981
0.543,-0.052,0.02000260353088379,1.5,-0.02162111416190681
0.543,-0.052,0.020000696182250977,1.5,-0.02162111416190681
0.582,-0.05,0.020010948181152344,1.5,-0.02162111416190681
0.582,-0.05,0.019994497299194336,1.5,-0.02162111416190681
0.604,-0.039,0.01998758316040039,1.44344035641949,-0.028282251119475504
0.604,-0.039,0.020012855529785156,1.44344035641949,-0.028282251119475504
0.637,-0.03,0.02000117301940918,1.44344035641949,-0.028282251119475504
0.667,-0.029,0.019997358322143555,1.328296235013427,-0.13085271631057172
0.667,-0.029,0.019994258880615234,1.328296235013427,-0.13085271631057172
0.695,-0.028,0.020002365112304688,1.328296235013427,-0.13085271631057172
0.721,-0.032,0.01999807357788086,1.3315030758055049,0.006616756493119712
0.736,-0.048,0.01999807357788086,1.3315030758055049,0.006616756493119712
0.769,-0.058,0.019997358322143555,1.3315030758055049,0.006616756493119712
0.792,-0.049,0.02001214027404785,1.3315030758055049,0.006616756493119712
0.792,-0.049,0.019982576370239258,1.3661393790737473,-0.008258459703753598
0.825,-0.034,0.020014286041259766,1.3661393790737473,-0.008258459703753598
0.836,-0.031,0.020009279251098633,1.3661393790737473,-0.008258459703753598
0.857,-0.013,0.020000696182250977,1.3031900781071435,0.04502832531277664
0.864,-0.017,0.01999807357788086,1.3031900781071435,0.04502832531277664
0.891,-0.001,0.019997835159301758,1.3031900781071435,0.04502832531277664
0.891,-0.001,0.019998550415039062,1.3031900781071435,0.04502832531277664
0.92,0.001,0.020003795623779297,1.2716973001897205,0.0540740727650747
0.958,0.019,0.019991397857666016,1.2716973001897205,0.0540740727650747
0.958,0.019,0.02000594139099121,1.2716973001897205,0.0540740727650747
1.002,0.043,0.01999521255493164,1.2614670588808166,0.054118883379536
1.021,0.044,0.020022869110107422,1.2614670588808166,0.054118883379536
1.031,0.046,0.019974231719970703,1.2614670588808166,0.054118883379536
1.063,0.038,0.019999027252197266,1.1620351828715378,0.04477961807734583
1.063,0.038,0.020023345947265625,1.1620351828715378,0.04477961807734583
1.067,0.039,0.019977331161499023,1.1620351828715378,0.04477961807734583
1.067,0.039,0.020006418228149414,1.1428574695414198,0.0325067569473985
1.125,0.038,0.019996166229248047,1.1428574695414198,0.0325067569473985
1.125,0.038,0.020006418228149414,1.1428574695414198,0.0325067569473985
1.135,0.037,0.020002126693725586,1.1428574695414198,0.0325067569473985
1.171,0.054,0.019988059997558594,1.1438314556856781,0.03209869145612277
1.172,0.048,0.019997835159301758,1.1438314556856781,0.03209869145612277
1.172,0.066,0.020012617111206055,1.1438314556856781,0.03209869145612277
1.172,0.066,0.019993305206298828,0.9710895722139428,0.03102425332460944
1.17,0.077,0.02000713348388672,0.9710895722139428,0.03102425332460944
1.172,0.079,0.019991159439086914,0.9710895722139428,0.03102425332460944
1.161,0.076,0.019997596740722656,0.9354114249257731,0.05286198736890678
1.152,0.075,0.020003557205200195,0.9354114249257731,0.05286198736890678
1.126,0.086,0.020000457763671875,0.9354114249257731,0.05286198736890678
1.105,0.079,0.019996166229248047,0.9354114249257731,0.05286198736890678
1.074,0.082,0.01999807357788086,0.8614286827959983,0.04810461610521905
1.052,0.087,0.02000880241394043,0.8614286827959983,0.04810461610521905
1.022,0.062,0.02000141143798828,0.8614286827959983,0.04810461610521905
1.001,0.029,0.019991397857666016,0.9164869510055595,0.062009556191796024
1.03,-0.069,0.020011425018310547,0.9164869510055595,0.062009556191796024
1.03,-0.069,0.019999027252197266,0.9164869510055595,0.062009556191796024
1.075,-0.162,0.019992828369140625,0.9164869510055595,0.062009556191796024
1.054,-0.154,0.020009517669677734,0.9519749236018459,0.07297116652873463
1.005,-0.089,0.019999027252197266,0.9519749236018459,0.07297116652873463
1.011,-0.089,0.019991636276245117,0.9012014628080889,0.06779693227528648
1.026,-0.086,0.0200040340423584,0.9012014628080889,0.06779693227528648
1.026,-0.086,0.020005226135253906,0.9012014628080889,0.06779693227528648
1.006,-0.043,0.019997119903564453,0.9012014628080889,0.06779693227528648
0.976,-0.009,0.019995450973510742,0.8978442490040491,0.06124485242274773
0.983,-0.013,0.02001667022705078,0.8978442490040491,0.06124485242274773
0.927,0.056,0.02000260353088379,0.8978442490040491,0.06124485242274773
0.972,-0.013,0.019983291625976562,0.766858149909919,0.044455449979666335
0.917,0.039,0.01999378204345703,0.766858149909919,0.044455449979666335
0.901,0.045,0.02000260353088379,0.766858149909919,0.044455449979666335
0.859,0.076,0.020007848739624023,0.766858149909919,0.044455449979666335
0.859,0.076,0.019998550415039062,0.7668581483620804,0.044455449891855486
0.831,0.043,0.020000696182250977,0.7668581483620804,0.044455449891855486
0.783,0.074,0.019996166229248047,0.7668581483620804,0.044455449891855486
0.805,0.01,0.020000457763671875,0.7683537115528625,0.054216850889551055
0.783,0.023,0.02000141143798828,0.7683537115528625,0.054216850889551055
0.756,0.06,0.020000934600830078,0.7683537115528625,0.054216850889551055
0.756,0.06,0.02000117301940918,0.7916465073658119,-0.028052776900446445
0.756,0.06,0.019994497299194336,0.7916465073658119,-0.028052776900446445
0.766,0.035,0.019999265670776367,0.7916465073658119,-0.028052776900446445
0.736,0.088,0.020020008087158203,0.7916465073658119,-0.028052776900446445
0.748,0.063,0.01998138427734375,0.9714819558564292,-0.031721276141904654
0.729,0.073,0.01999974250793457,0.9714819558564292,-0.031721276141904654
0.706,0.119,0.019995927810668945,0.9714819558564292,-0.031721276141904654
0.688,0.135,0.020003557205200195,0.8524516649908045,-0.023579092535778494
0.688,0.135,0.020003080368041992,0.8524516649908045,-0.023579092535778494
0.69,0.143,0.019991636276245117,0.8524516649908045,-0.023579092535778494
0.69,0.143,0.020001888275146484,0.7730915802665812,-0.02089195866118298
0.706,0.109,0.020008325576782227,0.7730915802665812,-0.02089195866118298
0.737,0.051,0.019985437393188477,0.7730915802665812,-0.02089195866118298
0.744,-0.017,0.02003645896911621,0.7730915802665812,-0.02089195866118298
0.744,-0.017,0.019968032836914062,0.7838438184577364,-0.01566931884096909
0.753,-0.053,0.020002365112304688,0.7838438184577364,-0.01566931884096909
0.747,-0.059,0.019997835159301758,0.7838438184577364,-0.01566931884096909
0.76,-0.046,0.020008325576782227,0.7604848608612554,-0.022883784165088263
0.754,-0.047,0.01999688148498535,0.7604848608612554,-0.022883784165088263
0.768,-0.034,0.020004987716674805,0.7604848608612554,-0.022883784165088263
0.768,-0.034,0.019995450973510742,0.7604848608612554,-0.022883784165088263
0.751,-0.034,0.020003080368041992,0.7984056004424775,-0.035951734359375875
0.755,-0.031,0.019998550415039062,0.7984056004424775,-0.035951734359375875
0.759,-0.019,0.020004749298095703,0.7984056004424775,-0.035951734359375875
0.764,-0.009,0.019989967346191406,0.8054740483837174,-0.0399821948929396
0.764,-0.01,0.020012617111206055,0.8054740483837174,-0.0399821948929396
0.78,-0.006,0.01997828483581543,0.8054740483837174,-0.0399821948929396
0.78,-0.006,0.01999688148498535,0.8259248987560297,-0.058713212746192275
0.796,-0.003,0.02001166343688965,0.8259248987560297,-0.058713212746192275
0.796,-0.003,0.020006656646728516,0.8259248987560297,-0.058713212746192275
0.809,-0.006,0.019998550415039062,0.930555861595417,-0.07502827335947473
0.825,-0.017,0.020000934600830078,0.930555861595417,-0.07502827335947473
0.821,-0.028,0.019997596740722656,0.930555861595417,-0.07502827335947473
0.837,-0.034,0.020000219345092773,0.930555861595417,-0.07502827335947473
0.847,-0.04,0.019971609115600586,1.1343726902336548,-0.08487711356987297
0.857,-0.043,0.020024776458740234,1.1343726902336548,-0.08487711356987297
0.857,-0.043,0.02001786231994629,1.1343726902336548,-0.08487711356987297
0.882,-0.054,0.01998114585876465,0.8922231884521622,-0.06008811523296415
0.897,-0.068,0.019998788833618164,0.8922231884521622,-0.06008811523296415
0.885,-0.04,0.020005464553833008,0.8922231884521622,-0.06008811523296415
0.885,-0.04,0.019996166229248047,0.8922231884521622,-0.06008811523296415
0.885,-0.04,0.02000737190246582,0.8553165147986229,-0.054082338327977195
0.895,-0.043,0.019996166229248047,0.8553165147986229,-0.054082338327977195
0.892,-0.043,0.02000260353088379,0.8553165147986229,-0.054082338327977195
0.892,-0.043,0.019994735717773438,0.8816746699519109,-0.06184248289219729
0.886,-0.039,0.020007610321044922,0.8816746699519109,-0.06184248289219729
0.886,-0.039,0.01999521255493164,0.8816746699519109,-0.06184248289219729
0.884,-0.051,0.019997835159301758,0.7962731490380053,-0.0379740025348421
0.879,-0.052,0.02000737190246582,0.7962731490380053,-0.0379740025348421
0.879,-0.052,0.0200042724609375,0.7962731490380053,-0.0379740025348421
0.879,-0.052,0.019979000091552734,0.7962731490380053,-0.0379740025348421
0.873,-0.053,0.020009994506835938,0.8489805610957539,-0.048025776982652986
0.856,-0.055,0.01999831199645996,0.8489805610957539,-0.048025776982652986
0.856,-0.055,0.020014524459838867,0.8489805610957539,-0.048025776982652986
0.828,-0.066,0.019985198974609375,0.9049412938075354,-0.049098338950501634
0.828,-0.059,0.020001649856567383,0.9049412938075354,-0.049098338950501634
0.827,-0.057,0.01999497413635254,0.9049412938075354,-0.049098338950501634
0.843,-0.056,0.01999831199645996,0.8396230191386657,-0.03447718396412633
0.855,-0.051,0.020012617111206055,0.8396230191386657,-0.03447718396412633
0.867,-0.047,0.019984960556030273,0.8396230191386657,-0.03447718396412633
0.865,-0.034,0.02001047134399414,0.7981153219995868,-0.03487859300316487
0.865,-0.034,0.019987821578979492,0.7981153219995868,-0.03487859300316487
0.871,-0.043,0.020009517669677734,0.7981153219995868,-0.03487859300316487
0.859,-0.031,0.019989013671875,0.7988662828367439,-0.03473142774773299
0.859,-0.031,0.020007610321044922,0.7988662828367439,-0.03473142774773299
0.823,-0.035,0.020005464553833008,0.7988662828367439,-0.03473142774773299
0.823,-0.035,0.020010709762573242,0.7988662828367439,-0.03473142774773299
0.802,-0.028,0.019997358322143555,0.7768549881240556,-0.03383887156666992
0.797,-0.031,0.01998615264892578,0.7768549881240556,-0.03383887156666992
0.791,-0.031,0.02000594139099121,0.7768549881240556,-0.03383887156666992
0.787,-0.031,0.01999211311340332,0.7972755533268122,-0.03854911949770992
0.787,-0.031,0.020008325576782227,0.7972755533268122,-0.03854911949770992
0.777,-0.031,0.02000141143798828,0.7972755533268122,-0.03854911949770992
0.785,-0.023,0.019986867904663086,0.7972755533268122,-0.03854911949770992
0.785,-0.027,0.02000713348388672,0.8312345127214557,-0.04146044480852626
0.784,-0.027,0.01999974250793457,0.8312345127214557,-0.04146044480852626
0.784,-0.027,0.01999831199645996,0.8312345127214557,-0.04146044480852626
0.802,-0.031,0.02000141143798828,0.8332755304453654,0.007046592507083673
0.8,-0.045,0.01999974250793457,0.8332755304453654,0.007046592507083673
0.805,-0.034,0.020006895065307617,0.8332755304453654,0.007046592507083673
0.81,-0.026,0.020001888275146484,0.8332755304453654,0.007046592507083673
0.806,-0.013,0.02000117301940918,1.1497882457546087,0.018688999530020414
0.806,-0.013,0.020000457763671875,1.1497882457546087,0.018688999530020414
0.804,-0.002,0.019989967346191406,1.1497882457546087,0.018688999530020414
0.802,0.013,0.0199582576751709,1.2864652943014823,0.02615126086521819
0.802,0.013,0.020045995712280273,1.2864652943014823,0.02615126086521819
0.816,0.035,0.020004749298095703,1.2864652943014823,0.02615126086521819
0.834,0.029,0.020000457763671875,1.2864652943014823,0.02615126086521819
0.85,0.055,0.019991636276245117,0.9982949892604142,0.049274690562082286
0.85,0.055,0.019995927810668945,0.9982949892604142,0.049274690562082286
0.885,0.051,0.020025968551635742,0.8961193757106495,0.03908485271609034
0.903,0.064,0.01998281478881836,0.8961193757106495,0.03908485271609034
0.918,0.065,0.020001888275146484,0.8961193757106495,0.03908485271609034
0.918,0.065,0.020000457763671875,0.8961193757106495,0.03908485271609034
0.928,0.049,0.01999354362487793,0.8647611450246296,0.03872681364977758
0.912,0.022,0.020000934600830078,0.8647611450246296,0.03872681364977758
0.917,0.001,0.019989490509033203,0.8647611450246296,0.03872681364977758
0.906,0.01,0.020012617111206055,0.759175956152497,0.03579663146667987
0.907,0.003,0.01999831199645996,0.759175956152497,0.03579663146667987
0.899,0.001,0.02001023292541504,0.759175956152497,0.03579663146667987
0.892,-0.003,0.019988536834716797,0.7721674686678304,0.05172900382591034
0.892,-0.003,0.020000219345092773,0.7721674686678304,0.05172900382591034
0.863,-0.033,0.02000260353088379,0.7721674686678304,0.05172900382591034
0.863,-0.033,0.02001357078552246,0.7721674686678304,0.05172900382591034
0.863,-0.033,0.019982099533081055,0.7573034376627205,0.02824559013419665
0.829,0.004,0.020003795623779297,0.7573034376627205,0.02824559013419665
0.8,0.022,0.019995689392089844,0.7573034376627205,0.02824559013419665
0.773,0.023,0.01999664306640625,0.7601022890912523,0.020183980957404556
0.763,0.036,0.020001649856567383,0.7601022890912523,0.020183980957404556
0.756,0.027,0.020000696182250977,0.7601022890912523,0.020183980957404556
0.749,0.032,0.02000594139099121,0.7615145911595108,0.022672085547582255
0.749,0.032,0.020032644271850586,0.7615145911595108,0.022672085547582255
0.769,0.029,0.019961833953857422,0.7615145911595108,0.022672085547582255
0.771,0.042,0.01999664306640625,0.7615145911595108,0.022672085547582255
0.793,0.076,0.0199892520904541,0.7646071157659075,-0.001366610593646507
0.784,0.059,0.020016193389892578,0.7646071157659075,-0.001366610593646507
0.778,0.042,0.020000934600830078,0.7646071157659075,-0.001366610593646507
0.784,0.024,0.02002882957458496,0.7687514637801878,-0.04986969176235518
0.792,0.001,0.019986391067504883,0.7687514637801878,-0.04986969176235518
0.792,0.001,0.019985437393188477,0.7687514637801878,-0.04986969176235518
0.789,-0.013,0.02001333236694336,0.7687514637801878,-0.04986969176235518
0.765,-0.017,0.019996166229248047,0.841725057059111,-0.08260139754262782
0.765,-0.017,0.019986391067504883,0.841725057059111,-0.08260139754262782
0.765,-0.017,0.01999807357788086,0.841725057059111,-0.08260139754262782
0.757,-0.011,0.020013809204101562,0.8738929916969658,-0.08374619109822883
0.751,-0.033,0.019988298416137695,0.8738929916969658,-0.08374619109822883
0.753,-0.055,0.0200045108795166,0.8738929916969658,-0.08374619109822883
0.773,-0.056,0.020003318786621094,0.8608117619743814,-0.10010809249013229
0.793,-0.089,0.019989013671875,0.8608117619743814,-0.10010809249013229
0.793,-0.089,0.020013093948364258,0.8608117619743814,-0.10010809249013229
0.826,-0.107,0.019990921020507812,0.8608117619743814,-0.10010809249013229
0.835,-0.12,0.019997596740722656,0.9069808452447908,-0.11131040782521881
0.829,-0.13,0.019999980926513672,0.9069808452447908,-0.11131040782521881
0.829,-0.13,0.020000696182250977,0.9069808452447908,-0.11131040782521881
0.836,-0.126,0.020009279251098633,0.906964390128278,-0.11130844777435198
0.855,-0.122,0.02001357078552246,0.906964390128278,-0.11130844777435198
0.842,-0.087,0.019971132278442383,0.906964390128278,-0.11130844777435198
0.827,-0.045,0.020021438598632812,1.2914869947555554,-0.19047914142248065
0.814,-0.007,0.019988536834716797,1.2914869947555554,-0.19047914142248065
0.825,-0.029,0.019997119903564453,1.2914869947555554,-0.19047914142248065
0.839,-0.057,0.019998550415039062,1.3028558407638102,-0.23880584976687594
0.86,-0.097,0.01999950408935547,1.3028558407638102,-0.23880584976687594
0.895,-0.135,0.02000284194946289,1.3028558407638102,-0.23880584976687594
0.898,-0.145,0.019998550415039062,1.3028558407638102,-0.23880584976687594
0.898,-0.145,0.019999027252197266,1.3111032884733964,-0.2571789444980963
0.934,-0.165,0.02000260353088379,1.3111032884733964,-0.2571789444980963
0.934,-0.165,0.019991159439086914,1.3111032884733964,-0.2571789444980963
0.969,-0.179,0.020008563995361328,1.3614143841156876,-0.25897224932300633
1.017,-0.217,0.019999027252197266,1.3614143841156876,-0.25897224932300633
1.031,-0.2,0.019997596740722656,1.3614143841156876,-0.25897224932300633
1.052,-0.219,0.019999265670776367,1.3046234057999793,-0.256968233944694
1.079,-0.216,0.0200040340423584,1.3046234057999793,-0.256968233944694
1.123,-0.263,0.020001888275146484,1.3046234057999793,-0.256968233944694
1.115,-0.219,0.020000219345092773,1.3046234057999793,-0.256968233944694
1.147,-0.241,0.019984006881713867,1.326749893617277,-0.26148437311511163
1.142,-0.193,0.020019054412841797,1.326749893617277,-0.26148437311511163
1.178,-0.169,0.019994735717773438,1.326749893617277,-0.26148437311511163
1.205,-0.147,0.01999187469482422,1.0680949637615686,-0.2666079788214189
1.238,-0.183,0.020020723342895508,1.0680949637615686,-0.2666079788214189
1.264,-0.171,0.019990921020507812,1.0680949637615686,-0.2666079788214189
1.277,-0.162,0.020000219345092773,1.0680949637615686,-0.2666079788214189
1.265,-0.148,0.020003795623779297,0.8858653758809396,-0.23040371787339997
1.278,-0.132,0.01999187469482422,0.8858653758809396,-0.23040371787339997
1.303,-0.128,0.0201416015625,0.8858653758809396,-0.23040371787339997
1.303,-0.128,0.01986408233642578,0.8267013741992457,-0.2247482144322695
1.347,-0.042,0.01999688148498535,0.8267013741992457,-0.2247482144322695
1.36,-0.017,0.02000570297241211,0.8267013741992457,-0.2247482144322695
1.278,-0.142,0.01999807357788086,0.7049215376465996,-0.18114326345894788
1.278,-0.142,0.02000284194946289,0.7049215376465996,-0.18114326345894788
1.298,-0.062,0.019994497299194336,0.7049215376465996,-0.18114326345894788
1.252,-0.06,0.020010948181152344,1.0452444087493318,-0.19127604990296584
1.217,-0.091,0.01998615264892578,1.0452444087493318,-0.19127604990296584
1.198,-0.052,0.019994020462036133,1.0452444087493318,-0.19127604990296584
1.124,-0.096,0.020012378692626953,1.0452444087493318,-0.19127604990296584
1.154,-0.007,0.019993305206298828,1.1481208858217284,-0.2211525280511636
1.124,-0.035,0.02000570297241211,1.1481208858217284,-0.2211525280511636
1.124,-0.035,0.019991159439086914,1.1481208858217284,-0.2211525280511636
1.137,0.012,0.020009517669677734,1.0402885734483065,-0.18205550455566477
1.124,-0.066,0.02000141143798828,1.0402885734483065,-0.18205550455566477
1.082,-0.122,0.019996166229248047,1.0402885734483065,-0.18205550455566477
1.148,-0.034,0.019997119903564453,0.7862833315097957,-0.19980193828342477
1.1,-0.096,0.02000594139099121,0.7862833315097957,-0.19980193828342477
1.056,-0.155,0.020003318786621094,0.7862833315097957,-0.19980193828342477
1.018,-0.133,0.01999688148498535,0.7862833315097957,-0.19980193828342477
1.052,-0.026,0.019991159439086914,0.7959585035132992,-0.20006921422702484
1.052,-0.026,0.020003318786621094,0.7959585035132992,-0.20006921422702484
0.98,-0.109,0.019999027252197266,0.7959585035132992,-0.20006921422702484
0.957,-0.107,0.019995927810668945,0.9702584178723421,-0.27212441050461295
0.957,-0.107,0.02001333236694336,0.9702584178723421,-0.27212441050461295
0.951,-0.088,0.02000570297241211,0.9702584178723421,-0.27212441050461295
0.948,-0.102,0.01998281478881836,0.9702584178723421,-0.27212441050461295
0.975,-0.065,0.020007848739624023,0.5801206417264683,-0.23042895047277936
0.971,-0.073,0.02000141143798828,0.5801206417264683,-0.23042895047277936
0.956,-0.11,0.02000117301940918,0.5801206417264683,-0.23042895047277936
0.961,-0.112,0.020003557205200195,0.6778714982316378,-0.22328395252529698
0.958,-0.097,0.01999378204345703,0.6778714982316378,-0.22328395252529698
0.96,-0.091,0.02000117301940918,0.6778714982316378,-0.22328395252529698
0.962,-0.099,0.020044803619384766,0.6778714982316378,-0.22328395252529698
0.962,-0.099,0.019958019256591797,0.6120016601708773,-0.1869890849896759
0.895,-0.172,0.020001649856567383,0.6120016601708773,-0.1869890849896759
0.655,-0.484,0.019983530044555664,0.6120016601708773,-0.1869890849896759
0.54,-0.647,0.020009994506835938,0.5899617286332651,-0.19994963489258274
0.54,-0.647,0.02001333236694336,0.5899617286332651,-0.19994963489258274
0.738,-0.272,0.019986867904663086,0.5899617286332651,-0.19994963489258274
0.731,-0.261,0.019994258880615234,0.6101175282619464,-0.1993305408199771
0.731,-0.261,0.020007848739624023,0.6101175282619464,-0.1993305408199771
0.635,-0.323,0.01999688148498535,0.6101175282619464,-0.1993305408199771
0.635,-0.323,0.019988536834716797,0.5079634918207485,-0.19791779532398374
0.592,-0.309,0.020009279251098633,0.5079634918207485,-0.19791779532398374
0.619,-0.227,0.01999497413635254,0.5079634918207485,-0.19791779532398374
0.577,-0.235,0.0200045108795166,0.5079634918207485,-0.19791779532398374
0.577,-0.235,0.019999980926513672,1.1072585603963798,-0.21649778308977427
0.476,-0.309,0.01999807357788086,1.1072585603963798,-0.21649778308977427
0.541,-0.17,0.019998788833618164,1.1072585603963798,-0.21649778308977427
0.541,-0.17,0.02000117301940918,1.124235063270865,-0.22022900432853637
0.424,-0.308,0.02000260353088379,1.124235063270865,-0.22022900432853637
0.497,-0.196,0.019994020462036133,1.124235063270865,-0.22022900432853637
0.497,-0.196,0.020002365112304688,1.046849634804723,-0.19947524553145346
0.571,-0.077,0.020000934600830078,1.046849634804723,-0.19947524553145346
0.515,-0.214,0.0200045108795166,1.046849634804723,-0.19947524553145346
0.515,-0.214,0.019996166229248047,1.046849634804723,-0.19947524553145346
0.48,-0.281,0.02001500129699707,1.0797441979658284,-0.19055700647585844
0.612,-0.14,0.019984960556030273,1.0797441979658284,-0.19055700647585844
0.541,-0.291,0.02000141143798828,1.0797441979658284,-0.19055700647585844
0.737,-0.054,0.02001166343688965,1.122771240238941,-0.19487473866644944
0.695,-0.158,0.020003318786621094,1.122771240238941,-0.19487473866644944
0.695,-0.158,0.01998734474182129,1.122771240238941,-0.19487473866644944
0.665,-0.267,0.01999497413635254,1.1265406560067106,-0.18179981549665292
0.725,-0.222,0.02000594139099121,1.1265406560067106,-0.18179981549665292
0.746,-0.177,0.019999265670776367,1.1265406560067106,-0.18179981549665292
0.746,-0.177,0.019999027252197266,1.1265406560067106,-0.18179981549665292
0.748,-0.205,0.019997119903564453,1.1252520459081203,-0.16094124240638175
0.748,-0.205,0.020020008087158203,1.1252520459081203,-0.16094124240638175
0.817,-0.173,0.01998424530029297,1.1252520459081203,-0.16094124240638175
0.846,-0.181,0.019997119903564453,1.1334500263183578,-0.16161752511314828
0.9,-0.111,0.01999187469482422,1.1334500263183578,-0.16161752511314828
0.919,-0.118,0.020006179809570312,1.1334500263183578,-0.16161752511314828
0.91,-0.169,0.020002126693725586,1.3829994175256524,-0.15567041067614806
0.956,-0.121,0.020002365112304688,1.3829994175256524,-0.15567041067614806
0.982,-0.132,0.019996166229248047,1.3829994175256524,-0.15567041067614806
0.968,-0.132,0.020011186599731445,1.3829994175256524,-0.15567041067614806
1.011,-0.103,0.019986629486083984,1.2318676524368626,-0.19905049357859295
1.034,-0.096,0.020005226135253906,1.2318676524368626,-0.19905049357859295
1.057,-0.124,0.019994735717773438,1.2318676524368626,-0.19905049357859295
1.112,-0.106,0.019997119903564453,1.2372628305681574,-0.19938344478854209
1.126,-0.139,0.019994497299194336,1.2372628305681574,-0.19938344478854209
1.126,-0.139,0.020012855529785156,1.2372628305681574,-0.19938344478854209
1.126,-0.139,0.02000141143798828,1.135764177381793,-0.1689589493869023
1.144,-0.127,0.019994497299194336,1.135764177381793,-0.1689589493869023
1.18,-0.103,0.019994735717773438,1.135764177381793,-0.1689589493869023
1.196,-0.087,0.020015716552734375,1.135764177381793,-0.1689589493869023
1.196,-0.087,0.020008325576782227,1.0276991085406644,-0.1103136844712642
1.22,-0.089,0.01999044418334961,1.0276991085406644,-0.1103136844712642
1.24,-0.064,0.02000260353088379,1.0276991085406644,-0.1103136844712642
1.229,-0.053,0.019982576370239258,1.024919013249794,-0.11030997352114122
1.17,-0.136,0.02000260353088379,1.024919013249794,-0.11030997352114122
1.214,-0.034,0.020011425018310547,1.024919013249794,-0.11030997352114122
1.152,-0.109,0.019994258880615234,0.9205848587304473,-0.08541421642318023
1.159,-0.094,0.020003557205200195,0.9205848587304473,-0.08541421642318023
1.159,-0.094,0.02000260353088379,0.9205848587304473,-0.08541421642318023
1.144,-0.058,0.020002126693725586,1.4227301014694396,-0.18395802613750578
1.119,-0.04,0.01999974250793457,1.4227301014694396,-0.18395802613750578
1.151,0.031,0.01999974250793457,1.4227301014694396,-0.18395802613750578
1.086,-0.03,0.019996166229248047,1.4227301014694396,-0.18395802613750578
1.111,0.031,0.02000594139099121,1.3931517748745188,-0.18140080586657328
1.065,-0.049,0.019999265670776367,1.3931517748745188,-0.18140080586657328
1.08,-0.016,0.01999664306640625,1.3931517748745188,-0.18140080586657328
1.08,-0.016,0.020004987716674805,1.2033671269502804,-0.16313504177819507
1.033,-0.09,0.020007610321044922,1.2033671269502804,-0.16313504177819507
1.037,-0.106,0.01998281478881836,1.2033671269502804,-0.16313504177819507
1.046,-0.058,0.0200045108795166,1.2033671269502804,-0.16313504177819507
1.046,-0.058,0.02000260353088379,1.3468122831028118,-0.17258797792791764
1.031,-0.092,0.019997358322143555,1.3468122831028118,-0.17258797792791764
1.043,-0.072,0.01999974250793457,1.3468122831028118,-0.17258797792791764
1.101,-0.042,0.019988298416137695,1.3771668121399154,-0.1910445762633455
1.041,-0.17,0.020011425018310547,1.3771668121399154,-0.1910445762633455
1.089,-0.152,0.02000141143798828,1.3771668121399154,-0.1910445762633455
1.112,-0.126,0.019994497299194336,1.3771668121399154,-0.1910445762633455
1.095,-0.165,0.020014047622680664,1.1500871487552775,-0.1804221079340881
1.142,-0.143,0.019992828369140625,1.1500871487552775,-0.1804221079340881
1.142,-0.143,0.01999664306640625,1.1500871487552775,-0.1804221079340881
1.202,-0.159,0.019998788833618164,1.052582258297213,-0.11609949530189578
1.209,-0.178,0.02001953125,1.052582258297213,-0.11609949530189578
1.209,-0.178,0.01998281478881836,1.052582258297213,-0.11609949530189578
1.231,-0.132,0.019998550415039062,0.8509174437750059,-0.10608087662016966
1.196,-0.184,0.019986391067504883,0.8509174437750059,-0.10608087662016966
1.214,-0.084,0.02002429962158203,0.8509174437750059,-0.10608087662016966
1.214,-0.084,0.019985437393188477,0.8331421700013574,-0.0778960880705243
1.214,-0.084,0.020014524459838867,0.8331421700013574,-0.0778960880705243
1.211,-0.037,0.01999044418334961,0.8331421700013574,-0.0778960880705243
1.211,-0.037,0.019983768463134766,0.7777569563214178,-0.06903189670387648
1.169,-0.077,0.020004749298095703,0.7777569563214178,-0.06903189670387648
1.169,-0.077,0.02000713348388672,0.7777569563214178,-0.06903189670387648
1.189,0.025,0.020007848739624023,0.7777569563214178,-0.06903189670387648
1.11,-0.04,0.019979238510131836,0.7776149491564063,-0.06879780026785054
1.017,-0.105,0.020023822784423828,0.7776149491564063,-0.06879780026785054
1.081,0.093,0.01999497413635254,0.7776149491564063,-0.06879780026785054
1.047,0.133,0.02000141143798828,0.7632214593546166,-0.040017009696310654
0.939,0.042,0.01998758316040039,0.7632214593546166,-0.040017009696310654
0.939,0.042,0.020004987716674805,0.7632214593546166,-0.040017009696310654
0.949,0.179,0.01999497413635254,0.7639857080574936,-0.019137185326250337
0.867,0.071,0.020007848739624023,0.7639857080574936,-0.019137185326250337
0.872,0.115,0.01999831199645996,0.7639857080574936,-0.019137185326250337
0.865,0.13,0.019996166229248047,0.7639857080574936,-0.019137185326250337
0.846,0.102,0.020022869110107422,0.7639857074749692,-0.019137189282743272
0.787,0.018,0.019984006881713867,0.7639857074749692,-0.019137189282743272
0.847,0.088,0.019992589950561523,0.7639857074749692,-0.019137189282743272
0.854,0.069,0.019991636276245117,0.7688665874287046,-0.011958769979126895
0.854,0.069,0.020001649856567383,0.7688665874287046,-0.011958769979126895
0.796,-0.003,0.020009517669677734,0.7688665874287046,-0.011958769979126895
0.796,-0.003,0.019995927810668945,0.7688665874287046,-0.011958769979126895
0.79,0.039,0.02001166343688965,0.838691358788411,0.010736342513509457
0.79,0.039,0.019984722137451172,0.838691358788411,0.010736342513509457
0.724,-0.053,0.020004987716674805,0.838691358788411,0.010736342513509457
0.754,0.013,0.02000284194946289,0.7530432832722227,0.00022822241498946652
0.754,0.013,0.020003557205200195,0.7530432832722227,0.00022822241498946652
0.736,-0.017,0.019994258880615234,0.7530432832722227,0.00022822241498946652
0.724,-0.049,0.020002126693725586,0.7573208983167593,-0.010213015138559146
0.724,-0.058,0.020009756088256836,0.7573208983167593,-0.010213015138559146
0.702,-0.096,0.019996166229248047,0.7573208983167593,-0.010213015138559146
0.701,-0.092,0.019998550415039062,0.7618493288045334,0.0125318269242478
0.712,-0.068,0.02000141143798828,0.7618493288045334,0.0125318269242478
0.693,-0.097,0.02000117301940918,0.7618493288045334,0.0125318269242478
0.675,-0.109,0.020003557205200195,0.7618493288045334,0.0125318269242478
0.675,-0.11,0.019992351531982422,0.7618493303491295,0.012531827277105447
0.673,-0.107,0.019984960556030273,0.7618493303491295,0.012531827277105447
0.679,-0.102,0.020010948181152344,0.7618493303491295,0.012531827277105447
0.693,-0.069,0.01999688148498535,0.7598347283477722,-0.008286943057584874
0.716,-0.034,0.020001649856567383,0.7598347283477722,-0.008286943057584874
0.716,-0.034,0.019999265670776367,0.7598347283477722,-0.008286943057584874
0.717,-0.006,0.019999980926513672,0.765419875686755,0.021637812163175518
0.717,-0.006,0.020006895065307617,0.765419875686755,0.021637812163175518
0.712,0.045,0.019994497299194336,0.765419875686755,0.021637812163175518
0.716,0.059,0.020000219345092773,0.765419875686755,0.021637812163175518
0.722,0.066,0.019990921020507812,0.7654198733017337,0.02163781272594307
0.722,0.066,0.020015716552734375,0.7654198733017337,0.02163781272594307
0.734,0.062,0.02000284194946289,0.7654198733017337,0.02163781272594307
0.734,0.062,0.02000117301940918,0.7660170547036016,0.026457730260282666
0.744,0.044,0.019995450973510742,0.7660170547036016,0.026457730260282666
0.744,0.044,0.020004987716674805,0.7660170547036016,0.026457730260282666
0.747,0.023,0.019994735717773438,0.7702543241109568,0.019430143033194337
0.757,0.014,0.020002365112304688,0.7702543241109568,0.019430143033194337
0.762,0.012,0.020000219345092773,0.7702543241109568,0.019430143033194337
0.774,0.0,0.020009279251098633,0.7702543241109568,0.019430143033194337
0.781,-0.004,0.019969940185546875,0.7702542826600273,0.01943013473577505
0.781,-0.004,0.020005464553833008,0.7702542826600273,0.01943013473577505
0.785,-0.015,0.0200042724609375,0.7702542826600273,0.01943013473577505
0.792,-0.016,0.020004749298095703,1.347372442786311,0.04963148524531623
0.787,-0.014,0.020009994506835938,1.347372442786311,0.04963148524531623
0.787,-0.014,0.01999664306640625,1.347372442786311,0.04963148524531623
0.791,-0.015,0.01999950408935547,1.2062710709128597,0.07422297431280259
0.791,-0.015,0.020000934600830078,1.2062710709128597,0.07422297431280259
0.801,0.003,0.019988059997558594,1.2062710709128597,0.07422297431280259
0.811,0.012,0.02000594139099121,1.2062710709128597,0.07422297431280259
0.826,0.036,0.02000880241394043,1.1251697080528604,0.06981213738233559
0.833,0.035,0.019986629486083984,1.1251697080528604,0.06981213738233559
0.847,0.046,0.020009517669677734,1.1251697080528604,0.06981213738233559
0.861,0.046,0.019995450973510742,0.7992580849269575,0.06480363397283175
0.878,0.055,0.020000457763671875,0.7992580849269575,0.06480363397283175
0.878,0.055,0.019992589950561523,0.7992580849269575,0.06480363397283175
0.897,0.057,0.01999664306640625,0.8924293973515308,0.09309834370111103
0.888,0.057,0.020014524459838867,0.8924293973515308,0.09309834370111103
0.879,0.042,0.01999354362487793,0.8924293973515308,0.09309834370111103
0.879,0.042,0.020006656646728516,0.8924293973515308,0.09309834370111103
0.879,0.053,0.019994258880615234,0.8861712363973,0.09259856030264615
0.878,0.054,0.019994020462036133,0.8861712363973,0.09259856030264615
0.877,0.051,0.020009517669677734,0.8861712363973,0.09259856030264615
0.877,0.051,0.019998550415039062,0.9250267137155778,0.10881823113705372
0.879,0.061,0.020001888275146484,0.9250267137155778,0.10881823113705372
0.896,0.079,0.019991159439086914,0.9250267137155778,0.10881823113705372
0.896,0.079,0.020007848739624023,0.9250267137155778,0.10881823113705372
0.899,0.083,0.019992589950561523,0.8647716194362796,0.11186636620209084
0.898,0.085,0.020003080368041992,0.8647716194362796,0.11186636620209084
0.906,0.096,0.020011425018310547,0.8647716194362796,0.11186636620209084
0.906,0.096,0.019983530044555664,0.9867478276816368,0.12624916905656988
0.901,0.102,0.02000737190246582,0.9867478276816368,0.12624916905656988
0.901,0.102,0.020015716552734375,0.9867478276816368,0.12624916905656988
0.888,0.124,0.0199887752532959,0.9878553488283767,0.15072269645992795
0.893,0.132,0.019983291625976562,0.9878553488283767,0.15072269645992795
0.901,0.132,0.02000284194946289,0.9878553488283767,0.15072269645992795
0.901,0.132,0.0200042724609375,0.9822287895638779,0.16952897947182202
0.927,0.13,0.020005226135253906,0.9822287895638779,0.16952897947182202
0.942,0.12,0.020000696182250977,0.9822287895638779,0.16952897947182202
0.961,0.114,0.02000141143798828,0.9822287895638779,0.16952897947182202
0.961,0.114,0.019999027252197266,0.9822511008299947,0.16953225387176943
1.003,0.081,0.020002365112304688,0.9822511008299947,0.16953225387176943
1.021,0.074,0.020001649856567383,0.9822511008299947,0.16953225387176943
1.013,0.072,0.01998591423034668,1.2686087895156974,0.22138330864797615
1.02,0.056,0.020017385482788086,1.2686087895156974,0.22138330864797615
1.018,0.056,0.01999187469482422,1.2686087895156974,0.22138330864797615
1.029,0.086,0.020003318786621094,1.2842952930492362,0.2929044278245628
1.029,0.086,0.019999027252197266,1.2842952930492362,0.2929044278245628
1.029,0.086,0.02001190185546875,1.2842952930492362,0.2929044278245628
1.035,0.092,0.019986391067504883,1.2842952930492362,0.2929044278245628
1.056,0.106,0.01999688148498535,1.1059147599493504,0.2568837386929389
1.056,0.106,0.02000594139099121,1.1059147599493504,0.2568837386929389
1.1,0.142,0.020000696182250977,1.1059147599493504,0.2568837386929389
1.102,0.119,0.019998550415039062,0.7150786983966506,0.23364041672961416
1.102,0.119,0.02000284194946289,0.7150786983966506,0.23364041672961416
1.105,0.186,0.020006418228149414,0.7150786983966506,0.23364041672961416
1.111,0.151,0.019992589950561523,0.9397665837586296,0.28182730491470104
1.098,0.188,0.019992828369140625,0.9397665837586296,0.28182730491470104
1.102,0.167,0.01999807357788086,0.9397665837586296,0.28182730491470104
1.116,0.137,0.019994020462036133,0.9397665837586296,0.28182730491470104
1.094,0.181,0.01999640464782715,0.9462023900617622,0.2828323393051525
1.079,0.196,0.020013809204101562,0.9462023900617622,0.2828323393051525
1.095,0.129,0.019995450973510742,0.9462023900617622,0.2828323393051525
1.094,0.126,0.020004987716674805,0.7094950366563555,0.2700889737881055
1.094,0.126,0.02001333236694336,0.7094950366563555,0.2700889737881055
1.118,0.053,0.01998591423034668,0.7094950366563555,0.2700889737881055
1.044,0.142,0.02000117301940918,0.7316158944558522,0.2773269330011187
1.044,0.142,0.02000141143798828,0.7316158944558522,0.2773269330011187
1.051,0.099,0.020001888275146484,0.7316158944558522,0.2773269330011187
0.755,0.496,0.019982576370239258,0.7316158944558522,0.2773269330011187
0.868,0.298,0.020011425018310547,0.6074652519790532,0.26055907456795485
0.823,0.345,0.0200045108795166,0.6074652519790532,0.26055907456795485
0.716,0.445,0.019997119903564453,0.6074652519790532,0.26055907456795485
0.637,0.548,0.01999807357788086,0.42496995897443407,0.23787892599829222
0.757,0.321,0.020009517669677734,0.42496995897443407,0.23787892599829222
0.755,0.295,0.019995927810668945,0.42496995897443407,0.23787892599829222
0.71,0.294,0.019983530044555664,0.3736060971690487,0.2720298971532328
0.747,0.159,0.02001166343688965,0.3736060971690487,0.2720298971532328
0.607,0.309,0.019992351531982422,0.3736060971690487,0.2720298971532328
0.546,0.342,0.020012378692626953,0.3736060971690487,0.2720298971532328
0.513,0.352,0.020005226135253906,0.38203096655348945,0.273401704595671
0.522,0.288,0.019997835159301758,0.38203096655348945,0.273401704595671
0.522,0.288,0.01999974250793457,0.38203096655348945,0.273401704595671
0.465,0.302,0.019984722137451172,0.4000439813561877,0.3006843945520995
0.402,0.344,0.020023345947265625,0.4000439813561877,0.3006843945520995
0.428,0.291,0.019992351531982422,0.4000439813561877,0.3006843945520995
0.496,0.146,0.01999211311340332,0.38901952310014837,0.3032856299936496
0.496,0.146,0.02000260353088379,0.38901952310014837,0.3032856299936496
0.496,0.146,0.019995927810668945,0.38901952310014837,0.3032856299936496
0.37,0.271,0.0200045108795166,0.38901952310014837,0.3032856299936496
0.455,0.131,0.02000141143798828,0.3904323639214985,0.3028564804393077
0.455,0.131,0.019999265670776367,0.3904323639214985,0.3028564804393077
0.283,0.358,0.019997596740722656,0.3904323639214985,0.3028564804393077
0.283,0.358,0.020003795623779297,0.3698182158862157,0.28730681663806323
0.33,0.278,0.01999807357788086,0.3698182158862157,0.28730681663806323
0.338,0.299,0.019984006881713867,0.3698182158862157,0.28730681663806323
0.338,0.299,0.02001023292541504,0.3698182158862157,0.28730681663806323
0.342,0.321,0.020004749298095703,0.17523380421484658,0.12788846916595617
0.378,0.254,0.01999831199645996,0.17523380421484658,0.12788846916595617
0.378,0.254,0.019997358322143555,0.17523380421484658,0.12788846916595617
0.357,0.233,0.019999980926513672,-0.6204573702133545,0.09049596917842276
0.329,0.262,0.02000594139099121,-0.6204573702133545,0.09049596917842276
0.303,0.27,0.01999807357788086,-0.6204573702133545,0.09049596917842276
0.303,0.27,0.0200040340423584,-0.8903537279356954,-0.03695690579645042
0.318,0.149,0.019995450973510742,-0.8903537279356954,-0.03695690579645042
0.289,0.123,0.02001047134399414,-0.8903537279356954,-0.03695690579645042
0.224,0.15,0.019987106323242188,-0.8903537279356954,-0.03695690579645042
0.171,0.163,0.01999831199645996,-0.9261263285775846,-0.04091794148783405
0.171,0.163,0.02000570297241211,-0.9261263285775846,-0.04091794148783405
0.169,0.101,0.01999950408935547,-0.9261263285775846,-0.04091794148783405
0.126,0.092,0.020000696182250977,-0.9254735745478376,-0.040728253298171466
0.103,0.037,0.0200045108795166,-0.9254735745478376,-0.040728253298171466
0.061,0.001,0.020006895065307617,-0.9254735745478376,-0.040728253298171466
-0.072,0.0,0.02000713348388672,-0.4886687470077394,0.09980976629039995
-0.105,0.031,0.019994735717773438,-0.4886687470077394,0.09980976629039995
-0.105,0.031,0.019993066787719727,-0.4395912258715743,0.10750880930892462
-0.16,0.059,0.020003318786621094,-0.4395912258715743,0.10750880930892462
-0.192,0.068,0.01999807357788086,-0.4395912258715743,0.10750880930892462
-0.217,0.07,0.019997835159301758,-0.37766934449715034,0.12477197751257697
-0.217,0.07,0.020006656646728516,-0.37766934449715034,0.12477197751257697
-0.274,0.075,0.020000457763671875,-0.37766934449715034,0.12477197751257697
-0.32,0.07,0.019992351531982422,-0.434213291617942,0.11341150537519232
-0.37,0.055,0.020005226135253906,-0.434213291617942,0.11341150537519232
-0.395,0.038,0.020011425018310547,-0.434213291617942,0.11341150537519232
-0.395,0.038,0.01999044418334961,-0.434213291617942,0.11341150537519232
-0.409,0.038,0.01999974250793457,-0.41438058066365985,0.11681756526186617
-0.425,0.049,0.019999265670776367,-0.41438058066365985,0.11681756526186617
-0.468,0.04,0.020000457763671875,-0.41438058066365985,0.11681756526186617
-0.501,0.008,0.019999265670776367,-0.20627414208998046,0.14546473764989093
-0.342,0.231,0.019991636276245117,-0.20627414208998046,0.14546473764989093
-0.513,-0.017,0.0200042724609375,-0.20627414208998046,0.14546473764989093
-0.513,-0.017,0.019992351531982422,-0.22648229194485797,0.1350618310894893
-0.513,-0.005,0.020006418228149414,-0.22648229194485797,0.1350618310894893
-0.422,0.108,0.02003002166748047,-0.22648229194485797,0.1350618310894893
-0.322,0.241,0.019973278045654297,-0.22648229194485797,0.1350618310894893
-0.322,0.22,0.02001333236694336,-0.2245850282546569,0.13547301693154656
-0.277,0.252,0.019980192184448242,-0.2245850282546569,0.13547301693154656
-0.265,0.235,0.02000880241394043,-0.2245850282546569,0.13547301693154656
-0.265,0.235,0.0200042724609375,0.33979511485538744,0.10472800911528718
-0.264,0.142,0.01999187469482422,0.33979511485538744,0.10472800911528718
-0.23,0.155,0.019999265670776367,0.33979511485538744,0.10472800911528718
-0.23,0.155,0.019994735717773438,0.3281331385523144,0.18702538262144353
-0.188,0.15,0.020012855529785156,0.3281331385523144,0.18702538262144353
-0.188,0.15,0.01999974250793457,0.3281331385523144,0.18702538262144353
-0.188,0.15,0.0200040340423584,0.3281331385523144,0.18702538262144353
-0.156,0.131,0.01999354362487793,0.4107560064515207,0.19823303087297392
-0.135,0.136,0.020006418228149414,0.4107560064515207,0.19823303087297392
-0.111,0.139,0.01999187469482422,0.4107560064515207,0.19823303087297392
-0.101,0.147,0.020003080368041992,0.6305509523231536,0.1926402777585254
-0.08,0.161,0.02000141143798828,0.6305509523231536,0.1926402777585254
-0.074,0.161,0.01999831199645996,0.6305509523231536,0.1926402777585254
0.057,0.175,0.019982099533081055,0.968997089130408,0.16623375845328173
0.079,0.158,0.019994258880615234,0.9984302448291488,0.16425345299158986
0.104,0.17,0.020008563995361328,0.9984302448291488,0.16425345299158986
0.104,0.17,0.019997358322143555,0.9984302448291488,0.16425345299158986
0.141,0.169,0.02000594139099121,0.9927875643104351,0.1611742615964877
0.161,0.153,0.019993305206298828,0.9927875643104351,0.1611742615964877
0.193,0.139,0.019999027252197266,0.9927875643104351,0.1611742615964877
0.192,0.168,0.01999831199645996,1.0127482095640679,0.16153906434589155
0.192,0.168,0.019998788833618164,1.0127482095640679,0.16153906434589155
0.208,0.171,0.0200045108795166,1.0127482095640679,0.16153906434589155
0.289,0.092,0.02000141143798828,1.0127482095640679,0.16153906434589155
0.287,0.13,0.02023005485534668,0.9925038956584316,0.14433893763843253
0.307,0.109,0.019779443740844727,0.9925038956584316,0.14433893763843253
0.331,0.097,0.019986629486083984,0.9925038956584316,0.14433893763843253
0.333,0.133,0.020013093948364258,1.011803859157517,0.1264617867972797
0.381,0.105,0.019989728927612305,1.011803859157517,0.1264617867972797
0.406,0.1,0.019998550415039062,1.011803859157517,0.1264617867972797
0.404,0.093,0.020016193389892578,1.0164320031409058,0.12664634398898053
0.404,0.093,0.01997518539428711,1.0164320031409058,0.12664634398898053
0.454,0.091,0.01999831199645996,1.0164320031409058,0.12664634398898053
0.454,0.091,0.020032644271850586,1.0164320031409058,0.12664634398898053
0.489,0.067,0.019994735717773438,0.725026093283555,0.009720929528846494
0.52,0.082,0.01998734474182129,0.725026093283555,0.009720929528846494
0.549,0.082,0.019994735717773438,0.725026093283555,0.009720929528846494
0.566,0.055,0.01999807357788086,0.8075721964573388,0.024774493076558973
0.566,0.055,0.020003318786621094,0.8075721964573388,0.024774493076558973
0.588,0.062,0.020004749298095703,0.8075721964573388,0.024774493076558973
0.609,0.032,0.020000219345092773,0.8075721964573388,0.024774493076558973
0.618,0.049,0.020004987716674805,0.8346848626487567,0.024092355078711034
0.618,0.049,0.019997119903564453,0.8346848626487567,0.024092355078711034
0.632,0.058,0.020048856735229492,0.8346848626487567,0.024092355078711034
0.652,0.031,0.019955158233642578,0.7094782781119588,-0.011172566625132043
0.671,0.037,0.019994735717773438,0.7094782781119588,-0.011172566625132043
0.692,0.033,0.020003318786621094,0.7094782781119588,-0.011172566625132043
0.691,0.026,0.019997119903564453,0.759474303110759,0.0289893712781445
0.685,0.051,0.020015954971313477,0.759474303110759,0.0289893712781445
0.71,0.019,0.019986629486083984,0.759474303110759,0.0289893712781445
0.71,0.019,0.019997358322143555,0.7594736964953749,0.028989301843382224
0.72,0.02,0.019995450973510742,0.7594736964953749,0.028989301843382224
0.72,0.02,0.02000284194946289,0.7594736964953749,0.028989301843382224
0.735,0.036,0.01999831199645996,0.7594736964953749,0.028989301843382224
0.751,0.026,0.020003080368041992,0.7626000238733698,-0.019792774916076266
0.755,0.025,0.020003557205200195,0.7626000238733698,-0.019792774916076266
0.777,0.004,0.019997119903564453,0.7626000238733698,-0.019792774916076266
0.761,0.016,0.01999950408935547,0.7680418352134875,-0.013697225240290671
0.761,0.022,0.020003557205200195,0.7680418352134875,-0.013697225240290671
0.761,0.022,0.020002126693725586,0.7680418352134875,-0.013697225240290671
0.76,0.017,0.019997358322143555,0.7680418352134875,-0.013697225240290671
0.76,0.017,0.01998615264892578,0.7680418352134875,-0.013697225240290671
0.76,0.017,0.020012617111206055,0.7680418352134875,-0.013697225240290671
0.757,0.02,0.019994258880615234,0.7680418352134875,-0.013697225240290671
0.763,0.016,0.020003795623779297,0.7643845392657114,-0.021784308714732276
0.763,0.016,0.020006656646728516,0.7643845392657114,-0.021784308714732276
0.758,0.016,0.019987821578979492,0.7643845392657114,-0.021784308714732276
0.758,0.016,0.020008563995361328,0.7295531160524591,0.030719268782076214
0.756,0.006,0.020001888275146484,0.7295531160524591,0.030719268782076214
0.739,0.016,0.019988298416137695,0.7295531160524591,0.030719268782076214
0.739,0.016,0.020003795623779297,0.7295531160524591,0.030719268782076214
0.737,0.003,0.020004749298095703,0.7295531160524591,0.030719268782076214
0.737,0.003,0.019997119903564453,0.7295531160524591,0.030719268782076214
0.734,0.003,0.02000570297241211,0.7295531160524591,0.030719268782076214
0.733,0.022,0.019995450973510742,0.6990711935588744,0.0339169134233706
0.736,0.017,0.020002365112304688,0.6990711935588744,0.0339169134233706
0.727,0.019,0.019994497299194336,0.6990711935588744,0.0339169134233706
0.727,0.019,0.01999974250793457,0.6867320569318648,0.013153750202934654
0.729,0.009,0.02000570297241211,0.6867320569318648,0.013153750202934654
0.716,0.031,0.020002126693725586,0.6867320569318648,0.013153750202934654
0.706,0.014,0.02000260353088379,0.6867320569318648,0.013153750202934654
0.704,-0.003,0.019990205764770508,0.6867320569318648,0.013153750202934654
0.697,-0.005,0.02001214027404785,0.6867320569318648,0.013153750202934654
0.697,-0.005,0.019995927810668945,0.6867320569318648,0.013153750202934654
0.697,-0.005,0.019995450973510742,0.751587361609555,-0.06608978133082208
0.673,0.016,0.020003557205200195,0.751587361609555,-0.06608978133082208
0.666,0.012,0.019991397857666016,0.751587361609555,-0.06608978133082208
0.661,0.021,0.020005464553833008,0.5916195949422558,-0.0025473215009010584
0.659,0.004,0.01999640464782715,0.5916195949422558,-0.0025473215009010584
0.659,0.004,0.019995450973510742,0.5916195949422558,-0.0025473215009010584
0.658,0.035,0.020005226135253906,0.5916195949422558,-0.0025473215009010584
0.658,0.035,0.0199887752532959,0.5916199630039369,-0.0025472747638971335
0.66,0.003,0.020005464553833008,0.5916199630039369,-0.0025472747638971335
0.649,-0.008,0.020002126693725586,0.5916199630039369,-0.0025472747638971335
0.637,0.011,0.01999950408935547,0.5847824936560971,0.04891869879756955
0.63,0.01,0.020000219345092773,0.5847824936560971,0.04891869879756955
0.621,0.005,0.02000141143798828,0.5847824936560971,0.04891869879756955
0.621,0.005,0.020000219345092773,0.5677295108233728,0.057462898999090725
0.618,-0.018,0.020000934600830078,0.5677295108233728,0.057462898999090725
0.608,0.004,0.02000570297241211,0.5677295108233728,0.057462898999090725
0.601,0.006,0.020002126693725586,0.5677295108233728,0.057462898999090725
0.601,0.006,0.019995689392089844,0.567730736198503,0.0574632558750841
0.513,0.12,0.01999640464782715,0.567730736198503,0.0574632558750841
0.513,0.12,0.01999974250793457,0.567730736198503,0.0574632558750841
0.654,-0.103,0.019997358322143555,0.13851818636961014,0.0977029819847273
0.51,0.096,0.020003557205200195,0.13851818636961014,0.0977029819847273
0.51,0.096,0.020003795623779297,0.13851818636961014,0.0977029819847273
0.634,-0.089,0.019995450973510742,-0.6686763602505276,0.07517442697329255
0.625,-0.102,0.02000117301940918,-0.6686763602505276,0.07517442697329255
0.584,-0.072,0.020000934600830078,-0.6686763602505276,0.07517442697329255
0.455,0.085,0.020002365112304688,-0.6686763602505276,0.07517442697329255
0.455,0.085,0.020000219345092773,-0.660409770903061,0.07643650564701876
0.526,-0.056,0.01999688148498535,-0.660409770903061,0.07643650564701876
0.41,0.084,0.02000260353088379,-0.660409770903061,0.07643650564701876
0.297,0.216,0.02000117301940918,-0.7378796734384514,0.07398595173560558
0.341,0.13,0.01999807357788086,-0.7378796734384514,0.07398595173560558
0.387,0.023,0.020000696182250977,-0.7378796734384514,0.07398595173560558
0.295,0.11,0.02000284194946289,-0.7592991900793595,0.06772586290561021
0.359,-0.034,0.01999831199645996,-0.7592991900793595,0.06772586290561021
0.221,0.132,0.020000934600830078,-0.7592991900793595,0.06772586290561021
0.214,0.098,0.019998550415039062,-0.7592991900793595,0.06772586290561021
0.172,0.109,0.01999664306640625,-0.7595701590063083,0.06771330659688053
0.172,0.109,0.019986391067504883,-0.7595701590063083,0.06771330659688053
0.103,0.105,0.02000713348388672,-0.7595701590063083,0.06771330659688053
0.103,0.105,0.020004749298095703,-0.8005196476514054,0.05999804103156028
0.076,0.099,0.020021438598632812,-0.8005196476514054,0.05999804103156028
0.076,0.099,0.01997518539428711,-0.8005196476514054,0.05999804103156028
0.057,0.061,0.01999807357788086,-0.758991418151633,0.08491559453157221
0.057,0.061,0.020001649856567383,-0.758991418151633,0.08491559453157221
-0.071,0.036,0.020001649856567383,-0.758991418151633,0.08491560868948773
-0.122,0.033,0.01999664306640625,-0.758991418151633,0.08491560868948773
-0.122,0.033,0.020000457763671875,-0.05,0.049999999999999996
-0.17,0.069,0.020002126693725586,-0.05,0.049999999999999996
-0.192,0.05,0.020003557205200195,-0.05,0.049999999999999996
-0.193,0.056,0.01999640464782715,-0.05,0.05
-0.193,0.056,0.02000284194946289,-0.05,0.05
-0.21,0.027,0.01999521255493164,-0.05,0.05
-0.238,-0.021,0.02001047134399414,-0.05,0.05
-0.173,0.073,0.019986391067504883,-0.05,0.05
-0.14,0.103,0.02001500129699707,-0.05,0.05
-0.123,0.093,0.019990921020507812,-0.05,0.05
-0.123,0.093,0.01999831199645996,-0.7841316207613034,0.09563740440592365
-0.108,0.081,0.020004987716674805,-0.7841316207613034,0.09563740440592365
-0.088,0.071,0.019998550415039062,-0.7841316207613034,0.09563740440592365
-0.088,0.071,0.02000260353088379,-0.7734169543260501,0.08777500657849359
-0.069,0.073,0.01999664306640625,-0.7734169543260501,0.08777500657849359
-0.091,0.062,0.02000117301940918,-0.7734169543260501,0.08777500657849359
-0.09,0.061,0.020018339157104492,-0.7734169543260501,0.08777500657849359
-0.089,0.056,0.01998591423034668,-0.7733826760321972,0.08777690561063126
-0.089,0.056,0.01999521255493164,-0.7733826760321972,0.08777690561063126
-0.136,0.061,0.02000284194946289,-0.7733826760321972,0.08777690561063126
-0.183,0.061,0.020003080368041992,-0.708180734062859,0.08136197101126279
-0.241,0.038,0.019996166229248047,-0.708180734062859,0.08136197101126279
-0.241,0.038,0.01999831199645996,-0.708180734062859,0.08136197101126279
-0.258,0.099,0.019989728927612305,-0.7190133376987242,0.08446707285286843
-0.258,0.099,0.020017623901367188,-0.7190133376987242,0.08446707285286843
-0.302,0.101,0.019988059997558594,-0.7190133376987242,0.08446707285286843
-0.302,0.101,0.019999265670776367,-0.7190148440030592,0.08446697455316658
-0.408,0.095,0.019999027252197266,-0.7190148440030592,0.08446697455316658
-0.428,0.077,0.020000696182250977,-0.7190148440030592,0.08446697455316658
-0.441,0.042,0.020012855529785156,-0.7190148440030592,0.08446697455316658
-0.488,0.069,0.01999664306640625,-0.7448828132523363,0.09199573014536334
-0.488,0.069,0.01999831199645996,-0.7448828132523363,0.09199573014536334
-0.532,0.086,0.02000260353088379,-0.7448828132523363,0.09199573014536334
-0.534,0.055,0.019998550415039062,-0.5323232180724017,0.06599863833146133
-0.534,0.055,0.019997835159301758,-0.5323232180724017,0.06599863833146133
-0.597,0.1,0.020001888275146484,-0.5323232180724017,0.06599863833146133
-0.597,0.1,0.020006418228149414,-0.5323232180724017,0.06599863833146133
-0.629,0.07,0.01999211311340332,-0.5325159186714147,0.06598376519891656
-0.631,0.071,0.020002365112304688,-0.5325159186714147,0.06598376519891656
-0.609,0.069,0.01999688148498535,-0.5325159186714147,0.06598376519891656
-0.605,0.075,0.02000117301940918,-0.15051167724932785,0.10651609997576278
-0.599,0.088,0.020003080368041992,-0.15051167724932785,0.10651609997576278
-0.584,0.106,0.020005464553833008,-0.15051167724932785,0.10651609997576278
-0.579,0.129,0.019986867904663086,0.8249492472881761,0.04415537346018015
-0.56,0.136,0.0200045108795166,0.8249492472881761,0.04415537346018015
-0.56,0.136,0.020000219345092773,0.8249492472881761,0.04415537346018015
-0.621,0.028,0.019994020462036133,0.8249492472881761,0.04415537346018015
-0.668,-0.114,0.02000594139099121,0.8249498343472788,0.044154516331251975
-0.639,-0.133,0.02000284194946289,0.8249498343472788,0.044154516331251975
-0.378,0.183,0.01999688148498535,0.8249498343472788,0.044154516331251975
-0.378,0.183,0.01999831199645996,0.9311592512818835,-0.008605226035612722
-0.355,0.124,0.020001888275146484,0.9311592512818835,-0.008605226035612722
-0.355,0.124,0.020006418228149414,0.9311592512818835,-0.008605226035612722
-0.392,0.015,0.019998550415039062,0.8473927581114439,-0.012591835954464085
-0.292,0.101,0.019997358322143555,0.8473927581114439,-0.012591835954464085
-0.25,0.128,0.01999950408935547,0.8473927581114439,-0.012591835954464085
-0.306,0.009,0.02000141143798828,0.847414028085975,-0.012598416769367765
-0.224,0.105,0.019999027252197266,0.847414028085975,-0.012598416769367765
-0.209,0.107,0.01999664306640625,0.847414028085975,-0.012598416769367765
-0.266,0.013,0.020003795623779297,0.847414028085975,-0.012598416769367765
-0.266,0.001,0.019998550415039062,1.0909657849086767,0.0749244244816639
-0.204,0.053,0.02000904083251953,1.0909657849086767,0.0749244244816639
-0.157,0.079,0.019978761672973633,1.0909657849086767,0.0749244244816639
-0.168,0.027,0.020009756088256836,0.738936568208845,0.031293259460188905
-0.168,0.027,0.0200040340423584,0.738936568208845,0.031293259460188905
-0.089,0.053,0.019995689392089844,0.738936568208845,0.031293259460188905
0.063,0.049,0.01999974250793457,0.5804007702572062,0.015329416304254549
0.093,0.037,0.019993305206298828,0.5804005398571326,0.015329457907674697
0.093,0.037,0.020006895065307617,0.5804005398571326,0.015329457907674697
0.125,0.015,0.01999688148498535,0.5804005398571326,0.015329457907674697
0.125,0.015,0.02000141143798828,0.599546944323619,0.02732036988017144
0.167,0.002,0.02000260353088379,0.599546944323619,0.02732036988017144
0.182,-0.002,0.019996166229248047,0.599546944323619,0.02732036988017144
0.182,-0.002,0.020014047622680664,0.6518904625833571,0.03189391640028694
0.205,-0.007,0.019995689392089844,0.6518904625833571,0.03189391640028694
0.23,-0.006,0.019989967346191406,0.6518904625833571,0.03189391640028694
0.256,-0.009,0.02000141143798828,0.6518904625833571,0.03189391640028694
0.256,-0.009,0.02000904083251953,0.6521706441015346,0.03189048374096631
0.295,0.019,0.019996166229248047,0.6521706441015346,0.03189048374096631
0.295,0.019,0.019995450973510742,0.6521706441015346,0.03189048374096631
0.348,0.012,0.020002126693725586,0.7054192431631764,0.036693771816504926
0.368,0.011,0.01999831199645996,0.7054192431631764,0.036693771816504926
0.388,0.015,0.02001810073852539,0.7054192431631764,0.036693771816504926
0.388,0.015,0.019971847534179688,0.604588094645459,-0.02619829997435528
0.41,0.021,0.020007848739624023,0.604588094645459,-0.02619829997435528
0.428,0.021,0.019999265670776367,0.604588094645459,-0.02619829997435528
0.45,0.005,0.02001047134399414,0.604588094645459,-0.02619829997435528
0.47,0.005,0.019994497299194336,0.6046914382896206,-0.026216164306350164
0.495,0.01,0.019999980926513672,0.6046914382896206,-0.026216164306350164
0.495,0.01,0.02000117301940918,0.6046914382896206,-0.026216164306350164
0.55,0.003,0.019998788833618164,0.6085397736880606,-0.06938775328804662
0.55,0.003,0.02000141143798828,0.6085397736880606,-0.06938775328804662
0.572,0.0,0.01999664306640625,0.6085397736880606,-0.06938775328804662
0.593,-0.009,0.019997119903564453,0.6478089305988235,0.017914931683112294
0.6,-0.026,0.020006895065307617,0.6478089305988235,0.017914931683112294
0.611,-0.033,0.02002739906311035,0.6478089305988235,0.017914931683112294
0.611,-0.033,0.019972801208496094,0.6478089305988235,0.017914931683112294
0.624,-0.019,0.01999354362487793,0.6481364342086938,0.01788974160678602
0.624,-0.019,0.020001888275146484,0.6481364342086938,0.01788974160678602
0.64,0.0,0.019998788833618164,0.6481364342086938,0.01788974160678602
0.639,0.0,0.02000284194946289,0.589515465377766,0.03296342869705909
0.643,0.015,0.020002126693725586,0.589515465377766,0.03296342869705909
0.643,0.015,0.019987821578979492,0.589515465377766,0.03296342869705909
0.643,0.015,0.020009994506835938,0.2529058903800835,0.07172840033376392
0.644,0.031,0.020000934600830078,0.2529058903800835,0.07172840033376392
0.629,0.033,0.020000457763671875,0.2529058903800835,0.07172840033376392
0.619,0.031,0.020004749298095703,0.2527545097913262,0.071734687252373
0.602,0.052,0.019992351531982422,0.2527545097913262,0.071734687252373
0.602,0.052,0.019997596740722656,0.2527545097913262,0.071734687252373
0.571,0.068,0.020002126693725586,0.2527545097913262,0.071734687252373
0.571,0.068,0.01999664306640625,0.2326724646141818,-0.09562809305814521
0.515,0.086,0.020000696182250977,0.2326724646141818,-0.09562809305814521
0.515,0.086,0.020003557205200195,0.2326724646141818,-0.09562809305814521
0.463,0.052,0.01999974250793457,-0.08246152316961429,-0.058259505898755816
0.463,-0.033,0.02000117301940918,-0.08246152316961429,-0.058259505898755816
0.505,-0.166,0.020004987716674805,-0.08246152316961429,-0.058259505898755816
0.485,-0.204,0.019998788833618164,-0.08245805024018028,-0.0582570539444427
0.485,-0.204,0.019991397857666016,-0.08245805024018028,-0.0582570539444427
0.419,-0.193,0.020012378692626953,-0.08245805024018028,-0.0582570539444427
0.282,-0.043,0.019997596740722656,-0.08245805024018028,-0.0582570539444427
0.362,-0.2,0.01999068260192871,0.05000000000000001,-0.05
0.362,-0.2,0.02000141143798828,0.05000000000000001,-0.05
0.314,0.009,0.020001649856567383,0.05000000000000001,-0.05
0.165,0.032,0.01999950408935547,0.05,-0.05
0.165,0.032,0.02000594139099121,0.05,-0.05
0.165,0.032,0.01999187469482422,0.05,-0.05
0.08,0.064,0.01999974250793457,0.05,-0.05
0.051,0.0,0.020009517669677734,0.05,-0.05
0.051,-0.033,0.0200042724609375,0.05,-0.05
0.051,-0.033,0.019994497299194336,0.05,-0.05
0.054,-0.04,0.019997119903564453,0.05,-0.03571740725776443
0.063,-0.059,0.0200045108795166,0.05,-0.05
0.06,-0.057,0.019988536834716797,0.05,-0.05
0.051,-0.065,0.02000284194946289,0.05,-0.05
0.057,-0.071,0.019988298416137695,0.05,-0.05
0.06,-0.068,0.01999688148498535,0.05,-0.05
0.059,-0.068,0.02000141143798828,0.05,-0.05
0.057,-0.06,0.020000934600830078,0.05,-0.05
0.057,-0.06,0.020006418228149414,0.05,-0.05
0.057,-0.06,0.020000457763671875,0.05,-0.05
0.052,-0.056,0.020002126693725586,0.05,-0.030315610282823976
0.054,-0.064,0.020024776458740234,0.05,-0.030315610282823976
0.052,-0.066,0.01996326446533203,0.05,-0.030315610282823976
0.051,-0.036,0.019994735717773438,0.05000000000000001,-0.05
0.053,-0.048,0.020003557205200195,0.05000000000000001,-0.05
0.053,-0.048,0.020002365112304688,0.05000000000000001,-0.05
0.065,-0.049,0.0200045108795166,0.05,0.05
0.057,-0.021,0.019999027252197266,0.05,0.05
0.061,0.05,0.01999950408935547,0.05,0.05
0.051,0.028,0.019999980926513672,0.05,-0.05
0.052,-0.043,0.020001888275146484,0.05,-0.05
0.057,-0.05,0.01999974250793457,0.05,-0.05
0.063,-0.058,0.019997358322143555,0.05,-0.05
0.069,-0.061,0.020003795623779297,0.05,-0.05
0.065,-0.065,0.019988536834716797,0.05,-0.05
0.06,-0.063,0.020009994506835938,0.05,-0.05
0.055,-0.068,0.020001888275146484,0.05,-0.05
0.062,-0.077,0.019997119903564453,0.05,-0.05
0.069,-0.079,0.020000696182250977,0.05,-0.05
0.069,-0.079,0.019997596740722656,0.05,-0.05
0.06,-0.069,0.01999974250793457,-0.05000000000000001,-0.05
-0.051,0.003,0.019997358322143555,-0.05,0.030316425296146844
-0.063,-0.013,0.020009517669677734,-0.05,0.030316425296146844
-0.057,-0.002,0.019992828369140625,0.05,-0.009769305943248822
-0.057,-0.002,0.01999354362487793,0.05,-0.009769305943248822
-0.052,-0.006,0.019992351531982422,0.05,-0.01278405114360491
-0.052,-0.006,0.020017147064208984,0.05,-0.01278405114360491
0.051,-0.017,0.019998550415039062,0.05,-0.022280893106732473
0.051,-0.017,0.019998788833618164,0.05,-0.017964486926175614
0.052,-0.013,0.0200045108795166,0.05,-0.01795662792624157
0.052,-0.013,0.01999044418334961,0.05,-0.01795662792624157
0.054,-0.019,0.01999044418334961,0.05,-0.01749981221598576
0.054,-0.019,0.01999664306640625,0.05,-0.01749981221598576
0.052,0.001,0.01999950408935547,0.05,0.036387637717444264
-0.057,0.04,0.019992589950561523,-0.05,0.027730700407649498
-0.051,0.033,0.020015716552734375,-0.05,0.027730700407649498
-0.053,0.033,0.019995689392089844,-0.05,0.027730700407649498
0.051,0.007,0.02001047134399414,0.05,0.008798619523244879
0.051,0.007,0.019985437393188477,0.05,0.008798619523244879
0.053,0.002,0.01999950408935547,0.05,0.01166881812068515
0.051,0.01,0.01998734474182129,0.05,0.006852498419996094
0.051,0.01,0.02000594139099121,0.05,0.006852498419996094
0.051,0.082,0.019974708557128906,0.3060829753275071,0.223727772987357
0.072,0.124,0.020003080368041992,0.3060829753275071,0.223727772987357
0.097,0.175,0.020004749298095703,0.4775036817042918,0.34867959263124465
0.12,0.199,0.020000934600830078,0.4775036817042918,0.34867959263124465
0.12,0.199,0.020014047622680664,0.4775036817042918,0.34867959263124465
0.143,0.226,0.019974946975708008,0.44036696993737723,0.32327994868521764
0.159,0.244,0.0200042724609375,0.44036696993737723,0.32327994868521764
0.159,0.244,0.020006179809570312,0.44036696993737723,0.32327994868521764
0.177,0.268,0.019994258880615234,0.4640748554238669,0.38101374425327794
0.167,0.245,0.020000934600830078,0.4640748554238669,0.38101374425327794
0.167,0.245,0.01999974250793457,0.4640748554238669,0.38101374425327794
0.173,0.233,0.020005464553833008,0.4640748554238669,0.38101374425327794
0.222,0.277,0.01999497413635254,0.464858916252459,0.3379599837140063
0.272,0.319,0.01999807357788086,0.464858916252459,0.3379599837140063
0.306,0.346,0.01998591423034668,0.464858916252459,0.3379599837140063
0.337,0.352,0.0200045108795166,0.5362376288730119,0.36838103198867334
0.346,0.328,0.02001667022705078,0.5362376288730119,0.36838103198867334
0.367,0.331,0.019995450973510742,0.5362376288730119,0.36838103198867334
0.402,0.361,0.019999980926513672,0.5538366861169535,0.34559611680492314
0.414,0.34,0.02000117301940918,0.5538366861169535,0.34559611680492314
0.414,0.34,0.02000117301940918,0.5538366861169535,0.34559611680492314
0.464,0.377,0.01999807357788086,0.5538366861169535,0.34559611680492314
0.464,0.377,0.02000260353088379,0.49892973764429593,0.3571492496524171
0.526,0.374,0.019995450973510742,0.49892973764429593,0.3571492496524171
0.509,0.336,0.02000570297241211,0.3721500498718094,0.2900703832056273
0.509,0.336,0.01999044418334961,0.3721500498718094,0.2900703832056273
0.542,0.301,0.02000260353088379,0.3721500498718094,0.2900703832056273
0.632,0.137,0.020008087158203125,0.3721500498718094,0.2900703832056273
0.618,0.141,0.019995927810668945,0.3556418057136344,0.27063689124739154
0.618,0.141,0.019999265670776367,0.3556418057136344,0.27063689124739154
0.547,0.19,0.020009994506835938,0.3556418057136344,0.27063689124739154
0.547,0.19,0.019981861114501953,0.3556418057136344,0.27063689124739154
0.365,0.421,0.020000934600830078,0.40919860279304554,0.29212651022532804
0.365,0.421,0.02000737190246582,0.40919860279304554,0.29212651022532804
0.31,0.461,0.019998550415039062,0.40919860279304554,0.29212651022532804
0.356,0.361,0.019999265670776367,0.21281929127239416,0.16148210553969758
0.356,0.361,0.01999521255493164,0.21281929127239416,0.16148210553969758
0.359,0.349,0.020002365112304688,0.21281929127239416,0.16148210553969758
0.357,0.291,0.01999950408935547,0.4458885674643508,0.15893648839811098
0.359,0.255,0.01999688148498535,0.4458885674643508,0.15893648839811098
0.336,0.235,0.020003318786621094,0.4458885674643508,0.15893648839811098
0.325,0.231,0.019995927810668945,0.4458885674643508,0.15893648839811098
0.325,0.231,0.0200040340423584,0.3481669908329825,0.13168299373860104
0.381,0.107,0.01999664306640625,0.3481669908329825,0.13168299373860104
0.366,0.132,0.02000260353088379,0.3481669908329825,0.13168299373860104
0.366,0.132,0.0200045108795166,0.20148864157301222,0.1432524983699254
0.449,-0.028,0.019999265670776367,0.20148864157301222,0.1432524983699254
0.353,0.118,0.020004987716674805,0.20148864157301222,0.1432524983699254
0.425,0.004,0.020036697387695312,0.2919714022937913,0.20631944425429197
0.304,0.165,0.020015954971313477,0.2919714022937913,0.20631944425429197
0.244,0.229,0.01992201805114746,0.2919714022937913,0.20631944425429197
0.244,0.229,0.02001667022705078,0.4322339005750305,0.33620341277260823
0.301,0.159,0.019999027252197266,0.4322339005750305,0.33620341277260823
0.247,0.244,0.020001888275146484,0.4322339005750305,0.33620341277260823
0.273,0.224,0.019998788833618164,0.4322339005750305,0.33620341277260823
0.251,0.288,0.020017147064208984,0.5242942242686881,0.39128311009267625
0.251,0.288,0.019992351531982422,0.5242942242686881,0.39128311009267625
0.345,0.229,0.020001888275146484,0.5242942242686881,0.39128311009267625
0.326,0.289,0.01998615264892578,0.5290356944164432,0.4124217543557576
0.321,0.339,0.02001667022705078,0.5290356944164432,0.4124217543557576
0.357,0.357,0.019990205764770508,0.5290356944164432,0.4124217543557576
0.426,0.318,0.019999980926513672,0.5290356944164432,0.4124217543557576
0.414,0.348,0.02000260353088379,0.5507613126171083,0.4296000078546587
0.404,0.418,0.019996166229248047,0.5507613126171083,0.4296000078546587
0.434,0.429,0.0200045108795166,0.5507613126171083,0.4296000078546587
0.443,0.461,0.01999974250793457,0.49771032474313237,0.3971391880081427
0.443,0.461,0.01999378204345703,0.49771032474313237,0.3971391880081427
0.598,0.303,0.020000934600830078,0.49771032474313237,0.3971391880081427
0.51,0.39,0.0200045108795166,0.43459407092215396,0.3341024214510599
0.499,0.447,0.020000457763671875,0.43459407092215396,0.3341024214510599
0.536,0.365,0.019997835159301758,0.43459407092215396,0.3341024214510599
0.555,0.318,0.019985675811767578,0.6031864074130469,0.44515372845956996
0.501,0.376,0.020012855529785156,0.6031864074130469,0.44515372845956996
0.501,0.376,0.020002365112304688,0.6031864074130469,0.44515372845956996
0.458,0.377,0.01998615264892578,0.6031864074130469,0.44515372845956996
0.408,0.45,0.020008087158203125,0.4789626120827283,0.37252375118171194
0.462,0.428,0.020003080368041992,0.4789626120827283,0.37252375118171194
0.466,0.409,0.019996166229248047,0.4789626120827283,0.37252375118171194
0.506,0.378,0.019997358322143555,0.5372752551338337,0.4182423767614719
0.452,0.432,0.019999027252197266,0.5372752551338337,0.4182423767614719
0.45,0.452,0.020001649856567383,0.5372752551338337,0.4182423767614719
0.471,0.445,0.019999980926513672,0.4024932406449976,0.2966492521964592
0.471,0.445,0.01999354362487793,0.4024932406449976,0.2966492521964592
0.525,0.338,0.02000713348388672,0.4024932406449976,0.2966492521964592
0.452,0.395,0.0200045108795166,0.4024932406449976,0.2966492521964592
0.501,0.314,0.020000457763671875,0.5612326295310648,0.4037152059750972
0.458,0.344,0.019989490509033203,0.5612326295310648,0.4037152059750972
0.458,0.344,0.020014524459838867,0.5612326295310648,0.4037152059750972
0.417,0.384,0.019991397857666016,0.5031548954077236,0.3811522187621736
0.422,0.37,0.020032882690429688,0.5031548954077236,0.3811522187621736
0.424,0.362,0.019971609115600586,0.5031548954077236,0.3811522187621736
0.44,0.361,0.02001023292541504,0.49288524968247477,0.3776402021875925
0.44,0.361,0.019991397857666016,0.49288524968247477,0.3776402021875925
0.411,0.421,0.020005464553833008,0.49288524968247477,0.3776402021875925
0.461,0.358,0.01999187469482422,0.49288524968247477,0.3776402021875925
0.461,0.358,0.020006179809570312,0.43785917246895334,0.3723893262513655
0.444,0.398,0.019997835159301758,0.43785917246895334,0.3723893262513655
0.488,0.354,0.01999831199645996,0.43785917246895334,0.3723893262513655
0.511,0.286,0.019994735717773438,0.5525172608382641,0.39617177996004355
0.468,0.356,0.019999265670776367,0.5525172608382641,0.39617177996004355
0.421,0.419,0.020001888275146484,0.5525172608382641,0.39617177996004355
0.44,0.396,0.019986867904663086,0.4805991724214332,0.3541494040997347
0.488,0.38,0.020022869110107422,0.4805991724214332,0.3541494040997347
0.517,0.299,0.01999640464782715,0.4805991724214332,0.3541494040997347
0.47,0.365,0.019994020462036133,0.4567735359332873,0.33965978929584406
0.435,0.437,0.020009279251098633,0.4567735359332873,0.33965978929584406
0.446,0.4,0.020015478134155273,0.4567735359332873,0.33965978929584406
0.446,0.4,0.0199737548828125,0.4567735359332873,0.33965978929584406
0.446,0.4,0.019992828369140625,0.47439984412745767,0.37822324121313333
0.448,0.361,0.020011186599731445,0.47439984412745767,0.37822324121313333
0.471,0.345,0.019995927810668945,0.47439984412745767,0.37822324121313333
0.471,0.345,0.01999974250793457,0.4455583279119227,0.33005577427561766
0.447,0.37,0.020001888275146484,0.4455583279119227,0.33005577427561766
0.431,0.419,0.020000934600830078,0.4455583279119227,0.33005577427561766
0.431,0.419,0.020005464553833008,0.4455583279119227,0.33005577427561766
0.471,0.326,0.02000260353088379,0.44313219549298116,0.3308057805578397
0.484,0.266,0.019992351531982422,0.44313219549298116,0.3308057805578397
0.484,0.266,0.019991636276245117,0.44313219549298116,0.3308057805578397
0.477,0.302,0.019997835159301758,0.4553870527071141,0.34134661499568175
0.421,0.348,0.02000594139099121,0.4553870527071141,0.34134661499568175
0.389,0.411,0.02000570297241211,0.4553870527071141,0.34134661499568175
0.389,0.411,0.019999980926513672,0.43093830943261335,0.3260826448761135
0.452,0.311,0.019988059997558594,0.43093830943261335,0.3260826448761135
0.491,0.275,0.019999265670776367,0.43093830943261335,0.3260826448761135
0.44,0.321,0.020008563995361328,0.43093830943261335,0.3260826448761135
0.44,0.321,0.020012855529785156,0.5552835929476923,0.39812561846493344
0.468,0.283,0.01997852325439453,0.5552835929476923,0.39812561846493344
0.389,0.391,0.020011425018310547,0.5552835929476923,0.39812561846493344
0.389,0.391,0.019996166229248047,0.459118455536881,0.3417273107234609
0.407,0.406,0.019997119903564453,0.459118455536881,0.3417273107234609
0.462,0.348,0.0200045108795166,0.459118455536881,0.3417273107234609
0.502,0.289,0.01999068260192871,0.4509345405502844,0.34066262558892757
0.449,0.369,0.020009756088256836,0.4509345405502844,0.34066262558892757
0.424,0.402,0.019999027252197266,0.4509345405502844,0.34066262558892757
0.432,0.385,0.01999950408935547,0.4509345405502844,0.34066262558892757
0.461,0.361,0.020012855529785156,0.39938692463353154,0.30435109858792514
0.497,0.277,0.019998788833618164,0.39938692463353154,0.30435109858792514
0.44,0.381,0.019997596740722656,0.39938692463353154,0.30435109858792514
0.476,0.293,0.01999974250793457,0.44401059006625276,0.341715918573648
0.439,0.325,0.0200040340423584,0.44401059006625276,0.341715918573648
0.378,0.426,0.01999664306640625,0.44401059006625276,0.341715918573648
0.384,0.381,0.019997596740722656,0.44401059006625276,0.341715918573648
0.417,0.325,0.019995689392089844,0.7282965703483028,0.4998599965252262
0.417,0.325,0.020006179809570312,0.7282965703483028,0.4998599965252262
0.402,0.352,0.019983530044555664,0.7282965703483028,0.4998599965252262
0.389,0.406,0.020016193389892578,0.4722268873605845,0.3491798535783772
0.423,0.415,0.01999807357788086,0.4722268873605845,0.3491798535783772
0.453,0.325,0.01999664306640625,0.4722268873605845,0.3491798535783772
0.453,0.325,0.01999044418334961,0.36789168986939363,0.27129561074288544
0.434,0.412,0.02002882957458496,0.36789168986939363,0.27129561074288544
0.47,0.353,0.019982337951660156,0.36789168986939363,0.27129561074288544
0.498,0.316,0.020000219345092773,0.36789168986939363,0.27129561074288544
0.448,0.358,0.01999664306640625,0.5349689886967653,0.4121055761784535
0.415,0.358,0.019995450973510742,0.5349689886967653,0.4121055761784535
0.405,0.321,0.020003795623779297,0.5349689886967653,0.4121055761784535
0.405,0.321,0.02000284194946289,0.550047390324929,0.4172421397917095
0.455,0.215,0.020003318786621094,0.550047390324929,0.4172421397917095
0.381,0.363,0.020006179809570312,0.550047390324929,0.4172421397917095
0.381,0.363,0.019984722137451172,0.5236553103201389,0.4090813014521185
0.395,0.371,0.020023822784423828,0.5236553103201389,0.4090813014521185
0.374,0.453,0.019977807998657227,0.5236553103201389,0.4090813014521185
0.414,0.43,0.020001649856567383,0.5236553103201389,0.4090813014521185
0.467,0.399,0.020007848739624023,0.5012400574849664,0.39179740575834077
0.504,0.361,0.01999068260192871,0.5012400574849664,0.39179740575834077
0.504,0.361,0.02000880241394043,0.5012400574849664,0.39179740575834077
0.453,0.455,0.019999027252197266,0.511087407783649,0.3876054876912439
0.461,0.434,0.01999950408935547,0.511087407783649,0.3876054876912439
0.518,0.368,0.019996166229248047,0.511087407783649,0.3876054876912439
0.547,0.33,0.019997119903564453,0.520965454800704,0.3980069621494904
0.547,0.33,0.02000260353088379,0.520965454800704,0.3980069621494904
0.547,0.33,0.020002365112304688,0.520965454800704,0.3980069621494904
0.537,0.33,0.019989013671875,0.5141107068628714,0.3920676875296236
0.475,0.45,0.020008087158203125,0.5141107068628714,0.3920676875296236
0.5,0.434,0.019998788833618164,0.5141107068628714,0.3920676875296236
0.489,0.402,0.019995927810668945,0.4748753319371455,0.3632982139410216
0.537,0.364,0.020016193389892578,0.4748753319371455,0.3632982139410216
0.549,0.318,0.01999831199645996,0.4748753319371455,0.3632982139410216
0.477,0.437,0.01999664306640625,0.4748753319371455,0.3632982139410216
0.477,0.437,0.01998734474182129,0.45934834873956537,0.33476864797792677
0.544,0.288,0.02001810073852539,0.45934834873956537,0.33476864797792677
0.544,0.288,0.019994497299194336,0.45934834873956537,0.33476864797792677
0.512,0.304,0.019984722137451172,0.45934834873956537,0.33476864797792677
0.512,0.304,0.020017147064208984,0.42637852585105,0.3177180420158362
0.425,0.406,0.019998550415039062,0.42637852585105,0.3177180420158362
0.425,0.406,0.019992589950561523,0.42637852585105,0.3177180420158362
0.461,0.321,0.020003557205200195,0.4411138123719545,0.32778151991184323
0.519,0.215,0.020000457763671875,0.4411138123719545,0.32778151991184323
0.447,0.325,0.020580291748046875,0.4411138123719545,0.32778151991184323
0.375,0.409,0.019416093826293945,0.4258287078668384,0.3224829530384327
0.375,0.409,0.020004987716674805,0.4258287078668384,0.3224829530384327
0.376,0.392,0.01999664306640625,0.4258287078668384,0.3224829530384327
0.368,0.374,0.020000934600830078,0.4258287078668384,0.3224829530384327
0.371,0.358,0.020004987716674805,0.4974245838918776,0.3714693359877732
0.427,0.308,0.019999027252197266,0.4974245838918776,0.3714693359877732
0.465,0.258,0.019993066787719727,0.4974245838918776,0.3714693359877732
0.446,0.279,0.019994735717773438,0.45703386730708667,0.33296425692637077
0.393,0.391,0.019999027252197266,0.45703386730708667,0.33296425692637077
0.42,0.354,0.020006179809570312,0.45703386730708667,0.33296425692637077
0.459,0.291,0.01999688148498535,0.46139921302016806,0.33564297424175593
0.486,0.278,0.020005226135253906,0.46139921302016806,0.33564297424175593
0.486,0.278,0.019996166229248047,0.46139921302016806,0.33564297424175593
0.501,0.255,0.02000737190246582,0.4236580317259921,0.30478130146885785
0.501,0.255,0.019995927810668945,0.4236580317259921,0.30478130146885785
0.413,0.374,0.019995927810668945,0.4236580317259921,0.30478130146885785
0.413,0.374,0.020001888275146484,0.4236580317259921,0.30478130146885785
0.452,0.324,0.01999974250793457,0.3967123112367739,0.28518774468800023
0.478,0.259,0.020000934600830078,0.3967123112367739,0.28518774468800023
0.478,0.259,0.01999950408935547,0.3967123112367739,0.28518774468800023
0.438,0.266,0.019995450973510742,0.39489155434695955,0.2839908480152493
0.442,0.229,0.020003557205200195,0.39489155434695955,0.2839908480152493
0.442,0.229,0.02000141143798828,0.39489155434695955,0.2839908480152493
0.412,0.301,0.01999688148498535,0.38547039079130674,0.2776123941261398
0.37,0.332,0.02001047134399414,0.38547039079130674,0.2776123941261398
0.417,0.259,0.01999664306640625,0.38547039079130674,0.2776123941261398
0.43,0.213,0.019988536834716797,0.38547039079130674,0.2776123941261398
0.395,0.263,0.02003931999206543,0.26769424139456216,0.2011671352046105
0.395,0.263,0.019980192184448242,0.26769424139456216,0.2011671352046105
0.355,0.328,0.020046472549438477,0.26769424139456216,0.2011671352046105
0.38,0.23,0.01994776725769043,0.26291171920498535,0.18633809440592006
0.434,0.126,0.019997596740722656,0.26291171920498535,0.18633809440592006
0.347,0.239,0.019989967346191406,0.26291171920498535,0.18633809440592006
0.269,0.306,0.020015478134155273,0.26291171920498535,0.18633809440592006
0.3,0.23,0.019995450973510742,0.2571325417145444,0.18234388113200797
0.272,0.234,0.02000117301940918,0.2571325417145444,0.18234388113200797
0.239,0.272,0.02004075050354004,0.2571325417145444,0.18234388113200797
0.239,0.272,0.019963741302490234,-0.1867240890056907,0.1315843145140525
0.243,0.201,0.019977331161499023,-0.1867240890056907,0.1315843145140525
0.233,0.198,0.020012855529785156,-0.1867240890056907,0.1315843145140525
0.227,0.174,0.019998550415039062,0.21512197821463785,0.1516154386901767
0.216,0.163,0.020010709762573242,0.21512197821463785,0.1516154386901767
0.216,0.163,0.01999640464782715,0.21512197821463785,0.1516154386901767
0.195,0.156,0.01999640464782715,0.24868882504777726,0.1381463564725734
0.194,0.155,0.020001888275146484,0.24868882504777726,0.1381463564725734
0.19,0.143,0.020015239715576172,0.24868882504777726,0.1381463564725734
0.19,0.143,0.01998138427734375,0.24868882504777726,0.1381463564725734
0.209,0.142,0.019995927810668945,0.3174960244672655,0.2238988875642105
0.242,0.101,0.0200042724609375,0.3174960244672655,0.2238988875642105
0.218,0.123,0.020006895065307617,0.3174960244672655,0.2238988875642105
0.227,0.122,0.02000737190246582,0.46024362598937146,0.2400998238394114
0.24,0.132,0.01998114585876465,0.46024362598937146,0.2400998238394114
0.28,0.135,0.02001476287841797,0.46024362598937146,0.2400998238394114
0.314,0.129,0.0200042724609375,0.4265072132822196,0.30752545252303454
0.29,0.189,0.01999354362487793,0.4265072132822196,0.30752545252303454
0.335,0.157,0.01999640464782715,0.4265072132822196,0.30752545252303454
0.328,0.252,0.0200045108795166,0.4265072132822196,0.30752545252303454
0.366,0.275,0.019979238510131836,0.40773508838564443,0.29343490017851137
0.346,0.315,0.020010948181152344,0.40773508838564443,0.29343490017851137
0.464,0.143,0.020000457763671875,0.40773508838564443,0.29343490017851137
0.464,0.143,0.019999027252197266,0.4102490237891904,0.29532286341426006
0.413,0.292,0.02001953125,0.4102490237891904,0.29532286341426006
0.357,0.36,0.01998591423034668,0.4102490237891904,0.29532286341426006
0.357,0.36,0.019982337951660156,0.3947219507531565,0.2838782978296577
0.406,0.317,0.020021677017211914,0.3947219507531565,0.2838782978296577
0.451,0.255,0.019994497299194336,0.3947219507531565,0.2838782978296577
0.397,0.281,0.019997358322143555,0.3947219507531565,0.2838782978296577
0.427,0.273,0.020003795623779297,0.43694893016215414,0.31532459465010637
0.378,0.334,0.020002126693725586,0.43694893016215414,0.31532459465010637
0.376,0.341,0.0200045108795166,0.43694893016215414,0.31532459465010637
0.392,0.326,0.019984722137451172,0.3880176043040264,0.2785103968387622
0.459,0.223,0.02000260353088379,0.3880176043040264,0.2785103968387622
0.461,0.236,0.0200040340423584,0.3880176043040264,0.2785103968387622
0.408,0.285,0.01999664306640625,0.4052885743807803,0.2893786969501134
0.408,0.285,0.020003557205200195,0.4052885743807803,0.2893786969501134
0.375,0.334,0.019999027252197266,0.4052885743807803,0.2893786969501134
0.375,0.334,0.020000457763671875,0.3082726310283977,0.22060473781981793
0.377,0.321,0.01999354362487793,0.3082726310283977,0.22060473781981793
0.413,0.269,0.020006895065307617,0.3082726310283977,0.22060473781981793
0.48,0.152,0.02000141143798828,0.3082726310283977,0.22060473781981793
0.376,0.275,0.01999831199645996,0.3105156637394534,0.22237671684449628
0.309,0.35,0.0200040340423584,0.3105156637394534,0.22237671684449628
0.327,0.306,0.01998281478881836,0.3105156637394534,0.22237671684449628
0.344,0.233,0.02000117301940918,1.3625444544593843,0.32710763889398237
0.344,0.233,0.020011425018310547,1.3625444544593843,0.32710763889398237
0.344,0.233,0.020006895065307617,1.3625444544593843,0.32710763889398237
0.314,0.247,0.01999831199645996,1.3625444544593843,0.32710763889398237
0.335,0.238,0.01999664306640625,1.3643968073759705,0.3535987926736862
0.306,0.281,0.020003080368041992,1.3643968073759705,0.3535987926736862
0.325,0.277,0.02000260353088379,1.3643968073759705,0.3535987926736862
0.35,0.298,0.01999974250793457,1.3413656677440728,0.323116625958501
0.404,0.23,0.019997835159301758,1.3413656677440728,0.323116625958501
0.38,0.302,0.019994020462036133,1.3413656677440728,0.323116625958501
0.384,0.348,0.020000696182250977,1.3413656677440728,0.323116625958501
0.445,0.275,0.0200040340423584,1.1024041691396076,0.28736944971111356
0.503,0.223,0.019999265670776367,1.1024041691396076,0.28736944971111356
0.436,0.387,0.019998550415039062,1.1024041691396076,0.28736944971111356
0.472,0.291,0.02000570297241211,1.1589264136413462,0.27450833664035507
0.479,0.357,0.019992351531982422,1.1589264136413462,0.27450833664035507
0.579,0.187,0.02000594139099121,1.1589264136413462,0.27450833664035507
0.579,0.187,0.01999068260192871,1.2630134082465294,0.28485842797547817
0.541,0.355,0.02001500129699707,1.2630134082465294,0.28485842797547817
0.629,0.202,0.0199892520904541,1.2630134082465294,0.28485842797547817
0.65,0.21,0.020003080368041992,1.2630134082465294,0.28485842797547817
0.65,0.21,0.02000117301940918,1.4190882363394262,0.2567240853581526
0.627,0.265,0.020011425018310547,1.4190882363394262,0.2567240853581526
0.65,0.304,0.01998591423034668,1.4190882363394262,0.2567240853581526
0.696,0.247,0.020004987716674805,1.2353898921286344,0.17967241881046409
0.706,0.235,0.019997596740722656,1.2353898921286344,0.17967241881046409
0.724,0.248,0.019988059997558594,1.2353898921286344,0.17967241881046409
0.756,0.237,0.02000284194946289,1.1966790567299685,0.2064265943397639
0.765,0.266,0.019997119903564453,1.1966790567299685,0.2064265943397639
0.761,0.213,0.020006418228149414,1.1966790567299685,0.2064265943397639
0.796,0.182,0.019997835159301758,1.275503648016165,0.18714446812875293
0.819,0.212,0.02000117301940918,1.275503648016165,0.18714446812875293
0.824,0.196,0.019997358322143555,1.275503648016165,0.18714446812875293
0.849,0.179,0.01999688148498535,1.3383588837602636,0.17787400616516083
0.875,0.182,0.019988536834716797,1.3383588837602636,0.17787400616516083
0.917,0.2,0.020014524459838867,1.3383588837602636,0.17787400616516083
0.917,0.2,0.02000117301940918,1.3383588837602636,0.17787400616516083
0.927,0.173,0.019992351531982422,1.3573013235424163,0.17950940445910982
0.974,0.186,0.02000880241394043,1.3573013235424163,0.17950940445910982
0.975,0.135,0.020015239715576172,1.3573013235424163,0.17950940445910982
1.004,0.152,0.01998162269592285,1.3710554532934311,0.18093454113408602
1.031,0.155,0.019998550415039062,1.3710554532934311,0.18093454113408602
1.031,0.155,0.01999807357788086,1.3710554532934311,0.18093454113408602
1.051,0.164,0.020007848739624023,1.3710554532934311,0.18093454113408602
1.055,0.146,0.019998550415039062,1.1947118375101777,0.19755384133508638
1.09,0.155,0.019998788833618164,1.1947118375101777,0.19755384133508638
1.09,0.155,0.020009994506835938,1.1947118375101777,0.19755384133508638
1.134,0.164,0.01999521255493164,1.3936552625907608,0.1771484746197836
1.15,0.166,0.020004987716674805,1.3936552625907608,0.1771484746197836
1.17,0.154,0.019994497299194336,1.3936552625907608,0.1771484746197836
1.204,0.162,0.020002126693725586,1.356045536565245,0.18569530278497845
1.204,0.162,0.01999807357788086,1.356045536565245,0.18569530278497845
1.222,0.172,0.019995689392089844,1.356045536565245,0.18569530278497845
1.221,0.145,0.020014524459838867,1.356045536565245,0.18569530278497845
1.25,0.158,0.019987106323242188,1.251856031547311,0.17733409024256777
1.257,0.114,0.020001888275146484,1.251856031547311,0.17733409024256777
1.257,0.114,0.020006179809570312,1.251856031547311,0.17733409024256777
1.279,0.098,0.019994735717773438,1.2753523586704565,0.17804184329875897
1.306,0.112,0.02000570297241211,1.2753523586704565,0.17804184329875897
1.334,0.128,0.01999664306640625,1.2753523586704565,0.17804184329875897
1.333,0.12,0.019997835159301758,1.4073235075945536,0.15637254920868096
1.344,0.109,0.020003557205200195,1.4073235075945536,0.15637254920868096
1.344,0.109,0.019975662231445312,1.4073235075945536,0.15637254920868096
1.338,0.083,0.020012617111206055,1.2416487899672914,0.08316341396211689
1.273,0.206,0.020000219345092773,1.2416487899672914,0.08316341396211689
1.339,0.113,0.01999378204345703,1.2416487899672914,0.08316341396211689
1.339,0.113,0.020016193389892578,1.2416487899672914,0.08316341396211689
1.314,0.143,0.019991636276245117,1.2632863211845304,0.08427759371574585
1.303,0.182,0.020001649856567383,1.2632863211845304,0.08427759371574585
1.36,0.095,0.020000696182250977,1.2632863211845304,0.08427759371574585
1.341,0.119,0.01999688148498535,1.2116369082725937,0.0832032978772991
1.288,0.138,0.020001888275146484,1.2116369082725937,0.0832032978772991
1.288,0.138,0.020002365112304688,1.2116369082725937,0.0832032978772991
1.296,0.068,0.019999027252197266,1.2116369082725937,0.0832032978772991
1.246,0.114,0.019999265670776367,1.1057206150909948,0.08534705545162932
1.291,0.039,0.01999664306640625,1.1057206150909948,0.08534705545162932
1.291,0.039,0.01999664306640625,1.1057206150909948,0.08534705545162932
1.294,0.025,0.020017385482788086,1.0089760054519328,0.08231923906111437
1.194,0.098,0.020020008087158203,1.0089760054519328,0.08231923906111437
1.254,0.006,0.019971370697021484,1.0089760054519328,0.08231923906111437
1.254,0.006,0.019994258880615234,0.7807816688406122,0.0233083088338928
1.153,0.053,0.019994258880615234,0.7807816688406122,0.0233083088338928
1.153,0.053,0.020008563995361328,0.7807816688406122,0.0233083088338928
1.119,0.047,0.020006179809570312,0.7807816688406122,0.0233083088338928
1.119,0.047,0.01999521255493164,0.8987474141514679,0.12544957298903367
1.087,0.028,0.0200042724609375,0.8987474141514679,0.12544957298903367
1.087,0.028,0.019994020462036133,0.8987474141514679,0.12544957298903367
1.071,-0.057,0.0200197696685791,0.9933763765541758,0.14117371212740232
1.023,-0.011,0.01998114585876465,0.9933763765541758,0.14117371212740232
0.958,0.053,0.019994258880615234,0.9933763765541758,0.14117371212740232
0.982,0.019,0.020010709762573242,0.9415050497910519,0.07329720311504005
0.982,0.019,0.01999521255493164,0.9415050497910519,0.07329720311504005
0.95,0.067,0.01999664306640625,0.9415050497910519,0.07329720311504005
0.939,0.067,0.020041465759277344,0.9415050497910519,0.07329720311504005
0.939,0.067,0.019964933395385742,1.1505797998465923,0.0998209480076132
0.935,0.096,0.020001649856567383,1.1505797998465923,0.0998209480076132
0.941,0.051,0.019995927810668945,1.1505797998465923,0.0998209480076132
0.903,0.093,0.01999497413635254,1.2298502653835643,0.10394231152110499
0.896,0.1,0.020003318786621094,1.2298502653835643,0.10394231152110499
0.902,0.076,0.020002365112304688,1.2298502653835643,0.10394231152110499
0.91,0.071,0.019999265670776367,1.2298502653835643,0.10394231152110499
0.915,0.087,0.020001888275146484,0.8272937695268504,-0.02579512837574109
0.917,0.113,0.01999950408935547,0.8272937695268504,-0.02579512837574109
0.912,0.127,0.020002365112304688,0.8272937695268504,-0.02579512837574109
0.912,0.127,0.01999187469482422,1.250081405025192,0.04879994689842013
0.93,0.132,0.020029067993164062,1.250081405025192,0.04879994689842013
0.93,0.132,0.019996166229248047,1.250081405025192,0.04879994689842013
0.948,0.126,0.019986391067504883,1.4288000204945404,0.04643424643729133
0.949,0.115,0.019998788833618164,1.4288000204945404,0.04643424643729133
0.949,0.115,0.02001047134399414,1.4288000204945404,0.04643424643729133
0.996,0.133,0.019994020462036133,1.4288000204945404,0.04643424643729133
1.011,0.123,0.01999688148498535,1.2520725823354049,0.05936730242386174
1.011,0.123,0.020009279251098633,1.2520725823354049,0.05936730242386174
1.049,0.111,0.019985675811767578,1.2520725823354049,0.05936730242386174
1.073,0.11,0.020001888275146484,1.2722880968244867,0.03960449443973704
1.093,0.093,0.020032644271850586,1.2722880968244867,0.03960449443973704
1.125,0.086,0.019963741302490234,1.2722880968244867,0.03960449443973704
1.183,0.103,0.019998550415039062,1.2587221830623099,0.040092446541557636
1.185,0.087,0.020001888275146484,1.2587221830623099,0.040092446541557636
1.199,0.055,0.020002365112304688,1.2587221830623099,0.040092446541557636
1.215,0.047,0.019995927810668945,1.2587221830623099,0.040092446541557636
1.247,0.049,0.020003795623779297,1.1725744692670708,-0.007820625929158541
1.255,0.068,0.019995450973510742,1.1725744692670708,-0.007820625929158541
1.25,0.059,0.020002365112304688,1.1725744692670708,-0.007820625929158541
1.25,0.059,0.019998550415039062,1.112714619627588,-0.004159926206972287
1.254,0.036,0.020003557205200195,1.112714619627588,-0.004159926206972287
1.259,0.06,0.019995927810668945,1.112714619627588,-0.004159926206972287
1.263,0.065,0.019996166229248047,1.131920625817796,-0.004755037955906519
1.263,0.049,0.020005464553833008,1.131920625817796,-0.004755037955906519
1.26,0.013,0.02000594139099121,1.131920625817796,-0.004755037955906519
1.272,-0.027,0.01999807357788086,1.131920625817796,-0.004755037955906519
1.258,-0.03,0.020000934600830078,0.905500362687864,-0.04961549707213472
1.258,-0.03,0.01999664306640625,0.905500362687864,-0.04961549707213472
1.213,-0.045,0.020000934600830078,0.905500362687864,-0.04961549707213472
1.2,-0.072,0.01999831199645996,0.9980384527889133,-0.10691523923572403
1.167,-0.082,0.020001888275146484,0.9980384527889133,-0.10691523923572403
1.132,-0.104,0.019993305206298828,0.9980384527889133,-0.10691523923572403
1.105,-0.137,0.020003318786621094,0.9874808942614747,-0.10574603653184114
1.067,-0.132,0.020003557205200195,0.9874808942614747,-0.10574603653184114
1.036,-0.133,0.019999980926513672,0.9874808942614747,-0.10574603653184114
1.036,-0.133,0.019997119903564453,1.2851349372540306,-0.24842663433402437
1.007,-0.13,0.019997596740722656,1.2851349372540306,-0.24842663433402437
0.99,-0.109,0.020006656646728516,1.2851349372540306,-0.24842663433402437
1.009,-0.135,0.01999831199645996,1.2851349372540306,-0.24842663433402437
0.976,-0.083,0.020007848739624023,1.2820437491997054,-0.18115926362341828
0.976,-0.083,0.019990921020507812,1.2820437491997054,-0.18115926362341828
0.976,-0.083,0.02000594139099121,1.2820437491997054,-0.18115926362341828
1.007,-0.022,0.019995927810668945,1.4107560717657803,-0.19453121478431135
0.989,-0.004,0.01999068260192871,1.4107560717657803,-0.19453121478431135
0.987,-0.015,0.020010709762573242,1.4107560717657803,-0.19453121478431135
0.987,-0.015,0.019999027252197266,1.4107560717657803,-0.19453121478431135
0.975,-0.053,0.020006656646728516,1.252867452347767,-0.24352223839006343
0.993,-0.087,0.019998788833618164,1.252867452347767,-0.24352223839006343
1.04,-0.147,0.019993305206298828,1.252867452347767,-0.24352223839006343
1.085,-0.186,0.019993066787719727,1.4233735611159177,-0.1725057865103131
1.085,-0.186,0.02001023292541504,1.4233735611159177,-0.1725057865103131
1.15,-0.229,0.020006418228149414,1.4233735611159177,-0.1725057865103131
1.198,-0.215,0.01999688148498535,1.4013076060823189,-0.17384416260599975
1.192,-0.136,0.01999974250793457,1.4013076060823189,-0.17384416260599975
1.151,-0.056,0.01999688148498535,1.4013076060823189,-0.17384416260599975
1.167,-0.022,0.019982099533081055,1.1221565259006596,-0.20375985803567195
1.179,-0.015,0.020020246505737305,1.1221565259006596,-0.20375985803567195
1.214,-0.036,0.019997835159301758,1.1221565259006596,-0.20375985803567195
1.203,-0.072,0.019994735717773438,1.1221565259006596,-0.20375985803567195
1.222,-0.102,0.020001649856567383,0.8743153301568988,-0.2523723947203791
1.222,-0.102,0.020009756088256836,0.8743153301568988,-0.2523723947203791
1.237,-0.14,0.01999974250793457,0.8743153301568988,-0.2523723947203791
1.208,-0.131,0.019992589950561523,1.1417396742825354,-0.25603261794536425
1.222,-0.151,0.02002716064453125,1.1417396742825354,-0.25603261794536425
1.221,-0.149,0.019973039627075195,1.1417396742825354,-0.25603261794536425
1.197,-0.16,0.020003318786621094,1.1417396742825354,-0.25603261794536425
1.183,-0.18,0.020000457763671875,1.0047202035993705,-0.2871045543327365
1.181,-0.208,0.019997596740722656,1.0047202035993705,-0.2871045543327365
1.177,-0.261,0.020000457763671875,1.0047202035993705,-0.2871045543327365
1.177,-0.261,0.02001667022705078,1.128691811634593,-0.21178150924619496
1.166,-0.307,0.019979476928710938,1.128691811634593,-0.21178150924619496
1.14,-0.314,0.0200042724609375,1.128691811634593,-0.21178150924619496
1.198,-0.232,0.01999974250793457,1.143767231404805,-0.2179056453329555
1.198,-0.232,0.019995927810668945,1.143767231404805,-0.2179056453329555
1.383,0.053,0.02000570297241211,1.143767231404805,-0.2179056453329555
1.342,0.013,0.019990205764770508,1.143767231404805,-0.2179056453329555
1.329,-0.016,0.020005226135253906,1.1080615860061143,-0.23069780912015825
1.329,-0.016,0.01999974250793457,1.1080615860061143,-0.23069780912015825
1.249,-0.081,0.02000904083251953,1.1080615860061143,-0.23069780912015825
1.26,-0.073,0.019997358322143555,1.0713731964389148,-0.20527746035931105
1.26,-0.073,0.01999974250793457,1.0713731964389148,-0.20527746035931105
1.26,-0.073,0.02001953125,1.0713731964389148,-0.20527746035931105
1.205,-0.074,0.019978761672973633,1.0713731964389148,-0.20527746035931105
1.21,-0.042,0.020000457763671875,1.2989912558062848,-0.2233933408009044
1.169,-0.102,0.01999187469482422,1.2989912558062848,-0.2233933408009044
1.17,-0.057,0.019999265670776367,1.2989912558062848,-0.2233933408009044
1.172,-0.029,0.019999980926513672,1.2067057962225543,-0.29023702278443986
1.179,-0.036,0.0200045108795166,1.2067057962225543,-0.29023702278443986
1.091,-0.156,0.019993305206298828,1.2067057962225543,-0.29023702278443986
1.109,-0.113,0.019999980926513672,1.2067057962225543,-0.29023702278443986
1.132,-0.067,0.01999688148498535,1.2067057962225543,-0.29023702278443986
1.101,-0.131,0.019995450973510742,0.848653462928134,-0.14377708259156163
1.1,-0.178,0.01999831199645996,0.9146661638428827,-0.14871403624024382
1.143,-0.104,0.02001786231994629,0.9146661638428827,-0.14871403624024382
1.117,-0.182,0.01999378204345703,0.9146661638428827,-0.14871403624024382
1.122,-0.192,0.020004749298095703,0.9146661638428827,-0.14871403624024382
1.157,-0.164,0.01999807357788086,0.8757900391930934,-0.11063532497770211
1.128,-0.155,0.01996588706970215,0.8757900391930934,-0.11063532497770211
1.068,-0.213,0.020041227340698242,0.8757900391930934,-0.11063532497770211
1.084,-0.138,0.019988298416137695,0.7761070078295184,-0.07680330132072848
1.132,-0.111,0.019992589950561523,0.7761070078295184,-0.07680330132072848
1.132,-0.111,0.020015716552734375,0.7761070078295184,-0.07680330132072848
1.132,-0.111,0.01998615264892578,0.7761070078295184,-0.07680330132072848
1.073,-0.085,0.02001190185546875,0.8502304080492948,-0.0846542373848415
1.073,-0.085,0.020001649856567383,0.8502304080492948,-0.0846542373848415
1.06,-0.056,0.019997835159301758,0.8502304080492948,-0.0846542373848415
1.032,-0.035,0.019999980926513672,0.8154842202042857,-0.07987309789388347
1.032,-0.035,0.020003795623779297,0.8154842202042857,-0.07987309789388347
1.018,0.019,0.019995689392089844,0.8154842202042857,-0.07987309789388347
1.018,0.019,0.019995927810668945,0.7744623020582997,-0.0655768064922337
0.951,0.007,0.02000141143798828,0.7744623020582997,-0.0655768064922337
0.965,0.069,0.02000284194946289,0.7744623020582997,-0.0655768064922337
0.907,0.026,0.019992351531982422,0.7746273720301888,-0.06590871375256464
0.88,0.04,0.020001649856567383,0.7746273720301888,-0.06590871375256464
0.899,0.082,0.020003080368041992,0.7746273720301888,-0.06590871375256464
0.823,0.007,0.01999974250793457,0.7746273720301888,-0.06590871375256464
0.856,0.062,0.01999807357788086,0.7715420986878117,-0.05574286393546056
0.856,0.062,0.02000260353088379,0.7715420986878117,-0.05574286393546056
0.826,0.029,0.020003557205200195,0.7715420986878117,-0.05574286393546056
0.826,0.029,0.019977807998657227,0.7653456653571704,-0.010003960739415738
0.791,-0.017,0.020026683807373047,0.7653456653571704,-0.010003960739415738
0.774,-0.034,0.020000934600830078,0.7653456653571704,-0.010003960739415738
0.774,-0.034,0.019990205764770508,0.763143286450582,-0.012425590835528319
0.766,-0.041,0.01999521255493164,0.763143286450582,-0.012425590835528319
0.776,-0.001,0.020006418228149414,0.763143286450582,-0.012425590835528319
0.746,-0.045,0.0200040340423584,0.763143286450582,-0.012425590835528319
0.746,-0.045,0.019994258880615234,0.7637470830395796,0.004147650026607477
0.73,-0.049,0.020004749298095703,0.7637470830395796,0.004147650026607477
0.725,-0.058,0.019985198974609375,0.7637470830395796,0.004147650026607477
0.728,-0.039,0.020016908645629883,0.7657767071517162,0.01119123656977669
0.715,-0.056,0.020003080368041992,0.7657767071517162,0.01119123656977669
0.685,-0.08,0.020006418228149414,0.7657767071517162,0.01119123656977669
0.676,-0.082,0.019994735717773438,0.7565768453018645,0.002432019308693585
0.673,-0.064,0.019997119903564453,0.7565768453018645,0.002432019308693585
0.663,-0.074,0.01999521255493164,0.7565768453018645,0.002432019308693585
0.663,-0.074,0.01999688148498535,0.7565768453018645,0.002432019308693585
0.661,-0.045,0.0200042724609375,0.7574995287674492,-0.0002448485328099823
0.661,-0.045,0.01999807357788086,0.7574995287674492,-0.0002448485328099823
0.66,-0.058,0.020032167434692383,0.7574995287674492,-0.0002448485328099823
0.675,-0.045,0.019966602325439453,0.7574995287674492,-0.0002448485328099823
0.675,-0.045,0.0200042724609375,0.7591828672303039,0.010331160749612753
0.705,-0.022,0.019994497299194336,0.7591828672303039,0.010331160749612753
0.705,-0.022,0.019995450973510742,0.7593340470958218,0.008834219283487819
0.705,-0.022,0.020007848739624023,0.7593340470958218,0.008834219283487819
0.729,-0.012,0.020000219345092773,0.7593340470958218,0.008834219283487819
0.729,-0.012,0.019999265670776367,0.7593340470958218,0.008834219283487819
0.745,0.0,0.02000117301940918,0.762245211149296,0.023092476057201716
0.753,-0.006,0.02000141143798828,0.762245211149296,0.023092476057201716
0.753,-0.006,0.01999521255493164,0.762245211149296,0.023092476057201716
0.77,-0.012,0.020004749298095703,0.7620570913432658,0.02854835638311011
0.77,0.0,0.01999974250793457,0.7620570913432658,0.02854835638311011
0.77,0.0,0.020018339157104492,0.7620570913432658,0.02854835638311011
0.783,0.006,0.01997208595275879,0.7620570913432658,0.02854835638311011
0.783,0.006,0.020010709762573242,0.7615842464383278,0.027690230626016065
0.781,0.01,0.020020246505737305,0.7615842464383278,0.027690230626016065
0.783,0.003,0.01996636390686035,0.7615842464383278,0.027690230626016065
0.765,0.011,0.0200042724609375,0.7637336299261078,0.038494371771268125
0.767,0.014,0.020023584365844727,0.7637336299261078,0.038494371771268125
0.754,-0.001,0.019988059997558594,0.7637336299261078,0.038494371771268125
0.755,0.014,0.019986867904663086,0.7637336299261078,0.038494371771268125
0.755,0.014,0.020006895065307617,0.7648940029386789,0.04365881140798654
0.738,0.008,0.020000934600830078,0.7648940029386789,0.04365881140798654
0.741,0.023,0.019998788833618164,0.7643477963684979,0.04395543552405058
0.741,0.023,0.020006656646728516,0.7643477963684979,0.04395543552405058
0.737,0.017,0.01998591423034668,0.7643477963684979,0.04395543552405058
0.737,0.017,0.020000457763671875,0.7643477963684979,0.04395543552405058
0.739,0.032,0.019995927810668945,0.8088335853641705,0.07840726402160339
0.739,0.035,0.020011186599731445,0.8088335853641705,0.07840726402160339
0.737,0.038,0.020000934600830078,0.8088335853641705,0.07840726402160339
0.753,0.048,0.020006656646728516,1.1800965582838443,0.1319864527670328
0.754,0.044,0.019995450973510742,1.1800965582838443,0.1319864527670328
0.754,0.044,0.020002365112304688,1.1800965582838443,0.1319864527670328
0.778,0.081,0.019995450973510742,1.2384861192569618,0.13639572496542843
0.791,0.111,0.01999807357788086,1.2384861192569618,0.13639572496542843
0.811,0.123,0.01999068260192871,1.2384861192569618,0.13639572496542843
0.826,0.145,0.020021677017211914,1.2384861192569618,0.13639572496542843
0.847,0.142,0.0199892520904541,1.314777649305054,0.17497197078604013
0.847,0.142,0.020006179809570312,1.314777649305054,0.17497197078604013
0.848,0.152,0.019999027252197266,1.314777649305054,0.17497197078604013
0.86,0.119,0.019996166229248047,1.3868826796237872,0.19311695767016537
0.874,0.119,0.019994497299194336,1.3868826796237872,0.19311695767016537
0.886,0.106,0.02001786231994629,1.3868826796237872,0.19311695767016537
0.9,0.091,0.019979000091552734,1.3955579601223773,0.20396551212643507
0.946,0.134,0.020007610321044922,1.3955579601223773,0.20396551212643507
0.946,0.134,0.020000219345092773,1.3955579601223773,0.20396551212643507
0.946,0.134,0.020004987716674805,1.3955579601223773,0.20396551212643507
1.007,0.112,0.01999950408935547,1.328951082380519,0.20265872247734804
1.043,0.126,0.02000260353088379,1.328951082380519,0.20265872247734804
1.075,0.131,0.019991636276245117,1.328951082380519,0.20265872247734804
1.109,0.131,0.019996166229248047,1.4050943902561708,0.19621894375538296
1.119,0.145,0.020004749298095703,1.4050943902561708,0.19621894375538296
1.142,0.139,0.020003080368041992,1.4050943902561708,0.19621894375538296
1.167,0.145,0.02000594139099121,1.3932575192140366,0.24365418249103077
1.185,0.159,0.019999027252197266,1.3932575192140366,0.24365418249103077
1.213,0.173,0.019989967346191406,1.3932575192140366,0.24365418249103077
1.213,0.173,0.01999497413635254,1.3932575192140366,0.24365418249103077
1.233,0.206,0.020009756088256836,0.9896035529209356,0.1448011858904443
1.24,0.198,0.01999211311340332,0.9896035529209356,0.1448011858904443
1.24,0.198,0.02000594139099121,0.9896035529209356,0.1448011858904443
1.257,0.199,0.020009517669677734,0.9388582772555912,0.15118591710937412
1.267,0.195,0.020010709762573242,0.9388582772555912,0.15118591710937412
1.278,0.19,0.01999354362487793,0.9388582772555912,0.15118591710937412
1.28,0.221,0.019984006881713867,1.026411956732824,0.18735475151099878
1.27,0.206,0.020043373107910156,1.026411956732824,0.18735475151099878
1.27,0.206,0.019962310791015625,1.026411956732824,0.18735475151099878
1.318,0.147,0.01997828483581543,0.9385196688692662,0.16983384538343274
1.318,0.147,0.020013093948364258,0.9385196688692662,0.16983384538343274
1.41,-0.036,0.02000284194946289,0.9385196688692662,0.16983384538343274
1.358,-0.009,0.020010709762573242,0.9385196688692662,0.16983384538343274
1.311,-0.02,0.019985198974609375,1.0210755274897656,0.19727751569270577
1.311,-0.02,0.020008563995361328,1.0210755274897656,0.19727751569270577
1.209,0.025,0.01999688148498535,1.0210755274897656,0.19727751569270577
1.179,-0.005,0.01999521255493164,1.0805143437664564,0.2117156628027048
1.146,0.002,0.019998788833618164,1.0805143437664564,0.2117156628027048
1.104,0.041,0.019998788833618164,1.0805143437664564,0.2117156628027048
1.118,0.059,0.01999950408935547,1.0954265909442866,0.23425059991024796
1.088,0.116,0.02001047134399414,1.0954265909442866,0.23425059991024796
1.118,0.082,0.01999521255493164,1.0954265909442866,0.23425059991024796
1.118,0.082,0.020003080368041992,1.0954265909442866,0.23425059991024796
1.103,0.171,0.020001649856567383,1.1294997060521277,0.21684400753705882
1.103,0.171,0.019995689392089844,1.1294997060521277,0.21684400753705882
1.088,0.231,0.020012617111206055,1.1294997060521277,0.21684400753705882
1.155,0.147,0.020030498504638672,1.1294997060521277,0.21684400753705882
1.108,0.199,0.0199737548828125,1.183470045495062,0.1993645439376912
1.056,0.197,0.019987106323242188,1.183470045495062,0.1993645439376912
1.056,0.197,0.019994497299194336,1.183470045495062,0.1993645439376912
1.045,0.122,0.02000880241394043,0.9828513468210561,0.16517967118763785
1.067,0.066,0.019997358322143555,0.9828513468210561,0.16517967118763785
0.999,0.175,0.019993066787719727,0.9828513468210561,0.16517967118763785
1.028,0.147,0.02000594139099121,1.2312712431402324,0.24797837332609035
1.03,0.178,0.019992589950561523,1.2312712431402324,0.24797837332609035
1.03,0.178,0.020014524459838867,1.2312712431402324,0.24797837332609035
1.066,0.181,0.02003002166748047,1.2312712431402324,0.24797837332609035
1.107,0.168,0.01996302604675293,1.2709104957254458,0.2975796010923412
1.067,0.282,0.020000696182250977,1.2709104957254458,0.2975796010923412
1.09,0.305,0.02000284194946289,1.2709104957254458,0.2975796010923412
1.115,0.258,0.0200042724609375,1.1866094469240391,0.2709336210741271
1.162,0.227,0.019995689392089844,1.1866094469240391,0.2709336210741271
1.152,0.308,0.019997835159301758,1.1866094469240391,0.2709336210741271
1.161,0.243,0.01999497413635254,1.1803628750210815,0.2774775025222626
1.197,0.222,0.020000457763671875,1.1803628750210815,0.2774775025222626
1.148,0.31,0.019997835159301758,1.1803628750210815,0.2774775025222626
1.148,0.31,0.019997358322143555,1.2504886828666404,0.302630018744219
1.209,0.266,0.020005464553833008,1.2504886828666404,0.302630018744219
1.183,0.259,0.020016908645629883,1.2504886828666404,0.302630018744219
1.183,0.259,0.019971370697021484,1.2504886828666404,0.302630018744219
1.183,0.259,0.02000737190246582,1.211107331888046,0.2893554554629331
1.214,0.268,0.020002365112304688,1.211107331888046,0.2893554554629331
1.259,0.265,0.02000117301940918,1.211107331888046,0.2893554554629331
1.245,0.278,0.020006895065307617,1.0253505143602593,0.2198546001491681
1.209,0.264,0.019994497299194336,1.0253505143602593,0.2198546001491681
1.217,0.298,0.020013093948364258,1.0253505143602593,0.2198546001491681
1.217,0.298,0.019995927810668945,1.2691893731687132,0.24805596314691727
1.217,0.299,0.019990921020507812,1.2691893731687132,0.24805596314691727
1.225,0.198,0.020003318786621094,1.2691893731687132,0.24805596314691727
1.239,0.206,0.01999354362487793,1.2691893731687132,0.24805596314691727
1.217,0.206,0.020004749298095703,1.2985245568698451,0.24026745343398895
1.185,0.258,0.019994497299194336,1.2985245568698451,0.24026745343398895
1.225,0.198,0.020000696182250977,1.2985245568698451,0.24026745343398895
1.225,0.198,0.01999664306640625,1.2031456357645518,0.2281647029194684
1.196,0.212,0.01999664306640625,1.2031456357645518,0.2281647029194684
1.207,0.199,0.02000737190246582,1.2031456357645518,0.2281647029194684
1.2,0.232,0.019995927810668945,1.2031456357645518,0.2281647029194684
1.2,0.232,0.020001649856567383,1.1320677291616468,0.2284266085442741
1.227,0.226,0.020056962966918945,1.1320677291616468,0.2284266085442741
1.216,0.21,0.01995253562927246,1.1320677291616468,0.2284266085442741
1.216,0.21,0.019998788833618164,1.0692860115826988,0.206717539252787
1.24,0.155,0.019989013671875,1.0692860115826988,0.206717539252787
1.197,0.216,0.020004987716674805,1.0692860115826988,0.206717539252787
1.197,0.185,0.019997119903564453,0.6931745533915408,0.1515497810136953
1.197,0.185,0.020006656646728516,0.6931745533915408,0.1515497810136953
1.154,0.21,0.02000284194946289,0.6931745533915408,0.1515497810136953
1.188,0.116,0.019995450973510742,0.6931745533915408,0.1515497810136953
1.133,0.154,0.02000713348388672,0.6779453732585219,0.14946764637823534
1.106,0.178,0.019998550415039062,0.6779453732585219,0.14946764637823534
1.15,0.064,0.019998550415039062,0.6779453732585219,0.14946764637823534
1.15,0.064,0.01999044418334961,0.2594802242054235,0.18322693108195295
1.084,0.043,0.020000219345092773,0.2594802242054235,0.18322693108195295
1.015,0.125,0.019998550415039062,0.2594802242054235,0.18322693108195295
1.071,-0.003,0.020005226135253906,-0.7672905034901437,0.2111145925312917
0.96,0.096,0.02000117301940918,-0.7672905034901437,0.2111145925312917
0.96,0.096,0.020003557205200195,-0.7672905034901437,0.2111145925312917
0.871,0.132,0.01999211311340332,-0.7027980207789883,0.21309467374171806
0.734,0.299,0.020002365112304688,-0.7027980207789883,0.21309467374171806
0.653,0.381,0.01999378204345703,-0.7027980207789883,0.21309467374171806
0.617,0.397,0.020009279251098633,-0.7027980207789883,0.21309467374171806
0.943,-0.156,0.02002882957458496,-0.8214372463858226,0.196189249365641
0.943,-0.156,0.019965648651123047,-0.8214372463858226,0.196189249365641
0.78,0.035,0.019997596740722656,-0.8214372463858226,0.196189249365641
0.556,0.315,0.020009517669677734,-1.0812721523202546,0.22636987626744745
0.556,0.315,0.01999974250793457,-1.0812721523202546,0.22636987626744745
0.504,0.326,0.0200045108795166,-1.0812721523202546,0.22636987626744745
0.63,0.099,0.019984722137451172,-0.9970280905231627,0.2166815421855101
0.607,0.092,0.020015239715576172,-0.9970280905231627,0.2166815421855101
0.607,0.092,0.019988059997558594,-0.9970280905231627,0.2166815421855101
0.354,0.421,0.02000570297241211,-0.9970280905231627,0.2166815421855101
0.354,0.421,0.01999950408935547,-1.1454219156645784,0.2261014552226199
0.503,0.048,0.020003080368041992,-1.1454219156645784,0.2261014552226199
0.374,0.151,0.019993305206298828,-1.1454219156645784,0.2261014552226199
0.437,-0.032,0.02000570297241211,-1.2145986758218077,0.2611511335993133
0.375,-0.008,0.019988059997558594,-1.2145986758218077,0.2611511335993133
0.277,0.076,0.020007848739624023,-1.2145986758218077,0.2611511335993133
0.186,0.153,0.019994497299194336,-1.2829193013409608,0.2437497333128628
0.233,0.036,0.020000696182250977,-1.2829193013409608,0.2437497333128628
0.238,-0.014,0.020005226135253906,-1.2829193013409608,0.2437497333128628
0.224,-0.036,0.020003080368041992,-1.2829193013409608,0.2437497333128628
0.128,0.064,0.02000284194946289,-1.230764773120454,0.24846712033320473
0.128,0.064,0.020003080368041992,-1.230764773120454,0.24846712033320473
0.105,0.041,0.019999027252197266,-1.230764773120454,0.24846712033320473
0.105,0.041,0.019984722137451172,-1.3329196139714177,0.21173416839202688
0.065,0.033,0.020014286041259766,-1.3329196139714177,0.21173416839202688
-0.098,0.128,0.019999980926513672,-1.2703000247651008,0.2583809104955961
-0.122,0.144,0.020002365112304688,-1.2703000247651008,0.2583809104955961
-0.154,0.175,0.019997358322143555,-1.2708457785461624,0.2621657013068632
-0.206,0.192,0.02000904083251953,-1.2708457785461624,0.2621657013068632
-0.267,0.164,0.01998615264892578,-1.2708457785461624,0.2621657013068632
-0.258,0.244,0.019998788833618164,-1.2708457785461624,0.2621657013068632
-0.297,0.254,0.020002126693725586,-1.312198826090784,0.2649509215732909
-0.36,0.213,0.02002549171447754,-1.312198826090784,0.2649509215732909
-0.36,0.213,0.01996898651123047,-1.312198826090784,0.2649509215732909
-0.418,0.206,0.019999980926513672,-1.2794438364193417,0.23965389197875211
-0.446,0.182,0.02000117301940918,-1.2794438364193417,0.23965389197875211
-0.493,0.187,0.020002365112304688,-1.2794438364193417,0.23965389197875211
-0.505,0.184,0.01999521255493164,-1.2794438364193417,0.23965389197875211
-0.484,0.231,0.020004987716674805,-1.2992054426888315,0.22850265521764834
-0.524,0.287,0.01999807357788086,-1.2992054426888315,0.22850265521764834
-0.568,0.228,0.02000713348388672,-1.2992054426888315,0.22850265521764834
-0.568,0.228,0.020009756088256836,-1.2718944344598524,0.24118480166308365
-0.6,0.243,0.01998615264892578,-1.2718944344598524,0.24118480166308365
-0.6,0.243,0.01999831199645996,-1.2718944344598524,0.24118480166308365
-0.62,0.214,0.019997119903564453,-1.171359807759674,0.2480206561320871
-0.687,0.218,0.020009756088256836,-1.171359807759674,0.2480206561320871
-0.697,0.226,0.020003318786621094,-1.171359807759674,0.2480206561320871
-0.735,0.239,0.020004749298095703,-1.171359807759674,0.2480206561320871
-0.772,0.206,0.019979238510131836,-1.1508103575914925,0.2502977478335371
-0.787,0.233,0.020008087158203125,-1.1508103575914925,0.2502977478335371
-0.803,0.226,0.02002263069152832,-1.1508103575914925,0.2502977478335371
-0.831,0.202,0.019984960556030273,-1.151635897839132,0.25048295276354277
-0.831,0.202,0.019985437393188477,-1.151635897839132,0.25048295276354277
-0.845,0.221,0.01999378204345703,-1.151635897839132,0.25048295276354277
-0.901,0.24,0.020000457763671875,-1.1445394170677705,0.23465114020199515
-0.901,0.24,0.019999265670776367,-1.1445394170677705,0.23465114020199515
-0.953,0.223,0.02000904083251953,-1.1445394170677705,0.23465114020199515
-1.005,0.228,0.020000457763671875,-1.1445394170677705,0.23465114020199515
-1.005,0.228,0.020000934600830078,-1.0975647417180696,0.24017593796027467
-1.038,0.219,0.020003080368041992,-1.0975647417180696,0.24017593796027467
-1.051,0.201,0.019993066787719727,-1.0975647417180696,0.24017593796027467
-1.1,0.223,0.020006895065307617,-1.1740279035801073,0.20535528719930143
-1.107,0.248,0.020000934600830078,-1.1740279035801073,0.20535528719930143
-1.118,0.212,0.019987106323242188,-1.1740279035801073,0.20535528719930143
-1.118,0.212,0.02001810073852539,-1.1155472257567236,0.1884172034108641
-1.139,0.204,0.020003557205200195,-1.1155472257567236,0.1884172034108641
-1.139,0.204,0.019993066787719727,-1.1155472257567236,0.1884172034108641
-1.19,0.135,0.019999027252197266,-1.1012660021107241,0.1832824907212005
-1.196,0.132,0.020002126693725586,-1.1012660021107241,0.1832824907212005
-1.198,0.129,0.0199892520904541,-1.1012660021107241,0.1832824907212005
-1.203,0.111,0.02000594139099121,-1.1012660021107241,0.1832824907212005
-1.212,0.082,0.019998550415039062,-1.0201708974039074,0.19159633182474
-1.215,0.081,0.020001649856567383,-1.0201708974039074,0.19159633182474
-1.236,0.06,0.02000594139099121,-1.0201708974039074,0.19159633182474
-1.24,0.028,0.019997596740722656,-0.8975469532376074,0.16233383237695984
-1.24,0.028,0.01999688148498535,-0.8975469532376074,0.16233383237695984
-1.203,0.101,0.02000594139099121,-0.8975469532376074,0.16233383237695984
-1.144,0.162,0.019992589950561523,-0.8975469532376074,0.16233383237695984
-1.195,0.066,0.020005226135253906,-0.8952341405991859,0.16207652411957627
-1.185,0.016,0.02000117301940918,-0.8952341405991859,0.16207652411957627
-1.185,0.016,0.019988059997558594,-0.8952341405991859,0.16207652411957627
-1.154,0.011,0.020014524459838867,-0.8469392695724015,0.1523908869340789
-1.086,0.066,0.01999640464782715,-0.8469392695724015,0.1523908869340789
-1.126,-0.037,0.01999688148498535,-0.8469392695724015,0.1523908869340789
-1.089,-0.03,0.020001888275146484,-0.6576673723957666,0.14222638864296278
-1.089,-0.03,0.020020246505737305,-0.6576673723957666,0.14222638864296278
-1.047,-0.033,0.019977569580078125,-0.6576673723957666,0.14222638864296278
-1.034,-0.053,0.02002096176147461,-0.6576673723957666,0.14222638864296278
-0.959,0.003,0.01996636390686035,-0.6593631448827506,0.14216843080163152
-0.973,-0.075,0.020009517669677734,-0.6593631448827506,0.14216843080163152
-0.942,-0.049,0.019993305206298828,-0.6593631448827506,0.14216843080163152
-0.689,0.279,0.02002692222595215,0.5005181569818757,0.36788153294851655
-0.696,0.251,0.019981861114501953,0.5005181569818757,0.36788153294851655
-0.658,0.268,0.019998788833618164,0.5005181569818757,0.36788153294851655
-0.649,0.283,0.02000141143798828,0.503808226273178,0.36973698961745105
-0.646,0.262,0.01999664306640625,0.503808226273178,0.36973698961745105
-0.796,0.042,0.02000284194946289,0.503808226273178,0.36973698961745105
-0.627,0.292,0.019994258880615234,0.503808226273178,0.36973698961745105
-0.627,0.292,0.020001649856567383,0.5040920784235683,0.3708235131243244
-0.541,0.428,0.020004987716674805,0.5040920784235683,0.3708235131243244
-0.524,0.454,0.019994020462036133,0.5040920784235683,0.3708235131243244
-0.583,0.312,0.020002126693725586,0.4934789159185988,0.3529596293003244
-0.545,0.308,0.019991397857666016,0.4934789159185988,0.3529596293003244
-0.545,0.308,0.020006179809570312,0.4934789159185988,0.3529596293003244
-0.455,0.338,0.02000737190246582,0.5969685507915045,0.346564731961123
-0.455,0.338,0.019995927810668945,0.5969685507915045,0.346564731961123
-0.439,0.341,0.019995689392089844,0.5969685507915045,0.346564731961123
-0.486,0.263,0.020009279251098633,0.5969685507915045,0.346564731961123
-0.398,0.398,0.01999354362487793,0.6101119656529327,0.3033838048944522
-0.364,0.431,0.020011425018310547,0.6101119656529327,0.3033838048944522
-0.416,0.34,0.01999807357788086,0.6101119656529327,0.3033838048944522
-0.42,0.342,0.01999521255493164,0.7592497394947898,0.32089356683487874
-0.388,0.365,0.020005226135253906,0.7592497394947898,0.32089356683487874
-0.388,0.365,0.01999187469482422,0.7816483537265152,0.28616154089848256
-0.349,0.375,0.020008325576782227,0.7816483537265152,0.28616154089848256
-0.33,0.354,0.019994497299194336,0.7816483537265152,0.28616154089848256
-0.33,0.354,0.020004987716674805,0.7816483537265152,0.28616154089848256
-0.301,0.331,0.01999068260192871,0.9159943533684397,0.3114042585190069
-0.294,0.305,0.02001023292541504,0.9159943533684397,0.3114042585190069
-0.274,0.299,0.01999354362487793,0.9159943533684397,0.3114042585190069
-0.274,0.299,0.019994258880615234,0.9159943533684397,0.3114042585190069
-0.221,0.291,0.0200040340423584,0.889954815220929,0.3557978548651141
-0.221,0.291,0.020003557205200195,0.889954815220929,0.3557978548651141
-0.188,0.29,0.019987821578979492,0.889954815220929,0.3557978548651141
-0.159,0.302,0.01999831199645996,1.2885354780875264,0.3835959077600468
-0.139,0.305,0.020014286041259766,1.2885354780875264,0.3835959077600468
-0.139,0.305,0.01999044418334961,1.2885354780875264,0.3835959077600468
-0.116,0.334,0.019998550415039062,1.2812298097423502,0.33205422398360207
-0.103,0.333,0.02001214027404785,1.2812298097423502,0.33205422398360207
-0.074,0.35,0.02000260353088379,1.2812298097423502,0.33205422398360207
-0.074,0.35,0.01999354362487793,1.2812298097423502,0.33205422398360207
0.058,0.336,0.02000713348388672,1.3245270422025677,0.32138795380915786
0.077,0.323,0.019992828369140625,1.2343144005475588,0.31535939204126173
0.104,0.321,0.02001667022705078,1.2343144005475588,0.31535939204126173
0.13,0.33,0.01998591423034668,1.2343144005475588,0.31535939204126173
0.15,0.309,0.02000594139099121,1.2343144005475588,0.31535939204126173
0.138,0.293,0.019990205764770508,1.2706193655931608,0.14084839702544316
0.173,0.31,0.02001333236694336,1.2706193655931608,0.14084839702544316
0.206,0.328,0.019986629486083984,1.2706193655931608,0.14084839702544316
0.231,0.311,0.02000594139099121,1.4124720335804077,0.19195121720078584
0.243,0.283,0.019992828369140625,1.4124720335804077,0.19195121720078584
0.243,0.283,0.020005226135253906,1.4124720335804077,0.19195121720078584
0.289,0.21,0.02001166343688965,1.4107023631360731,0.19113503345703803
0.277,0.253,0.019989728927612305,1.4107023631360731,0.19113503345703803
0.277,0.253,0.019997835159301758,1.4107023631360731,0.19113503345703803
0.357,0.146,0.019995689392089844,1.4350811428738326,0.14011851649476262
0.363,0.142,0.020008087158203125,1.4350811428738326,0.14011851649476262
0.391,0.145,0.020002126693725586,1.4350811428738326,0.14011851649476262
0.4,0.158,0.019996166229248047,1.4350811428738326,0.14011851649476262
0.392,0.15,0.02000904083251953,1.4496041542103102,0.133364902794252
0.42,0.131,0.019976139068603516,1.4496041542103102,0.133364902794252
0.467,0.133,0.020028352737426758,1.4496041542103102,0.133364902794252
0.497,0.124,0.019981861114501953,1.4300930369274307,0.12564752103143326
0.497,0.124,0.020009994506835938,1.4300930369274307,0.12564752103143326
0.515,0.096,0.01999521255493164,1.4300930369274307,0.12564752103143326
0.515,0.096,0.020004749298095703,1.4300930369274307,0.12564752103143326
0.543,0.094,0.01997995376586914,1.4319517460015134,0.09346897705702911
0.564,0.117,0.020011425018310547,1.4319517460015134,0.09346897705702911
0.604,0.078,0.01999688148498535,1.3857492435359684,0.09877161165114809
0.606,0.092,0.019988059997558594,1.3857492435359684,0.09877161165114809
0.644,0.09,0.019999027252197266,1.3857492435359684,0.09877161165114809
0.644,0.09,0.02001476287841797,1.3857492435359684,0.09877161165114809
0.667,0.066,0.019997835159301758,1.4268194697877947,0.11962378964437524
0.67,0.088,0.020011425018310547,1.4268194697877947,0.11962378964437524
0.7,0.09,0.019994497299194336,1.4268194697877947,0.11962378964437524
0.705,0.086,0.019999980926513672,1.4268194697877947,0.11962378964437524
0.705,0.086,0.0200045108795166,1.469023199436105,0.10975777767579944
0.761,0.077,0.019995689392089844,1.469023199436105,0.10975777767579944
0.775,0.106,0.019994020462036133,1.469023199436105,0.10975777767579944
0.775,0.106,0.02000737190246582,1.4645164841443858,0.14494922918360786
0.804,0.107,0.02000713348388672,1.4645164841443858,0.14494922918360786
0.821,0.094,0.019990205764770508,1.4645164841443858,0.14494922918360786
0.853,0.097,0.019997835159301758,1.4835881631893133,0.15534314032460833
0.863,0.105,0.020006179809570312,1.4835881631893133,0.15534314032460833
0.863,0.105,0.019997358322143555,1.4835881631893133,0.15534314032460833
0.894,0.123,0.020003080368041992,1.4835881631893133,0.15534314032460833
0.915,0.12,0.019987821578979492,1.4493024858985037,0.16277333762869808
0.943,0.121,0.02000713348388672,1.4493024858985037,0.16277333762869808
0.97,0.132,0.020007848739624023,1.4493024858985037,0.16277333762869808
0.989,0.145,0.019991159439086914,1.339739175986749,0.16118859579023898
1.008,0.124,0.01999354362487793,1.339739175986749,0.16118859579023898
1.035,0.137,0.02000713348388672,1.339739175986749,0.16118859579023898
1.035,0.137,0.01999521255493164,1.339739175986749,0.16118859579023898
1.053,0.161,0.02000141143798828,1.3734644055117136,0.18011651113749716
1.053,0.161,0.020003318786621094,1.3734644055117136,0.18011651113749716
1.07,0.149,0.019997835159301758,1.3734644055117136,0.18011651113749716
1.108,0.159,0.020010709762573242,1.2390971720522936,0.11411125577949302
1.108,0.159,0.020000696182250977,1.2390971720522936,0.11411125577949302
1.124,0.145,0.019996166229248047,1.2390971720522936,0.11411125577949302
1.16,0.184,0.019995927810668945,1.2993294650618479,0.2582494578936461
1.16,0.184,0.0200040340423584,1.2993294650618479,0.2582494578936461
1.197,0.189,0.020001649856567383,1.2993294650618479,0.2582494578936461
1.197,0.189,0.019998550415039062,1.2134584900798335,0.14819277292949104
1.231,0.177,0.020003795623779297,1.2134584900798335,0.14819277292949104
1.253,0.2,0.019997119903564453,1.2134584900798335,0.14819277292949104
1.274,0.207,0.020001888275146484,1.2134584900798335,0.14819277292949104
1.239,0.176,0.019997835159301758,1.2172467231731077,0.20975385645409464
1.262,0.161,0.019994258880615234,1.2172467231731077,0.20975385645409464
1.262,0.147,0.0200045108795166,1.2172467231731077,0.20975385645409464
1.273,0.135,0.02000117301940918,1.2464177986644855,0.2525732648495689
1.291,0.126,0.01999497413635254,1.2464177986644855,0.2525732648495689
1.314,0.099,0.020002365112304688,1.2464177986644855,0.2525732648495689
1.315,0.131,0.01999974250793457,1.2248626005985586,0.2449474781569244
1.315,0.131,0.02000737190246582,1.2248626005985586,0.2449474781569244
1.289,0.162,0.01999378204345703,1.2248626005985586,0.2449474781569244
1.289,0.162,0.019994258880615234,1.2248626005985586,0.2449474781569244
1.265,0.187,0.02000260353088379,0.8641668838780168,0.16976778924726776
1.265,0.187,0.019997119903564453,0.8641668838780168,0.16976778924726776
1.314,0.107,0.020004749298095703,0.8641668838780168,0.16976778924726776
1.293,0.142,0.02000880241394043,0.46236336614830137,0.11393733975794895
1.265,0.171,0.01998758316040039,0.46236336614830137,0.11393733975794895
1.299,0.091,0.020006179809570312,0.46236336614830137,0.11393733975794895
1.281,0.091,0.01999068260192871,0.4582246942903244,0.11478922335186353
1.241,0.106,0.020000934600830078,0.4582246942903244,0.11478922335186353
1.254,0.03,0.020000934600830078,0.4582246942903244,0.11478922335186353
1.185,0.079,0.01999354362487793,0.4582246942903244,0.11478922335186353
1.107,0.137,0.02000880241394043,0.7958643433620511,0.39244956325541
1.13,0.048,0.020001888275146484,0.7958643433620511,0.39244956325541
1.099,0.025,0.020001888275146484,0.7958643433620511,0.39244956325541
1.08,-0.001,0.020006418228149414,0.6414671822532617,0.4239897481619084
1.016,0.056,0.019994020462036133,0.6414671822532617,0.4239897481619084
1.007,0.045,0.019999980926513672,0.6414671822532617,0.4239897481619084
1.007,0.045,0.020000934600830078,0.5141035414406596,0.37122567985371235
1.007,0.045,0.02001333236694336,0.5141035414406596,0.37122567985371235
0.728,0.419,0.019989967346191406,0.5141035414406596,0.37122567985371235
0.647,0.531,0.019993305206298828,0.5141035414406596,0.37122567985371235
0.664,0.492,0.0200042724609375,0.4799483698071107,0.34655286505226235
0.664,0.492,0.02001643180847168,0.4799483698071107,0.34655286505226235
0.776,0.291,0.01997852325439453,0.4799483698071107,0.34655286505226235
0.571,0.543,0.02000117301940918,0.5066819228940297,0.37400650431755644
0.58,0.476,0.0200042724609375,0.5066819228940297,0.37400650431755644
0.549,0.463,0.02002120018005371,0.5066819228940297,0.37400650431755644
0.529,0.464,0.01997089385986328,0.4928227271777047,0.36480895687135045
0.696,0.157,0.02001047134399414,0.4928227271777047,0.36480895687135045
0.576,0.292,0.019997358322143555,0.4928227271777047,0.36480895687135045
0.426,0.486,0.019990921020507812,0.4928227271777047,0.36480895687135045
0.414,0.459,0.020007848739624023,0.4188966817744992,0.3454017540749127
0.456,0.369,0.019990205764770508,0.4188966817744992,0.3454017540749127
0.505,0.265,0.020007848739624023,0.4188966817744992,0.3454017540749127
0.505,0.265,0.020005226135253906,0.4564936944094548,0.3929480263934169
0.486,0.243,0.020000934600830078,0.4564936944094548,0.3929480263934169
0.475,0.278,0.01999640464782715,0.4564936944094548,0.3929480263934169
0.395,0.399,0.019999027252197266,0.46921334912094265,0.39571452254734624
0.395,0.399,0.020017147064208984,0.46921334912094265,0.39571452254734624
0.395,0.399,0.019983768463134766,0.46921334912094265,0.39571452254734624
0.419,0.371,0.020000219345092773,0.46921334912094265,0.39571452254734624
0.419,0.371,0.020000934600830078,0.4581345261460997,0.4055703008320067
0.481,0.343,0.019997119903564453,0.4581345261460997,0.4055703008320067
0.427,0.429,0.019995450973510742,0.4581345261460997,0.4055703008320067
0.398,0.461,0.020009756088256836,0.3676100549220208,0.4182055734102617
0.42,0.441,0.01999950408935547,0.3676100549220208,0.4182055734102617
0.42,0.441,0.02001357078552246,0.3676100549220208,0.4182055734102617
0.424,0.43,0.019972562789916992,0.36764522525028104,0.4191253849747279
0.424,0.43,0.01999950408935547,0.36764522525028104,0.4191253849747279
0.409,0.431,0.02000570297241211,0.36764522525028104,0.4191253849747279
0.359,0.485,0.01999831199645996,0.36764522525028104,0.4191253849747279
0.354,0.483,0.01999831199645996,0.3550998069397898,0.41287789287969884
0.369,0.472,0.020003080368041992,0.3550998069397898,0.41287789287969884
0.367,0.438,0.019997119903564453,0.3550998069397898,0.41287789287969884
0.367,0.438,0.020008087158203125,0.40707215616494896,0.33655537649964323
0.362,0.408,0.020000696182250977,0.40707215616494896,0.33655537649964323
0.341,0.423,0.0200042724609375,0.40707215616494896,0.33655537649964323
0.358,0.397,0.020004749298095703,0.44166106400478844,0.366981318887243
0.375,0.336,0.019983291625976562,0.44166106400478844,0.366981318887243
0.464,0.202,0.01999974250793457,0.44166106400478844,0.366981318887243
0.464,0.202,0.020009279251098633,0.44166106400478844,0.366981318887243
0.393,0.328,0.019997835159301758,0.32854828883876647,0.3438934763116836
0.393,0.328,0.020001888275146484,0.32854828883876647,0.3438934763116836
0.383,0.361,0.019996166229248047,0.32854828883876647,0.3438934763116836
0.421,0.315,0.019997596740722656,0.3113310507641676,0.35843051836508116
0.459,0.238,0.02001190185546875,0.3113310507641676,0.35843051836508116
0.381,0.366,0.019999265670776367,0.3113310507641676,0.35843051836508116
0.395,0.312,0.01999974250793457,0.3065746895169619,0.3562882633064497
0.328,0.398,0.020007848739624023,0.3065746895169619,0.3562882633064497
0.311,0.42,0.01998138427734375,0.3065746895169619,0.3562882633064497
0.311,0.42,0.020001888275146484,0.3065746895169619,0.3562882633064497
0.302,0.38,0.020003318786621094,0.319731395468224,0.29338680988032545
0.302,0.38,0.019999980926513672,0.319731395468224,0.29338680988032545
0.301,0.371,0.019998550415039062,0.319731395468224,0.29338680988032545
0.308,0.34,0.020003080368041992,0.21945677824052404,0.33301474717918383
0.308,0.34,0.01999831199645996,0.21945677824052404,0.33301474717918383
0.317,0.323,0.020001888275146484,0.21945677824052404,0.33301474717918383
0.277,0.338,0.01999664306640625,0.21996143845304683,0.33723029049395603
0.261,0.33,0.0200197696685791,0.21996143845304683,0.33723029049395603
0.253,0.324,0.01997542381286621,0.21996143845304683,0.33723029049395603
0.253,0.324,0.019997358322143555,0.21996143845304683,0.33723029049395603
0.238,0.332,0.020000696182250977,0.27385086131706105,0.20987041978974205
0.225,0.336,0.020001649856567383,0.27385086131706105,0.20987041978974205
0.225,0.336,0.01999521255493164,0.5368486868972528,0.17109335097490425
0.219,0.331,0.020014286041259766,0.5368486868972528,0.17109335097490425
0.228,0.314,0.019999265670776367,0.5368486868972528,0.17109335097490425
0.228,0.314,0.020006179809570312,0.5368486868972528,0.17109335097490425
0.234,0.263,0.019988298416137695,0.5388723064271842,0.17147122610995666
0.262,0.217,0.01999688148498535,0.5388723064271842,0.17147122610995666
0.266,0.218,0.019998788833618164,0.5388723064271842,0.17147122610995666
0.373,0.068,0.020000934600830078,0.5946903980089936,0.14115589454558647
0.316,0.171,0.01999807357788086,0.5946903980089936,0.14115589454558647
0.308,0.198,0.020000219345092773,0.5946903980089936,0.14115589454558647
0.398,0.082,0.01999974250793457,0.5946903980089936,0.14115589454558647
0.398,0.082,0.020009279251098633,0.6614631881716395,0.1166350012181702
0.419,0.067,0.0200045108795166,0.6614631881716395,0.1166350012181702
0.44,0.062,0.019997119903564453,0.6614631881716395,0.1166350012181702
0.467,0.075,0.01998138427734375,0.6616493797284846,0.11586002337284355
0.458,0.132,0.020006179809570312,0.6616493797284846,0.11586002337284355
0.491,0.131,0.01999974250793457,0.6616493797284846,0.11586002337284355
0.529,0.123,0.01999521255493164,0.12976674225470858,0.10569953154096476
0.529,0.123,0.020005226135253906,0.12976674225470858,0.10569953154096476
0.529,0.096,0.020018577575683594,0.12976674225470858,0.10569953154096476
0.52,0.091,0.019986629486083984,1.436991183360887,0.19043797469290857
0.539,0.095,0.0199892520904541,1.436991183360887,0.19043797469290857
0.555,0.057,0.020002365112304688,1.436991183360887,0.19043797469290857
0.582,0.043,0.02001357078552246,1.436991183360887,0.19043797469290857
0.582,0.043,0.019997119903564453,1.3012753341808316,0.18227629829682399
0.521,0.173,0.020035982131958008,1.3012753341808316,0.18227629829682399
0.539,0.162,0.01996469497680664,1.3012753341808316,0.18227629829682399
0.62,0.064,0.020006895065307617,1.428539570203135,0.17602675000730428
0.576,0.155,0.020003318786621094,1.428539570203135,0.17602675000730428
0.51,0.301,0.019986629486083984,1.428539570203135,0.17602675000730428
0.665,0.099,0.020003795623779297,1.428539570203135,0.17602675000730428
0.631,0.17,0.02000904083251953,1.329002078274539,0.18149495194980286
0.561,0.328,0.0199887752532959,1.329002078274539,0.18149495194980286
0.561,0.328,0.020004987716674805,1.329002078274539,0.18149495194980286
0.593,0.292,0.020002365112304688,1.3177115118560683,0.17938463699987423
0.622,0.27,0.019995450973510742,1.3177115118560683,0.17938463699987423
0.658,0.245,0.020024776458740234,1.3177115118560683,0.17938463699987423
0.801,0.07,0.01997065544128418,1.4573571523650242,0.14172329982504156
0.801,0.07,0.02000141143798828,1.4573571523650242,0.14172329982504156
0.81,0.109,0.019995689392089844,1.4573571523650242,0.14172329982504156
0.756,0.16,0.020000457763671875,1.4573571523650242,0.14172329982504156
0.739,0.207,0.02000260353088379,1.354341045481207,0.16830136507976606
0.789,0.17,0.020001888275146484,1.354341045481207,0.16830136507976606
0.838,0.142,0.020010709762573242,1.354341045481207,0.16830136507976606
0.87,0.141,0.019985198974609375,1.2435796553707725,0.1625499572119725
0.87,0.141,0.020002365112304688,1.2435796553707725,0.1625499572119725
0.855,0.19,0.02000284194946289,1.2435796553707725,0.1625499572119725
0.913,0.175,0.020000219345092773,1.1807128161762723,0.14343967493135618
0.913,0.175,0.019994735717773438,1.1807128161762723,0.14343967493135618
0.95,0.177,0.019991636276245117,1.1807128161762723,0.14343967493135618
0.966,0.183,0.02000713348388672,1.1807128161762723,0.14343967493135618
0.982,0.185,0.02000880241394043,1.1546060559325282,0.10690286465434846
1.014,0.159,0.019991636276245117,1.1546060559325282,0.10690286465434846
1.025,0.145,0.020008563995361328,1.1546060559325282,0.10690286465434846
1.025,0.145,0.02001166343688965,1.1693726911179505,0.10749785756858322
1.037,0.146,0.019977569580078125,1.1693726911179505,0.10749785756858322
1.094,0.133,0.019997119903564453,1.1693726911179505,0.10749785756858322
1.113,0.12,0.02001190185546875,0.9941572528581856,0.09210552768076169
1.13,0.138,0.020001888275146484,0.9941572528581856,0.09210552768076169
1.13,0.138,0.019992828369140625,0.9941572528581856,0.09210552768076169
1.157,0.112,0.019995450973510742,0.8216412669066424,0.07303971488491771
1.157,0.112,0.02000570297241211,0.8216412669066424,0.07303971488491771
1.151,0.117,0.019999980926513672,0.8216412669066424,0.07303971488491771
1.155,0.085,0.019998550415039062,0.8216412669066424,0.07303971488491771
1.157,0.059,0.01999664306640625,0.8197070951746639,0.07290309581933964
1.148,0.056,0.020004749298095703,0.8197070951746639,0.07290309581933964
1.15,0.047,0.020002126693725586,0.8197070951746639,0.07290309581933964
1.134,0.019,0.020006656646728516,0.7928832008268067,0.07621251931993761
1.138,-0.009,0.01999807357788086,0.7928832008268067,0.07621251931993761
1.12,-0.026,0.019997596740722656,0.7928832008268067,0.07621251931993761
1.108,-0.054,0.020002365112304688,0.7928832008268067,0.07621251931993761
1.108,-0.054,0.019997596740722656,0.7721232379437505,0.06907495647997243
0.996,-0.012,0.02000141143798828,0.7721232379437505,0.06907495647997243
0.996,-0.012,0.02000117301940918,0.7721232379437505,0.06907495647997243
0.934,-0.066,0.01999974250793457,0.7721232041763263,0.06907495616349794
0.934,-0.066,0.019985675811767578,0.7721232041763263,0.06907495616349794
0.881,-0.051,0.020013093948364258,0.7721232041763263,0.06907495616349794
0.84,-0.036,0.020001888275146484,0.785875479063785,0.083534935041668
0.855,-0.06,0.020014047622680664,0.785875479063785,0.083534935041668
0.855,-0.06,0.01997661590576172,0.785875479063785,0.083534935041668
0.845,-0.05,0.01999640464782715,0.9820113562317676,0.11925164727685811
0.846,-0.027,0.020000696182250977,0.9820113562317676,0.11925164727685811
0.835,-0.009,0.019992351531982422,0.9820113562317676,0.11925164727685811
0.823,0.034,0.0200192928314209,0.9820113562317676,0.11925164727685811
0.823,0.034,0.01999974250793457,0.9825252191037955,0.11929409604561748
0.86,0.0,0.02001476287841797,0.9825252191037955,0.11929409604561748
0.86,0.0,0.01997661590576172,0.9825252191037955,0.11929409604561748
0.832,0.103,0.019998550415039062,0.9825252191037955,0.11929409604561748
0.861,0.112,0.020006895065307617,0.914450698580093,0.10611456080766196
0.865,0.142,0.020000457763671875,0.914450698580093,0.10611456080766196
0.865,0.142,0.01999354362487793,0.8824127490979943,0.09560386093870347
0.842,0.222,0.020011425018310547,0.8824127490979943,0.09560386093870347
0.804,0.227,0.019997596740722656,0.8824127490979943,0.09560386093870347
0.768,0.166,0.0199892520904541,0.8824127490979943,0.09560386093870347
0.768,0.166,0.020011186599731445,0.882540017880631,0.09561381126780709
0.718,0.115,0.019992351531982422,0.882540017880631,0.09561381126780709
0.74,0.124,0.020018577575683594,0.882540017880631,0.09561381126780709
0.753,0.129,0.019980430603027344,0.9022332370994951,0.11481587436248634
0.782,0.126,0.020001649856567383,0.9022332370994951,0.11481587436248634
0.806,0.12,0.02001500129699707,0.9022332370994951,0.11481587436248634
0.806,0.12,0.019977331161499023,0.9022332370994951,0.11481587436248634
0.841,0.124,0.019999265670776367,0.8796568563247817,0.10427744712171289
0.853,0.109,0.020008087158203125,0.8796568563247817,0.10427744712171289
0.883,0.124,0.01999807357788086,0.8796568563247817,0.10427744712171289
0.878,0.099,0.0200040340423584,0.8796727713330746,0.10427894076269516
0.886,0.099,0.02000284194946289,0.8796727713330746,0.10427894076269516
0.89,0.092,0.01999688148498535,0.8796727713330746,0.10427894076269516
0.899,0.088,0.019992589950561523,0.982112929194991,0.10964842285852588
0.908,0.069,0.019999027252197266,0.982112929194991,0.10964842285852588
0.916,0.067,0.019997596740722656,0.982112929194991,0.10964842285852588
0.944,0.062,0.020006656646728516,0.9364608491432218,0.10640573284796408
0.954,0.056,0.019999027252197266,0.9364608491432218,0.10640573284796408
0.965,0.054,0.02002716064453125,0.9364608491432218,0.10640573284796408
0.973,0.053,0.019974231719970703,0.9364608491432218,0.10640573284796408
0.986,0.044,0.019994735717773438,0.9362876836147078,0.10639340196871835
0.986,0.044,0.02000284194946289,0.9362876836147078,0.10639340196871835
0.986,0.047,0.020005226135253906,0.9362876836147078,0.10639340196871835
0.994,0.037,0.019999027252197266,0.9087137972954025,0.11085874852780993
0.997,0.021,0.01999664306640625,0.9087137972954025,0.11085874852780993
0.997,0.021,0.01999974250793457,0.9087137972954025,0.11085874852780993
0.984,0.037,0.019997358322143555,0.8877361571642858,0.1125724239474107
0.984,0.037,0.020008087158203125,0.8877361571642858,0.1125724239474107
0.987,0.039,0.020004987716674805,0.8877361571642858,0.1125724239474107
0.979,0.024,0.019993305206298828,0.8877361571642858,0.1125724239474107
0.979,0.024,0.01999688148498535,0.8877455548049371,0.11257326815278952
0.958,0.053,0.019998550415039062,0.8877455548049371,0.11257326815278952
0.958,0.053,0.020001888275146484,0.8877455548049371,0.11257326815278952
0.927,0.074,0.019999265670776367,0.8306817382515618,0.09811316328386618
0.905,0.094,0.020005226135253906,0.8306817382515618,0.09811316328386618
0.905,0.094,0.02000737190246582,0.8306817382515618,0.09811316328386618
0.897,0.09,0.01999664306640625,0.8306817382515618,0.09811316328386618
0.886,0.092,0.020002365112304688,0.7787123430126363,0.07674361709846955
0.922,0.019,0.019986629486083984,0.7787123430126363,0.07674361709846955
0.882,0.042,0.020027875900268555,0.7787123430126363,0.07674361709846955
0.882,0.042,0.019973039627075195,0.7787123311939914,0.07674362064513333
0.852,0.033,0.0200045108795166,0.7787123311939914,0.07674362064513333
0.85,0.015,0.019997596740722656,0.7787123311939914,0.07674362064513333
0.811,0.043,0.020003080368041992,0.7982707489802933,0.09313468623362234
0.827,0.012,0.01999640464782715,0.7982707489802933,0.09313468623362234
0.783,0.054,0.020001649856567383,0.7982707489802933,0.09313468623362234
0.783,0.054,0.020002126693725586,1.27155945275951,0.08622315980081975
0.783,0.054,0.01999521255493164,1.27155945275951,0.08622315980081975
0.785,0.043,0.020003557205200195,1.27155945275951,0.08622315980081975
0.821,0.0,0.020000934600830078,1.27155945275951,0.08622315980081975
0.821,0.0,0.019995450973510742,1.3735577774582575,0.07586190979807084
0.767,0.086,0.020003080368041992,1.3735577774582575,0.07586190979807084
0.823,-0.001,0.019997596740722656,1.3735577774582575,0.07586190979807084
0.823,-0.001,0.020007848739624023,1.3898705163136718,0.07870419935270376
0.805,0.053,0.01999640464782715,1.3898705163136718,0.07870419935270376
0.811,0.083,0.019987821578979492,1.3898705163136718,0.07870419935270376
0.825,0.099,0.02000570297241211,1.3898704186433255,0.07870397158886222
0.853,0.116,0.020002365112304688,1.3898704186433255,0.07870397158886222
0.872,0.134,0.01999950408935547,1.3898704186433255,0.07870397158886222
0.871,0.163,0.020002365112304688,1.3898704186433255,0.07870397158886222
0.906,0.158,0.020001888275146484,1.060963426937334,0.1266896120087617
0.918,0.151,0.020003557205200195,1.060963426937334,0.1266896120087617
0.946,0.16,0.020001649856567383,1.060963426937334,0.1266896120087617
0.97,0.166,0.02000117301940918,0.8420281183908048,0.0872356605135077
0.979,0.19,0.019999027252197266,0.8420281183908048,0.0872356605135077
0.979,0.19,0.01998591423034668,0.8420281183908048,0.0872356605135077
0.992,0.164,0.019994497299194336,0.8480668960694274,0.09347037199207782
1.007,0.119,0.02001333236694336,0.8480668960694274,0.09347037199207782
1.007,0.119,0.019997835159301758,0.8480668960694274,0.09347037199207782
1.014,0.121,0.020001649856567383,0.8480668960694274,0.09347037199207782
1.017,0.1,0.02000117301940918,0.8551469955283153,0.09716992277955813
1.017,0.1,0.020001888275146484,0.8551469955283153,0.09716992277955813
1.016,0.051,0.020006179809570312,0.8551469955283153,0.09716992277955813
1.018,0.031,0.019994497299194336,0.7671558885060299,0.049032292178400355
1.014,0.039,0.020006656646728516,0.7671558885060299,0.049032292178400355
1.014,0.039,0.019983291625976562,0.7671558885060299,0.049032292178400355
1.009,-0.003,0.020008087158203125,1.0259779815295995,0.049192498869016825
0.991,-0.027,0.020008563995361328,1.0259779815295995,0.049192498869016825
0.991,-0.027,0.019998550415039062,1.0259779815295995,0.049192498869016825
0.947,-0.044,0.01999950408935547,1.0259779815295995,0.049192498869016825
0.927,-0.042,0.020001649856567383,1.025406748658309,0.04922769887412874
0.927,-0.042,0.019995927810668945,1.025406748658309,0.04922769887412874
0.888,-0.025,0.01999688148498535,1.025406748658309,0.04922769887412874
0.888,-0.025,0.020006179809570312,0.907156071447695,0.03900299819266396
0.856,0.044,0.01999378204345703,0.907156071447695,0.03900299819266396
0.899,0.0,0.019993066787719727,0.907156071447695,0.03900299819266396
0.857,0.062,0.020017623901367188,0.8444175364074126,0.052453100343003434
0.87,0.048,0.019988059997558594,0.8444175364074126,0.052453100343003434
0.87,0.048,0.020000696182250977,0.8444175364074126,0.052453100343003434
0.85,0.07,0.019995450973510742,0.8444175364074126,0.052453100343003434
0.797,0.119,0.019999980926513672,0.8444175700206688,0.05245310086995997
0.833,0.023,0.020015239715576172,0.8444175700206688,0.05245310086995997
0.808,0.05,0.019988059997558594,0.8444175700206688,0.05245310086995997
0.768,0.098,0.019986629486083984,0.7797507863338184,-0.01047473570561444
0.781,0.075,0.02000904083251953,0.7797507863338184,-0.01047473570561444
0.781,0.075,0.020004749298095703,0.7797507863338184,-0.01047473570561444
0.761,0.086,0.02001333236694336,0.7141351519337555,0.03572189399676242
0.781,0.026,0.019977092742919922,0.7141351519337555,0.03572189399676242
0.781,0.026,0.02001047134399414,0.7141351519337555,0.03572189399676242
0.768,0.051,0.020015478134155273,0.7141351519337555,0.03572189399676242
0.757,0.027,0.019993305206298828,0.7133029994163279,0.0357593822815314
0.751,0.027,0.019997119903564453,0.7133029994163279,0.0357593822815314
0.751,0.027,0.01999664306640625,0.7133029994163279,0.0357593822815314
0.728,0.058,0.020008563995361328,0.6900863606945422,0.0035253228458148643
0.757,-0.005,0.01999688148498535,0.6900863606945422,0.0035253228458148643
0.742,0.0,0.01998162269592285,0.6900863606945422,0.0035253228458148643
0.725,0.016,0.020003795623779297,0.6257594671766015,0.00609446696063107
0.701,0.031,0.02001500129699707,0.6257594671766015,0.00609446696063107
0.726,-0.012,0.019994258880615234,0.6257594671766015,0.00609446696063107
0.726,-0.012,0.020002365112304688,0.6257594671766015,0.00609446696063107
0.614,0.132,0.01999974250793457,0.6287063398884442,0.00574025306213064
0.741,-0.087,0.019995689392089844,0.6287063398884442,0.00574025306213064
0.592,0.098,0.019998550415039062,0.6287063398884442,0.00574025306213064
0.543,0.157,0.020004749298095703,0.6484431066436673,0.021308966316318335
0.722,-0.126,0.020009279251098633,0.6484431066436673,0.021308966316318335
0.722,-0.126,0.019989490509033203,0.6484431066436673,0.021308966316318335
0.554,0.095,0.0200042724609375,0.5962076430264432,0.006255216370946763
0.682,-0.086,0.019999265670776367,0.5962076430264432,0.006255216370946763
0.682,-0.086,0.019994497299194336,0.5962076430264432,0.006255216370946763
0.546,0.101,0.020003795623779297,0.5962076430264432,0.006255216370946763
0.66,-0.087,0.020002126693725586,0.5962403857750694,0.006250200764728074
0.608,-0.021,0.01998758316040039,0.5962403857750694,0.006250200764728074
0.574,0.019,0.02000284194946289,0.5962403857750694,0.006250200764728074
0.537,0.074,0.020000696182250977,0.7815861120000084,-0.06060735013248632
0.548,0.044,0.02000713348388672,0.7815861120000084,-0.06060735013248632
0.584,-0.003,0.020003795623779297,0.7815861120000084,-0.06060735013248632
0.577,0.013,0.0199892520904541,0.7815861120000084,-0.06060735013248632
0.577,0.013,0.020002126693725586,0.7396826216661354,-0.08517967642156112
0.57,0.028,0.019997119903564453,0.7396826216661354,-0.08517967642156112
0.57,0.028,0.02000737190246582,0.7396826216661354,-0.08517967642156112
0.577,0.016,0.019984006881713867,0.7396515511225783,-0.08517751985485364
0.578,0.03,0.020009994506835938,0.7396515511225783,-0.08517751985485364
0.593,0.021,0.019999265670776367,0.7396515511225783,-0.08517751985485364
0.618,0.0,0.020009279251098633,0.5656960162559916,-0.016626628813724936
0.643,-0.03,0.01998591423034668,0.5656960162559916,-0.016626628813724936
0.671,-0.053,0.020018339157104492,0.5656960162559916,-0.016626628813724936
0.674,-0.049,0.019994020462036133,0.5385879077898094,-0.12739829471990127
0.684,-0.057,0.019994020462036133,0.5385879077898094,-0.12739829471990127
0.682,-0.043,0.020003318786621094,0.5385879077898094,-0.12739829471990127
0.67,-0.042,0.019992589950561523,0.5385879077898094,-0.12739829471990127
0.658,-0.042,0.020001888275146484,0.5387321076998374,-0.12742980911719362
0.658,-0.042,0.020025014877319336,0.5387321076998374,-0.12742980911719362
0.623,-0.059,0.019975900650024414,0.5387321076998374,-0.12742980911719362
0.602,-0.049,0.020009994506835938,0.5814954092106581,-0.05115049778399013
0.579,-0.07,0.01999688148498535,0.5814954092106581,-0.05115049778399013
0.564,-0.09,0.019992589950561523,0.5814954092106581,-0.05115049778399013
0.564,-0.09,0.01999974250793457,0.7772764402656084,-0.10348124491831225
0.552,-0.089,0.020008563995361328,0.7772764402656084,-0.10348124491831225
0.556,-0.081,0.01999974250793457,0.7772764402656084,-0.10348124491831225
0.568,-0.087,0.020000219345092773,0.7772764402656084,-0.10348124491831225
0.568,-0.087,0.019987821578979492,0.7772764501419034,-0.10348125613096266
0.579,-0.084,0.020019054412841797,0.7772764501419034,-0.10348125613096266
0.593,-0.082,0.019986391067504883,0.7772764501419034,-0.10348125613096266
0.593,-0.082,0.02000570297241211,0.6844260510973685,-0.07947188368577966
0.635,-0.086,0.019997596740722656,0.6844260510973685,-0.07947188368577966
0.649,-0.089,0.01999831199645996,0.6844260510973685,-0.07947188368577966
0.662,-0.092,0.01998281478881836,0.6483626810939048,-0.026716203591185282
0.669,-0.087,0.020015478134155273,0.6483626810939048,-0.026716203591185282
0.672,-0.089,0.019993066787719727,0.6483626810939048,-0.026716203591185282
0.66,-0.063,0.020014047622680664,0.6483626810939048,-0.026716203591185282
0.66,-0.063,0.01999807357788086,0.6483626816140212,-0.026716205333550538
0.655,-0.053,0.01999640464782715,0.6483626816140212,-0.026716205333550538
0.651,-0.03,0.020006179809570312,0.6483626816140212,-0.026716205333550538
0.648,-0.033,0.019995927810668945,0.5237039834869531,-0.07146877702029995
0.645,-0.024,0.020003318786621094,0.5237039834869531,-0.07146877702029995
0.643,-0.025,0.01999950408935547,0.5237039834869531,-0.07146877702029995
0.621,-0.043,0.02002429962158203,0.3619477819618772,-0.13047412888546348
0.605,-0.036,0.01996898651123047,0.3619477819618772,-0.13047412888546348
0.605,-0.036,0.020004749298095703,0.3619477819618772,-0.13047412888546348
0.578,-0.049,0.02000260353088379,0.3619477819618772,-0.13047412888546348
0.578,-0.049,0.019974470138549805,0.3624857371018021,-0.13067403711880188
0.578,-0.049,0.020017147064208984,0.3624857371018021,-0.13067403711880188
0.532,-0.078,0.01999974250793457,0.3624857371018021,-0.13067403711880188
0.492,-0.09,0.02000880241394043,0.05,-0.05
0.471,-0.119,0.020000696182250977,0.05,-0.05
0.449,-0.136,0.019997596740722656,0.05,-0.05
0.423,-0.137,0.020009279251098633,0.05,-0.05
0.395,-0.12,0.01998734474182129,0.05,-0.05
0.378,-0.109,0.01999950408935547,0.05,-0.05
0.356,-0.094,0.020000696182250977,0.05,-0.05
0.34,-0.053,0.01999688148498535,0.05,-0.05
0.359,0.038,0.020011186599731445,0.05,-0.05
0.359,0.038,0.019989728927612305,0.05,-0.05
0.307,0.068,0.020004987716674805,0.05,-0.05
0.227,0.003,0.020002365112304688,0.05,-0.05
0.216,0.041,0.01999211311340332,0.05,-0.05
0.12,-0.064,0.019991636276245117,-0.05,-0.05
0.084,-0.093,0.0200045108795166,-0.05,-0.05
0.088,-0.109,0.020023345947265625,-0.05,-0.05
0.121,-0.181,0.020000219345092773,-0.05,-0.05
-0.064,-0.037,0.01999211311340332,-0.05,-0.05
-0.064,-0.037,0.020001888275146484,-0.05,-0.05
-0.08,-0.046,0.02000880241394043,-0.05,-0.05
-0.078,-0.057,0.01998615264892578,-0.05,-0.05
-0.079,-0.069,0.020009756088256836,-0.05,-0.05
-0.073,-0.074,0.019991159439086914,-0.05,-0.05
-0.073,-0.074,0.020007610321044922,0.05,-0.05
-0.063,-0.074,0.02000260353088379,0.05,-0.05
-0.06,-0.076,0.019998788833618164,0.05,-0.05
-0.051,-0.071,0.01999950408935547,0.05,-0.05
0.056,-0.076,0.01996302604675293,0.049999999999999996,-0.05
0.055,-0.076,0.020006179809570312,0.049999999999999996,-0.05
0.053,-0.07,0.019998550415039062,0.049999999999999996,-0.05
0.052,-0.072,0.02000117301940918,-0.05,-0.05
0.052,-0.072,0.019991397857666016,-0.05,-0.05
0.061,-0.077,0.01999068260192871,-0.05,-0.05
0.068,-0.057,0.020020008087158203,0.049999999999999996,-0.05
0.054,-0.037,0.019994020462036133,0.05,-0.05
0.054,-0.037,0.019994735717773438,0.05,-0.05
0.06,-0.039,0.02001214027404785,0.05,-0.05
0.06,-0.039,0.019989490509033203,0.05,-0.05
0.052,-0.042,0.01999831199645996,0.05,-0.05
0.052,-0.026,0.020014286041259766,0.05,-0.05
0.052,-0.026,0.019987821578979492,0.05,-0.05
0.058,-0.073,0.01999640464782715,0.05,-0.05
0.055,-0.067,0.020007610321044922,0.05000000000000001,-0.05
0.054,-0.063,0.019999980926513672,0.05,-0.05
0.06,-0.063,0.019995689392089844,0.05,-0.05
0.062,-0.072,0.01999354362487793,0.05,-0.05
0.063,-0.068,0.020006418228149414,0.05,-0.05
0.063,-0.068,0.019999265670776367,0.05,-0.049999999999999996
0.054,-0.066,0.01999640464782715,0.05,-0.05
0.052,-0.066,0.020000696182250977,0.05,-0.05
-0.07,-0.09,0.020020008087158203,-0.05,-0.05
-0.07,-0.09,0.019957542419433594,-0.05,-0.05
-0.055,-0.042,0.01999831199645996,-0.05,-0.05
-0.055,-0.042,0.02000284194946289,-0.05,-0.05
-0.056,-0.069,0.020007610321044922,-0.05,-0.05
-0.06,-0.078,0.019992828369140625,-0.05,-0.05
-0.054,-0.072,0.01999831199645996,-0.05,-0.05
-0.051,-0.059,0.020006418228149414,0.049999999999999996,-0.05
0.052,-0.042,0.019999027252197266,1.0579710432749674,-0.13222145384497386
0.069,-0.064,0.020014286041259766,1.168311834946489,-0.1455748434950121
0.069,-0.064,0.019986629486083984,1.168311834946489,-0.1455748434950121
0.082,-0.079,0.01999950408935547,1.168311834946489,-0.1455748434950121
0.082,-0.066,0.020006418228149414,1.1932360207026855,-0.15149298159111477
0.11,-0.059,0.02000570297241211,1.1932360207026855,-0.15149298159111477
0.132,-0.052,0.019997358322143555,1.1932360207026855,-0.15149298159111477
0.152,-0.082,0.02000284194946289,1.1932360207026855,-0.15149298159111477
0.206,-0.092,0.019980430603027344,1.3594451260308837,-0.16636045541822791
0.206,-0.092,0.020011425018310547,1.3594451260308837,-0.16636045541822791
0.236,-0.087,0.01999640464782715,1.3594451260308837,-0.16636045541822791
0.263,-0.095,0.020002126693725586,1.2809081035026908,-0.16340096832731774
0.288,-0.102,0.020000457763671875,1.2809081035026908,-0.16340096832731774
0.319,-0.096,0.01999950408935547,1.2809081035026908,-0.16340096832731774
0.319,-0.096,0.01999688148498535,1.400084962295493,-0.1612788617155102
0.361,-0.092,0.0200045108795166,1.400084962295493,-0.1612788617155102
0.402,-0.093,0.020006418228149414,1.400084962295493,-0.1612788617155102
0.37,-0.171,0.019980907440185547,1.026497610921168,-0.11202313872972894
0.35,-0.241,0.02001810073852539,1.026497610921168,-0.11202313872972894
0.531,0.009,0.020000696182250977,1.026497610921168,-0.11202313872972894
0.413,-0.177,0.019994497299194336,1.026497610921168,-0.11202313872972894
0.403,-0.235,0.019996166229248047,1.1635679643711785,-0.14573887733790186
0.604,0.046,0.020009279251098633,1.1635679643711785,-0.14573887733790186
0.604,0.046,0.019985198974609375,1.1635679643711785,-0.14573887733790186
0.457,-0.194,0.020005464553833008,1.230423699477089,-0.1587415459412516
0.461,-0.201,0.02000141143798828,1.230423699477089,-0.1587415459412516
0.468,-0.236,0.020000457763671875,1.230423699477089,-0.1587415459412516
0.468,-0.236,0.020006179809570312,1.2596940264596297,-0.1627247949300873
0.541,-0.202,0.0200042724609375,1.2596940264596297,-0.1627247949300873
0.529,-0.251,0.020006656646728516,1.2596940264596297,-0.1627247949300873
0.754,0.07,0.01999211311340332,1.2596940264596297,-0.1627247949300873
0.653,-0.132,0.01999664306640625,1.376430358785599,-0.15417849718896923
0.719,-0.067,0.020006179809570312,1.376430358785599,-0.15417849718896923
0.704,-0.095,0.019994735717773438,1.376430358785599,-0.15417849718896923
0.723,-0.138,0.020003080368041992,1.1405564274771147,-0.13206701203220186
0.746,-0.1,0.019989728927612305,1.1405564274771147,-0.13206701203220186
0.77,-0.085,0.019997119903564453,1.1405564274771147,-0.13206701203220186
0.805,-0.06,0.020029783248901367,1.1405564274771147,-0.13206701203220186
0.805,-0.06,0.01998305320739746,1.2483740187701542,-0.1508275176142292
0.81,-0.101,0.020003318786621094,1.2483740187701542,-0.1508275176142292
0.87,-0.059,0.01999807357788086,1.2483740187701542,-0.1508275176142292
0.894,-0.047,0.019994497299194336,1.246341989421533,-0.14892492894852294
0.871,-0.128,0.019999265670776367,1.246341989421533,-0.14892492894852294
0.871,-0.128,0.02000737190246582,1.246341989421533,-0.14892492894852294
0.919,-0.089,0.019986867904663086,1.2721176524528746,-0.15083288430009015
0.919,-0.089,0.020000696182250977,1.2721176524528746,-0.15083288430009015
0.942,-0.103,0.020003318786621094,1.2721176524528746,-0.15083288430009015
0.952,-0.116,0.01999664306640625,1.2721176524528746,-0.15083288430009015
0.97,-0.113,0.020007610321044922,1.2387985005909656,-0.15318326170406962
0.97,-0.113,0.019997358322143555,1.2387985005909656,-0.15318326170406962
0.979,-0.185,0.020008563995361328,1.2387985005909656,-0.15318326170406962
1.039,-0.101,0.019985437393188477,1.204074041037189,-0.14142855639300878
1.039,-0.101,0.02000284194946289,1.204074041037189,-0.14142855639300878
1.039,-0.18,0.020004987716674805,1.204074041037189,-0.14142855639300878
1.088,-0.116,0.019988298416137695,1.2363621307467523,-0.14339257129059943
1.154,-0.04,0.020009756088256836,1.2363621307467523,-0.14339257129059943
1.076,-0.183,0.020005226135253906,1.2363621307467523,-0.14339257129059943
1.108,-0.159,0.019997596740722656,1.2363621307467523,-0.14339257129059943
1.108,-0.159,0.02000117301940918,1.0078309191937163,-0.13861588280149625
1.178,-0.125,0.020015239715576172,1.0078309191937163,-0.13861588280149625
1.178,-0.125,0.019987821578979492,1.0078309191937163,-0.13861588280149625
1.201,-0.122,0.019997119903564453,1.0453394598164008,-0.13825791264282553
1.189,-0.127,0.01999950408935547,1.0453394598164008,-0.13825791264282553
1.169,-0.186,0.019997596740722656,1.0453394598164008,-0.13825791264282553
1.169,-0.186,0.019998788833618164,1.0531243955427991,-0.13894237074762927
1.231,-0.057,0.020005226135253906,1.0531243955427991,-0.13894237074762927
1.24,-0.043,0.01999497413635254,1.0531243955427991,-0.13894237074762927
1.138,-0.207,0.019991397857666016,1.0319440214983997,-0.14093181309090058
1.178,-0.123,0.020041704177856445,1.0319440214983997,-0.14093181309090058
1.224,-0.025,0.019977807998657227,1.0319440214983997,-0.14093181309090058
1.146,-0.089,0.019989013671875,1.0319440214983997,-0.14093181309090058
1.146,-0.089,0.019995927810668945,1.0125664369249703,-0.12430013219278539
1.163,-0.029,0.02000880241394043,1.0125664369249703,-0.12430013219278539
1.121,-0.076,0.019995689392089844,1.0125664369249703,-0.12430013219278539
1.122,-0.055,0.020006418228149414,1.02480403590297,-0.1251612231487557
1.122,-0.055,0.019979238510131836,1.02480403590297,-0.1251612231487557
1.098,-0.061,0.020009756088256836,1.02480403590297,-0.1251612231487557
1.038,-0.122,0.02000260353088379,1.02480403590297,-0.1251612231487557
1.038,-0.122,0.02000904083251953,0.8264486780191777,-0.10580173830082486
1.072,-0.029,0.01999640464782715,0.8264486780191777,-0.10580173830082486
1.048,-0.069,0.020004987716674805,0.8264486780191777,-0.10580173830082486
1.026,-0.044,0.019994735717773438,0.9570496102254231,-0.09302864217794288
1.022,-0.058,0.01999497413635254,0.9570496102254231,-0.09302864217794288
0.994,-0.07,0.020009517669677734,0.9570496102254231,-0.09302864217794288
0.994,-0.07,0.019990205764770508,0.956469653215932,-0.09299021370445167
0.984,-0.058,0.019999265670776367,0.956469653215932,-0.09299021370445167
0.984,-0.058,0.020004749298095703,0.956469653215932,-0.09299021370445167
0.973,-0.041,0.020003557205200195,0.9820606905034379,-0.10961847284676583
0.929,-0.105,0.020003080368041992,0.9820606905034379,-0.10961847284676583
0.958,-0.048,0.01998114585876465,0.9820606905034379,-0.10961847284676583
0.959,-0.042,0.02001214027404785,0.9820606905034379,-0.10961847284676583
0.93,-0.094,0.019994020462036133,1.2361314698166872,-0.12175472733672421
0.959,-0.05,0.020008325576782227,1.2361314698166872,-0.12175472733672421
0.965,-0.053,0.02000713348388672,1.2361314698166872,-0.12175472733672421
0.933,-0.102,0.01998591423034668,1.2705853029343244,-0.13267636227799598
0.957,-0.092,0.020003557205200195,1.2705853029343244,-0.13267636227799598
1.013,-0.022,0.020004987716674805,1.2705853029343244,-0.13267636227799598
0.988,-0.086,0.01999688148498535,1.3063387017307961,-0.13704302591773096
0.982,-0.132,0.020000934600830078,1.3063387017307961,-0.13704302591773096
1.066,-0.033,0.020003318786621094,1.3063387017307961,-0.13704302591773096
1.017,-0.135,0.01999688148498535,1.3063387017307961,-0.13704302591773096
1.017,-0.135,0.019997119903564453,1.336653715654696,-0.11012767504820425
1.031,-0.152,0.02000284194946289,1.336653715654696,-0.11012767504820425
1.062,-0.185,0.019985675811767578,1.336653715654696,-0.11012767504820425
1.162,-0.095,0.020015954971313477,1.1751881546340888,-0.10592133037918762
1.162,-0.095,0.020018577575683594,1.1751881546340888,-0.10592133037918762
1.162,-0.095,0.019974708557128906,1.1751881546340888,-0.10592133037918762
1.165,-0.142,0.020015954971313477,1.1751881546340888,-0.10592133037918762
1.177,-0.125,0.0199892520904541,1.397613414395761,-0.1072423667631801
1.167,-0.15,0.019980430603027344,1.397613414395761,-0.1072423667631801
1.178,-0.109,0.020015478134155273,1.397613414395761,-0.1072423667631801
1.231,-0.077,0.02000141143798828,1.2920803786767312,-0.09963917668769197
1.236,-0.063,0.01999950408935547,1.2920803786767312,-0.09963917668769197
1.236,-0.063,0.020003318786621094,1.2920803786767312,-0.09963917668769197
1.266,-0.078,0.01999974250793457,1.1844090455602847,-0.08519453366184997
1.265,-0.077,0.019994735717773438,1.1844090455602847,-0.08519453366184997
1.251,-0.097,0.020000696182250977,1.1844090455602847,-0.08519453366184997
1.273,-0.074,0.01999974250793457,1.1844090455602847,-0.08519453366184997
1.261,-0.071,0.019995689392089844,1.1844090455602847,-0.08519453366184997
1.246,-0.079,0.03999900817871094,-0.4327082468917117,0.04343991910336106
1.278,-0.062,0.01999807357788086,-0.055575999545593904,0.04899685705628841
1.328,0.025,0.020014524459838867,-0.055575999545593904,0.04899685705628841
1.328,0.025,0.01999211311340332,-0.055575999545593904,0.04899685705628841
1.153,-0.193,0.019991159439086914,-0.055575999545593904,0.04899685705628841
1.254,0.003,0.020001888275146484,0.8959408579219672,-0.018722876944438638
1.254,0.003,0.02003002166748047,0.8959408579219672,-0.018722876944438638
1.197,-0.006,0.019967317581176758,0.8959408579219672,-0.018722876944438638
1.09,-0.12,0.02002739906311035,0.7017306501697841,0.03911196619342835
1.126,-0.02,0.01998424530029297,0.7017306501697841,0.03911196619342835
1.126,-0.02,0.019992589950561523,0.7017306501697841,0.03911196619342835
1.059,0.085,0.020001888275146484,0.7881475120816566,0.08506353792253411
0.979,0.002,0.020003080368041992,0.7881475120816566,0.08506353792253411
1.041,0.171,0.020000696182250977,0.7881475120816566,0.08506353792253411
0.976,0.137,0.01999521255493164,0.8294891192500153,0.08904084389514126
0.879,0.032,0.01999807357788086,0.8294891192500153,0.08904084389514126
0.879,0.032,0.020010709762573242,0.8294891192500153,0.08904084389514126
0.881,0.131,0.01999974250793457,0.8294891192500153,0.08904084389514126
0.824,0.055,0.020015716552734375,1.1585234983529402,0.14844753918451026
0.848,0.112,0.019980192184448242,1.1585234983529402,0.14844753918451026
0.848,0.112,0.019997119903564453,1.1585234983529402,0.14844753918451026
0.856,0.029,0.01999807357788086,1.0966144095022126,0.13479633610524802
0.888,0.054,0.0200042724609375,1.0966144095022126,0.13479633610524802
0.847,0.041,0.02000880241394043,1.0966144095022126,0.13479633610524802
0.814,0.023,0.019987821578979492,1.1035880887043104,0.13819632570438042
0.826,0.048,0.019999265670776367,1.1035880887043104,0.13819632570438042
0.826,0.048,0.020003557205200195,1.1035880887043104,0.13819632570438042
0.798,-0.009,0.020003795623779297,1.0649101422971161,0.20543895877566665
0.789,-0.017,0.01999831199645996,1.0649101422971161,0.20543895877566665
0.789,-0.017,0.019997119903564453,1.0649101422971161,0.20543895877566665
0.785,-0.033,0.019995450973510742,1.0649101422971161,0.20543895877566665
0.81,-0.027,0.0200040340423584,1.3278982799257069,0.20672186697841954
0.81,-0.027,0.0200045108795166,1.3278982799257069,0.20672186697841954
0.951,0.109,0.020000457763671875,1.3278982799257069,0.20672186697841954
1.011,0.165,0.02000904083251953,1.367577112072839,0.20853039089048744
1.044,0.185,0.019991159439086914,1.367577112072839,0.20853039089048744
1.064,0.182,0.019998550415039062,1.367577112072839,0.20853039089048744
1.047,0.14,0.01999950408935547,1.367577112072839,0.20853039089048744
1.018,0.075,0.020001649856567383,1.2487218246947251,0.20712181179457195
1.018,0.075,0.019995689392089844,1.2487218246947251,0.20712181179457195
1.012,0.105,0.02001214027404785,1.2487218246947251,0.20712181179457195
1.027,0.166,0.019995689392089844,1.2583052631431946,0.15433252194462388
1.027,0.166,0.01998424530029297,1.2583052631431946,0.15433252194462388
1.13,0.203,0.020008563995361328,1.2583052631431946,0.15433252194462388
1.174,0.218,0.019997119903564453,1.2911038684433693,0.15703923475740797
1.174,0.218,0.020017385482788086,1.2911038684433693,0.15703923475740797
1.188,0.154,0.019989967346191406,1.2911038684433693,0.15703923475740797
1.188,0.154,0.020000219345092773,1.2911038684433693,0.15703923475740797
1.211,0.116,0.019998788833618164,1.2703066172261919,0.08676498783621604
1.235,0.108,0.019995689392089844,1.2703066172261919,0.08676498783621604
1.273,0.082,0.019996166229248047,1.2703066172261919,0.08676498783621604
1.307,0.081,0.019993305206298828,1.1457127215134313,0.21653375689325852
1.324,0.062,0.02001214027404785,1.1457127215134313,0.21653375689325852
1.337,0.07,0.01999950408935547,1.1457127215134313,0.21653375689325852
1.331,0.095,0.019997119903564453,1.1426162698051536,0.21648254209294984
1.324,0.129,0.020000934600830078,1.1426162698051536,0.21648254209294984
1.294,0.168,0.02001190185546875,1.1426162698051536,0.21648254209294984
1.266,0.197,0.019985198974609375,1.1206780605040154,0.20512572321598813
1.241,0.232,0.02001786231994629,1.1206780605040154,0.20512572321598813
1.229,0.282,0.019989490509033203,1.1206780605040154,0.20512572321598813
1.211,0.273,0.020003080368041992,1.1206780605040154,0.20512572321598813
1.223,0.229,0.019997596740722656,1.0766652630173341,0.2004812186666573
1.352,0.006,0.020002365112304688,1.0766652630173341,0.2004812186666573
1.375,-0.09,0.020011186599731445,1.0766652630173341,0.2004812186666573
1.291,-0.028,0.01997208595275879,1.1102506180329155,0.2028004638101403
1.243,0.002,0.020012378692626953,1.1102506180329155,0.2028004638101403
1.211,0.025,0.019999980926513672,1.1102506180329155,0.2028004638101403
1.211,0.025,0.01999378204345703,1.1266441944303,0.22176274312499078
1.217,-0.006,0.020016193389892578,1.1266441944303,0.22176274312499078
1.254,-0.067,0.019994735717773438,1.1266441944303,0.22176274312499078
1.186,0.059,0.019999980926513672,1.1266441944303,0.22176274312499078
1.186,0.059,0.019997835159301758,1.1607886877543465,0.20157026878334752
1.164,0.121,0.020002365112304688,1.1607886877543465,0.20157026878334752
1.164,0.121,0.020012617111206055,1.1607886877543465,0.20157026878334752
1.118,0.222,0.01996612548828125,1.2707087691892123,0.21190052636111914
1.118,0.222,0.020006656646728516,1.2707087691892123,0.21190052636111914
1.161,0.155,0.020015954971313477,1.2707087691892123,0.21190052636111914
1.108,0.232,0.019995450973510742,1.2707087691892123,0.21190052636111914
1.121,0.168,0.02002239227294922,1.2719573382894611,0.17543077128522264
1.121,0.168,0.019975662231445312,1.2719573382894611,0.17543077128522264
1.15,0.05,0.019992828369140625,1.2719573382894611,0.17543077128522264
1.086,0.129,0.020009279251098633,1.1566629319496826,0.21227222524459674
1.136,0.086,0.019984960556030273,1.1566629319496826,0.21227222524459674
1.121,0.166,0.020015954971313477,1.1566629319496826,0.21227222524459674
1.134,0.189,0.01999378204345703,1.161778614236657,0.21251439327959826
1.165,0.182,0.019998550415039062,1.161778614236657,0.21251439327959826
1.165,0.182,0.020009517669677734,1.161778614236657,0.21251439327959826
1.186,0.222,0.019990205764770508,1.161778614236657,0.21251439327959826
1.187,0.206,0.0200192928314209,1.1431620009916086,0.1958140905594499
1.181,0.201,0.019983530044555664,1.1431620009916086,0.1958140905594499
1.181,0.201,0.020000457763671875,1.1431620009916086,0.1958140905594499
1.199,0.184,0.019965171813964844,1.0884527293365889,0.12635913503115412
1.199,0.184,0.020037174224853516,1.0884527293365889,0.12635913503115412
1.177,0.199,0.019997119903564453,1.0884527293365889,0.12635913503115412
1.211,0.163,0.019995450973510742,1.10633044579173,0.13063137854856713
1.226,0.122,0.020006656646728516,1.10633044579173,0.13063137854856713
1.154,0.149,0.02000284194946289,1.10633044579173,0.13063137854856713
1.222,0.089,0.020002365112304688,0.9683986602239055,0.09360056881967654
1.212,0.091,0.019995689392089844,0.9683986602239055,0.09360056881967654
1.212,0.091,0.0199887752532959,0.9683986602239055,0.09360056881967654
1.179,0.079,0.020012855529785156,0.9683986602239055,0.09360056881967654
1.159,0.106,0.020000696182250977,0.9561752074594528,0.10346288632763755
1.159,0.106,0.01999831199645996,0.9561752074594528,0.10346288632763755
1.132,0.054,0.020003080368041992,0.9561752074594528,0.10346288632763755
1.117,0.024,0.020003318786621094,0.9556015786222948,0.10341274038290066
1.117,0.024,0.019988536834716797,0.9556015786222948,0.10341274038290066
1.034,0.079,0.019995450973510742,0.9556015786222948,0.10341274038290066
1.013,0.047,0.020013809204101562,1.2186285258089953,0.06258631869841297
1.013,0.047,0.01999044418334961,1.2186285258089953,0.06258631869841297
1.013,0.047,0.020013093948364258,1.2186285258089953,0.06258631869841297
0.981,0.07,0.020019054412841797,1.2186285258089953,0.06258631869841297
1.006,0.019,0.019965171813964844,1.1077298554800246,0.18294515302729358
1.006,0.019,0.01999378204345703,1.1077298554800246,0.18294515302729358
0.946,0.072,0.02001023292541504,1.1077298554800246,0.18294515302729358
1.007,0.023,0.020000934600830078,1.1077298554800246,0.18294515302729358
0.97,0.103,0.019997358322143555,1.1326839505321662,0.18422301495353252
0.96,0.123,0.020004987716674805,1.1326839505321662,0.18422301495353252
0.995,0.078,0.019999265670776367,1.1326839505321662,0.18422301495353252
0.992,0.105,0.020000696182250977,1.125340234726424,0.17534843124282964
0.992,0.105,0.019997358322143555,1.125340234726424,0.17534843124282964
1.011,0.11,0.020012617111206055,1.125340234726424,0.17534843124282964
1.02,0.153,0.01999068260192871,1.1186311050656992,0.12274418498448426
1.057,0.18,0.020005464553833008,1.1186311050656992,0.12274418498448426
1.07,0.199,0.020016908645629883,1.1186311050656992,0.12274418498448426
1.07,0.199,0.019973278045654297,1.1301663232132864,0.1233872034534634
1.089,0.145,0.020000457763671875,1.1301663232132864,0.1233872034534634
1.1,0.17,0.02001190185546875,1.1301663232132864,0.1233872034534634
1.125,0.167,0.01998591423034668,1.1301663232132864,0.1233872034534634
1.138,0.124,0.020010948181152344,0.9386784512323616,0.07137399833399329
1.138,0.124,0.01999688148498535,0.9386784512323616,0.07137399833399329
1.138,0.124,0.019996166229248047,0.8294615933621914,0.033950598959239124
1.128,0.127,0.020025014877319336,0.8294615933621914,0.033950598959239124
1.128,0.127,0.01997661590576172,0.8294615933621914,0.033950598959239124
1.145,0.071,0.019997835159301758,0.8294615933621914,0.033950598959239124
1.145,0.071,0.01999640464782715,0.8294615933621914,0.033950598959239124
1.138,0.038,0.020025014877319336,0.8663378779263269,0.03516997529919494
1.112,0.061,0.01998305320739746,0.8663378779263269,0.03516997529919494
1.112,0.061,0.020000219345092773,0.8663378779263269,0.03516997529919494
1.12,-0.015,0.01999974250793457,0.9723294388920327,0.10090970738493424
1.06,-0.014,0.020011186599731445,0.9723294388920327,0.10090970738493424
1.016,-0.026,0.019999027252197266,0.9723294388920327,0.10090970738493424
0.945,0.082,0.019989490509033203,0.7923049288855422,-0.024922890145080315
0.985,-0.016,0.020003557205200195,0.7923049288855422,-0.024922890145080315
0.975,-0.021,0.01999950408935547,0.7923049288855422,-0.024922890145080315
0.924,0.026,0.020001649856567383,0.8850084640338873,-0.042579633679466225
0.917,0.004,0.02001810073852539,0.8850084640338873,-0.042579633679466225
0.898,-0.017,0.019978761672973633,0.8850084640338873,-0.042579633679466225
0.874,-0.018,0.020006895065307617,0.8850084640338873,-0.042579633679466225
0.874,-0.018,0.02001333236694336,1.0238268148460707,0.11857424062885848
0.831,0.018,0.019975662231445312,1.0238268148460707,0.11857424062885848
0.831,0.018,0.020006179809570312,1.0238268148460707,0.11857424062885848
0.831,0.018,0.019999027252197266,0.8260459438286606,0.03655983516567553
0.881,-0.011,0.02001786231994629,0.8260459438286606,0.03655983516567553
0.862,0.093,0.019977807998657227,0.8260459438286606,0.03655983516567553
0.859,0.085,0.020024538040161133,0.8462885122496685,0.03716817323903609
0.865,0.097,0.019974946975708008,0.8462885122496685,0.03716817323903609
0.848,0.076,0.019998788833618164,0.8462885122496685,0.03716817323903609
0.8,0.082,0.019999027252197266,0.8462885122496685,0.03716817323903609
0.783,0.082,0.020002365112304688,0.7728701190792521,0.02065550123454318
0.767,0.076,0.019993066787719727,0.7728701190792521,0.02065550123454318
0.777,0.064,0.020033597946166992,0.7728701190792521,0.02065550123454318
0.777,0.064,0.019977569580078125,0.845686376603559,0.04993157515405628
0.77,0.047,0.020002126693725586,0.845686376603559,0.04993157515405628
0.762,0.058,0.020000696182250977,0.845686376603559,0.04993157515405628
0.77,0.06,0.01999664306640625,0.8000431307830523,0.04966189525185459
0.772,0.06,0.01999664306640625,0.8000431307830523,0.04966189525185459
0.773,0.072,0.02000284194946289,0.8000431307830523,0.04966189525185459
0.773,0.072,0.020001649856567383,0.8000431307830523,0.04966189525185459
0.784,0.061,0.020006656646728516,1.0210832349694734,0.1437099020446454
0.795,0.043,0.01999211311340332,1.0210832349694734,0.1437099020446454
0.795,0.043,0.020004749298095703,1.0210832349694734,0.1437099020446454
0.794,0.049,0.01999211311340332,0.9504218042384865,0.1197911072695842
0.813,0.035,0.01999044418334961,0.9504218042384865,0.1197911072695842
0.815,0.069,0.020001888275146484,0.9504218042384865,0.1197911072695842
0.815,0.069,0.020001649856567383,0.8880866406491489,0.11122372493955936
0.843,0.07,0.02000737190246582,0.8880866406491489,0.11122372493955936
0.851,0.064,0.020002126693725586,0.8880866406491489,0.11122372493955936
0.851,0.064,0.01999831199645996,1.0127887910203222,0.13453599745219014
0.876,0.066,0.019989728927612305,1.0127887910203222,0.13453599745219014
0.885,0.082,0.020014047622680664,1.0127887910203222,0.13453599745219014
0.904,0.074,0.019999980926513672,1.0127887910203222,0.13453599745219014
0.904,0.074,0.019986629486083984,0.973986841998326,0.1051409927614192
0.928,0.067,0.02000737190246582,0.973986841998326,0.1051409927614192
0.94,0.079,0.01999950408935547,0.973986841998326,0.1051409927614192
0.94,0.079,0.020000457763671875,0.9740042676879214,0.10514236098276318
0.963,0.07,0.019998788833618164,0.9740042676879214,0.10514236098276318
0.978,0.091,0.020001649856567383,0.9740042676879214,0.10514236098276318
0.981,0.069,0.019988536834716797,0.9740042676879214,0.10514236098276318
0.981,0.069,0.020009994506835938,1.4114667258387128,0.09488849178084174
0.985,0.066,0.02000284194946289,1.4114667258387128,0.09488849178084174
1.005,0.06,0.019998550415039062,1.4114667258387128,0.09488849178084174
1.005,0.06,0.019995689392089844,1.4381102498904363,0.05160780339850852
1.02,0.065,0.020003318786621094,1.4381102498904363,0.05160780339850852
1.02,0.065,0.019999027252197266,1.4381102498904363,0.05160780339850852
1.0,0.124,0.019986867904663086,1.4624070382984027,0.05957266566517477
1.037,0.062,0.019971609115600586,1.4624070382984027,0.05957266566517477
1.062,0.045,0.020040035247802734,1.4624070382984027,0.05957266566517477
1.028,0.105,0.019997835159301758,1.4643329940542906,0.050998037472295955
1.028,0.105,0.0200040340423584,1.4643329940542906,0.050998037472295955
1.058,0.098,0.01999497413635254,1.4643329940542906,0.050998037472295955
1.094,0.069,0.02000570297241211,1.4643329940542906,0.050998037472295955
1.094,0.069,0.020006418228149414,1.4037115155888007,0.12380746849150114
1.103,0.099,0.020002126693725586,1.4037115155888007,0.12380746849150114
1.126,0.138,0.019991636276245117,1.4037115155888007,0.12380746849150114
1.141,0.104,0.020003557205200195,1.1540980307395838,0.11268377415192338
1.163,0.122,0.020004987716674805,1.1540980307395838,0.11268377415192338
1.172,0.152,0.020000934600830078,1.1540980307395838,0.11268377415192338
1.178,0.119,0.019995689392089844,1.1540980307395838,0.11268377415192338
1.205,0.105,0.01999378204345703,1.3117570852628804,0.042620267113439116
1.205,0.105,0.0200042724609375,1.3117570852628804,0.042620267113439116
1.216,0.108,0.019983530044555664,1.3117570852628804,0.042620267113439116
1.216,0.108,0.02001500129699707,1.3215197281327338,0.038833161006575766
1.244,0.092,0.02000141143798828,1.3215197281327338,0.038833161006575766
1.248,0.083,0.020002365112304688,1.3215197281327338,0.038833161006575766
1.251,0.084,0.019996166229248047,1.5,0.04194006951688267
1.269,0.066,0.020006656646728516,1.5,0.04194006951688267
1.297,0.067,0.020000457763671875,1.5,0.04194006951688267
1.293,0.062,0.019984960556030273,1.4360918560459366,-0.013582039046205217
1.314,0.057,0.020014047622680664,1.4360918560459366,-0.013582039046205217
1.33,0.047,0.020000696182250977,1.4360918560459366,-0.013582039046205217
1.336,0.045,0.019996166229248047,1.4360918560459366,-0.013582039046205217
1.336,0.045,0.019998788833618164,1.4057799435128655,-0.0034298078906465977
1.355,0.053,0.02000284194946289,1.4057799435128655,-0.0034298078906465977
1.387,0.068,0.019999027252197266,1.4057799435128655,-0.0034298078906465977
1.393,0.042,0.020007610321044922,1.3618711296749815,0.019420776659441336
1.393,0.042,0.019996166229248047,1.3618711296749815,0.019420776659441336
1.403,0.023,0.01999378204345703,1.3618711296749815,0.019420776659441336
1.403,0.023,0.02000284194946289,1.3618711296749815,0.019420776659441336
1.402,0.033,0.019997358322143555,1.0053693880044,-0.061164561693695135
1.407,0.025,0.019995450973510742,1.0053693880044,-0.061164561693695135
1.408,0.016,0.020003557205200195,1.0053693880044,-0.061164561693695135
1.405,0.012,0.019997835159301758,1.2627142131646862,-0.04776786302058232
1.405,0.012,0.020004749298095703,1.2627142131646862,-0.04776786302058232
1.399,-0.001,0.020002365112304688,1.2627142131646862,-0.04776786302058232
1.387,-0.026,0.019998550415039062,1.3001569871442427,-0.05666564736972663
1.358,-0.019,0.01999664306640625,1.3001569871442427,-0.05666564736972663
1.335,-0.021,0.019999265670776367,1.3001569871442427,-0.05666564736972663
1.331,-0.03,0.020026206970214844,1.3001569871442427,-0.05666564736972663
1.331,-0.03,0.019964933395385742,1.2822945543942859,-0.08099295109171918
1.305,-0.04,0.01999497413635254,1.2822945543942859,-0.08099295109171918
1.294,-0.048,0.020008563995361328,1.2822945543942859,-0.08099295109171918
1.279,-0.045,0.020029306411743164,1.2727782014465323,-0.14210400223789377
1.279,-0.045,0.019970178604125977,1.2727782014465323,-0.14210400223789377
1.267,-0.052,0.02000117301940918,1.2727782014465323,-0.14210400223789377
1.248,-0.063,0.019995689392089844,1.2978695404895806,-0.14375973022503585
1.245,-0.069,0.02000260353088379,1.2978695404895806,-0.14375973022503585
1.245,-0.069,0.02001476287841797,1.2978695404895806,-0.14375973022503585
1.223,-0.071,0.019992828369140625,1.2978695404895806,-0.14375973022503585
1.229,-0.076,0.0200040340423584,1.2581932926712895,-0.09018087383955337
1.229,-0.063,0.019980192184448242,1.2581932926712895,-0.09018087383955337
1.238,-0.064,0.019998550415039062,1.2581932926712895,-0.09018087383955337
1.23,-0.069,0.020006656646728516,1.1750275276110014,-0.1602125998443284
1.224,-0.061,0.020001649856567383,1.1750275276110014,-0.1602125998443284
1.224,-0.061,0.020009517669677734,1.1750275276110014,-0.1602125998443284
1.229,-0.041,0.019997596740722656,1.2646159388372942,-0.17163741924368042
1.212,-0.074,0.020003318786621094,1.2646159388372942,-0.17163741924368042
1.193,-0.087,0.020000457763671875,1.2646159388372942,-0.17163741924368042
1.193,-0.073,0.019993066787719727,1.2646159388372942,-0.17163741924368042
1.193,-0.073,0.020005226135253906,1.191982703935278,-0.046985215960696436
1.191,-0.13,0.020001649856567383,1.191982703935278,-0.046985215960696436
1.215,-0.124,0.01999807357788086,1.191982703935278,-0.046985215960696436
1.215,-0.124,0.02000117301940918,1.136578823094551,-0.0976383915137635
1.213,-0.132,0.01999640464782715,1.136578823094551,-0.0976383915137635
1.213,-0.132,0.02001047134399414,1.136578823094551,-0.0976383915137635
1.186,-0.066,0.019995927810668945,1.1461264968033196,-0.09346408002285168
1.159,-0.07,0.019990205764770508,1.1461264968033196,-0.09346408002285168
1.135,-0.059,0.020005226135253906,1.1461264968033196,-0.09346408002285168
1.136,-0.059,0.020000696182250977,1.1461264968033196,-0.09346408002285168
1.134,-0.079,0.019994735717773438,0.9949058590528153,-0.10670274185567474
1.127,-0.066,0.020006418228149414,0.9949058590528153,-0.10670274185567474
1.126,-0.071,0.020025253295898438,0.9949058590528153,-0.10670274185567474
1.124,-0.099,0.01996445655822754,0.926134550150652,-0.09852252519364116
1.107,-0.086,0.020008325576782227,0.926134550150652,-0.09852252519364116
1.107,-0.086,0.01999378204345703,0.926134550150652,-0.09852252519364116
1.089,-0.087,0.020023107528686523,0.9260872432456633,-0.09851841538457863
1.077,-0.098,0.019980430603027344,0.9260872432456633,-0.09851841538457863
1.068,-0.099,0.019999980926513672,0.9260872432456633,-0.09851841538457863
1.049,-0.059,0.019997835159301758,0.9260872432456633,-0.09851841538457863
1.058,-0.034,0.020004987716674805,0.8357337785135945,-0.034253725685202054
1.053,-0.016,0.019994258880615234,0.8357337785135945,-0.034253725685202054
1.026,-0.017,0.02000141143798828,0.8357337785135945,-0.034253725685202054
1.049,0.045,0.01999950408935547,0.9908707025258793,-0.125120461949299
1.046,0.1,0.019993066787719727,0.9908707025258793,-0.125120461949299
0.986,0.082,0.020004749298095703,0.9908707025258793,-0.125120461949299
0.989,0.085,0.020006656646728516,0.9913106553079483,-0.12516462872135184
0.966,0.061,0.019993066787719727,0.9913106553079483,-0.12516462872135184
0.959,0.012,0.020003318786621094,0.9913106553079483,-0.12516462872135184
0.973,0.006,0.020000696182250977,0.9913106553079483,-0.12516462872135184
0.973,0.006,0.02002739906311035,0.9913106553079483,-0.12516462872135184
0.948,-0.057,0.019963979721069336,0.4842567806415569,-0.022612125485476097
0.959,-0.063,0.019997119903564453,0.4842567806415569,-0.022612125485476097
0.962,-0.079,0.02001953125,0.8477921990437283,-0.04606946117396584
0.928,-0.11,0.019998550415039062,0.8477921990437283,-0.04606946117396584
0.929,-0.109,0.020000934600830078,0.8477921990437283,-0.04606946117396584
0.929,-0.109,0.01999378204345703,0.763463692768329,-0.033789118293300995
0.929,-0.109,0.019995689392089844,0.763463692768329,-0.033789118293300995
0.878,-0.093,0.02000904083251953,0.763463692768329,-0.033789118293300995
0.873,-0.067,0.0200042724609375,0.763463692768329,-0.033789118293300995
0.841,-0.052,0.019997835159301758,0.7659731224641512,-0.0421268540425522
0.841,-0.052,0.02000117301940918,0.7659731224641512,-0.0421268540425522
0.8,-0.054,0.01999831199645996,0.7659731224641512,-0.0421268540425522
0.8,-0.027,0.019989728927612305,0.765462501077528,-0.03420251017173751
0.758,-0.062,0.02000594139099121,0.765462501077528,-0.03420251017173751
0.779,-0.026,0.020003557205200195,0.765462501077528,-0.03420251017173751
0.748,-0.043,0.020000219345092773,0.7654625007561777,-0.03420249946373677
0.748,-0.043,0.019997358322143555,0.7654625007561777,-0.03420249946373677
0.736,-0.049,0.01999378204345703,0.7654625007561777,-0.03420249946373677
0.734,-0.06,0.019999265670776367,0.7663958257107976,-0.041904561377002096
0.759,-0.007,0.020000457763671875,0.7663958257107976,-0.041904561377002096
0.759,-0.007,0.019998788833618164,0.7663958257107976,-0.041904561377002096
0.74,-0.036,0.01999950408935547,0.7663958257107976,-0.041904561377002096
0.708,-0.086,0.020003557205200195,0.7682089560668837,-0.05011394223933427
0.73,-0.059,0.020015954971313477,0.7682089560668837,-0.05011394223933427
0.73,-0.059,0.019991397857666016,0.7682089560668837,-0.05011394223933427
0.73,-0.059,0.019990205764770508,0.7682089560668837,-0.05011394223933427
0.724,-0.071,0.02000737190246582,0.7682088799167085,-0.050113883518890553
0.733,-0.077,0.02000117301940918,0.7682088799167085,-0.050113883518890553
0.744,-0.056,0.019997358322143555,0.7682088799167085,-0.050113883518890553
0.744,-0.056,0.020001649856567383,0.7689101579293739,-0.05426139278936724
0.73,-0.074,0.020000219345092773,0.7689101579293739,-0.05426139278936724
0.73,-0.074,0.019992351531982422,0.7689101579293739,-0.05426139278936724
0.731,-0.064,0.020000934600830078,0.7687454272620469,-0.059186621952452154
0.748,-0.028,0.019998550415039062,0.7687454272620469,-0.059186621952452154
0.754,-0.043,0.019997119903564453,0.7687454272620469,-0.059186621952452154
0.754,-0.043,0.020001888275146484,0.768755754963755,-0.059193343324553976
0.765,-0.024,0.020005464553833008,0.768755754963755,-0.059193343324553976
0.765,-0.024,0.01999831199645996,0.768755754963755,-0.059193343324553976
0.785,-0.024,0.01999688148498535,0.768755754963755,-0.059193343324553976
0.778,-0.039,0.020005226135253906,0.7705706484052053,-0.05104261296763255
0.803,-0.021,0.019984960556030273,0.7705706484052053,-0.05104261296763255
0.794,-0.023,0.020010709762573242,0.7705706484052053,-0.05104261296763255
0.816,0.0,0.01999950408935547,0.7859045882744482,-0.07144154850654337
0.811,-0.006,0.02000117301940918,0.7859045882744482,-0.07144154850654337
0.811,-0.006,0.020005226135253906,0.7859045882744482,-0.07144154850654337
0.814,-0.008,0.019994735717773438,0.7859045882744482,-0.07144154850654337
0.814,-0.008,0.02002716064453125,0.7858506074586982,-0.07143896157262337
0.816,-0.019,0.01997661590576172,0.7858506074586982,-0.07143896157262337
0.816,-0.019,0.020003318786621094,0.7858506074586982,-0.07143896157262337
0.822,-0.028,0.01999068260192871,0.9147340052136433,-0.10184565563967077
0.811,-0.022,0.01999831199645996,0.9147340052136433,-0.10184565563967077
0.789,-0.061,0.020007848739624023,0.9147340052136433,-0.10184565563967077
0.789,-0.061,0.01999640464782715,1.0060432769007934,-0.10516587586448368
0.813,-0.03,0.020000934600830078,1.0060432769007934,-0.10516587586448368
0.813,-0.03,0.019999265670776367,1.0060432769007934,-0.10516587586448368
0.813,-0.048,0.01999664306640625,1.0084841841554597,-0.10550467697962726
0.823,-0.029,0.020004749298095703,1.0084841841554597,-0.10550467697962726
0.835,-0.052,0.019998788833618164,1.0084841841554597,-0.10550467697962726
0.834,-0.069,0.020000696182250977,1.0084841841554597,-0.10550467697962726
0.834,-0.069,0.019998550415039062,1.0462078616983868,-0.12852955749668063
0.869,-0.077,0.019988059997558594,1.0462078616983868,-0.12852955749668063
0.867,-0.097,0.020009994506835938,1.0462078616983868,-0.12852955749668063
0.867,-0.097,0.02000570297241211,1.0130334046466078,-0.14701597648666703
0.899,-0.111,0.020002126693725586,1.0130334046466078,-0.14701597648666703
0.909,-0.137,0.019995689392089844,1.0130334046466078,-0.14701597648666703
0.958,-0.079,0.019995927810668945,0.99532385062046,-0.14483902046796246
0.958,-0.079,0.020011425018310547,0.99532385062046,-0.14483902046796246
0.992,-0.102,0.020000934600830078,0.99532385062046,-0.14483902046796246
1.007,-0.09,0.019997596740722656,0.99532385062046,-0.14483902046796246
1.007,-0.09,0.02000260353088379,1.009654223176137,-0.15066978202294984
1.022,-0.107,0.01999974250793457,1.009654223176137,-0.15066978202294984
1.036,-0.089,0.019998550415039062,1.009654223176137,-0.15066978202294984
1.014,-0.15,0.020000457763671875,0.9932213008989415,-0.15853650884073728
1.073,-0.089,0.020000457763671875,0.9932213008989415,-0.15853650884073728
1.069,-0.08,0.020007610321044922,0.9932213008989415,-0.15853650884073728
1.009,-0.159,0.01998734474182129,0.9937474813562618,-0.1586291205200301
1.009,-0.159,0.01998615264892578,0.9937474813562618,-0.1586291205200301
1.038,-0.126,0.020013809204101562,0.9937474813562618,-0.1586291205200301
1.064,-0.067,0.020015716552734375,0.9937474813562618,-0.1586291205200301
1.057,-0.104,0.019979000091552734,0.9779897802307712,-0.15275258089318686
1.1,-0.055,0.01999664306640625,0.9779897802307712,-0.15275258089318686
1.075,-0.077,0.01999831199645996,0.9779897802307712,-0.15275258089318686
1.043,-0.101,0.02001214027404785,0.9669314265372351,-0.14492290373800104
1.094,-0.035,0.019998788833618164,0.9669314265372351,-0.14492290373800104
1.032,-0.093,0.01999831199645996,0.9669314265372351,-0.14492290373800104
1.032,-0.071,0.020006418228149414,0.9675423293895391,-0.14502151682754294
1.072,-0.025,0.01999521255493164,0.9675423293895391,-0.14502151682754294
1.072,-0.025,0.019998788833618164,0.9675423293895391,-0.14502151682754294
1.017,-0.085,0.019997596740722656,0.9540631654499659,-0.1425787555391323
1.017,-0.085,0.020006895065307617,0.9540631654499659,-0.1425787555391323
1.029,-0.066,0.019993305206298828,0.9540631654499659,-0.1425787555391323
1.035,-0.025,0.020006179809570312,0.9540631654499659,-0.1425787555391323
0.992,-0.079,0.01999664306640625,0.9533961926137046,-0.13612939336204455
0.992,-0.079,0.02000737190246582,0.9533961926137046,-0.13612939336204455
1.027,-0.017,0.020001888275146484,0.9533961926137046,-0.13612939336204455
0.988,-0.087,0.01999068260192871,0.9533961926137046,-0.13612939336204455
0.997,-0.049,0.01999807357788086,0.9407910185053094,-0.13413816045864552
1.013,-0.03,0.019995927810668945,0.9407910185053094,-0.13413816045864552
0.984,-0.076,0.020004749298095703,0.9407910185053094,-0.13413816045864552
0.984,-0.076,0.019999027252197266,1.0728339370736892,-0.10929436914145252
0.971,-0.049,0.019997596740722656,1.0728339370736892,-0.10929436914145252
0.978,-0.055,0.0200042724609375,1.0728339370736892,-0.10929436914145252
0.955,-0.079,0.020011186599731445,1.1261079111088108,-0.152570997779362
0.978,-0.064,0.019992828369140625,1.1261079111088108,-0.152570997779362
1.004,-0.039,0.020001888275146484,1.1261079111088108,-0.152570997779362
1.004,-0.039,0.02000284194946289,1.225363368013588,-0.15299298141439135
0.957,-0.119,0.02001214027404785,1.225363368013588,-0.15299298141439135
1.045,-0.017,0.019976377487182617,1.225363368013588,-0.15299298141439135
1.045,-0.017,0.02001333236694336,1.225363368013588,-0.15299298141439135
0.983,-0.127,0.019989967346191406,1.1543871831190173,-0.20642945504324944
0.992,-0.151,0.020001888275146484,1.1543871831190173,-0.20642945504324944
0.992,-0.151,0.019991636276245117,1.1543871831190173,-0.20642945504324944
1.07,-0.101,0.02000904083251953,1.3466176415896791,-0.22137844134587675
1.056,-0.189,0.019997596740722656,1.3466176415896791,-0.22137844134587675
1.117,-0.139,0.019999265670776367,1.3466176415896791,-0.22137844134587675
1.118,-0.192,0.01999521255493164,1.1542750006636622,-0.21969589720846636
1.117,-0.193,0.019998550415039062,1.1542750006636622,-0.21969589720846636
1.164,-0.137,0.020006179809570312,1.1542750006636622,-0.21969589720846636
1.15,-0.187,0.019997358322143555,1.1542750006636622,-0.21969589720846636
1.15,-0.187,0.020001649856567383,1.204079626455669,-0.20852094848273614
1.168,-0.187,0.020002126693725586,1.204079626455669,-0.20852094848273614
1.179,-0.167,0.01999688148498535,1.204079626455669,-0.20852094848273614
1.187,-0.184,0.020009279251098633,1.1315153432503287,-0.19508068856271968
1.184,-0.184,0.019997835159301758,1.1315153432503287,-0.19508068856271968
1.185,-0.162,0.019997596740722656,1.1315153432503287,-0.19508068856271968
1.186,-0.191,0.019994497299194336,1.1422280931732927,-0.19670235204939
1.255,-0.146,0.020004987716674805,1.1422280931732927,-0.19670235204939
1.179,-0.211,0.019999265670776367,1.1422280931732927,-0.19670235204939
1.179,-0.211,0.019993305206298828,1.1422280931732927,-0.19670235204939
1.183,-0.169,0.0200040340423584,1.1177063870140695,-0.18124167540633204
1.231,-0.085,0.020000696182250977,1.1177063870140695,-0.18124167540633204
1.222,-0.075,0.019999265670776367,1.1177063870140695,-0.18124167540633204
1.222,-0.075,0.01999521255493164,0.9757205968921553,-0.15786572399451998
1.197,-0.133,0.020003557205200195,0.9757205968921553,-0.15786572399451998
1.197,-0.133,0.02000117301940918,0.9757205968921553,-0.15786572399451998
1.148,-0.139,0.020004987716674805,0.9544230860354291,-0.14326612760404997
1.166,-0.119,0.019989013671875,0.9544230860354291,-0.14326612760404997
1.166,-0.119,0.02000594139099121,0.9544230860354291,-0.14326612760404997
1.147,-0.116,0.01998591423034668,0.9544230860354291,-0.14326612760404997
1.174,-0.036,0.02001214027404785,1.3887572008141362,-0.18081436361365338
1.194,0.023,0.020007610321044922,1.3887572008141362,-0.18081436361365338
1.143,-0.01,0.01999688148498535,1.3887572008141362,-0.18081436361365338
1.143,-0.01,0.01999950408935547,1.3230874320611807,-0.09932640723634568
1.075,-0.073,0.020007610321044922,1.3230874320611807,-0.09932640723634568
1.115,0.001,0.02001953125,1.3230874320611807,-0.09932640723634568
1.059,-0.055,0.019956350326538086,1.3230874320611807,-0.09932640723634568
1.059,-0.055,0.02004098892211914,1.4161776964249762,-0.10662272128569678
1.086,-0.013,0.01997089385986328,1.4161776964249762,-0.10662272128569678
1.041,-0.095,0.01999688148498535,1.4161776964249762,-0.10662272128569678
1.041,-0.095,0.020008325576782227,1.4026444738123558,-0.0919322454613745
1.004,-0.145,0.019991397857666016,1.4026444738123558,-0.0919322454613745
1.037,-0.097,0.020020484924316406,1.4026444738123558,-0.0919322454613745
1.07,-0.056,0.01998114585876465,1.3307615117795524,-0.10376787169897367
1.085,-0.023,0.0200040340423584,1.3307615117795524,-0.10376787169897367
1.083,-0.082,0.020007848739624023,1.3307615117795524,-0.10376787169897367
1.083,-0.082,0.01998448371887207,1.3307615117795524,-0.10376787169897367
1.12,-0.092,0.019991636276245117,1.4002413523596484,-0.09896995278054042
1.131,-0.128,0.02001333236694336,1.4002413523596484,-0.09896995278054042
1.131,-0.128,0.020003318786621094,1.4002413523596484,-0.09896995278054042
1.168,-0.106,0.02000141143798828,1.3802689769996652,-0.07749050028352752
1.177,-0.134,0.01999354362487793,1.3802689769996652,-0.07749050028352752
1.222,-0.122,0.019998550415039062,1.3802689769996652,-0.07749050028352752
1.238,-0.136,0.02000880241394043,1.1448831230468282,-0.07402444087422162
1.262,-0.143,0.020000696182250977,1.1448831230468282,-0.07402444087422162
1.275,-0.107,0.01999497413635254,1.1448831230468282,-0.07402444087422162
1.275,-0.107,0.019997596740722656,0.8713038182032486,-0.08450472724925273
1.287,-0.109,0.020004749298095703,0.8713038182032486,-0.08450472724925273
1.308,-0.065,0.020000457763671875,0.8713038182032486,-0.08450472724925273
1.308,-0.065,0.019994258880615234,0.8713038182032486,-0.08450472724925273
1.308,-0.065,0.020000696182250977,0.8193331458812454,-0.07747279226155045
1.335,-0.084,0.01999831199645996,0.8193331458812454,-0.07747279226155045
1.33,-0.045,0.020004749298095703,0.8193331458812454,-0.07747279226155045
1.33,-0.041,0.019994497299194336,0.7675474521348666,-0.06077914307222533
1.318,0.01,0.020005464553833008,0.7675474521348666,-0.06077914307222533
1.327,0.003,0.02000713348388672,0.7675474521348666,-0.06077914307222533
1.307,0.02,0.01999521255493164,0.7675474521348666,-0.06077914307222533
1.261,-0.024,0.019992589950561523,0.7688182087554902,-0.062220259398266184
1.24,0.001,0.019997358322143555,0.7688182087554902,-0.062220259398266184
1.16,-0.078,0.02000713348388672,0.7688182087554902,-0.062220259398266184
1.135,-0.041,0.0199892520904541,0.7624810956994321,-0.04804547479781862
1.135,-0.041,0.020009517669677734,0.7624810956994321,-0.04804547479781862
1.105,0.063,0.020000696182250977,0.7624810956994321,-0.04804547479781862
1.019,0.02,0.020002126693725586,0.754841634432172,-0.031775096301910034
1.019,0.02,0.02001190185546875,0.754841634432172,-0.031775096301910034
1.003,0.114,0.01999688148498535,0.754841634432172,-0.031775096301910034
1.003,0.114,0.01998734474182129,0.7523337572822227,-0.03398533406434365
0.924,0.078,0.020001888275146484,0.7523337572822227,-0.03398533406434365
0.943,0.135,0.020005464553833008,0.7523337572822227,-0.03398533406434365
0.909,0.099,0.019993305206298828,0.7523337572822227,-0.03398533406434365
0.893,0.033,0.020006895065307617,1.4058299888234285,-0.0098770493988917
0.893,0.033,0.02000713348388672,1.4058299888234285,-0.0098770493988917
0.893,0.033,0.01999831199645996,1.4058299888234285,-0.0098770493988917
0.897,-0.038,0.019998788833618164,0.983287925850523,-0.010986324041589893
0.838,-0.045,0.019994258880615234,0.983287925850523,-0.010986324041589893
0.838,-0.045,0.02001047134399414,0.983287925850523,-0.010986324041589893
0.838,0.026,0.019980669021606445,0.983287925850523,-0.010986324041589893
0.772,-0.046,0.020007848739624023,1.1208552207561464,-0.004667952981906078
0.821,0.078,0.020005226135253906,1.1208552207561464,-0.004667952981906078
0.73,-0.038,0.019986629486083984,1.1208552207561464,-0.004667952981906078
0.73,-0.038,0.020008325576782227,1.0766069821022382,0.015711415695124752
0.764,-0.03,0.020002365112304688,1.0766069821022382,0.015711415695124752
0.764,-0.03,0.020000457763671875,1.0766069821022382,0.015711415695124752
0.764,-0.127,0.019999265670776367,0.9980794985962311,0.042862105967538124
0.798,-0.168,0.01999521255493164,0.9980794985962311,0.042862105967538124
0.798,-0.168,0.019999980926513672,0.9980794985962311,0.042862105967538124
0.877,-0.127,0.01999664306640625,0.7469561177447885,0.029982717565523172
0.928,-0.071,0.019998550415039062,0.7469561177447885,0.029982717565523172
0.954,-0.01,0.020041942596435547,0.7469561177447885,0.029982717565523172
0.935,0.044,0.01996898651123047,0.7469561177447885,0.029982717565523172
0.9,0.117,0.019988298416137695,0.9393286051382324,0.08193490470885643
0.9,0.117,0.020009279251098633,0.9393286051382324,0.08193490470885643
0.9,0.117,0.020001888275146484,0.9393286051382324,0.08193490470885643
0.861,0.106,0.019992589950561523,1.2905517010185847,0.07451315818795066
0.869,0.081,0.02000284194946289,1.2905517010185847,0.07451315818795066
0.867,0.061,0.020005464553833008,1.2905517010185847,0.07451315818795066
0.879,0.024,0.02000141143798828,1.4259079854152144,0.09517524623789411
0.887,0.034,0.019997119903564453,1.4259079854152144,0.09517524623789411
0.907,0.034,0.019999265670776367,1.4259079854152144,0.09517524623789411
0.949,0.033,0.019999980926513672,1.4259079854152144,0.09517524623789411
0.979,0.043,0.01999044418334961,1.3918367050487812,0.10369916038286124
1.015,0.038,0.02003002166748047,1.3918367050487812,0.10369916038286124
1.049,0.028,0.01998734474182129,1.3918367050487812,0.10369916038286124
1.069,0.051,0.019990921020507812,1.402879153537332,0.16640585039390124
1.069,0.051,0.0200197696685791,1.402879153537332,0.16640585039390124
1.126,0.06,0.019977331161499023,1.402879153537332,0.16640585039390124
1.126,0.06,0.02000737190246582,1.402879153537332,0.16640585039390124
1.165,0.079,0.019983291625976562,1.320364344707817,0.14791515187229357
1.178,0.089,0.020007848739624023,1.320364344707817,0.14791515187229357
1.178,0.089,0.01999807357788086,1.320364344707817,0.14791515187229357
1.2,0.099,0.020012855529785156,1.2960768327803756,0.23716197077408538
1.218,0.121,0.019991636276245117,1.2960768327803756,0.23716197077408538
1.218,0.121,0.020003318786621094,1.2960768327803756,0.23716197077408538
1.218,0.121,0.02000570297241211,1.1929326880770914,0.16528763034562732
1.242,0.132,0.020017147064208984,1.1929326880770914,0.16528763034562732
1.245,0.155,0.019977092742919922,1.1929326880770914,0.16528763034562732
1.267,0.178,0.02000117301940918,1.1929326880770914,0.16528763034562732
1.267,0.178,0.019998550415039062,1.3598491510898427,0.19512951704850423
1.26,0.18,0.020000457763671875,1.3598491510898427,0.19512951704850423
1.258,0.202,0.020000696182250977,1.3598491510898427,0.19512951704850423
1.263,0.218,0.020003557205200195,1.4259260267233425,0.2753229192999469
1.264,0.207,0.019992589950561523,1.4259260267233425,0.2753229192999469
1.284,0.188,0.020003080368041992,1.4259260267233425,0.2753229192999469
1.348,0.13,0.019994020462036133,1.423237403157481,0.3386825559078434
1.403,0.061,0.02000570297241211,1.423237403157481,0.3386825559078434
1.403,0.061,0.019987106323242188,1.423237403157481,0.3386825559078434
1.394,0.097,0.019995927810668945,1.3266238774860644,0.33413472520757026
1.404,0.097,0.020012855529785156,1.3266238774860644,0.33413472520757026
1.433,0.085,0.020009756088256836,1.3266238774860644,0.33413472520757026
1.413,0.102,0.019999027252197266,1.3266238774860644,0.33413472520757026
1.418,0.097,0.01999354362487793,1.267777644846958,0.3553722261084593
1.434,0.084,0.020004749298095703,1.267777644846958,0.3553722261084593
1.413,0.093,0.01999044418334961,1.267777644846958,0.3553722261084593
1.413,0.093,0.01999664306640625,1.2137194876701092,0.3831678124342814
1.359,0.173,0.02000904083251953,1.2137194876701092,0.3831678124342814
1.36,0.165,0.019998788833618164,1.2137194876701092,0.3831678124342814
1.418,0.089,0.020010948181152344,1.2137194876701092,0.3831678124342814
1.388,0.146,0.019989967346191406,1.1846435913205304,0.36794383616179854
1.388,0.146,0.020004749298095703,1.1846435913205304,0.36794383616179854
1.284,0.32,0.019997119903564453,1.1846435913205304,0.36794383616179854
1.367,0.18,0.019997835159301758,0.9466439074991596,0.38619796969139997
1.347,0.202,0.019999265670776367,0.9466439074991596,0.38619796969139997
1.25,0.317,0.02000260353088379,0.9466439074991596,0.38619796969139997
1.25,0.317,0.020002126693725586,1.0785590438680406,0.45044117002345047
1.312,0.157,0.02000260353088379,1.0785590438680406,0.45044117002345047
1.189,0.302,0.020017385482788086,1.0785590438680406,0.45044117002345047
1.189,0.302,0.019966602325439453,1.197771477500338,0.4406089100542432
1.282,0.155,0.020003557205200195,1.197771477500338,0.4406089100542432
1.225,0.221,0.020003318786621094,1.197771477500338,0.4406089100542432
1.225,0.221,0.01999521255493164,1.197771477500338,0.4406089100542432
1.203,0.238,0.020037412643432617,0.9432918226098498,0.3860591086015674
1.254,0.138,0.019964933395385742,0.9432918226098498,0.3860591086015674
1.183,0.223,0.02001357078552246,0.9432918226098498,0.3860591086015674
1.183,0.223,0.01998424530029297,0.7117741183694429,0.34670096136753203
1.183,0.223,0.020003557205200195,0.7117741183694429,0.34670096136753203
1.216,0.154,0.019994258880615234,0.7117741183694429,0.34670096136753203
1.151,0.218,0.02000141143798828,0.5768611645438141,0.3637962227527472
1.151,0.218,0.01999950408935547,0.5768611645438141,0.3637962227527472
1.19,0.125,0.020003080368041992,0.5768611645438141,0.3637962227527472
1.149,0.135,0.02000141143798828,0.5768611645438141,0.3637962227527472
1.004,0.313,0.019993066787719727,0.4657129736911644,0.3437106369019655
1.004,0.313,0.01999640464782715,0.4657129736911644,0.3437106369019655
0.78,0.58,0.020013093948364258,0.4657129736911644,0.3437106369019655
0.705,0.668,0.020000934600830078,0.42777944686780217,0.3132390903365193
0.799,0.488,0.019992828369140625,0.42777944686780217,0.3132390903365193
0.904,0.295,0.020006895065307617,0.42777944686780217,0.3132390903365193
0.904,0.295,0.0199892520904541,0.40066134374953916,0.29150496597880854
0.832,0.315,0.020024538040161133,0.40066134374953916,0.29150496597880854
0.832,0.315,0.01999688148498535,0.40066134374953916,0.29150496597880854
0.618,0.475,0.019986629486083984,0.5154632659438286,0.365691790894799
0.645,0.374,0.0200197696685791,0.5154632659438286,0.365691790894799
0.752,0.17,0.020000219345092773,0.5154632659438286,0.365691790894799
0.559,0.401,0.019978761672973633,0.5154632659438286,0.365691790894799
0.559,0.401,0.02000117301940918,0.6957335127062855,0.4046398310061123
0.559,0.401,0.019997835159301758,0.6957335127062855,0.4046398310061123
0.577,0.305,0.02000570297241211,0.6957335127062855,0.4046398310061123
0.567,0.314,0.020000934600830078,0.651803571370154,0.41705149832332156
0.571,0.292,0.019999265670776367,0.651803571370154,0.41705149832332156
0.571,0.292,0.020000219345092773,0.651803571370154,0.41705149832332156
0.448,0.453,0.019994497299194336,0.651803571370154,0.41705149832332156
0.506,0.358,0.0200042724609375,0.6261370742872013,0.42459881385567416
0.459,0.432,0.01999521255493164,0.6261370742872013,0.42459881385567416
0.59,0.258,0.020023107528686523,0.6261370742872013,0.42459881385567416
0.642,0.182,0.019977092742919922,0.5213369946791636,0.40535496674498644
0.549,0.37,0.02001023292541504,0.5213369946791636,0.40535496674498644
0.549,0.37,0.020000219345092773,0.5213369946791636,0.40535496674498644
0.537,0.46,0.020000219345092773,0.5213369946791636,0.40535496674498644
0.537,0.46,0.01999211311340332,0.4837381155244388,0.36338524725784727
0.585,0.407,0.02000713348388672,0.4837381155244388,0.36338524725784727
0.56,0.472,0.019998550415039062,0.4837381155244388,0.36338524725784727
0.506,0.457,0.0200197696685791,0.4779748733465109,0.3790851751202738
0.496,0.448,0.0199737548828125,0.4779748733465109,0.3790851751202738
0.508,0.394,0.02000284194946289,0.4779748733465109,0.3790851751202738
0.508,0.394,0.01999664306640625,0.8114466627046745,0.4205190164308422
0.508,0.394,0.019999265670776367,0.8114466627046745,0.4205190164308422
0.521,0.36,0.02001023292541504,0.8114466627046745,0.4205190164308422
0.476,0.423,0.01999688148498535,0.8114466627046745,0.4205190164308422
0.437,0.466,0.020000934600830078,1.3217662353664679,0.3863207580604993
0.5,0.376,0.020002126693725586,1.3217662353664679,0.3863207580604993
0.5,0.376,0.020025253295898438,1.3217662353664679,0.3863207580604993
0.53,0.372,0.019981861114501953,1.0656742371943837,0.32794821374528216
0.603,0.281,0.019979476928710938,1.0656742371943837,0.32794821374528216
0.625,0.246,0.019991159439086914,1.0656742371943837,0.32794821374528216
0.546,0.394,0.020026206970214844,1.2749516640522307,0.32809471463665535
0.582,0.381,0.020000934600830078,1.2749516640522307,0.32809471463665535
0.709,0.191,0.019995689392089844,1.2749516640522307,0.32809471463665535
0.632,0.338,0.01999831199645996,1.1651274055213416,0.3240002009992863
0.614,0.377,0.019989490509033203,1.1651274055213416,0.3240002009992863
0.717,0.231,0.02001023292541504,1.1651274055213416,0.3240002009992863
0.717,0.231,0.0199892520904541,1.1643852478728778,0.35603464466755863
0.754,0.182,0.020015716552734375,1.1643852478728778,0.35603464466755863
0.802,0.231,0.019994735717773438,1.1643852478728778,0.35603464466755863
0.812,0.284,0.019997596740722656,1.1643852478728778,0.35603464466755863
0.812,0.284,0.020000457763671875,0.859111635397645,0.2650845527543042
0.823,0.311,0.0200042724609375,0.859111635397645,0.2650845527543042
0.823,0.311,0.019997119903564453,0.859111635397645,0.2650845527543042
0.823,0.311,0.020003080368041992,1.042164944748819,0.26599397905929695
0.849,0.272,0.01999497413635254,1.042164944748819,0.26599397905929695
0.861,0.235,0.02001166343688965,1.042164944748819,0.26599397905929695
0.903,0.219,0.019985437393188477,1.042164944748819,0.26599397905929695
0.916,0.235,0.020000934600830078,1.075489891035587,0.23881441584721483
0.916,0.235,0.020001649856567383,1.075489891035587,0.23881441584721483
0.914,0.26,0.019997358322143555,1.075489891035587,0.23881441584721483
0.968,0.197,0.019998550415039062,0.8036675863534327,0.20454781014184167
0.995,0.164,0.020002365112304688,0.8036675863534327,0.20454781014184167
0.97,0.227,0.019999980926513672,0.8036675863534327,0.20454781014184167
0.995,0.191,0.019998788833618164,0.8414043796574984,0.20365794885701452
1.02,0.182,0.02000117301940918,0.8414043796574984,0.20365794885701452
1.01,0.138,0.01999950408935547,0.8414043796574984,0.20365794885701452
0.978,0.185,0.01999831199645996,0.8414043796574984,0.20365794885701452
0.982,0.151,0.020006656646728516,0.4012573540536456,0.16340057942530312
1.0,0.1,0.019979476928710938,0.4012573540536456,0.16340057942530312
0.995,0.089,0.020018339157104492,0.4012573540536456,0.16340057942530312
0.944,0.126,0.020024538040161133,0.49063605559363077,0.3541074983496769
0.944,0.126,0.01997232437133789,0.49063605559363077,0.3541074983496769
0.944,0.126,0.020018339157104492,0.49063605559363077,0.3541074983496769
0.721,0.405,0.019976377487182617,0.5123689317891438,0.3701349227911424
0.76,0.334,0.019999265670776367,0.5123689317891438,0.3701349227911424
0.809,0.207,0.02000594139099121,0.5123689317891438,0.3701349227911424
0.663,0.431,0.019999027252197266,0.5123689317891438,0.3701349227911424
0.556,0.557,0.02001190185546875,0.4751797023133197,0.34679182585453106
0.602,0.484,0.019983768463134766,0.4751797023133197,0.34679182585453106
0.559,0.482,0.020011186599731445,0.4751797023133197,0.34679182585453106
0.559,0.482,0.019998550415039062,0.47531763045039216,0.3465562659734752
0.711,0.159,0.01999664306640625,0.47531763045039216,0.3465562659734752
0.516,0.401,0.01999664306640625,0.47531763045039216,0.3465562659734752
0.391,0.537,0.020001649856567383,0.46889246498087267,0.3412147161151656
0.391,0.537,0.020015239715576172,0.46889246498087267,0.3412147161151656
0.498,0.311,0.019995689392089844,0.46889246498087267,0.3412147161151656
0.569,0.189,0.019989013671875,0.44457627053013415,0.32121357719204874
0.569,0.189,0.020003318786621094,0.44457627053013415,0.32121357719204874
0.368,0.449,0.020004749298095703,0.44457627053013415,0.32121357719204874
0.368,0.449,0.01999521255493164,0.44457627053013415,0.32121357719204874
0.376,0.364,0.019989728927612305,0.42138688184838974,0.3098815729026543
0.376,0.364,0.02001500129699707,0.42138688184838974,0.3098815729026543
0.445,0.248,0.020000457763671875,0.42138688184838974,0.3098815729026543
0.445,0.248,0.02000260353088379,0.4162755605016646,0.3033138185640168
0.531,0.12,0.01999497413635254,0.4162755605016646,0.3033138185640168
0.408,0.302,0.020001649856567383,0.4162755605016646,0.3033138185640168
0.408,0.302,0.020001888275146484,0.4162755605016646,0.3033138185640168
0.354,0.371,0.020000219345092773,0.39214492824016306,0.2836718986434103
0.409,0.283,0.019996166229248047,0.39214492824016306,0.2836718986434103
0.409,0.283,0.020008325576782227,0.39214492824016306,0.2836718986434103
0.41,0.291,0.01998758316040039,0.46294886186604156,0.33510495435459037
0.431,0.234,0.020003318786621094,0.46294886186604156,0.33510495435459037
0.37,0.303,0.020003080368041992,0.46294886186604156,0.33510495435459037
0.362,0.338,0.019991397857666016,0.4399628212577147,0.3173850747977302
0.387,0.318,0.020000219345092773,0.4399628212577147,0.3173850747977302
0.387,0.318,0.02000880241394043,0.4399628212577147,0.3173850747977302
0.358,0.391,0.020000457763671875,0.4399628212577147,0.3173850747977302
0.405,0.315,0.020011186599731445,0.39884470237471686,0.2881842633694871
0.405,0.315,0.01997995376586914,0.39884470237471686,0.2881842633694871
0.507,0.189,0.01999521255493164,0.39884470237471686,0.2881842633694871
0.405,0.321,0.020027637481689453,0.4007064313092345,0.29401067103610073
0.414,0.303,0.01998305320739746,0.4007064313092345,0.29401067103610073
0.469,0.202,0.020005226135253906,0.4007064313092345,0.29401067103610073
0.381,0.328,0.01999640464782715,0.40513344243958266,0.2900399064879963
0.381,0.328,0.01999664306640625,0.40513344243958266,0.2900399064879963
0.335,0.383,0.020000934600830078,0.40513344243958266,0.2900399064879963
0.38,0.337,0.020002365112304688,0.40513344243958266,0.2900399064879963
0.42,0.287,0.020002126693725586,0.37344148200169147,0.26819256276652575
0.444,0.247,0.0199887752532959,0.37344148200169147,0.26819256276652575
0.389,0.306,0.020021677017211914,0.37344148200169147,0.26819256276652575
0.347,0.345,0.019983530044555664,0.3795948593643467,0.27186172433578204
0.38,0.284,0.019995689392089844,0.3795948593643467,0.27186172433578204
0.38,0.284,0.019998550415039062,0.3795948593643467,0.27186172433578204
0.339,0.34,0.019998550415039062,0.37212794281381356,0.2669317397255916
0.383,0.261,0.0200040340423584,0.37212794281381356,0.2669317397255916
0.383,0.261,0.020008087158203125,0.37212794281381356,0.2669317397255916
0.337,0.32,0.019991636276245117,0.45513243520724894,0.32449534866131435
0.315,0.34,0.020004749298095703,0.45513243520724894,0.32449534866131435
0.321,0.32,0.020012617111206055,0.45513243520724894,0.32449534866131435
0.383,0.267,0.019990205764770508,0.45513243520724894,0.32449534866131435
0.476,0.132,0.019994497299194336,0.3792109588522405,0.26863759049358094
0.389,0.25,0.019999980926513672,0.3792109588522405,0.26863759049358094
0.438,0.207,0.02000594139099121,0.3792109588522405,0.26863759049358094
0.412,0.253,0.020002126693725586,0.3792109588522405,0.26863759049358094
0.412,0.253,0.019982099533081055,0.37278935778946853,0.26495270663039266
0.369,0.347,0.020002126693725586,0.37278935778946853,0.26495270663039266
0.355,0.357,0.02000880241394043,0.37278935778946853,0.26495270663039266
0.355,0.357,0.02001023292541504,0.35878946298404335,0.2548813019506319
0.397,0.253,0.01999187469482422,0.35878946298404335,0.2548813019506319
0.369,0.284,0.019998788833618164,0.35878946298404335,0.2548813019506319
0.371,0.261,0.01999950408935547,0.364065363642551,0.25889583122276694
0.346,0.275,0.02000260353088379,0.364065363642551,0.25889583122276694
0.319,0.324,0.020000696182250977,0.364065363642551,0.25889583122276694
0.322,0.319,0.019997596740722656,0.3539212001099078,0.24964023083756112
0.341,0.272,0.019993066787719727,0.3539212001099078,0.24964023083756112
0.341,0.272,0.020002365112304688,0.3539212001099078,0.24964023083756112
0.338,0.256,0.0200192928314209,0.3539212001099078,0.24964023083756112
0.314,0.283,0.019980430603027344,0.9377563318429546,0.3013970810215798
0.334,0.258,0.020025253295898438,0.9377563318429546,0.3013970810215798
0.355,0.22,0.020026206970214844,0.9377563318429546,0.3013970810215798
0.431,0.147,0.019943952560424805,1.296604608472266,0.20348074159946636
0.365,0.261,0.019996166229248047,1.296604608472266,0.20348074159946636
0.403,0.195,0.020010709762573242,1.296604608472266,0.20348074159946636
0.379,0.269,0.019994258880615234,1.317283007973586,0.2784010071301665
0.379,0.269,0.019986629486083984,1.317283007973586,0.2784010071301665
0.379,0.269,0.020018339157104492,1.317283007973586,0.2784010071301665
0.392,0.287,0.019997835159301758,1.317283007973586,0.2784010071301665
0.475,0.195,0.01999807357788086,1.3229628377550746,0.26893872992738177
0.475,0.227,0.020009517669677734,1.3229628377550746,0.26893872992738177
0.419,0.33,0.019999027252197266,1.3229628377550746,0.26893872992738177
0.577,0.124,0.020002126693725586,1.221746994759376,0.22090643261938786
0.481,0.275,0.01999807357788086,1.221746994759376,0.22090643261938786
0.492,0.338,0.020003795623779297,1.221746994759376,0.22090643261938786
0.534,0.331,0.019954919815063477,1.1927181809980514,0.21129907509026297
0.534,0.331,0.020042896270751953,1.1927181809980514,0.21129907509026297
0.627,0.191,0.01999807357788086,1.1927181809980514,0.21129907509026297
0.624,0.238,0.02000284194946289,1.1927181809980514,0.21129907509026297
0.63,0.247,0.020002126693725586,1.4264015471296265,0.22281424768423397
0.676,0.213,0.019985198974609375,1.4264015471296265,0.22281424768423397
0.676,0.213,0.02001023292541504,1.4264015471296265,0.22281424768423397
0.665,0.195,0.020000219345092773,1.2843028506818108,0.19727830019775672
0.714,0.205,0.020000696182250977,1.2843028506818108,0.19727830019775672
0.75,0.185,0.0200045108795166,1.2843028506818108,0.19727830019775672
0.75,0.215,0.019997358322143555,1.3772482494009626,0.19544437250934518
0.787,0.204,0.019999980926513672,1.3772482494009626,0.19544437250934518
0.787,0.204,0.019997835159301758,1.3772482494009626,0.19544437250934518
0.807,0.208,0.01999640464782715,1.0466411511156524,0.14439599811403125
0.833,0.218,0.02000570297241211,1.0466411511156524,0.14439599811403125
0.842,0.171,0.01999831199645996,1.0466411511156524,0.14439599811403125
0.842,0.171,0.020005464553833008,1.0466411511156524,0.14439599811403125
0.879,0.182,0.019991636276245117,1.0368521593964446,0.13277741926948003
0.916,0.19,0.020000696182250977,1.0368521593964446,0.13277741926948003
0.916,0.19,0.020002126693725586,1.0368521593964446,0.13277741926948003
0.924,0.155,0.02000117301940918,1.0434338648547847,0.13334800886981124
0.952,0.133,0.01999068260192871,1.0434338648547847,0.13334800886981124
0.966,0.132,0.020003557205200195,1.0434338648547847,0.13334800886981124
0.99,0.123,0.01999354362487793,1.0434338648547847,0.13334800886981124
1.022,0.138,0.020010709762573242,1.1042414156406566,0.12978683609911779
1.028,0.125,0.019998550415039062,1.1042414156406566,0.12978683609911779
1.037,0.116,0.019995927810668945,1.1042414156406566,0.12978683609911779
1.062,0.129,0.019998550415039062,0.942377352683282,0.061821284889349855
1.062,0.1,0.01999950408935547,0.942377352683282,0.061821284889349855
1.074,0.102,0.020029544830322266,0.942377352683282,0.061821284889349855
1.074,0.102,0.019957304000854492,1.1601581863796628,0.07798796131758813
1.11,0.071,0.02000713348388672,1.1601581863796628,0.07798796131758813
1.11,0.071,0.0200042724609375,1.1601581863796628,0.07798796131758813
1.11,0.071,0.01999974250793457,1.1601581863796628,0.07798796131758813
1.104,0.05,0.020020484924316406,1.1419808046251625,0.05924335564338626
1.104,0.05,0.019983291625976562,1.1419808046251625,0.05924335564338626
1.107,0.047,0.02000570297241211,1.1419808046251625,0.05924335564338626
1.107,0.047,0.01999807357788086,0.9067447636139224,0.0653356294224677
1.13,0.05,0.01998114585876465,0.9067447636139224,0.0653356294224677
1.13,0.05,0.020014047622680664,0.9067447636139224,0.0653356294224677
1.139,0.015,0.020000457763671875,1.137431250548268,0.08257658355093372
1.139,0.015,0.020008087158203125,1.137431250548268,0.08257658355093372
1.121,0.014,0.019994735717773438,1.137431250548268,0.08257658355093372
1.121,0.014,0.019995927810668945,0.9271279781752099,-0.09937582466432672
1.085,0.033,0.020007610321044922,0.9271279781752099,-0.09937582466432672
1.087,0.058,0.019998550415039062,0.9271279781752099,-0.09937582466432672
1.058,0.052,0.019998550415039062,0.9271279781752099,-0.09937582466432672
1.058,0.052,0.01999831199645996,0.8839427594577592,-0.09429526656638519
1.037,0.057,0.020002126693725586,0.8839427594577592,-0.09429526656638519
0.996,0.049,0.020000934600830078,0.8839427594577592,-0.09429526656638519
1.025,-0.043,0.019993305206298828,0.8768860229502443,-0.06497863044763147
1.025,-0.043,0.020008325576782227,0.8768860229502443,-0.06497863044763147
0.958,-0.058,0.020002365112304688,0.8768860229502443,-0.06497863044763147
0.958,-0.058,0.01999378204345703,0.8739834845799916,-0.03180477510871569
0.898,-0.02,0.01999211311340332,0.8739834845799916,-0.03180477510871569
0.916,-0.098,0.01999664306640625,0.8739834845799916,-0.03180477510871569
0.892,-0.076,0.020012855529785156,0.8739834845799916,-0.03180477510871569
0.85,-0.017,0.01999640464782715,0.7647830533468417,-0.0296761765845758
0.892,-0.086,0.020006895065307617,0.7647830533468417,-0.0296761765845758
0.892,-0.086,0.019997119903564453,0.7647830533468417,-0.0296761765845758
0.835,0.01,0.01999664306640625,0.7583495094567957,-0.02936370643547958
0.834,-0.022,0.020006656646728516,0.7583495094567957,-0.02936370643547958
0.789,0.034,0.019994497299194336,0.7583495094567957,-0.02936370643547958
0.771,0.015,0.019997596740722656,0.7547258865002509,-0.024768709360404012
0.771,0.015,0.02000594139099121,0.7547258865002509,-0.024768709360404012
0.754,0.007,0.019998788833618164,0.7547258865002509,-0.024768709360404012
0.717,0.028,0.019996166229248047,0.7547258865002509,-0.024768709360404012
0.726,0.011,0.020003080368041992,0.7590493865134995,0.0044701324404563605
0.728,0.013,0.020013093948364258,0.7590493865134995,0.0044701324404563605
0.728,0.014,0.019989967346191406,0.7590493865134995,0.0044701324404563605
0.709,0.044,0.01999831199645996,0.7591068483573764,0.004495918004770448
0.685,0.077,0.019997119903564453,0.7591068483573764,0.004495918004770448
0.699,0.05,0.0200045108795166,0.7591068483573764,0.004495918004770448
0.692,0.07,0.01999831199645996,0.7591068483573764,0.004495918004770448
0.692,0.07,0.02000260353088379,0.757890618849072,-0.013319166231124115
0.678,0.069,0.0200040340423584,0.757890618849072,-0.013319166231124115
0.678,0.069,0.019995927810668945,0.757890618849072,-0.013319166231124115
0.682,0.041,0.01999831199645996,0.7587483843606031,-0.00360692042080154
0.685,0.022,0.020009517669677734,0.7587483843606031,-0.00360692042080154
0.677,0.031,0.01999187469482422,0.7587483843606031,-0.00360692042080154
0.679,0.021,0.01999688148498535,0.7587477765369185,-0.003607909703458583
0.679,0.021,0.01999521255493164,0.7587477765369185,-0.003607909703458583
0.694,-0.005,0.019996166229248047,0.7587477765369185,-0.003607909703458583
0.704,-0.015,0.019999265670776367,0.7595035581463594,-0.004214518820790044
0.721,-0.012,0.020001649856567383,0.7595035581463594,-0.004214518820790044
0.728,-0.016,0.020002126693725586,0.7595035581463594,-0.004214518820790044
0.74,-0.007,0.020000696182250977,0.7595035581463594,-0.004214518820790044
0.749,-0.005,0.0200045108795166,0.7610751882331916,0.003916238876368966
0.747,0.004,0.019998550415039062,0.7610751882331916,0.003916238876368966
0.747,0.004,0.02000737190246582,0.7610751882331916,0.003916238876368966
0.759,0.016,0.01999521255493164,0.7609577747590826,0.003944510581076861
0.763,0.018,0.019996166229248047,0.7609577747590826,0.003944510581076861
0.765,0.017,0.020000696182250977,0.7609577747590826,0.003944510581076861
0.766,0.018,0.01999807357788086,0.7609577747590826,0.003944510581076861
0.772,0.022,0.02001476287841797,0.7612066182022174,0.013990841864677292
0.772,0.022,0.019978046417236328,0.7612066182022174,0.013990841864677292
0.767,0.017,0.020016193389892578,0.7612066182022174,0.013990841864677292
0.774,0.011,0.020010709762573242,0.7652411274551391,0.02180223741834552
0.779,0.014,0.01998162269592285,0.7652411274551391,0.02180223741834552
0.779,0.014,0.01999807357788086,0.7652411274551391,0.02180223741834552
0.776,0.016,0.020001649856567383,0.7652233852195206,0.021801518190224415
0.789,0.005,0.020006179809570312,0.7652233852195206,0.021801518190224415
0.784,0.007,0.01999521255493164,0.7652233852195206,0.021801518190224415
0.782,0.007,0.01999831199645996,0.7652233852195206,0.021801518190224415
0.779,0.014,0.019997835159301758,0.7661277152260455,0.029048904190659704
0.776,0.001,0.019998788833618164,0.7661277152260455,0.029048904190659704
0.776,0.001,0.020001888275146484,0.7661277152260455,0.029048904190659704
0.774,0.013,0.020000696182250977,0.8580270742549719,0.046322271829218026
0.774,0.016,0.020000219345092773,0.8580270742549719,0.046322271829218026
0.771,0.005,0.01999950408935547,0.8580270742549719,0.046322271829218026
0.784,0.022,0.019989967346191406,0.8580270742549719,0.046322271829218026
0.774,0.024,0.020006656646728516,0.7586880433618876,0.032245476460336556
0.789,0.024,0.020000696182250977,0.7586880433618876,0.032245476460336556
0.789,0.024,0.020010948181152344,0.7586880433618876,0.032245476460336556
0.786,0.034,0.020001649856567383,0.7583269556824276,0.038358496082371116
0.786,0.034,0.019977092742919922,0.7583269556824276,0.038358496082371116
0.786,0.034,0.020011186599731445,0.7583269556824276,0.038358496082371116
0.77,0.027,0.02000284194946289,0.7560889133945288,0.041304625622099585
0.759,0.019,0.01999497413635254,0.7560889133945288,0.041304625622099585
0.759,0.019,0.020000457763671875,0.7560889133945288,0.041304625622099585
0.765,0.01,0.020006895065307617,0.7560914456658752,0.04130333393914945
0.764,0.014,0.020050048828125,0.7560914456658752,0.04130333393914945
0.764,0.014,0.019953250885009766,0.7560914456658752,0.04130333393914945
0.758,0.02,0.019962310791015625,0.7560914456658752,0.04130333393914945
0.761,0.02,0.02002859115600586,0.7615274891497789,0.05260200229375968
0.761,0.02,0.02000713348388672,0.7615274891497789,0.05260200229375968
0.754,0.019,0.02000117301940918,0.7615274891497789,0.05260200229375968
0.756,0.021,0.019989728927612305,0.77554537812662,0.05466246496311697
0.75,0.037,0.020004987716674805,0.77554537812662,0.05466246496311697
0.746,0.036,0.020000457763671875,0.77554537812662,0.05466246496311697
0.755,0.042,0.02000737190246582,0.77554537812662,0.05466246496311697
0.746,0.04,0.019997596740722656,0.7633579739600563,0.05371275839659182
0.757,0.042,0.020003795623779297,0.7633579739600563,0.05371275839659182
0.753,0.025,0.019996166229248047,0.7633579739600563,0.05371275839659182
0.745,0.052,0.020110368728637695,0.7583804413517072,0.06296596505229779
0.745,0.052,0.019882917404174805,0.7583804413517072,0.06296596505229779
0.759,0.025,0.020000457763671875,0.7583804413517072,0.06296596505229779
0.759,0.025,0.01999688148498535,0.7832282938689309,0.06300578409613002
0.761,0.023,0.020011186599731445,0.7832282938689309,0.06300578409613002
0.757,0.047,0.019999980926513672,0.7832282938689309,0.06300578409613002
0.768,0.034,0.020000457763671875,0.7764949959146646,0.06312797507699049
0.766,0.033,0.020005226135253906,0.7764949959146646,0.06312797507699049
0.762,0.051,0.019993305206298828,0.7764949959146646,0.06312797507699049
0.776,0.026,0.019991636276245117,0.7764949959146646,0.06312797507699049
0.776,0.026,0.020006656646728516,1.1416892123122364,0.11493732008225016
0.775,0.038,0.019999027252197266,1.1416892123122364,0.11493732008225016
0.78,0.043,0.020008087158203125,1.1416892123122364,0.11493732008225016
0.792,0.036,0.01999044418334961,1.1364184660549272,0.12999159184579112
0.792,0.036,0.019999980926513672,1.1364184660549272,0.12999159184579112
0.81,0.081,0.02001166343688965,1.1364184660549272,0.12999159184579112
0.828,0.069,0.019984006881713867,1.1310119800027678,0.10721162708692072
0.828,0.069,0.02000117301940918,1.1310119800027678,0.10721162708692072
0.844,0.071,0.01999831199645996,1.1310119800027678,0.10721162708692072
0.844,0.071,0.019997596740722656,1.1310119800027678,0.10721162708692072
0.88,0.095,0.020029306411743164,1.1506858119039867,0.14274217549973475
0.89,0.105,0.019968032836914062,1.1506858119039867,0.14274217549973475
0.89,0.105,0.020009756088256836,1.1506858119039867,0.14274217549973475
0.899,0.098,0.01999354362487793,1.1834784516201644,0.13825380987739858
0.933,0.121,0.02000594139099121,1.1834784516201644,0.13825380987739858
0.933,0.121,0.019994735717773438,1.1834784516201644,0.13825380987739858
0.986,0.118,0.020011186599731445,1.3866861015297138,0.17411684305838546
1.002,0.149,0.019985198974609375,1.3866861015297138,0.17411684305838546
1.018,0.139,0.02001023292541504,1.3866861015297138,0.17411684305838546
1.018,0.139,0.01999211311340332,1.3866861015297138,0.17411684305838546
1.068,0.139,0.02001667022705078,1.3784018707145467,0.16701466584825336
1.089,0.163,0.01997661590576172,1.3784018707145467,0.16701466584825336
1.1,0.153,0.020015239715576172,1.3784018707145467,0.16701466584825336
1.135,0.149,0.019995927810668945,1.4019477125195308,0.18988612641406302
1.135,0.149,0.02001333236694336,1.4019477125195308,0.18988612641406302
1.174,0.155,0.019988059997558594,1.4019477125195308,0.18988612641406302
1.21,0.152,0.020009517669677734,0.99506238244111,0.11032542002795419
1.23,0.167,0.01999521255493164,0.99506238244111,0.11032542002795419
1.23,0.139,0.019996166229248047,0.99506238244111,0.11032542002795419
1.23,0.139,0.01999640464782715,0.99506238244111,0.11032542002795419
1.269,0.132,0.02000117301940918,0.9985362476372333,0.13174576396508966
1.278,0.131,0.019986867904663086,0.9985362476372333,0.13174576396508966
1.275,0.106,0.0200197696685791,0.9985362476372333,0.13174576396508966
1.275,0.106,0.02000141143798828,1.0510867896810954,0.11935880225552016
1.275,0.106,0.020015239715576172,1.0510867896810954,0.11935880225552016
1.291,0.06,0.019985437393188477,1.0510867896810954,0.11935880225552016
1.286,0.039,0.01998734474182129,1.0037005586177794,0.10967527629071784
1.274,0.046,0.019997835159301758,1.0037005586177794,0.10967527629071784
1.22,0.098,0.02000737190246582,1.0037005586177794,0.10967527629071784
1.22,0.076,0.019999980926513672,1.0037005586177794,0.10967527629071784
1.225,0.033,0.020005226135253906,1.1490667316309557,0.20454555047610787
1.225,0.033,0.019997358322143555,1.1490667316309557,0.20454555047610787
1.166,0.013,0.020003318786621094,1.1490667316309557,0.20454555047610787
1.166,0.013,0.01999187469482422,1.3045312841090448,0.2449843004683484
1.095,0.04,0.020018339157104492,1.3045312841090448,0.2449843004683484
1.076,0.103,0.019990921020507812,1.3045312841090448,0.2449843004683484
1.049,0.176,0.019992828369140625,1.4439534854100333,0.24521625889402504
1.125,0.083,0.020003080368041992,1.4439534854100333,0.24521625889402504
1.096,0.114,0.019997119903564453,1.4439534854100333,0.24521625889402504
1.052,0.184,0.01999950408935547,1.4439534854100333,0.24521625889402504
1.097,0.13,0.02001047134399414,1.2414764065285988,0.29586324752068155
1.089,0.106,0.019988536834716797,1.2414764065285988,0.29586324752068155
1.041,0.202,0.01999807357788086,1.2414764065285988,0.29586324752068155
1.041,0.202,0.020003557205200195,1.387272858297209,0.301996933104069
1.1,0.141,0.020004749298095703,1.387272858297209,0.301996933104069
1.119,0.177,0.019998788833618164,1.387272858297209,0.301996933104069
1.119,0.177,0.019988059997558594,1.3374292252332678,0.28008145379708527
1.167,0.298,0.020002365112304688,1.3374292252332678,0.28008145379708527
1.155,0.296,0.02001357078552246,1.3374292252332678,0.28008145379708527
1.206,0.266,0.019994497299194336,1.3877837416491183,0.41722536671577365
1.23,0.262,0.020006418228149414,1.3877837416491183,0.41722536671577365
1.175,0.258,0.019998788833618164,1.3877837416491183,0.41722536671577365
1.175,0.258,0.019994258880615234,1.3877837416491183,0.41722536671577365
1.206,0.204,0.019995689392089844,1.2430750148225338,0.32420639154027847
1.233,0.175,0.02000737190246582,1.2430750148225338,0.32420639154027847
1.233,0.201,0.0200042724609375,1.2430750148225338,0.32420639154027847
1.233,0.201,0.019997835159301758,1.3410447496912477,0.3767163632060269
1.252,0.16,0.019998788833618164,1.3410447496912477,0.3767163632060269
1.272,0.173,0.019997835159301758,1.3410447496912477,0.3767163632060269
1.303,0.175,0.01999044418334961,1.3233380441418714,0.37368456257457044
1.323,0.163,0.020015239715576172,1.3233380441418714,0.37368456257457044
1.244,0.251,0.01999640464782715,1.3233380441418714,0.37368456257457044
1.309,0.188,0.020000457763671875,1.3233380441418714,0.37368456257457044
1.317,0.168,0.01999807357788086,1.2061622757701695,0.33301381958821225
1.317,0.168,0.020019054412841797,1.2061622757701695,0.33301381958821225
1.276,0.236,0.019973278045654297,1.2061622757701695,0.33301381958821225
1.324,0.182,0.019999980926513672,1.138037596570196,0.3256465154072439
1.337,0.151,0.020002126693725586,1.138037596570196,0.3256465154072439
1.326,0.216,0.020002126693725586,1.138037596570196,0.3256465154072439
1.297,0.283,0.01999688148498535,1.138037596570196,0.3256465154072439
1.325,0.208,0.0200045108795166,1.311737055905786,0.33009187956155384
1.278,0.288,0.020000457763671875,1.311737055905786,0.33009187956155384
1.25,0.267,0.020000934600830078,1.311737055905786,0.33009187956155384
1.327,0.153,0.02000141143798828,1.1645980546121546,0.28103048468987407
1.293,0.176,0.01999950408935547,1.1645980546121546,0.28103048468987407
1.274,0.248,0.0200045108795166,1.1645980546121546,0.28103048468987407
1.287,0.206,0.019987821578979492,1.3878208952887128,0.34826946725588714
1.295,0.153,0.01999950408935547,1.3878208952887128,0.34826946725588714
1.268,0.191,0.020000696182250977,1.3878208952887128,0.34826946725588714
1.211,0.234,0.02000260353088379,1.3878208952887128,0.34826946725588714
1.213,0.23,0.02000570297241211,1.286574521649854,0.3330003084647476
1.253,0.202,0.01998305320739746,1.286574521649854,0.3330003084647476
1.212,0.278,0.02001476287841797,1.286574521649854,0.3330003084647476
1.212,0.278,0.02000117301940918,1.0216244106496875,0.22244044865356846
1.246,0.232,0.01999950408935547,1.0216244106496875,0.22244044865356846
1.246,0.232,0.019997119903564453,1.0216244106496875,0.22244044865356846
1.23,0.276,0.01999950408935547,1.021454745997841,0.22246724087386105
1.249,0.242,0.019994258880615234,1.021454745997841,0.22246724087386105
1.243,0.228,0.019999980926513672,1.021454745997841,0.22246724087386105
1.213,0.242,0.02001047134399414,1.021454745997841,0.22246724087386105
1.217,0.212,0.019994497299194336,0.31660100388455953,0.2244604002139773
1.219,0.21,0.020003318786621094,0.31660100388455953,0.2244604002139773
1.174,0.204,0.01999044418334961,0.31660100388455953,0.2244604002139773
1.174,0.204,0.02001190185546875,0.3294750824518307,0.23106309896011468
1.166,0.16,0.019992351531982422,0.3294750824518307,0.23106309896011468
1.132,0.202,0.020008563995361328,0.3294750824518307,0.23106309896011468
1.105,0.201,0.01999521255493164,0.36873956864095914,0.21497252583275595
1.149,0.099,0.019993305206298828,0.36873956864095914,0.21497252583275595
1.149,0.099,0.020004749298095703,0.36873956864095914,0.21497252583275595
1.054,0.119,0.020000457763671875,0.36873956864095914,0.21497252583275595
1.029,0.136,0.02000117301940918,0.7299052200701904,0.18645066831254925
1.074,-0.009,0.019997596740722656,0.7299052200701904,0.18645066831254925
0.868,0.238,0.02001357078552246,0.7299052200701904,0.18645066831254925
0.735,0.371,0.019992828369140625,0.7530688994736868,0.21105313555594712
0.651,0.447,0.019996166229248047,0.7530688994736868,0.21105313555594712
0.651,0.447,0.02000260353088379,0.7530688994736868,0.21105313555594712
0.653,0.42,0.020000219345092773,0.7530688994736868,0.20255473281144137
0.848,0.077,0.0200040340423584,0.7530688994736868,0.20255473281144137
0.866,0.038,0.020000219345092773,0.7530688994736868,0.20255473281144137
0.866,0.038,0.019994258880615234,0.7530688994736868,0.20255473281144137
0.652,0.343,0.02002573013305664,0.049999999999999996,0.05
0.653,0.319,0.01997065544128418,0.049999999999999996,0.05
0.817,0.066,0.019995450973510742,0.049999999999999996,0.05
0.648,0.272,0.02001047134399414,0.05,0.05
0.594,0.32,0.01999807357788086,0.05,0.05
0.864,-0.163,0.01999521255493164,0.05,0.05
0.632,0.138,0.019997119903564453,0.05,0.05
0.573,0.185,0.019989013671875,0.05,0.05
0.573,0.185,0.02002406120300293,0.05,0.05
0.577,0.116,0.019997596740722656,-0.7929317033787148,0.0012801821187239603
0.524,0.117,0.019997835159301758,-0.7929317033787148,0.0012801821187239603
0.447,0.208,0.019997358322143555,-0.7929317033787148,0.0012801821187239603
0.465,0.143,0.01999521255493164,-0.7929317033787148,0.0012801821187239603
0.67,-0.201,0.020020484924316406,-0.8371140893763793,-0.019995751630426717
0.39,0.169,0.019986867904663086,-0.8371140893763793,-0.019995751630426717
0.324,0.215,0.019994258880615234,-0.8371140893763793,-0.019995751630426717
0.324,0.215,0.019990921020507812,-0.8371140893763793,0.15422301752771486
0.388,0.064,0.020014286041259766,-0.8371140893763793,0.15422301752771486
0.512,-0.162,0.020009517669677734,-0.8371140893763793,0.15422301752771486
0.512,-0.162,0.019993066787719727,-0.7935570829870299,-0.06387194658814527
0.339,-0.006,0.019984960556030273,-0.7935570829870299,-0.06387194658814527
0.279,0.046,0.020002365112304688,-0.7935570829870299,-0.06387194658814527
0.223,0.084,0.02001357078552246,-0.7935570829870299,-0.06387194658814527
0.223,0.084,0.019993305206298828,-0.8466050817940242,-0.031007811504403807
0.203,0.028,0.019998788833618164,-0.8466050817940242,-0.031007811504403807
0.194,-0.033,0.020000219345092773,-0.8466050817940242,-0.031007811504403807
0.194,-0.033,0.020000219345092773,-0.8466050817940239,-0.05692516663638844
0.118,0.012,0.019999265670776367,-0.8466050817940239,-0.05692516663638844
0.095,-0.017,0.0200042724609375,-0.8466050817940239,-0.05692516663638844
0.075,-0.028,0.019994258880615234,-0.8582057975389873,-0.0823668120364675
-0.069,-0.049,0.01999950408935547,-0.919319328481306,-0.05636388484784264
-0.099,-0.05,0.019991159439086914,-0.919319328481306,-0.05636388484784264
-0.099,-0.05,0.019997596740722656,-0.9193193284813062,-0.0541787996989427
-0.129,-0.051,0.020011186599731445,-0.9193193284813062,-0.0541787996989427
-0.152,-0.061,0.0200040340423584,-0.9193193284813062,-0.0541787996989427
-0.177,-0.057,0.019988536834716797,-0.9011006540868237,-0.03600395253340654
-0.201,-0.061,0.0200042724609375,-0.9011006540868237,-0.03600395253340654
-0.224,-0.069,0.020001888275146484,-0.9011006540868237,-0.03600395253340654
-0.248,-0.087,0.020002365112304688,-0.9011006540868237,-0.03600395253340654
-0.274,-0.082,0.020001888275146484,-0.900788917429841,-0.07266357187812054
-0.298,-0.076,0.019987106323242188,-0.900788917429841,-0.07266357187812054
-0.328,-0.065,0.02001023292541504,-0.900788917429841,-0.07266357187812054
-0.349,-0.064,0.01999640464782715,-0.9007889174298409,-0.05733499132185579
-0.385,-0.061,0.019992828369140625,-0.9007889174298409,-0.05733499132185579
-0.41,-0.053,0.020000219345092773,-0.9007889174298409,-0.05733499132185579
-0.437,-0.041,0.020003557205200195,-0.8598162987038903,-0.09718263399062174
-0.457,-0.035,0.0200040340423584,-0.8598162987038903,-0.09718263399062174
-0.481,-0.036,0.019997358322143555,-0.8598162987038903,-0.09718263399062174
-0.521,-0.039,0.02000284194946289,-0.8345571237477837,-0.08280278533413013
-0.553,-0.042,0.019995450973510742,-0.8345571237477837,-0.08280278533413013
-0.553,-0.042,0.02000260353088379,-0.8345571237477837,-0.08280278533413013
-0.628,-0.027,0.01999831199645996,-0.8345571237477837,-0.08280278533413013
-0.658,-0.027,0.019989490509033203,-0.8345571237477837,-0.08281216971715169
-0.658,-0.027,0.020011186599731445,-0.8345571237477837,-0.08281216971715169
-0.689,-0.035,0.020001888275146484,-0.8345571237477837,-0.08281216971715169
-0.721,-0.034,0.02000284194946289,-0.8546673164918485,-0.03217601217475515
-0.743,-0.043,0.020001888275146484,-0.8546673164918485,-0.03217601217475515
-0.77,-0.045,0.019991159439086914,-0.8546673164918485,-0.03217601217475515
-0.81,-0.046,0.020014286041259766,-0.8546673164918485,-0.03217601217475515
-0.828,-0.029,0.01999497413635254,-0.8188694642357552,0.15516623871047996
-0.844,-0.034,0.019991397857666016,-0.8188694642357552,0.15516623871047996
-0.859,-0.031,0.020028352737426758,-0.8188694642357552,0.15516623871047996
-0.856,-0.014,0.01998281478881836,-0.8188694642357554,0.02753211201254141
-0.856,-0.014,0.019992589950561523,-0.8188694642357554,0.02753211201254141
-0.861,-0.011,0.019995450973510742,-0.8188694642357554,0.02753211201254141
-0.862,0.0,0.020000457763671875,-0.8188694642357554,0.02753211201254141
-0.859,0.006,0.020018815994262695,-0.7747320401404761,0.14568636345136107
-0.85,0.006,0.01997995376586914,-0.7747320401404761,0.14568636345136107
-0.842,0.008,0.0200040340423584,-0.7747320401404761,0.14568636345136107
-0.842,0.008,0.019990921020507812,-0.05,-0.05
-0.809,0.043,0.020000696182250977,-0.05,-0.05
-0.809,0.043,0.02000713348388672,-0.05,-0.05
-0.769,0.087,0.019984722137451172,-0.049999999999999996,-0.05
-0.769,0.087,0.02001357078552246,-0.049999999999999996,-0.05
-0.755,0.095,0.020006179809570312,-0.049999999999999996,-0.05
-0.755,0.095,0.02000117301940918,-0.049999999999999996,-0.05
-0.736,0.064,0.02000260353088379,-0.05,-0.05
-0.704,0.013,0.01999950408935547,-0.05,-0.05
-0.68,-0.012,0.019997835159301758,-0.05,-0.05
-0.68,-0.012,0.019998550415039062,-0.05,-0.05
-0.649,-0.046,0.019987821578979492,-0.05,-0.05
-0.632,-0.051,0.02001953125,-0.05,-0.05
-0.631,-0.085,0.019993066787719727,-0.05,-0.05
-0.651,-0.088,0.019996166229248047,-0.05,-0.05
-0.706,-0.033,0.02001643180847168,-0.05,-0.05
-0.74,-0.006,0.019986391067504883,-0.05,-0.05
-0.75,0.003,0.019993305206298828,-0.7992366668021796,-0.08003147961247806
-0.712,-0.033,0.019996166229248047,-0.7992366668021796,-0.08003147961247806
-0.575,-0.198,0.02000141143798828,-0.8549765921478703,-0.08808492472279958
-0.474,0.02,0.019999980926513672,-0.8549765921478703,-0.08808492472279958
-0.474,0.02,0.019997835159301758,-0.8549765921478703,-0.08808492472279958
-0.412,0.197,0.020000934600830078,-0.8549765921478703,-0.08808492472279958
-0.508,-0.115,0.019999265670776367,-0.8549765921478703,-0.06927213989272211
-0.427,-0.214,0.01999974250793457,-0.8549765921478703,-0.06927213989272211
-0.427,-0.214,0.020003080368041992,-0.8549765921478703,-0.06927213989272211
-0.624,-0.215,0.019999027252197266,-0.9386428581012198,-0.0949598493212932
-0.596,-0.047,0.020003080368041992,-0.9386428581012198,-0.0949598493212932
-0.48,0.008,0.019999027252197266,-0.9386428581012198,-0.0949598493212932
-0.463,0.072,0.0199887752532959,-0.9767654533687937,-0.05116051632617819
-0.476,-0.023,0.020010948181152344,-0.9767654533687937,-0.05116051632617819
-0.548,-0.111,0.01999974250793457,-0.9767654533687937,-0.05116051632617819
-0.665,-0.111,0.019992351531982422,-0.9767654533687937,-0.05116051632617819
-0.665,-0.111,0.019998550415039062,-0.9767654533687937,-0.1175098637686278
-0.749,-0.063,0.02000284194946289,-0.9767654533687937,-0.1175098637686278
-0.749,-0.063,0.020008563995361328,-0.9767654533687937,-0.1175098637686278
-0.746,0.04,0.019997596740722656,-1.0190915116917718,-0.1255801188335398
-0.732,0.086,0.020001888275146484,-1.0190915116917718,-0.1255801188335398
-0.717,-0.046,0.019999027252197266,-1.0190915116917718,-0.1255801188335398
-0.781,-0.14,0.01999950408935547,-1.0493421895255912,-0.1218534111544294
-0.814,-0.129,0.019998550415039062,-1.0493421895255912,-0.1218534111544294
-0.884,-0.129,0.02000141143798828,-1.0493421895255912,-0.1218534111544294
-0.884,-0.129,0.020001888275146484,-1.0493421895255912,-0.1218534111544294
-0.99,-0.106,0.019998788833618164,-1.0493421895255912,-0.1225648716768411
-1.014,-0.165,0.019991397857666016,-1.0493421895255912,-0.1225648716768411
-1.02,-0.116,0.0200045108795166,-1.0493421895255912,-0.1225648716768411
-1.02,-0.116,0.01999974250793457,-1.101575323921171,-0.12489896003500223
-1.061,-0.111,0.020000219345092773,-1.101575323921171,-0.12489896003500223
-1.061,-0.085,0.019977092742919922,-1.101575323921171,-0.12489896003500223
-1.084,-0.061,0.02002859115600586,-1.101575323921171,-0.12489896003500223
-1.119,-0.092,0.019998550415039062,-0.9404485968450839,-0.10990505974097405
-1.119,-0.07,0.019997835159301758,-0.9404485968450839,-0.10990505974097405
-1.15,-0.102,0.020009994506835938,-0.9404485968450839,-0.10990505974097405
-1.156,-0.096,0.019992589950561523,-0.9341335762009809,-0.09841925852017287
-1.157,-0.125,0.019997596740722656,-0.9341335762009809,-0.09841925852017287
-1.145,-0.151,0.019991636276245117,-0.9341335762009809,-0.09841925852017287
-1.118,-0.162,0.02000594139099121,-0.7576976823075054,-0.09320531791104664
-1.118,-0.162,0.020003795623779297,-0.7576976823075054,-0.09320531791104664
-1.084,-0.172,0.01999950408935547,-0.7576976823075054,-0.09320531791104664
-1.059,-0.167,0.01999688148498535,-0.5104456437612113,-0.06620495364673917
-1.032,-0.147,0.020000696182250977,-0.5104456437612113,-0.06620495364673917
-1.018,-0.098,0.019999265670776367,-0.5104456437612113,-0.06620495364673917
-1.018,-0.098,0.020002365112304688,-0.5104456437612113,-0.06620495364673917
-1.113,0.218,0.01999807357788086,-0.5405329300409547,-0.06968402644292741
-1.039,0.142,0.019999027252197266,-0.5405329300409547,-0.06968402644292741
-1.005,0.14,0.02000141143798828,-0.5405329300409547,-0.06968402644292741
-1.005,0.14,0.019997835159301758,-0.5979722913006061,-0.05635633164228476
-1.003,0.153,0.020006895065307617,-0.5979722913006061,-0.05635633164228476
-0.978,0.146,0.020000219345092773,-0.5979722913006061,-0.05635633164228476
-0.967,0.102,0.019996166229248047,-0.19676006297747134,-0.1452971299683521
-0.967,0.102,0.01999974250793457,-0.19676006297747134,-0.1452971299683521
-1.021,-0.068,0.01999831199645996,-0.19676006297747134,-0.1452971299683521
-1.021,-0.068,0.020005226135253906,-0.19676006297747134,-0.1452971299683521
-0.689,-0.419,0.01999211311340332,-0.1968222359081581,-0.14534557533648435
-0.612,-0.438,0.020006895065307617,-0.1968222359081581,-0.14534557533648435
-0.893,-0.021,0.019999027252197266,-0.1968222359081581,-0.14534557533648435
-0.721,-0.297,0.020000457763671875,0.2041463975203753,-0.03477006297679632
-0.647,-0.329,0.019999980926513672,0.2041463975203753,-0.03477006297679632
-0.733,-0.028,0.01999950408935547,0.2041463975203753,-0.03477006297679632
-0.601,-0.145,0.019991636276245117,0.25019958273187903,-0.1784029446366739
-0.601,-0.145,0.020009279251098633,0.25019958273187903,-0.1784029446366739
-0.447,-0.084,0.01999807357788086,0.25019958273187903,-0.1784029446366739
-0.61,-0.082,0.020000457763671875,0.25019958273187903,-0.1784029446366739
-0.688,-0.129,0.020000934600830078,0.250351651187475,-0.1785025727967536
-0.331,-0.192,0.01999068260192871,0.250351651187475,-0.1785025727967536
-0.352,-0.275,0.020007610321044922,0.250351651187475,-0.1785025727967536
-0.448,-0.008,0.01999950408935547,0.2931394080805452,-0.21062720310445254
-0.448,-0.008,0.02000284194946289,0.2931394080805452,-0.21062720310445254
-0.455,0.053,0.01999664306640625,0.2931394080805452,-0.21062720310445254
-0.289,-0.149,0.01999974250793457,-0.45452514886921125,-0.3370167582611763
-0.244,-0.19,0.020000934600830078,-0.45452514886921125,-0.3370167582611763
-0.309,-0.149,0.02000141143798828,-0.45452514886921125,-0.3370167582611763
-0.386,-0.13,0.01999664306640625,-0.45452514886921125,-0.3370167582611763
-0.368,-0.204,0.02000141143798828,-0.45452515188610876,-0.33701675445909735
-0.368,-0.204,0.019999265670776367,-0.45452515188610876,-0.33701675445909735
-0.351,-0.331,0.02000117301940918,-0.45452515188610876,-0.33701675445909735
-0.351,-0.331,0.019999265670776367,-0.5427801072356333,-0.4117085510248824
-0.365,-0.157,0.020004987716674805,-0.5427801072356333,-0.4117085510248824
-0.325,-0.232,0.019982576370239258,-0.5427801072356333,-0.4117085510248824
-0.406,-0.25,0.020011425018310547,-0.5468332626849366,-0.4129438184537801
-0.43,-0.302,0.020000219345092773,-0.5468332626849366,-0.4129438184537801
-0.42,-0.345,0.01999950408935547,-0.5468332626849366,-0.4129438184537801
-0.45,-0.409,0.0200045108795166,-0.5468332626849366,-0.4129438184537801
-0.469,-0.409,0.019997119903564453,-0.5468332728978957,-0.41294382155066905
-0.469,-0.409,0.01999044418334961,-0.5468332728978957,-0.41294382155066905
-0.554,-0.358,0.020009994506835938,-0.5468332728978957,-0.41294382155066905
-0.593,-0.363,0.019997358322143555,-0.560124389573205,-0.4278867192200569
-0.593,-0.363,0.019994258880615234,-0.560124389573205,-0.4278867192200569
-0.606,-0.338,0.01999831199645996,-0.560124389573205,-0.4278867192200569
-0.528,-0.414,0.020009279251098633,-0.7236303330629779,-0.49999999999999994
-0.62,-0.297,0.01999974250793457,-0.7236303330629779,-0.49999999999999994
-0.552,-0.368,0.019993305206298828,-0.7236303330629779,-0.49999999999999994
-0.552,-0.368,0.020011186599731445,-0.7236303330629779,-0.49999999999999994
-0.574,-0.391,0.01999807357788086,-0.7236292517362961,-0.5
-0.602,-0.459,0.01999974250793457,-0.7236292517362961,-0.5
-0.565,-0.48,0.02000284194946289,-0.7236292517362961,-0.5
-0.74,-0.354,0.01999521255493164,-0.6579443191127862,-0.5
-0.61,-0.55,0.019999980926513672,-0.6579443191127862,-0.5
-0.714,-0.438,0.019986629486083984,-0.6579443191127862,-0.5
-0.625,-0.565,0.020006656646728516,-0.7041100218667302,-0.5
-0.606,-0.548,0.020006656646728516,-0.7041100218667302,-0.5
-0.804,-0.271,0.01999974250793457,-0.7041100218667302,-0.5
-0.804,-0.271,0.020000934600830078,-0.7041100218667302,-0.5
-0.597,-0.639,0.019998550415039062,-0.7041101482274197,-0.5
-0.717,-0.46,0.019991636276245117,-0.7041101482274197,-0.5
-0.649,-0.587,0.020012378692626953,-0.7041101482274197,-0.5
-0.711,-0.543,0.01999640464782715,-0.5393016442703323,-0.4777601858954024
-0.77,-0.387,0.01999974250793457,-0.5393016442703323,-0.4777601858954024
-0.77,-0.387,0.019999265670776367,-0.5393016442703323,-0.4777601858954024
-0.663,-0.571,0.020001649856567383,-0.445502460016897,-0.39384867325898026
-0.614,-0.575,0.01999974250793457,-0.445502460016897,-0.39384867325898026
-0.698,-0.449,0.019988536834716797,-0.445502460016897,-0.39384867325898026
-0.762,-0.35,0.020010709762573242,-0.445502460016897,-0.39384867325898026
-0.625,-0.478,0.019999980926513672,-0.4454941176338311,-0.3939126776419682
-0.666,-0.395,0.020000696182250977,-0.4454941176338311,-0.3939126776419682
-0.666,-0.395,0.01999831199645996,-0.4454941176338311,-0.3939126776419682
-0.603,-0.416,0.01999378204345703,-0.4008144942932633,-0.3384208164261904
-0.603,-0.416,0.02001023292541504,-0.4008144942932633,-0.3384208164261904
-0.525,-0.485,0.019997835159301758,-0.4008144942932633,-0.3384208164261904
-0.466,-0.492,0.019999265670776367,-0.39233092530926666,-0.33387772209088273
-0.425,-0.513,0.019993305206298828,-0.39233092530926666,-0.33387772209088273
-0.426,-0.445,0.02000594139099121,-0.39233092530926666,-0.33387772209088273
-0.486,-0.318,0.020001888275146484,-0.39233092530926666,-0.33387772209088273
-0.464,-0.315,0.019991636276245117,-0.36246474355502595,-0.2971356460093186
-0.401,-0.406,0.019999265670776367,-0.36246474355502595,-0.2971356460093186
-0.369,-0.417,0.020013093948364258,-0.36246474355502595,-0.2971356460093186
-0.38,-0.328,0.019999265670776367,-0.31505409918729177,-0.24833513266727242
-0.392,-0.284,0.019997596740722656,-0.31505409918729177,-0.24833513266727242
-0.378,-0.261,0.0200045108795166,-0.31505409918729177,-0.24833513266727242
-0.378,-0.261,0.01999950408935547,-0.31505409918729177,-0.24833513266727242
-0.378,-0.261,0.019999027252197266,-0.4586292795603752,-0.36082419800908844
-0.346,-0.24,0.020000934600830078,-0.4586292795603752,-0.36082419800908844
-0.304,-0.278,0.0200040340423584,-0.4586292795603752,-0.36082419800908844
-0.283,-0.331,0.020000696182250977,-0.4586292900528884,-0.36082423916242007
-0.312,-0.313,0.019992828369140625,-0.4586292900528884,-0.36082423916242007
-0.312,-0.313,0.020013093948364258,-0.4586292900528884,-0.36082423916242007
-0.39,-0.195,0.019989490509033203,-0.337904836847755,-0.25734877467186734
-0.402,-0.227,0.020001649856567383,-0.337904836847755,-0.25734877467186734
-0.402,-0.227,0.020000696182250977,-0.337904836847755,-0.25734877467186734
-0.405,-0.304,0.019992828369140625,-0.337904836847755,-0.25734877467186734
-0.402,-0.325,0.020006179809570312,-0.2659177906265458,-0.19905403902593247
-0.377,-0.323,0.019999980926513672,-0.2659177906265458,-0.19905403902593247
-0.408,-0.277,0.019996166229248047,-0.2659177906265458,-0.19905403902593247
-0.405,-0.246,0.02000284194946289,-0.2658746486875071,-0.199005165368205
-0.351,-0.291,0.01999640464782715,-0.2658746486875071,-0.199005165368205
-0.363,-0.252,0.02000284194946289,-0.2658746486875071,-0.199005165368205
-0.341,-0.261,0.020000696182250977,-0.24199327256934383,-0.18049904901963706
-0.283,-0.311,0.020000934600830078,-0.24199327256934383,-0.18049904901963706
-0.307,-0.234,0.02001643180847168,-0.24199327256934383,-0.18049904901963706
-0.307,-0.234,0.020114898681640625,-0.2691184911880897,-0.2027740010890201
-0.277,-0.228,0.019869565963745117,-0.2691184911880897,-0.2027740010890201
-0.259,-0.231,0.020000457763671875,-0.2691184911880897,-0.2027740010890201
-0.245,-0.229,0.020020246505737305,-0.2691184911880897,-0.2027740010890201
-0.24,-0.242,0.01996755599975586,-0.26927490902365003,-0.2029634815196817
-0.244,-0.229,0.020000457763671875,-0.26927490902365003,-0.2029634815196817
-0.255,-0.208,0.02001500129699707,-0.26927490902365003,-0.2029634815196817
-0.239,-0.2,0.019998788833618164,-0.3672628275422317,-0.026099403088653026
-0.233,-0.186,0.020003557205200195,-0.3672628275422317,-0.026099403088653026
-0.235,-0.181,0.019993066787719727,-0.3672628275422317,-0.026099403088653026
-0.235,-0.181,0.020027637481689453,0.0,0.0
-0.364,0.001,0.019977807998657227,0.0,0.0
-0.278,-0.129,0.01999688148498535,0.0,0.0
-0.229,-0.176,0.019999265670776367,0.0,0.0
-0.387,0.083,0.019995450973510742,0.0,0.0
-0.222,-0.123,0.040010690689086914,-0.4114252204514462,0.21857425592166832
-0.222,-0.123,0.019986867904663086,-0.4114252204514462,0.21857425592166832
-0.335,0.063,0.020003080368041992,-0.4114252204514462,0.21857425592166832
-0.325,0.055,0.020006656646728516,-0.5369311288385912,0.21758866791625409
-0.325,0.055,0.020010709762573242,-0.5369311288385912,0.21758866791625409
-0.325,0.055,0.019980669021606445,-0.5369311288385912,0.21758866791625409
-0.323,0.061,0.020000696182250977,-0.4920768207201701,0.18630701887653042
-0.323,0.061,0.0200045108795166,-0.4920768207201701,0.18630701887653042
-0.323,0.077,0.020001888275146484,-0.4920768207201701,0.18630701887653042
-0.323,0.077,0.019991636276245117,-0.29584655706001495,0.2094680439635783
-0.343,0.06,0.020000219345092773,-0.29584655706001495,0.2094680439635783
-0.387,0.103,0.02001357078552246,-0.29584655706001495,0.2094680439635783
-0.408,0.136,0.019993305206298828,-0.2480940391015459,0.17670725449719316
-0.431,0.157,0.020000219345092773,-0.2480940391015459,0.17670725449719316
-0.431,0.157,0.020000457763671875,-0.2480940391015459,0.17670725449719316
-0.429,0.173,0.019994735717773438,-0.20275686337125906,0.14433744690705574
-0.429,0.173,0.020003795623779297,-0.20275686337125906,0.14433744690705574
-0.404,0.159,0.02001500129699707,-0.20275686337125906,0.14433744690705574
-0.385,0.151,0.019985675811767578,-0.21847200996618693,0.15563906379059406
-0.364,0.14,0.019997596740722656,-0.21847200996618693,0.15563906379059406
-0.349,0.129,0.020001649856567383,-0.21847200996618693,0.15563906379059406
-0.329,0.127,0.02000284194946289,-0.21847200996618693,0.15563906379059406
-0.329,0.127,0.020003080368041992,-0.206054942288099,0.14673257246097351
-0.287,0.132,0.01999044418334961,-0.206054942288099,0.14673257246097351
-0.254,0.141,0.02009296417236328,-0.206054942288099,0.14673257246097351
-0.254,0.141,0.01991438865661621,0.8723808697074973,0.32168796000724814
-0.233,0.142,0.01999354362487793,0.8723808697074973,0.32168796000724814
-0.233,0.142,0.0200192928314209,0.8723808697074973,0.32168796000724814
-0.208,0.154,0.019976139068603516,0.9215528989084664,0.31894616877175563
-0.193,0.176,0.02000594139099121,0.9215528989084664,0.31894616877175563
-0.193,0.176,0.01999640464782715,0.9215528989084664,0.31894616877175563
-0.173,0.206,0.02000904083251953,0.9215528989084664,0.31894616877175563
-0.173,0.206,0.019999265670776367,1.1218528144816224,0.37311910495126055
-0.152,0.236,0.020000934600830078,1.1218528144816224,0.37311910495126055
-0.143,0.217,0.020021677017211914,1.1218528144816224,0.37311910495126055
-0.143,0.217,0.019975900650024414,1.2601378467386917,0.3551034659442924
-0.082,0.26,0.01999211311340332,1.2601378467386917,0.3551034659442924
0.071,0.336,0.01999950408935547,1.3449286169575085,0.3030480402815301
0.096,0.342,0.01999974250793457,1.3449286169575085,0.3030480402815301
0.119,0.357,0.019998550415039062,1.2885918378828005,0.25272289324859426
0.141,0.365,0.01999378204345703,1.2885918378828005,0.25272289324859426
0.141,0.365,0.02001810073852539,1.2885918378828005,0.25272289324859426
0.155,0.362,0.019992828369140625,1.2885918378828005,0.25272289324859426
0.153,0.329,0.02000260353088379,1.3816503410908516,0.24506084238900325
0.179,0.312,0.019997119903564453,1.3816503410908516,0.24506084238900325
0.205,0.306,0.01999974250793457,1.3816503410908516,0.24506084238900325
0.228,0.28,0.019994735717773438,1.3941418562094094,0.21217221814142817
0.228,0.28,0.020005464553833008,1.3941418562094094,0.21217221814142817
0.241,0.257,0.019999265670776367,1.3941418562094094,0.21217221814142817
0.241,0.257,0.020006895065307617,1.3941418562094094,0.21217221814142817
0.274,0.257,0.019984960556030273,1.4333765169970885,0.2056929966874603
0.325,0.206,0.02002429962158203,1.4333765169970885,0.2056929966874603
0.305,0.237,0.019996166229248047,1.4333765169970885,0.2056929966874603
0.417,0.112,0.019991159439086914,1.4190761714180369,0.2005894054635765
0.417,0.112,0.020003557205200195,1.4190761714180369,0.2005894054635765
0.418,0.163,0.019999027252197266,1.4190761714180369,0.2005894054635765
0.433,0.154,0.0200045108795166,1.4190761714180369,0.2005894054635765
0.462,0.161,0.019994020462036133,1.470675033132446,0.2025944882588064
0.505,0.152,0.019998788833618164,1.470675033132446,0.2025944882588064
0.526,0.105,0.020002126693725586,1.470675033132446,0.2025944882588064
0.564,0.116,0.019988059997558594,1.5,0.1652938760916207
0.564,0.116,0.020004987716674805,1.5,0.1652938760916207
0.564,0.116,0.020013093948364258,1.5,0.1652938760916207
0.549,0.166,0.019976377487182617,1.5,0.1652938760916207
0.494,0.31,0.020008087158203125,1.5,0.18439461787657024
0.598,0.182,0.019998550415039062,1.5,0.18439461787657024
0.645,0.129,0.019990921020507812,1.4278113003990585,0.18531078229510964
0.699,0.066,0.020019054412841797,1.4278113003990585,0.18531078229510964
0.699,0.066,0.01997852325439453,1.4278113003990585,0.18531078229510964
0.666,0.177,0.020015478134155273,1.4278113003990585,0.18531078229510964
0.675,0.154,0.020015239715576172,1.4543645265572847,0.16808867985031842
0.736,0.114,0.019994020462036133,1.4543645265572847,0.16808867985031842
0.748,0.114,0.020000934600830078,1.4543645265572847,0.16808867985031842
0.748,0.114,0.019974231719970703,1.4583335937502682,0.18853456841497226
0.8,0.11,0.020013809204101562,1.4583335937502682,0.18853456841497226
0.809,0.123,0.02000284194946289,1.4583335937502682,0.18853456841497226
0.831,0.115,0.020001888275146484,1.4583335937502682,0.18853456841497226
0.852,0.12,0.01999950408935547,1.4266230954931418,0.14900783066464426
0.852,0.12,0.020001649856567383,1.4266230954931418,0.14900783066464426
0.884,0.102,0.01998591423034668,1.4266230954931418,0.14900783066464426
0.887,0.127,0.020008563995361328,1.4210824892460765,0.2062816070884717
0.91,0.154,0.02000737190246582,1.4210824892460765,0.2062816070884717
0.91,0.154,0.019989490509033203,1.4210824892460765,0.2062816070884717
0.91,0.154,0.020003795623779297,1.4196185692393237,0.21144666727353675
0.971,0.122,0.020003557205200195,1.4196185692393237,0.21144666727353675
1.0,0.131,0.019990921020507812,1.4196185692393237,0.21144666727353675
0.983,0.143,0.020014286041259766,1.4196185692393237,0.21144666727353675
1.056,0.15,0.019999027252197266,1.4519986520025754,0.1771361804218328
1.078,0.194,0.02002096176147461,1.4519986520025754,0.1771361804218328
1.078,0.194,0.01998305320739746,1.4519986520025754,0.1771361804218328
1.076,0.182,0.019994497299194336,1.3934925081292038,0.2820437805458062
1.126,0.113,0.02000880241394043,1.3934925081292038,0.2820437805458062
1.11,0.182,0.019994735717773438,1.3934925081292038,0.2820437805458062
1.102,0.198,0.019984960556030273,1.3934925081292038,0.2820437805458062
1.173,0.205,0.020026206970214844,1.1071040234847553,0.2413762108635367
1.199,0.171,0.019981861114501953,1.1071040234847553,0.2413762108635367
1.165,0.242,0.020001888275146484,1.1071040234847553,0.2413762108635367
1.2,0.232,0.019994735717773438,1.1570947260456796,0.2234524386639156
1.2,0.232,0.02000284194946289,1.1570947260456796,0.2234524386639156
1.197,0.253,0.0200197696685791,1.1570947260456796,0.2234524386639156
1.247,0.239,0.019989490509033203,1.174787834051338,0.25438044076744376
1.248,0.127,0.019995450973510742,1.174787834051338,0.25438044076744376
1.195,0.216,0.020007610321044922,1.174787834051338,0.25438044076744376
1.195,0.216,0.0199892520904541,1.212644530609471,0.3093470524791049
1.195,0.216,0.01999950408935547,1.212644530609471,0.3093470524791049
1.177,0.225,0.0200192928314209,1.212644530609471,0.3093470524791049
1.269,0.133,0.019975662231445312,1.212644530609471,0.3093470524791049
1.248,0.179,0.020018339157104492,1.0887408860058168,0.2890856744308719
1.197,0.257,0.01998162269592285,1.0887408860058168,0.2890856744308719
1.243,0.169,0.02000117301940918,1.0887408860058168,0.2890856744308719
1.248,0.189,0.020008325576782227,1.2337978776871223,0.22876407774064195
1.207,0.271,0.019999027252197266,1.2337978776871223,0.22876407774064195
1.207,0.271,0.0200192928314209,1.2337978776871223,0.22876407774064195
1.229,0.204,0.01997661590576172,1.2337978776871223,0.22876407774064195
1.229,0.204,0.01999664306640625,1.2183826984889863,0.23679026520165303
1.214,0.221,0.02000570297241211,1.2183826984889863,0.23679026520165303
1.214,0.221,0.019994258880615234,1.1189946690322636,0.2560246644112426
1.226,0.165,0.020012378692626953,1.1189946690322636,0.2560246644112426
1.226,0.191,0.019997596740722656,1.1189946690322636,0.2560246644112426
1.241,0.157,0.01999831199645996,1.1189946690322636,0.2560246644112426
1.203,0.197,0.019995927810668945,1.1572203919178372,0.2390475165069015
1.203,0.197,0.020004749298095703,1.1572203919178372,0.2390475165069015
1.261,0.104,0.0200045108795166,1.1572203919178372,0.2390475165069015
1.261,0.104,0.019997119903564453,1.1633154754763473,0.23290262738419262
1.202,0.186,0.02000570297241211,1.1633154754763473,0.23290262738419262
1.199,0.203,0.019978761672973633,1.1633154754763473,0.23290262738419262
1.2,0.191,0.020012378692626953,1.1633154754763473,0.23290262738419262
1.2,0.191,0.020004749298095703,0.7933336115380282,0.23746115332791412
1.216,0.137,0.020000219345092773,0.7933336115380282,0.23746115332791412
1.216,0.137,0.019992589950561523,0.7933336115380282,0.23746115332791412
1.223,0.148,0.02000260353088379,0.7465048425775019,0.2501596302505399
1.2,0.111,0.020004749298095703,0.7465048425775019,0.2501596302505399
1.2,0.111,0.019997358322143555,0.7465048425775019,0.2501596302505399
1.194,0.108,0.019997596740722656,0.691446801020792,0.23514085211159438
1.194,0.108,0.02000594139099121,0.691446801020792,0.23514085211159438
1.123,0.136,0.020014524459838867,0.691446801020792,0.23514085211159438
1.123,0.136,0.01997542381286621,0.691446801020792,0.23514085211159438
1.119,0.111,0.01999974250793457,0.495689275106456,0.18418935368826547
1.122,0.078,0.020006179809570312,0.495689275106456,0.18418935368826547
1.06,0.132,0.02000904083251953,0.495689275106456,0.18418935368826547
1.068,0.047,0.01999211311340332,0.35912999611937757,0.2560572360452524
1.039,0.059,0.019997835159301758,0.35912999611937757,0.2560572360452524
0.751,0.448,0.01999831199645996,0.35912999611937757,0.2560572360452524
0.756,0.395,0.02000117301940918,0.35912999611937757,0.2560572360452524
0.756,0.395,0.019997596740722656,0.2628572599301527,0.18642135366751647
0.644,0.486,0.019987106323242188,0.2628572599301527,0.18642135366751647
0.644,0.486,0.020010709762573242,-0.3965516404420542,0.2799088464573751
0.722,0.281,0.020003318786621094,-0.3965516404420542,0.2799088464573751
0.617,0.391,0.020003080368041992,-0.3965516404420542,0.2799088464573751
0.721,0.179,0.019998788833618164,-0.3965516404420542,0.2799088464573751
0.678,0.197,0.019991397857666016,-0.46010260151876414,0.2773475841973827
0.613,0.254,0.0200192928314209,-0.46010260151876414,0.2773475841973827
0.498,0.386,0.019993066787719727,-0.46010260151876414,0.2773475841973827
0.498,0.386,0.019990205764770508,-0.41648649890321027,0.2841881327899142
0.588,0.19,0.02000594139099121,-0.41648649890321027,0.2841881327899142
0.546,0.189,0.020004987716674805,-0.41648649890321027,0.2841881327899142
0.546,0.189,0.019995927810668945,-0.41648649890321027,0.2841881327899142
0.532,0.122,0.020001888275146484,-0.6573868849112782,0.28712005263920987
0.532,0.122,0.019997596740722656,-0.6573868849112782,0.28712005263920987
0.284,0.397,0.01999640464782715,-0.6573868849112782,0.28712005263920987
0.307,0.328,0.02000117301940918,-0.7297493319676677,0.2753001772544104
0.321,0.268,0.020000934600830078,-0.7297493319676677,0.2753001772544104
0.259,0.317,0.020013809204101562,-0.7297493319676677,0.2753001772544104
0.227,0.313,0.01998734474182129,-0.7297493319676677,0.2753001772544104
0.227,0.313,0.019992828369140625,-0.7944820714121719,0.2521263256960867
0.211,0.304,0.020004749298095703,-0.7944820714121719,0.2521263256960867
0.195,0.29,0.020014524459838867,-0.7944820714121719,0.2521263256960867
0.188,0.269,0.019980669021606445,-0.9585834195786703,0.19503069957558247
0.168,0.258,0.020014286041259766,-0.9585834195786703,0.19503069957558247
0.168,0.258,0.020015716552734375,-0.9585834195786703,0.19503069957558247
0.124,0.26,0.019972562789916992,-0.9191113159456833,0.1876960809321042
0.102,0.245,0.020015478134155273,-0.9191113159456833,0.1876960809321042
0.084,0.216,0.019984960556030273,-0.9191113159456833,0.1876960809321042
0.065,0.184,0.020001888275146484,-0.9185526874142692,0.18773409529722757
-0.074,0.173,0.02000713348388672,-0.9799661700321964,0.18913467663870157
-0.09,0.163,0.020003795623779297,-0.9799661700321964,0.18913467663870157
-0.115,0.168,0.020002126693725586,-0.9799661700321964,0.18913467663870157
-0.145,0.171,0.01999688148498535,-1.0858059501155104,0.17963275264038156
-0.19,0.177,0.0199892520904541,-1.0858059501155104,0.17963275264038156
-0.228,0.169,0.02002096176147461,-1.0858059501155104,0.17963275264038156
-0.228,0.169,0.01997089385986328,-1.0858059501155104,0.18538097491216024
-0.246,0.177,0.020011186599731445,-1.0858059501155104,0.18538097491216024
-0.246,0.177,0.020003795623779297,-1.0858059501155104,0.18538097491216024
-0.266,0.166,0.01999211311340332,-1.0858059501155104,0.18538097491216024
-0.356,0.138,0.0200042724609375,-1.0572381785101284,0.17937336329930126
-0.356,0.138,0.019998550415039062,-1.0572381785101284,0.17937336329930126
-0.376,0.217,0.019995927810668945,-1.0572381785101284,0.17937336329930126
-0.376,0.217,0.020017147064208984,-0.9813175277424748,0.20332375339843817
-0.429,0.197,0.019992589950561523,-0.9813175277424748,0.20332375339843817
-0.479,0.184,0.0200045108795166,-0.9813175277424748,0.20332375339843817
-0.491,0.177,0.019995927810668945,-0.9841389578525753,0.18599501464174864
-0.497,0.191,0.02001810073852539,-0.9841389578525753,0.18599501464174864
-0.537,0.206,0.019973039627075195,-0.9841389578525753,0.18599501464174864
-0.56,0.183,0.02001023292541504,-0.949548149345361,0.1804872036077132
-0.56,0.183,0.019985437393188477,-0.949548149345361,0.1804872036077132
-0.617,0.175,0.020029306411743164,-0.949548149345361,0.1804872036077132
-0.654,0.188,0.019990205764770508,-0.949548149345361,0.1804872036077132
-0.701,0.192,0.019992589950561523,-1.0658476070659038,0.19673915072597575
-0.716,0.173,0.02000117301940918,-1.0658476070659038,0.19673915072597575
-0.716,0.173,0.02002263069152832,-1.0658476070659038,0.19673915072597575
-0.765,0.172,0.01997208595275879,-1.0658475731495487,0.19673909069755344
-0.765,0.172,0.0200045108795166,-1.0658475731495487,0.19673909069755344
-0.765,0.172,0.01999974250793457,-1.0658475731495487,0.19673909069755344
-0.791,0.145,0.01999068260192871,-1.0658475731495487,0.19673909069755344
-0.843,0.162,0.020006895065307617,-0.9952321553539765,0.17365592048998293
-0.868,0.153,0.020002126693725586,-0.9952321553539765,0.17365592048998293
-0.92,0.173,0.020011186599731445,-0.9952321553539765,0.17365592048998293
-0.944,0.18,0.01999068260192871,-0.9645837155129767,0.1698605643183456
-0.973,0.172,0.01999974250793457,-0.9645837155129767,0.1698605643183456
-0.973,0.172,0.01999497413635254,-0.9645837155129767,0.1698605643183456
-0.982,0.153,0.020003795623779297,-0.9645841931185106,0.16982958134195675
-1.002,0.16,0.020029067993164062,-0.9645841931185106,0.16982958134195675
-1.019,0.134,0.019972562789916992,-0.9645841931185106,0.16982958134195675
-1.02,0.09,0.019992351531982422,-0.9645841931185106,0.16982958134195675
-1.02,0.09,0.02003765106201172,-0.9516791690907097,0.16919025139212193
-1.06,0.048,0.019964933395385742,-0.9516791690907097,0.16919025139212193
-1.06,0.048,0.020003795623779297,-0.9516791690907097,0.16919025139212193
-1.095,0.039,0.02000141143798828,-0.9283843289341541,0.16468687778208377
-1.103,0.031,0.019995689392089844,-0.9283843289341541,0.16468687778208377
-1.109,0.009,0.019999265670776367,-0.9283843289341541,0.16468687778208377
-1.106,0.006,0.019995927810668945,-0.9283843070457247,0.1646869016565008
-1.058,0.069,0.020000696182250977,-0.9283843070457247,0.1646869016565008
-1.009,0.126,0.020006418228149414,-0.9283843070457247,0.1646869016565008
-1.009,0.126,0.019992351531982422,-0.9283843070457247,0.1646869016565008
-1.034,0.089,0.02001166343688965,-0.8609682795086898,0.15778488755305833
-1.06,0.024,0.0200192928314209,-0.8609682795086898,0.15778488755305833
-1.052,0.024,0.01997232437133789,-0.8609682795086898,0.15778488755305833
-1.02,0.052,0.020008087158203125,-0.5348918961783851,0.19569107243602338
-0.999,0.049,0.019994258880615234,-0.5348918961783851,0.19569107243602338
-0.999,0.049,0.019995927810668945,-0.5348918961783851,0.19569107243602338
-0.996,0.012,0.020001888275146484,-0.6498428157875843,0.1670321576715137
-0.948,0.048,0.020003557205200195,-0.6498428157875843,0.1670321576715137
-0.739,0.34,0.020004749298095703,-0.6498428157875843,0.1670321576715137
-0.739,0.34,0.019999980926513672,-0.3159198141352371,0.2229587268359024
-0.717,0.297,0.01999187469482422,-0.3159198141352371,0.2229587268359024
-0.555,0.498,0.019998788833618164,-0.3159198141352371,0.2229587268359024
-0.555,0.498,0.02000904083251953,0.38934342451939297,0.32493848780503287
-0.719,0.21,0.01999068260192871,0.38934342451939297,0.32493848780503287
-0.656,0.269,0.020003318786621094,0.38934342451939297,0.32493848780503287
-0.656,0.269,0.020001888275146484,0.38934342451939297,0.32493848780503287
-0.567,0.348,0.019994735717773438,0.3886167667804694,0.3260552705030482
-0.495,0.423,0.020018577575683594,0.3886167667804694,0.3260552705030482
-0.575,0.289,0.019974231719970703,0.3886167667804694,0.3260552705030482
-0.717,0.081,0.020009756088256836,0.3886167667804694,0.3260552705030482
-0.717,0.081,0.020006656646728516,0.3366428425695043,0.24303028830610807
-0.53,0.339,0.019984006881713867,0.3366428425695043,0.24303028830610807
-0.438,0.476,0.020008087158203125,0.3366428425695043,0.24303028830610807
-0.498,0.359,0.02000713348388672,0.28359088761622325,0.21168726851806496
-0.431,0.434,0.01999974250793457,0.28359088761622325,0.21168726851806496
-0.466,0.376,0.019998550415039062,0.28359088761622325,0.21168726851806496
-0.466,0.376,0.019994497299194336,0.4269850263110545,0.23180364201114334
-0.48,0.263,0.020003080368041992,0.4269850263110545,0.23180364201114334
-0.373,0.371,0.020004987716674805,0.4269850263110545,0.23180364201114334
-0.372,0.34,0.01999497413635254,0.4166220327874574,0.22610389985693885
-0.443,0.208,0.020011186599731445,0.4166220327874574,0.22610389985693885
-0.508,0.079,0.019971847534179688,0.4166220327874574,0.22610389985693885
-0.372,0.24,0.020007848739624023,0.4166220327874574,0.22610389985693885
-0.372,0.24,0.020000219345092773,1.0409103104227533,0.22597067056759448
-0.424,0.134,0.02001166343688965,1.0409103104227533,0.22597067056759448
-0.241,0.323,0.01999688148498535,1.0409103104227533,0.22597067056759448
-0.229,0.319,0.019992828369140625,1.0421477789440445,0.2258052985687464
-0.229,0.319,0.020000696182250977,1.0421477789440445,0.2258052985687464
-0.246,0.247,0.01999950408935547,1.0421477789440445,0.2258052985687464
-0.224,0.232,0.020002365112304688,1.1183127052381767,0.18744131408152465
-0.224,0.232,0.01999688148498535,1.1183127052381767,0.18744131408152465
-0.217,0.216,0.019997596740722656,1.1183127052381767,0.18744131408152465
-0.198,0.202,0.02000284194946289,1.2360858603364413,0.08540846956981502
-0.168,0.218,0.020008325576782227,1.2360858603364413,0.08540846956981502
-0.168,0.218,0.019999265670776367,1.2360858603364413,0.08540846956981502
-0.151,0.148,0.01999831199645996,1.2360858603364413,0.08540846956981502
-0.134,0.12,0.019993305206298828,1.0738680891139605,0.06528051041273884
-0.128,0.082,0.020006179809570312,1.0738680891139605,0.06528051041273884
-0.128,0.082,0.020000219345092773,1.0738680891139605,0.06528051041273884
-0.09,0.035,0.020000934600830078,1.1454686460023351,0.13066483507641652
-0.059,0.051,0.0200042724609375,1.1454686460023351,0.13066483507641652
0.07,0.104,0.01999807357788086,1.2448085845245338,0.1261250079753483
0.095,0.121,0.0200045108795166,1.2448085845245338,0.1261250079753483
0.095,0.121,0.019997835159301758,1.2448085845245338,0.1261250079753483
0.131,0.122,0.019998550415039062,1.0511050305228609,0.12651737197324014
0.143,0.126,0.019995450973510742,1.0511050305228609,0.12651737197324014
0.168,0.107,0.020003795623779297,1.0511050305228609,0.12651737197324014
0.168,0.107,0.020002126693725586,1.0511050305228609,0.12651737197324014
0.177,0.133,0.020008563995361328,1.310722329191549,0.15308449810252384
0.279,0.017,0.019995689392089844,1.310722329191549,0.15308449810252384
0.279,0.017,0.019999265670776367,1.310722329191549,0.15308449810252384
0.236,0.182,0.019995927810668945,1.3020021841203988,0.15209709067517
0.236,0.182,0.020003795623779297,1.3020021841203988,0.15209709067517
0.38,-0.003,0.019999027252197266,1.3020021841203988,0.15209709067517
0.291,0.161,0.020000457763671875,1.228992797320571,0.10137402427314515
0.289,0.212,0.019997596740722656,1.228992797320571,0.10137402427314515
0.423,0.053,0.020006418228149414,1.228992797320571,0.10137402427314515
0.376,0.155,0.020013809204101562,1.228992797320571,0.10137402427314515
0.376,0.155,0.01996898651123047,1.176926009904716,0.0034360331102020344
0.44,0.077,0.020005464553833008,1.176926009904716,0.0034360331102020344
0.44,0.077,0.02001214027404785,1.176926009904716,0.0034360331102020344
0.469,0.075,0.019988298416137695,1.420123247776284,0.027111436592877732
0.469,0.075,0.01999688148498535,1.420123247776284,0.027111436592877732
0.517,0.069,0.01999497413635254,1.420123247776284,0.027111436592877732
0.52,0.076,0.020009279251098633,1.420123247776284,0.027111436592877732
0.52,0.076,0.0200045108795166,1.299628056754718,0.01978692434796473
0.546,0.042,0.019993066787719727,1.299628056754718,0.01978692434796473
0.546,0.042,0.020003795623779297,1.299628056754718,0.01978692434796473
0.578,0.054,0.019998550415039062,1.3754947641709707,0.04414966137501924
0.578,0.054,0.02000260353088379,1.3754947641709707,0.04414966137501924
0.61,0.043,0.01999831199645996,1.3754947641709707,0.04414966137501924
0.622,0.058,0.019995689392089844,1.4318955741148733,0.053388721691520084
0.622,0.058,0.0200045108795166,1.4318955741148733,0.053388721691520084
0.675,0.047,0.02000141143798828,1.4318955741148733,0.053388721691520084
0.68,0.055,0.019993305206298828,1.4318955741148733,0.053388721691520084
0.709,0.055,0.02000737190246582,1.4455897094221108,-0.04713876961192068
0.723,0.041,0.020013093948364258,1.4455897094221108,-0.04713876961192068
0.744,0.077,0.019980192184448242,1.4455897094221108,-0.04713876961192068
0.771,0.055,0.019997835159301758,0.3655478780171207,-0.17541948802399457
0.79,0.051,0.020000934600830078,0.3655478780171207,-0.17541948802399457
0.79,0.051,0.020002126693725586,0.3655478780171207,-0.17541948802399457
0.818,0.022,0.019989490509033203,0.3533548130954631,-0.17232626064376566
0.841,-0.015,0.020021438598632812,0.3533548130954631,-0.17232626064376566
0.841,-0.015,0.01999664306640625,0.3533548130954631,-0.17232626064376566
0.838,-0.042,0.019995927810668945,0.3533548130954631,-0.17232626064376566
0.826,-0.053,0.020006656646728516,0.46642982666975674,-0.14009446783819335
0.8,-0.079,0.01999831199645996,0.46642982666975674,-0.14009446783819335
0.8,-0.079,0.019998550415039062,0.46642982666975674,-0.14009446783819335
0.78,-0.071,0.019995689392089844,0.7500399392081989,-0.053378931236202694
0.78,-0.071,0.0200040340423584,0.7500399392081989,-0.053378931236202694
0.723,-0.111,0.020003080368041992,0.7500399392081989,-0.053378931236202694
0.699,-0.132,0.019995927810668945,0.7145205271464432,-0.05835388313293247
0.692,-0.147,0.020006895065307617,0.7145205271464432,-0.05835388313293247
0.688,-0.122,0.020010709762573242,0.7145205271464432,-0.05835388313293247
0.687,-0.102,0.019986391067504883,0.7145205271464432,-0.05835388313293247
0.691,-0.091,0.020003080368041992,0.6316530121195166,0.004546998132162636
0.692,-0.065,0.020001888275146484,0.6316530121195166,0.004546998132162636
0.696,-0.06,0.020008325576782227,0.6316530121195166,0.004546998132162636
0.696,-0.06,0.019985437393188477,0.41230273366116377,-0.008516367667365528
0.686,-0.029,0.020000696182250977,0.41230273366116377,-0.008516367667365528
0.676,-0.031,0.020003557205200195,0.41230273366116377,-0.008516367667365528
0.654,-0.029,0.01999354362487793,0.43679565395108894,-0.006488631628278982
0.641,-0.04,0.019997835159301758,0.43679565395108894,-0.006488631628278982
0.607,-0.043,0.020000934600830078,0.43679565395108894,-0.006488631628278982
0.585,-0.046,0.019997358322143555,1.2204661344770735,0.11119810930190241
0.585,-0.046,0.020006895065307617,1.2204661344770735,0.11119810930190241
0.56,-0.061,0.02000117301940918,1.2204661344770735,0.11119810930190241
0.56,-0.061,0.019991397857666016,1.2204661344770735,0.11119810930190241
0.556,-0.039,0.020008087158203125,1.146848249021426,0.06585948795837523
0.564,-0.021,0.019995450973510742,1.146848249021426,0.06585948795837523
0.548,0.044,0.020017385482788086,1.146848249021426,0.06585948795837523
0.548,0.044,0.01998758316040039,1.1476399510035786,0.06589687169391084
0.485,0.161,0.019994258880615234,1.1476399510035786,0.06589687169391084
0.573,0.076,0.02000904083251953,1.1476399510035786,0.06589687169391084
0.573,0.076,0.019997358322143555,0.7881525186255098,0.1678527125110837
0.635,0.045,0.01999378204345703,0.7881525186255098,0.1678527125110837
0.635,0.045,0.020011425018310547,0.7881525186255098,0.1678527125110837
0.586,0.179,0.019987106323242188,0.7881525186255098,0.1678527125110837
0.593,0.234,0.0200040340423584,0.8867688371773557,0.16727821537504928
0.593,0.234,0.0200042724609375,0.8867688371773557,0.16727821537504928
0.636,0.16,0.020000457763671875,0.8867688371773557,0.16727821537504928
0.637,0.072,0.019991159439086914,0.8867735189401897,0.1672790949486604
0.647,0.032,0.020026445388793945,0.8867735189401897,0.1672790949486604
0.647,0.032,0.019974946975708008,0.8867735189401897,0.1672790949486604
0.753,0.092,0.019993066787719727,0.2766937106418835,0.1670196855243954
0.753,0.092,0.02001214027404785,0.2766937106418835,0.1670196855243954
0.793,0.135,0.019994497299194336,0.2766937106418835,0.1670196855243954
0.819,0.159,0.020012378692626953,0.2766937106418835,0.1670196855243954
0.819,0.159,0.01999378204345703,0.9455284629433907,-0.0830830669585977
0.825,0.173,0.019998550415039062,0.9455284629433907,-0.0830830669585977
0.825,0.173,0.020000219345092773,0.9455284629433907,-0.0830830669585977
0.788,0.173,0.019998788833618164,0.25893269053840623,-0.0941944367063693
0.788,0.173,0.02003026008605957,0.25893269053840623,-0.0941944367063693
0.782,0.135,0.019973278045654297,0.25893269053840623,-0.0941944367063693
0.789,0.092,0.019997835159301758,0.996825519481799,0.14777477353767976
0.8,0.08,0.020002365112304688,0.996825519481799,0.14777477353767976
0.792,0.037,0.01999521255493164,0.996825519481799,0.14777477353767976
0.8,0.054,0.020000696182250977,0.996825519481799,0.14777477353767976
0.804,0.048,0.020012855529785156,0.715463993460945,0.1626530903268603
0.804,0.056,0.019983768463134766,0.715463993460945,0.1626530903268603
0.804,0.056,0.02001166343688965,0.715463993460945,0.1626530903268603
0.814,0.077,0.019992828369140625,0.7143078671361517,0.16241279005085751
0.792,0.122,0.01999354362487793,0.7143078671361517,0.16241279005085751
0.792,0.122,0.020003557205200195,0.7143078671361517,0.16241279005085751
0.778,0.143,0.019997835159301758,1.1257097170838848,-0.03593670953752643
0.778,0.143,0.020021915435791016,1.1257097170838848,-0.03593670953752643
0.852,-0.016,0.019985198974609375,1.1257097170838848,-0.03593670953752643
0.835,-0.01,0.02000570297241211,1.1257097170838848,-0.03593670953752643
0.835,-0.01,0.019994497299194336,0.37708421412459725,0.2836136835567
0.835,-0.01,0.01999187469482422,0.37708421412459725,0.2836136835567
0.81,-0.004,0.02000260353088379,0.37708421412459725,0.2836136835567
0.812,-0.025,0.01999068260192871,0.4117370133308796,0.3100671867221984
0.79,0.006,0.020003557205200195,0.4117370133308796,0.3100671867221984
0.778,0.005,0.02001166343688965,0.4117370133308796,0.3100671867221984
0.778,0.014,0.01999807357788086,0.4117370133308796,0.3100671867221984
0.652,0.184,0.019997119903564453,0.40275699303962165,0.31620972554479876
0.652,0.184,0.020243167877197266,0.40275699303962165,0.31620972554479876
0.554,0.292,0.01976943016052246,0.40275699303962165,0.31620972554479876
0.72,0.049,0.019982576370239258,0.4024367268444654,0.31599953046466345
0.453,0.418,0.019994258880615234,0.4024367268444654,0.31599953046466345
0.423,0.434,0.02000737190246582,0.4024367268444654,0.31599953046466345
0.525,0.248,0.019989967346191406,0.40035538121215863,0.31552436832863623
0.507,0.243,0.020009279251098633,0.40035538121215863,0.31552436832863623
0.472,0.261,0.020002365112304688,0.40035538121215863,0.31552436832863623
0.379,0.357,0.019999980926513672,0.05,0.05
0.379,0.357,0.020017147064208984,0.05,0.05
0.41,0.234,0.019980430603027344,0.05,0.05
0.329,0.338,0.020010948181152344,0.05,0.05
0.374,0.239,0.019977569580078125,-0.05,0.05
0.374,0.239,0.020016908645629883,-0.05,0.05
0.359,0.199,0.019998550415039062,-0.05,0.05
0.281,0.244,0.0200042724609375,-0.05,0.05
0.234,0.233,0.02000117301940918,-0.05,0.05
0.248,0.162,0.020004987716674805,-0.05,0.05
0.248,0.162,0.019989013671875,-0.05,0.031067446781463455
0.205,0.125,0.020004987716674805,-0.05,0.031067446781463455
0.205,0.125,0.020014524459838867,-0.05,0.031067446781463455
0.137,0.055,0.01998448371887207,-0.05,0.031067446781463455
0.11,0.059,0.019995927810668945,-0.05,0.03359603555834888
0.088,0.037,0.02000260353088379,-0.05,0.03359603555834888
0.059,0.039,0.020937681198120117,-0.05,0.03359603555834888
-0.057,0.001,0.020005464553833008,-0.049999999999999996,0.012199898108427733
-0.065,-0.006,0.019998788833618164,-0.049999999999999996,0.012199898108427733
-0.065,-0.006,0.019999980926513672,-0.049999999999999996,0.012199898108427733
-0.063,0.009,0.020001888275146484,-0.05000000000000001,0.012201672684542692
-0.073,0.012,0.0200045108795166,-0.05000000000000001,0.012201672684542692
-0.08,0.0,0.01999521255493164,-0.05000000000000001,0.012201672684542692
-0.072,0.003,0.01999688148498535,-0.05000000000000001,0.011297041838726127
-0.061,0.008,0.02001214027404785,-0.05000000000000001,0.011297041838726127
-0.062,0.017,0.01998448371887207,-0.05,0.032294530720978445
-0.062,0.017,0.020000219345092773,-0.05,0.032294530720978445
-0.059,0.018,0.02000260353088379,-0.05,0.03430552914736803
-0.052,0.021,0.01999378204345703,-0.05,0.03430552914736803
-0.054,0.051,0.0200042724609375,-0.05,0.04014725598817577
-0.062,0.077,0.020008563995361328,-0.05,0.05
-0.067,0.076,0.020005226135253906,-0.05,0.05
-0.065,0.079,0.01999497413635254,-0.05,0.05
-0.065,0.079,0.020006418228149414,-0.05,0.05
-0.063,0.072,0.019988536834716797,-0.05,0.04230042018176915
-0.057,0.068,0.020005226135253906,-0.05,0.04230042018176915
-0.061,0.064,0.019994020462036133,-0.05,0.04346134383203119
-0.058,0.056,0.020000457763671875,-0.05,0.04346134383203119
-0.063,0.066,0.019999980926513672,-0.05,0.05
-0.059,0.071,0.020000457763671875,-0.05,0.05
-0.059,0.071,0.019998550415039062,-0.05,0.05
-0.053,0.048,0.020011186599731445,-0.05,0.040575893509081126
-0.053,0.048,0.020005226135253906,-0.05,0.040575893509081126
-0.053,0.048,0.01999354362487793,-0.05,0.040575893509081126
-0.055,0.042,0.019991397857666016,-0.05,0.024359558814664957
-0.055,0.042,0.020009517669677734,-0.05,0.024359558814664957
-0.058,0.045,0.019985437393188477,-0.05,0.024359558814664957
-0.056,0.045,0.020011425018310547,-0.05000000000000001,0.023348379661799375
-0.056,0.045,0.0200040340423584,-0.05000000000000001,0.023348379661799375
-0.051,0.043,0.020000696182250977,-0.05000000000000001,0.023348379661799375
-0.056,0.031,0.02000260353088379,-0.05000000000000001,0.021214974499849677
-0.054,0.028,0.020003080368041992,-0.05,0.03149371357208663
-0.054,0.028,0.019999265670776367,-0.05,0.03149371357208663
-0.051,0.034,0.020002126693725586,-0.05,0.03132850182326255
-0.051,0.034,0.020000457763671875,-0.05,0.03132850182326255
-0.063,0.043,0.02000141143798828,-0.05,0.034828798937585094
-0.066,0.049,0.020001888275146484,-0.05,0.034828798937585094
-0.058,0.039,0.019989967346191406,-0.05,0.015733972207648307
-0.058,0.041,0.019995689392089844,-0.05,0.015733972207648307
-0.058,0.041,0.020000934600830078,-0.05,0.015733972207648307
-0.052,0.04,0.0200042724609375,-0.05,0.02149191248118325
-0.053,0.009,0.01999211311340332,-0.05,0.02149191248118325
-0.055,0.037,0.020012855529785156,-0.05,0.03278333993781604
-0.054,0.025,0.0199887752532959,-0.05,0.03278333993781604
-0.057,0.047,0.019997119903564453,-0.05,0.03230724805488357
-0.062,0.058,0.019999027252197266,-0.05,0.03230724805488357
-0.057,0.038,0.02000260353088379,-0.05,0.03230724805488357
-0.057,0.053,0.019991159439086914,-0.05,0.03775535892816279
-0.057,0.053,0.01999950408935547,-0.05,0.03775535892816279
-0.055,0.053,0.019997835159301758,-0.05,0.04783022771900721
-0.058,0.061,0.020006895065307617,-0.05000000000000001,0.05
-0.058,0.061,0.020005464553833008,-0.05000000000000001,0.05
-0.06,0.067,0.01999974250793457,-0.049999999999999996,0.05
-0.063,0.076,0.02000594139099121,-0.049999999999999996,0.05
-0.063,0.076,0.02000260353088379,-0.049999999999999996,0.05
-0.063,0.082,0.019985675811767578,-0.7720919467606535,0.1459638340269096
-0.06,0.077,0.020002365112304688,-0.7720919467606535,0.1459638340269096
-0.071,0.096,0.01999497413635254,-0.7527061880643742,0.11779335135246587
-0.088,0.083,0.020041704177856445,-0.7527061880643742,0.11962215932360076
-0.113,0.099,0.019965171813964844,-0.7527061880643742,0.11962215932360076
-0.113,0.099,0.019996166229248047,-0.7527061880643742,0.11962215932360076
-0.158,0.09,0.019998550415039062,-0.7527061880643742,0.11962215932360076
-0.158,0.09,0.020003557205200195,-0.7820853665472669,0.1263185840193121
-0.158,0.09,0.01999068260192871,-0.7820853665472669,0.1263185840193121
-0.232,0.068,0.02001953125,-0.7820853665472669,0.1263185840193121
-0.253,0.1,0.019986867904663086,-0.7502340891821122,0.13599496823050386
-0.265,0.143,0.01999664306640625,-0.7502340891821122,0.13599496823050386
-0.303,0.138,0.020022153854370117,-0.7502340891821122,0.13599496823050386
-0.328,0.122,0.019971132278442383,-0.6227484442746278,0.15184452351933125
-0.358,0.119,0.020000457763671875,-0.6227484442746278,0.15184452351933125
-0.396,0.143,0.020001888275146484,-0.6227484442746278,0.15184452351933125
-0.433,0.159,0.019999980926513672,-0.6227484442746278,0.15184452351933125
-0.445,0.132,0.01999831199645996,-0.6529126560022362,0.13285880008693343
-0.473,0.136,0.01999187469482422,-0.6529126560022362,0.13285880008693343
-0.52,0.15,0.020006418228149414,-0.6529126560022362,0.13285880008693343
-0.52,0.15,0.020012855529785156,-0.6710724524286961,-0.15590239890912697
-0.569,0.109,0.019999265670776367,-0.6710724524286961,-0.15590239890912697
-0.569,0.109,0.020001888275146484,-0.6710724524286961,-0.15590239890912697
-0.61,0.116,0.019998788833618164,-0.7567423261311025,-0.12089907949142277
-0.637,0.098,0.019999980926513672,-0.7567423261311025,-0.12089907949142277
-0.653,0.082,0.019999265670776367,-0.7567423261311025,-0.12089907949142277
-0.674,0.061,0.020005226135253906,-0.1051266096049089,-0.05828990829109774
-0.674,0.061,0.019988536834716797,-0.1051266096049089,-0.05828990829109774
-0.698,-0.001,0.019995689392089844,-0.1051266096049089,-0.05828990829109774
-0.698,-0.001,0.020006895065307617,-0.1051266096049089,-0.05828990829109774
-0.695,-0.019,0.020006418228149414,0.25908707693369315,0.16059131424957643
-0.703,-0.019,0.019994020462036133,0.25908707693369315,0.16059131424957643
-0.698,-0.015,0.0200040340423584,0.25908707693369315,0.16059131424957643
-0.684,0.004,0.019993066787719727,0.4517562382846214,0.14737296974683958
-0.68,0.023,0.020004749298095703,0.4517562382846214,0.14737296974683958
-0.686,0.008,0.0200040340423584,0.4517562382846214,0.14737296974683958
-0.689,-0.006,0.019992351531982422,0.4517562382846214,0.14737296974683958
-0.689,-0.006,0.02000141143798828,0.4823923395670951,0.1494300155694718
-0.705,-0.055,0.0200045108795166,0.4823923395670951,0.1494300155694718
-0.683,-0.047,0.019999265670776367,0.4823923395670951,0.1494300155694718
-0.558,0.108,0.019992351531982422,0.854984051680042,0.12216290586372781
-0.591,0.021,0.02000260353088379,0.854984051680042,0.12216290586372781
-0.44,0.203,0.019998550415039062,0.854984051680042,0.12216290586372781
-0.384,0.236,0.020034074783325195,0.8544056054417831,0.12212026623111781
-0.384,0.236,0.019971370697021484,0.8544056054417831,0.12212026623111781
-0.382,0.2,0.019997835159301758,0.8544056054417831,0.12212026623111781
-0.424,0.093,0.019998788833618164,0.8544056054417831,0.12212026623111781
-0.345,0.175,0.0200045108795166,0.5477100097153534,0.14914230655462513
-0.343,0.157,0.019980669021606445,0.5477100097153534,0.14914230655462513
-0.343,0.157,0.02001953125,0.5477100097153534,0.14914230655462513
-0.308,0.175,0.01999211311340332,0.7440332962817928,0.1465344453416166
-0.297,0.157,0.020003080368041992,0.7440332962817928,0.1465344453416166
-0.237,0.222,0.020009994506835938,0.7440332962817928,0.1465344453416166
-0.237,0.222,0.019983530044555664,0.7423395296538606,0.1464980591658737
-0.214,0.194,0.0200042724609375,0.7423395296538606,0.1464980591658737
-0.214,0.194,0.019998550415039062,0.7423395296538606,0.1464980591658737
-0.176,0.156,0.020009279251098633,0.7423395296538606,0.1464980591658737
-0.143,0.148,0.019991636276245117,0.964377683557512,0.12934296372085383
-0.143,0.148,0.02000117301940918,0.964377683557512,0.12934296372085383
-0.115,0.12,0.019994020462036133,0.964377683557512,0.12934296372085383
-0.101,0.117,0.020003795623779297,0.9400961664649787,0.0721388787920352
-0.089,0.122,0.020000457763671875,0.9400961664649787,0.0721388787920352
-0.076,0.113,0.020000696182250977,0.9400961664649787,0.0721388787920352
-0.061,0.1,0.01999688148498535,0.9403171051527242,0.07212942222886609
-0.061,0.1,0.02000594139099121,0.9403171051527242,0.07212942222886609
0.065,0.068,0.019999265670776367,1.244759955455104,0.05506931977789909
0.065,0.068,0.020003080368041992,1.244759955455104,0.055069345694969185
0.111,0.023,0.020001649856567383,1.244759955455104,0.055069345694969185
0.111,0.023,0.019990921020507812,1.244759955455104,0.055069345694969185
0.173,0.002,0.019995927810668945,1.250512543695977,0.017117597604297936
0.181,0.033,0.0200040340423584,1.250512543695977,0.017117597604297936
0.195,0.048,0.019993066787719727,1.250512543695977,0.017117597604297936
0.217,0.038,0.020009756088256836,1.250512543695977,0.017117597604297936
0.245,0.045,0.019988298416137695,1.2661764546062486,0.021687255405922635
0.261,0.05,0.020003557205200195,1.2661764546062486,0.021687255405922635
0.261,0.05,0.02000737190246582,1.2661764546062486,0.021687255405922635
0.302,0.027,0.020002365112304688,1.2661764546062486,0.02168725382493062
0.324,0.022,0.01999950408935547,1.2661764546062486,0.02168725382493062
0.324,0.022,0.02001500129699707,1.2661764546062486,0.02168725382493062
0.369,0.022,0.019997358322143555,1.2164179663619252,-0.022209488370405355
0.382,0.026,0.019988298416137695,1.2164179663619252,-0.022209488370405355
0.388,0.031,0.02001047134399414,1.2164179663619252,-0.022209488370405355
0.402,0.019,0.019991397857666016,1.2164179663619252,-0.022209488370405355
0.402,0.019,0.020018577575683594,1.2272215046136765,0.02358866706026655
0.429,0.023,0.01997518539428711,1.2272215046136765,0.02358866706026655
0.452,0.012,0.020004749298095703,1.2272215046136765,0.02358866706026655
0.471,0.009,0.01999831199645996,1.2272215046136765,0.02358866265227052
0.499,0.005,0.01999807357788086,1.2272215046136765,0.02358866265227052
0.52,0.016,0.0200042724609375,1.2272215046136765,0.02358866265227052
0.52,0.016,0.02000284194946289,1.1824449354835462,-0.018144685931776344
0.568,0.027,0.01999974250793457,1.1824449354835462,-0.018144685931776344
0.58,0.027,0.019997358322143555,1.1824449354835462,-0.018144685931776344
0.595,0.008,0.019997835159301758,1.1824449354835462,-0.018144685931776344
0.624,0.014,0.020007848739624023,1.147952557199513,0.029279789925839787
0.645,0.01,0.01999497413635254,1.147952557199513,0.029279789925839787
0.664,0.0,0.020001649856567383,1.147952557199513,0.029279789925839787
0.687,0.015,0.019992589950561523,1.147952557199513,0.030222374595225223
0.699,0.015,0.020020484924316406,1.147952557199513,0.030222374595225223
0.728,0.016,0.019985675811767578,1.147952557199513,0.030222374595225223
0.746,0.019,0.01999044418334961,1.147952557199513,0.030222374595225223
0.771,0.021,0.020011186599731445,1.1026781636724836,0.033748128532481894
0.771,0.021,0.020003557205200195,1.1026781636724836,0.033748128532481894
0.804,0.033,0.01999831199645996,1.1026781636724836,0.033748128532481894
0.822,0.023,0.019989013671875,1.023874801227614,0.07631940544363756
0.822,0.023,0.020003557205200195,1.023874801227614,0.07631940544363756
0.842,0.028,0.020006179809570312,1.023874801227614,0.07631940544363756
0.859,0.038,0.02000117301940918,1.023874801227614,0.0767388429774065
0.887,0.044,0.019996166229248047,1.023874801227614,0.0767388429774065
0.887,0.044,0.019995689392089844,1.023874801227614,0.0767388429774065
0.919,0.059,0.020009994506835938,1.023874801227614,0.0767388429774065
0.947,0.071,0.019986391067504883,0.9336545044736996,0.04351053513391155
0.947,0.071,0.020006656646728516,0.9336545044736996,0.04351053513391155
0.98,0.066,0.020005226135253906,0.9336545044736996,0.04351053513391155
0.982,0.041,0.02000117301940918,0.8271464583078496,0.04770744419022212
0.985,0.053,0.01999354362487793,0.8271464583078496,0.04770744419022212
0.994,0.054,0.019992589950561523,0.8271464583078496,0.04770744419022212
0.984,0.051,0.02000594139099121,0.8271464583078495,0.04753291545825722
0.99,0.051,0.019998550415039062,0.8271464583078495,0.04753291545825722
0.992,0.006,0.019986867904663086,0.8271464583078495,0.04753291545825722
0.98,0.002,0.02001047134399414,0.05,0.01886378976491021
0.995,-0.023,0.020003080368041992,0.05,0.01886378976491021
0.965,-0.026,0.020004987716674805,0.05,0.01886378976491021
0.948,-0.049,0.01999044418334961,0.05,0.01886378976491021
0.935,-0.076,0.020009994506835938,0.05,-0.012598290150185803
0.912,-0.099,0.019998550415039062,0.05,-0.012598290150185803
0.912,-0.099,0.020004987716674805,0.05,-0.012598290150185803
0.879,-0.104,0.019988536834716797,0.05,-0.01989710394102093
0.809,-0.07,0.020003080368041992,0.05,-0.01989710394102093
0.704,0.023,0.020003557205200195,0.05,-0.01989710394102093
0.561,0.17,0.019994735717773438,0.05,-0.01989710394102093
0.561,0.17,0.01999974250793457,0.05,-0.033932239155511176
0.604,0.011,0.01999807357788086,0.05,-0.033932239155511176
0.457,0.203,0.019999980926513672,0.05,-0.033932239155511176
0.55,0.029,0.020000934600830078,0.05,-0.04703245334043812
0.577,-0.016,0.0200042724609375,0.05,-0.04703245334043812
0.628,-0.061,0.019996166229248047,0.05,-0.04703245334043812
0.559,0.12,0.019997119903564453,0.049999999999999996,-0.04693538577609159
0.443,0.283,0.02000570297241211,0.049999999999999996,-0.04693538577609159
0.483,0.143,0.020008087158203125,0.049999999999999996,-0.04693538577609159
0.443,0.082,0.019995689392089844,0.05,-0.04609183814630522
0.373,-0.322,0.019994497299194336,0.05,-0.04609183814630522
0.373,-0.322,0.02003002166748047,0.05,-0.04609183814630522
0.23,0.1,0.019968509674072266,0.05,-0.04609183814630522
0.275,0.161,0.02000713348388672,0.05000000000000001,-0.05
0.272,0.0,0.02000284194946289,0.05000000000000001,-0.05
0.272,0.0,0.01999974250793457,0.05000000000000001,-0.05
0.227,-0.253,0.019994258880615234,0.05,-0.05000000000000001
0.11,-0.046,0.020000457763671875,0.05,-0.05000000000000001
0.097,0.034,0.020023822784423828,0.05,-0.05000000000000001
0.089,0.006,0.01997089385986328,0.05,-0.05000000000000001
0.055,-0.086,0.01997995376586914,0.7786684528800946,-0.08624383548284009
0.055,-0.086,0.01999831199645996,0.7786684528800946,-0.08624383548284009
0.085,-0.102,0.02000880241394043,0.7840896283094902,-0.07954978219356854
0.085,-0.102,0.020003795623779297,0.7840896283094902,-0.07954978219356854
0.142,-0.089,0.01998615264892578,0.7840896283094902,-0.07954978219356854
0.142,-0.089,0.020003557205200195,0.05,-0.05
0.163,-0.051,0.02000284194946289,0.05,-0.05
0.142,-0.011,0.019995450973510742,0.05,-0.05
0.142,-0.011,0.019995450973510742,0.05,-0.05
0.147,-0.001,0.02000141143798828,0.05,-0.05
0.144,-0.006,0.01999354362487793,0.05,-0.05
0.144,-0.006,0.020032644271850586,0.05,-0.05
0.135,-0.022,0.01999044418334961,0.05,-0.05
0.104,-0.049,0.019981861114501953,0.05,-0.05
0.104,-0.049,0.019993066787719727,0.05,-0.05
0.083,-0.059,0.02000737190246582,0.05,-0.05
0.075,-0.078,0.019999027252197266,0.05,-0.05
0.075,-0.078,0.019991159439086914,0.05,-0.05
0.067,-0.087,0.020021915435791016,0.05,-0.05
0.066,-0.086,0.019993305206298828,0.05,-0.05
0.067,-0.075,0.01999974250793457,0.05,-0.05
0.091,-0.031,0.0200040340423584,0.05,-0.05
0.106,0.002,0.020005464553833008,0.05,-0.05
0.063,-0.05,0.020023822784423828,0.05,-0.05
0.061,-0.037,0.0199735164642334,0.05,-0.05
0.062,-0.026,0.01999831199645996,0.8005970974400144,-0.10597448985731643
0.061,-0.025,0.019995927810668945,0.8005970974400144,-0.10597448985731643
0.061,-0.025,0.020004749298095703,0.8005970974400144,-0.10597448985731643
0.055,-0.029,0.019997835159301758,0.8005970974400144,-0.10597234371562445
0.057,-0.053,0.020003557205200195,0.8005970974400144,-0.10597234371562445
0.055,-0.068,0.01999807357788086,0.8005970974400144,-0.10597234371562445
0.055,-0.068,0.02000117301940918,0.8088290806315703,-0.09962670684508047
0.055,-0.063,0.019995689392089844,0.8088290806315703,-0.09962670684508047
0.058,-0.067,0.01999950408935547,0.8088290806315703,-0.09962670684508047
0.076,-0.06,0.02001333236694336,0.8088290806315703,-0.09962670684508047
0.105,-0.054,0.019987821578979492,0.8207541113769036,-0.09379872662692226
0.105,-0.054,0.02001047134399414,0.8207541113769036,-0.09379872662692226
0.152,-0.1,0.019992589950561523,0.8207541113769036,-0.09379872662692226
0.173,-0.109,0.019998550415039062,0.8207541113769036,-0.10386465249667
0.204,-0.111,0.01999974250793457,0.8207541113769036,-0.10386465249667
0.222,-0.1,0.019989013671875,0.8207541113769036,-0.10386465249667
0.249,-0.096,0.02000117301940918,0.8207541113769036,-0.10386465249667
0.249,-0.096,0.020004987716674805,0.731279779414696,-0.10660195872123863
0.287,-0.084,0.02002096176147461,0.731279779414696,-0.10660195872123863
0.324,-0.089,0.019983530044555664,0.731279779414696,-0.10660195872123863
0.354,-0.089,0.01999044418334961,0.747115634282473,-0.10305212243209191
0.368,-0.102,0.02000880241394043,0.747115634282473,-0.10305212243209191
0.391,-0.08,0.020009756088256836,0.747115634282473,-0.10305212243209191
0.413,-0.082,0.01999044418334961,0.7471156546588178,-0.10305211770778788
0.413,-0.082,0.020017385482788086,0.7471156546588178,-0.10305211770778788
0.441,-0.086,0.019980192184448242,0.7471156546588178,-0.10305211770778788
0.441,-0.086,0.0200042724609375,0.7736945051166427,-0.10638698659763109
0.479,-0.067,0.01999640464782715,0.7736945051166427,-0.10638698659763109
0.51,-0.053,0.019995689392089844,0.7736945051166427,-0.10638698659763109
0.541,-0.042,0.019999027252197266,0.7736945051166427,-0.10638698659763109
0.552,-0.063,0.019999980926513672,0.8712357721221318,-0.10320871299497336
0.552,-0.063,0.02003622055053711,0.8712357721221318,-0.10320871299497336
0.603,-0.067,0.01996469497680664,0.8712357721221318,-0.10320871299497336
0.623,-0.035,0.02000260353088379,0.871269389693352,-0.10319696753961985
0.623,-0.035,0.02000284194946289,0.871269389693352,-0.10319696753961985
0.659,-0.061,0.01999831199645996,0.871269389693352,-0.10319696753961985
0.675,-0.048,0.02000141143798828,0.6754820683183039,-0.10079439811922908
0.675,-0.048,0.020005464553833008,0.6754820683183039,-0.10079439811922908
0.729,-0.02,0.019985675811767578,0.6754820683183039,-0.10079439811922908
0.732,-0.04,0.02001047134399414,0.6754820683183039,-0.10079439811922908
0.747,-0.025,0.020002365112304688,0.6702861844888385,-0.10284826278471233
0.747,-0.025,0.019997358322143555,0.6702861844888385,-0.10284826278471233
0.655,-0.17,0.01999521255493164,0.6702861844888385,-0.10284826278471233
0.701,-0.109,0.02000737190246582,0.6702862751482711,-0.10284825229978836
0.701,-0.109,0.019999265670776367,0.6702862751482711,-0.10284825229978836
0.696,-0.113,0.02000284194946289,0.6702862751482711,-0.10284825229978836
0.696,-0.113,0.01999950408935547,0.7455582972069558,-0.11934454626445169
0.748,-0.007,0.019994258880615234,0.7455582972069558,-0.11934454626445169
0.746,-0.01,0.01999187469482422,0.7455582972069558,-0.11934454626445169
0.594,-0.263,0.019997119903564453,0.7455582972069558,-0.11934454626445169
0.566,-0.287,0.02000880241394043,0.6477941503597431,-0.11103225862583364
0.711,-0.066,0.020001649856567383,0.6477941503597431,-0.11103225862583364
0.882,0.181,0.020005464553833008,0.6477941503597431,-0.11103225862583364
0.598,-0.231,0.01999688148498535,0.6477940151308347,-0.1110322101464436
0.545,-0.282,0.02136373519897461,0.6477940151308347,-0.1110322101464436
0.838,0.17,0.018635272979736328,0.6477940151308347,-0.1110322101464436
0.579,-0.22,0.019998788833618164,0.4407343175070752,-0.10530188386064936
0.55,-0.252,0.01999974250793457,0.4407343175070752,-0.10530188386064936
0.813,0.146,0.02000141143798828,0.4407343175070752,-0.10530188386064936
0.565,-0.231,0.01999211311340332,0.4407343175070752,-0.10530188386064936
0.52,-0.288,0.01999688148498535,0.4845434934229064,-0.10512594128200703
0.666,-0.031,0.020006418228149414,0.4845434934229064,-0.10512594128200703
0.825,0.203,0.020013093948364258,0.4845434934229064,-0.10512594128200703
0.51,-0.214,0.019985675811767578,0.484539320167749,-0.10512670968130611
0.51,-0.214,0.019998550415039062,0.484539320167749,-0.10512670968130611
0.51,-0.214,0.020003080368041992,0.484539320167749,-0.10512670968130611
0.494,-0.185,0.019995927810668945,-0.6227302398216645,-0.11042142567333163
0.746,0.218,0.02000141143798828,-0.6227302398216645,-0.11042142567333163
0.746,0.218,0.01999807357788086,-0.6227302398216645,-0.11042142567333163
0.351,-0.327,0.019991159439086914,-0.5380782012597715,-0.12166680205007283
0.402,-0.191,0.020009517669677734,-0.5380782012597715,-0.12166680205007283
0.575,0.088,0.019998550415039062,-0.5380782012597715,-0.12166680205007283
0.472,-0.043,0.019999980926513672,-0.5380782012597715,-0.12166680205007283
0.445,-0.035,0.019997596740722656,-0.5381018252907988,-0.12167210903044842
0.397,-0.061,0.019994735717773438,-0.5381018252907988,-0.12167210903044842
0.271,-0.218,0.02001190185546875,-0.5381018252907988,-0.12167210903044842
0.225,-0.23,0.019994497299194336,-0.7226757463945018,-0.005677880111926761
0.265,-0.13,0.020001888275146484,-0.7226757463945018,-0.005677880111926761
0.288,-0.064,0.019999027252197266,-0.7226757463945018,-0.005677880111926761
0.195,-0.15,0.019988536834716797,-0.7113566769602409,-0.026821756537721363
0.142,-0.17,0.020001649856567383,-0.7113566769602409,-0.026821756537721363
0.142,-0.17,0.020009994506835938,-0.7113566769602409,-0.026821756537721363
0.124,-0.092,0.020002126693725586,-0.7113566769602409,-0.026821756537721363
0.101,-0.074,0.020002365112304688,-0.7113566769602409,-0.026821756537721363
0.101,-0.074,0.02000284194946289,-0.7113566769602409,-0.026821756537721363
0.051,-0.029,0.019999980926513672,-0.7113566769602409,-0.026821756537721363
0.051,-0.029,0.02000117301940918,-0.7113566769602409,-0.026821756537721363
-0.08,0.022,0.02000141143798828,-0.7421310391244882,0.04526572208106997
-0.112,0.019,0.019997119903564453,-0.7421310391244882,0.04526572208106997
-0.112,0.019,0.01999950408935547,-0.7421310352421774,0.04526572136510607
-0.152,0.009,0.019991159439086914,-0.7421310352421774,0.04526572136510607
-0.167,-0.005,0.02000570297241211,-0.7421310352421774,0.04526572136510607
-0.167,-0.005,0.02000117301940918,-0.5670088906861266,0.10410555422154645
-0.211,0.002,0.0200042724609375,-0.5670088906861266,0.10410555422154645
-0.248,0.012,0.019994735717773438,-0.5670088906861266,0.10410555422154645
-0.276,0.036,0.019987106323242188,-0.5670088906861266,0.10410555422154645
-0.321,0.056,0.020015239715576172,-0.7286897433839048,0.012746868925585466
-0.352,0.06,0.02000260353088379,-0.7286897433839048,0.012746868925585466
-0.378,0.078,0.0200040340423584,-0.7286897433839048,0.012746868925585466
-0.408,0.082,0.019995927810668945,-0.7286897433843658,0.012746869443890694
-0.438,0.072,0.020000934600830078,-0.7286897433843658,0.012746869443890694
-0.47,0.059,0.020000457763671875,-0.7286897433843658,0.012746869443890694
-0.47,0.059,0.020000696182250977,-0.7286897433843658,0.012746869443890694
-0.47,0.059,0.020009517669677734,-0.7302881805007064,0.07545512965856113
-0.516,0.052,0.019984006881713867,-0.7302881805007064,0.07545512965856113
-0.548,0.036,0.01999831199645996,-0.7302881805007064,0.07545512965856113
-0.581,0.035,0.020003795623779297,-0.7641940132206513,0.08324090052773753
-0.608,0.039,0.01999950408935547,-0.7641940132206513,0.08324090052773753
-0.608,0.039,0.020000696182250977,-0.7641940132206513,0.08324090052773753
-0.653,0.053,0.01999974250793457,-0.7641070290867912,0.0832514069529598
-0.653,0.053,0.019994020462036133,-0.7641070290867912,0.0832514069529598
-0.709,0.058,0.020007848739624023,-0.7641070290867912,0.0832514069529598
-0.728,0.054,0.02000141143798828,-0.28517409317891035,0.15444167821487004
-0.735,0.046,0.02000260353088379,-0.28517409317891035,0.15444167821487004
-0.748,0.032,0.019990205764770508,-0.28517409317891035,0.15444167821487004
-0.751,0.049,0.01999664306640625,-0.28517409317891035,0.15444167821487004
-0.749,0.062,0.020001888275146484,-0.2572822028315443,0.15950466735252955
-0.749,0.057,0.020002365112304688,-0.2572822028315443,0.15950466735252955
-0.749,0.057,0.02001500129699707,-0.2572822028315443,0.15950466735252955
-0.751,0.07,0.0200045108795166,-0.2572821673236364,0.15950466528285182
-0.716,0.101,0.019990205764770508,-0.2572821673236364,0.15950466528285182
-0.688,0.118,0.019997835159301758,-0.2572821673236364,0.15950466528285182
-0.655,0.151,0.02004528045654297,-1.0817293064097502,0.1355612471607323
-0.655,0.151,0.019950151443481445,-1.0817293064097502,0.1355612471607323
-0.623,0.166,0.0199892520904541,-1.0817293064097502,0.1355612471607323
-0.623,0.166,0.020014047622680664,-1.0817293064097502,0.1355612471607323
-0.607,0.154,0.020006656646728516,-0.24412935871672048,0.1777644905700577
-0.622,0.138,0.019994258880615234,-0.24412935871672048,0.1777644905700577
-0.636,0.128,0.019999980926513672,-0.24412935871672048,0.1777644905700577
-0.647,0.132,0.020000934600830078,-0.24886053174579412,0.18067126034584083
-0.666,0.119,0.019994258880615234,-0.24886053174579412,0.18067126034584083
-0.684,0.092,0.02000737190246582,-0.24886053174579412,0.18067126034584083
-0.723,0.029,0.01999640464782715,-0.24886053174579412,0.18067126034584083
-0.718,0.004,0.020001888275146484,-0.2572400937603435,0.18214017245101155
-0.696,0.015,0.019997119903564453,-0.2572400937603435,0.18214017245101155
-0.696,0.015,0.020009279251098633,-0.2572400937603435,0.18214017245101155
-0.573,0.159,0.019991636276245117,-0.9139264018946148,-0.027192089213090964
-0.466,0.282,0.020029067993164062,-0.9139264018946148,-0.027192089213090964
-0.479,0.237,0.019969940185546875,-0.9139264018946148,-0.027192089213090964
-0.543,0.122,0.019997596740722656,-0.768240643965889,-0.022162234153385245
-0.543,0.122,0.02000117301940918,-0.768240643965889,-0.022162234153385245
-0.567,0.047,0.02000284194946289,-0.768240643965889,-0.022162234153385245
-0.438,0.228,0.019999265670776367,-0.768240643965889,-0.022162234153385245
-0.438,0.228,0.019994735717773438,-0.5281782142436159,-0.04145513887746574
-0.561,0.033,0.02000713348388672,-0.5281782142436159,-0.04145513887746574
-0.658,-0.123,0.019995927810668945,-0.5281782142436159,-0.04145513887746574
-0.6,-0.026,0.019995689392089844,-0.5026033625649561,-0.04285040127079979
-0.505,0.072,0.01999807357788086,-0.5026033625649561,-0.04285040127079979
-0.494,0.091,0.02000141143798828,-0.5026033625649561,-0.04285040127079979
-0.527,0.072,0.01999950408935547,-0.5026012970651548,-0.04284977657489943
-0.527,0.072,0.02001667022705078,-0.5026012970651548,-0.04284977657489943
-0.558,0.014,0.019986629486083984,-0.5026012970651548,-0.04284977657489943
-0.573,-0.003,0.01999831199645996,-0.46931986553744104,-0.022148896961474367
-0.566,-0.011,0.020001649856567383,-0.46931986553744104,-0.022148896961474367
-0.566,-0.011,0.020015478134155273,-0.46931986553744104,-0.022148896961474367
-0.55,-0.019,0.019971370697021484,-0.46931986553744104,-0.022148896961474367
-0.528,-0.007,0.02001190185546875,-0.10518570664887167,-0.07419104541966155
-0.519,-0.009,0.02001166343688965,-0.10518570664887167,-0.07419104541966155
-0.513,0.0,0.020007610321044922,-0.10518570664887167,-0.07419104541966155
-0.5,-0.016,0.019989728927612305,-0.10518617417545134,-0.07419135711086149
-0.505,-0.033,0.019992351531982422,-0.10518617417545134,-0.07419135711086149
-0.494,-0.066,0.02000141143798828,-0.10518617417545134,-0.07419135711086149
-0.494,-0.066,0.019997596740722656,-0.5237985551475188,-0.06687820625128357
-0.447,-0.114,0.020004987716674805,-0.5237985551475188,-0.06687820625128357
-0.447,-0.114,0.020000696182250977,-0.5237985551475188,-0.06687820625128357
-0.447,-0.114,0.019998550415039062,-0.05,-0.05
-0.446,-0.118,0.020001888275146484,-0.05,-0.05
-0.442,-0.112,0.019997358322143555,-0.05,-0.05
-0.435,-0.097,0.01999640464782715,-0.05,-0.05
-0.422,-0.063,0.019997596740722656,-0.05,-0.05
-0.414,-0.056,0.01999688148498535,-0.05,-0.05
-0.412,-0.066,0.02001166343688965,-0.05,-0.05
-0.416,-0.091,0.020007610321044922,-0.05,-0.046428581982074724
-0.416,-0.091,0.019989013671875,-0.05,-0.046428581982074724
-0.393,-0.086,0.019989967346191406,-0.05,-0.046428581982074724
-0.365,-0.054,0.02001810073852539,-0.05,-0.046428581982074724
-0.265,0.123,0.019988298416137695,-0.05,-0.05
-0.249,0.128,0.020000934600830078,-0.05,-0.05
-0.343,-0.061,0.02000260353088379,-0.05,-0.05
-0.343,-0.061,0.019994735717773438,-0.05000000000000001,-0.05
-0.213,0.056,0.020002365112304688,-0.05000000000000001,-0.05
-0.165,-0.016,0.020003795623779297,-0.05000000000000001,-0.05
-0.165,-0.016,0.02000260353088379,-0.05,0.008664915274582942
-0.188,0.035,0.01999950408935547,-0.05,0.008664915274582942
-0.107,-0.01,0.01999664306640625,-0.05,0.008664915274582942
-0.107,-0.01,0.019997596740722656,-0.05,-0.04530257079292982
-0.103,0.019,0.02000594139099121,-0.05,-0.04530257079292982
-0.1,0.051,0.02000713348388672,-0.05,-0.04530257079292982
-0.053,0.022,0.020006418228149414,-0.05,0.05
-0.051,0.027,0.02000141143798828,-0.05,0.05
-0.052,0.029,0.020002365112304688,-0.05,0.05
-0.051,0.036,0.01999831199645996,-0.05,0.05
0.054,-0.094,0.02003169059753418,0.2436704637203761,-0.17389240789934066
0.082,-0.135,0.019928932189941406,0.2436704637203761,-0.17389240789934066
0.097,-0.151,0.020083904266357422,0.2283161108818091,-0.16244027069572403
0.113,-0.169,0.01997685432434082,0.2283161108818091,-0.16244027069572403
0.126,-0.176,0.01996755599975586,0.2283161108818091,-0.16244027069572403
0.13,-0.153,0.020006418228149414,0.19025441047500033,-0.13521342035914594
0.146,-0.138,0.020000457763671875,0.19025441047500033,-0.13521342035914594
0.152,-0.118,0.020000457763671875,0.19025441047500033,-0.13521342035914594
0.157,-0.106,0.019997596740722656,0.19025441047500033,-0.13521342035914594
0.162,-0.099,0.01999640464782715,0.19004276277036328,-0.13506115828729434
0.165,-0.105,0.020007848739624023,0.19004276277036328,-0.13506115828729434
0.172,-0.109,0.019999980926513672,0.19004276277036328,-0.13506115828729434
0.173,-0.114,0.019994020462036133,-0.9983711051721404,-0.19552726831097136
0.177,-0.121,0.019998788833618164,-0.9983711051721404,-0.19552726831097136
0.184,-0.109,0.020008087158203125,-0.9983711051721404,-0.19552726831097136
0.211,-0.07,0.01998448371887207,-0.9983711051721404,-0.19552726831097136
0.192,-0.119,0.020001888275146484,-1.091371650570709,-0.19965194899555905
0.192,-0.119,0.020007610321044922,-1.091371650570709,-0.19965194899555905
0.163,-0.165,0.020015239715576172,-1.091371650570709,-0.19965194899555905
0.158,-0.165,0.01997852325439453,-1.070167149870882,-0.19622528822462357
0.158,-0.165,0.020006895065307617,-1.070167149870882,-0.19622528822462357
0.12,-0.173,0.0200042724609375,-1.070167149870882,-0.19622528822462357
0.087,-0.182,0.01999354362487793,-0.975668940044863,-0.19030169277126963
0.062,-0.174,0.02001166343688965,-0.975668940044863,-0.19030169277126963
-0.054,-0.218,0.02002739906311035,-0.9727351946013616,-0.2373906059066109
-0.082,-0.198,0.019979238510131836,-0.9727351946013616,-0.2373906059066109
-0.082,-0.198,0.02000141143798828,-0.9727351946013616,-0.2373906059066109
-0.138,-0.206,0.019994497299194336,-0.7604986442982578,-0.2111952228810789
-0.172,-0.212,0.02000260353088379,-0.7604986442982578,-0.2111952228810789
-0.172,-0.212,0.019999980926513672,-0.7604986442982578,-0.2111952228810789
-0.231,-0.188,0.019994258880615234,-0.6209638908377031,-0.3212829331141181
-0.266,-0.202,0.020025968551635742,-0.6209638908377031,-0.3212829331141181
-0.291,-0.207,0.01997232437133789,-0.6209638908377031,-0.3212829331141181
-0.318,-0.194,0.019993305206298828,-0.6209638908377031,-0.3212829331141181
-0.355,-0.192,0.020014286041259766,-0.7644322293631333,-0.27147056146063947
-0.392,-0.225,0.020002365112304688,-0.7644322293631333,-0.27147056146063947
-0.392,-0.225,0.019992589950561523,-0.7644322293631333,-0.27147056146063947
-0.411,-0.236,0.02000117301940918,-1.0185255073855048,-0.23024171902057475
-0.448,-0.256,0.020003557205200195,-1.0185255073855048,-0.23024171902057475
-0.448,-0.256,0.019997835159301758,-1.0185255073855048,-0.23024171902057475
-0.499,-0.254,0.01999354362487793,-0.8754560989132157,-0.19258758872737658
-0.528,-0.238,0.020031452178955078,-0.8754560989132157,-0.19258758872737658
-0.565,-0.252,0.019962549209594727,-0.8754560989132157,-0.19258758872737658
-0.567,-0.226,0.02004384994506836,-0.8754560989132157,-0.19258758872737658
-0.602,-0.229,0.019956111907958984,-0.5691802137933971,-0.26477395867274695
-0.602,-0.229,0.020000219345092773,-0.5691802137933971,-0.26477395867274695
-0.645,-0.213,0.020007848739624023,-0.5691802137933971,-0.26477395867274695
-0.652,-0.186,0.01999378204345703,-0.613951781378873,-0.26623934642478564
-0.652,-0.186,0.02001643180847168,-0.613951781378873,-0.26623934642478564
-0.685,-0.202,0.01999688148498535,-0.613951781378873,-0.26623934642478564
-0.6,-0.288,0.019978761672973633,-0.613951781378873,-0.26623934642478564
-0.6,-0.288,0.020010948181152344,-0.4959111768597778,-0.2604355114224965
-0.627,-0.28,0.020003795623779297,-0.4959111768597778,-0.2604355114224965
-0.602,-0.341,0.020006418228149414,-0.4959111768597778,-0.2604355114224965
-0.621,-0.287,0.019994258880615234,-0.4702815521577691,-0.2773556082831976
-0.606,-0.297,0.020001888275146484,-0.4702815521577691,-0.2773556082831976
-0.606,-0.297,0.019990205764770508,-0.4702815521577691,-0.2773556082831976
-0.594,-0.267,0.0200045108795166,-0.5193607793853009,-0.2546121530840864
-0.605,-0.241,0.020014286041259766,-0.5193607793853009,-0.2546121530840864
-0.523,-0.327,0.019991159439086914,-0.5193607793853009,-0.2546121530840864
-0.51,-0.331,0.019985675811767578,-0.4467653548054899,-0.2476830884693631
-0.533,-0.27,0.020011186599731445,-0.4467653548054899,-0.2476830884693631
-0.533,-0.27,0.01999807357788086,-0.4467653548054899,-0.2476830884693631
-0.528,-0.264,0.020030975341796875,-0.4467653548054899,-0.2476830884693631
-0.469,-0.297,0.019977331161499023,-0.33316987973696727,-0.2282847419196339
-0.413,-0.36,0.02000737190246582,-0.33316987973696727,-0.2282847419196339
-0.387,-0.368,0.019986391067504883,-0.33316987973696727,-0.2282847419196339
-0.386,-0.324,0.02000713348388672,-0.33614601297377716,-0.2383213071838334
-0.501,-0.137,0.01999807357788086,-0.33614601297377716,-0.2383213071838334
-0.414,-0.234,0.019997119903564453,-0.33614601297377716,-0.2383213071838334
-0.395,-0.225,0.019993066787719727,-0.3140424922407272,-0.22300794868699406
-0.395,-0.225,0.020007848739624023,-0.3140424922407272,-0.22300794868699406
-0.332,-0.261,0.020001888275146484,-0.3140424922407272,-0.22300794868699406
-0.325,-0.232,0.020008087158203125,-0.3140424922407272,-0.22300794868699406
-0.296,-0.271,0.019992828369140625,-0.2854886726082573,-0.20283678433057092
-0.277,-0.296,0.02000284194946289,-0.2854886726082573,-0.20283678433057092
-0.277,-0.296,0.019994497299194336,-0.2854886726082573,-0.20283678433057092
-0.277,-0.296,0.01999664306640625,-0.284234313877334,-0.20190856320987663
-0.248,-0.256,0.0200040340423584,-0.284234313877334,-0.20190856320987663
-0.268,-0.226,0.02000141143798828,-0.284234313877334,-0.20190856320987663
-0.275,-0.198,0.019995450973510742,-0.26109164140051727,-0.18531713724153798
-0.299,-0.156,0.020008325576782227,-0.26109164140051727,-0.18531713724153798
-0.257,-0.2,0.019991397857666016,-0.26109164140051727,-0.18531713724153798
-0.257,-0.2,0.019988059997558594,-0.25793674329676863,-0.18275162552425936
-0.242,-0.205,0.020012617111206055,-0.25793674329676863,-0.18275162552425936
-0.242,-0.205,0.020001649856567383,-0.25793674329676863,-0.18275162552425936
-0.23,-0.212,0.01999831199645996,-0.25793674329676863,-0.18275162552425936
-0.249,-0.167,0.020000934600830078,-0.25843529382034475,-0.18306145152701986
-0.28,-0.138,0.020006656646728516,-0.25843529382034475,-0.18306145152701986
-0.28,-0.138,0.019995927810668945,-0.25843529382034475,-0.18306145152701986
-0.268,-0.143,0.01999807357788086,-0.29400577219791335,-0.20839618373529706
-0.264,-0.132,0.020006418228149414,-0.29400577219791335,-0.20839618373529706
-0.254,-0.153,0.020000457763671875,-0.29400577219791335,-0.20839618373529706
-0.283,-0.153,0.019989490509033203,-0.29400577219791335,-0.20839618373529706
-0.283,-0.153,0.01996302604675293,-0.2863005093997929,-0.20287736882648214
-0.242,-0.246,0.020035743713378906,-0.2863005093997929,-0.20287736882648214
-0.26,-0.204,0.020006895065307617,-0.2863005093997929,-0.20287736882648214
-0.26,-0.204,0.01999521255493164,-0.28581777263141184,-0.20315931727741054
-0.256,-0.216,0.020006179809570312,-0.28581777263141184,-0.20315931727741054
-0.262,-0.225,0.01999950408935547,-0.28581777263141184,-0.20315931727741054
-0.294,-0.182,0.0200045108795166,-0.26690577867109294,-0.18949722407590094
-0.349,-0.102,0.019999980926513672,-0.26690577867109294,-0.18949722407590094
-0.292,-0.196,0.019994497299194336,-0.26690577867109294,-0.18949722407590094
-0.25,-0.268,0.019995927810668945,-0.22982085000469848,-0.1629842514615289
-0.25,-0.268,0.019999980926513672,-0.22982085000469848,-0.1629842514615289
-0.281,-0.179,0.02000570297241211,-0.22982085000469848,-0.1629842514615289
-0.296,-0.123,0.019997835159301758,-0.22982085000469848,-0.1629842514615289
-0.245,-0.202,0.01999807357788086,-0.2297890686544328,-0.16295955848864935
-0.283,-0.143,0.02000260353088379,-0.2297890686544328,-0.16295955848864935
-0.283,-0.143,0.019997835159301758,-0.2297890686544328,-0.16295955848864935
-0.203,-0.215,0.01998615264892578,0.3016076231046554,-0.21387606195700226
-0.219,-0.176,0.020017385482788086,0.3016076231046554,-0.21387606195700226
-0.239,-0.142,0.019992589950561523,0.3016076231046554,-0.21387606195700226
-0.219,-0.182,0.020000696182250977,0.39799118323220933,-0.2084528892377493
-0.202,-0.196,0.02000594139099121,0.39799118323220933,-0.2084528892377493
-0.188,-0.207,0.019995927810668945,0.39799118323220933,-0.2084528892377493
-0.165,-0.209,0.020004987716674805,0.39799118323220933,-0.2084528892377493
-0.165,-0.198,0.020006179809570312,0.3746494403262998,-0.21372580923304824
-0.165,-0.198,0.01999521255493164,0.3746494403262998,-0.21372580923304824
-0.148,-0.217,0.019997596740722656,0.3746494403262998,-0.21372580923304824
-0.132,-0.203,0.01999807357788086,0.7103121704294608,-0.24328694057577094
-0.114,-0.195,0.02001643180847168,0.7103121704294608,-0.24328694057577094
-0.092,-0.199,0.019937515258789062,0.7103121704294608,-0.24328694057577094
-0.064,-0.223,0.020027875900268555,0.5653430696744086,-0.22792808530674136
-0.064,-0.223,0.02001214027404785,0.5653430696744086,-0.22792808530674136
0.064,-0.215,0.019999027252197266,0.5618174110755878,-0.23524599592251869
0.081,-0.205,0.020006656646728516,0.5618174110755878,-0.23524599592251869
0.111,-0.21,0.01999521255493164,0.5618174110755878,-0.23524599592251869
0.111,-0.21,0.020001649856567383,0.5618174110755878,-0.23524599592251869
0.149,-0.23,0.020003318786621094,0.7064730659640329,-0.2176381438473197
0.168,-0.232,0.01999688148498535,0.7064730659640329,-0.2176381438473197
0.189,-0.229,0.020009517669677734,0.7064730659640329,-0.2176381438473197
0.213,-0.222,0.019989490509033203,0.7461321797089416,-0.20978275331205695
0.24,-0.195,0.01999950408935547,0.7461321797089416,-0.20978275331205695
0.24,-0.195,0.019999027252197266,0.7461321797089416,-0.20978275331205695
0.24,-0.195,0.020000219345092773,0.7795289616729851,-0.20448293992618902
0.311,-0.169,0.02000713348388672,0.7795289616729851,-0.20448293992618902
0.278,-0.249,0.020001649856567383,0.7795289616729851,-0.20448293992618902
0.332,-0.19,0.01999187469482422,1.2168194697790962,-0.22822169662725608
0.332,-0.19,0.020006656646728516,1.2168194697790962,-0.22822169662725608
0.374,-0.148,0.020005226135253906,1.2168194697790962,-0.22822169662725608
0.363,-0.218,0.01999950408935547,1.2168194697790962,-0.22822169662725608
0.453,-0.123,0.019994020462036133,1.2199420793742037,-0.2282870564963574
0.412,-0.185,0.020001649856567383,1.2199420793742037,-0.2282870564963574
0.388,-0.262,0.02000594139099121,1.2199420793742037,-0.2282870564963574
0.388,-0.262,0.01999497413635254,1.2024381376764077,-0.2192645544658074
0.522,-0.159,0.020004987716674805,1.2024381376764077,-0.2192645544658074
0.521,-0.187,0.01999068260192871,1.2024381376764077,-0.2192645544658074
0.454,-0.301,0.020008563995361328,1.2705064996843194,-0.24736302094758225
0.631,-0.087,0.019985437393188477,1.2705064996843194,-0.24736302094758225
0.565,-0.243,0.019998550415039062,1.2705064996843194,-0.24736302094758225
0.565,-0.243,0.020019054412841797,1.2705064996843194,-0.24736302094758225
0.633,-0.147,0.01999640464782715,1.154039752567501,-0.23681960167041824
0.637,-0.182,0.01999354362487793,1.154039752567501,-0.23681960167041824
0.637,-0.182,0.020002126693725586,1.154039752567501,-0.23681960167041824
0.664,-0.171,0.020010709762573242,1.199830048296395,-0.26385903777104314
0.692,-0.143,0.01998138427734375,1.199830048296395,-0.26385903777104314
0.713,-0.161,0.019997596740722656,1.199830048296395,-0.26385903777104314
0.713,-0.161,0.0200045108795166,1.2911776369027148,-0.24451175831953248
0.597,-0.435,0.0200045108795166,1.2911776369027148,-0.24451175831953248
0.731,-0.297,0.01999640464782715,1.2911776369027148,-0.24451175831953248
0.731,-0.297,0.02000570297241211,1.2911776369027148,-0.24451175831953248
0.665,-0.371,0.019991636276245117,1.282043183501594,-0.2424560174884533
0.903,-0.082,0.020004987716674805,1.282043183501594,-0.2424560174884533
0.819,-0.232,0.020000457763671875,1.282043183501594,-0.2424560174884533
0.827,-0.249,0.019998550415039062,1.1580295149601514,-0.10443490184013753
0.883,-0.182,0.020003795623779297,1.1580295149601514,-0.10443490184013753
0.91,-0.178,0.019989013671875,1.1580295149601514,-0.10443490184013753
0.872,-0.241,0.020014524459838867,1.1580295149601514,-0.10443490184013753
0.872,-0.241,0.019996166229248047,1.1041694941754132,-0.03946698409513566
0.967,-0.136,0.020001649856567383,1.1041694941754132,-0.03946698409513566
0.927,-0.201,0.01999354362487793,1.1041694941754132,-0.03946698409513566
0.964,-0.127,0.019999980926513672,1.0962311253620989,-0.0392285842865249
0.964,-0.127,0.020003795623779297,1.0962311253620989,-0.0392285842865249
0.996,-0.119,0.020000457763671875,1.0962311253620989,-0.0392285842865249
0.996,-0.119,0.020004987716674805,0.8574322616093804,0.0033085479614981365
1.013,-0.102,0.019995689392089844,0.8574322616093804,0.0033085479614981365
1.013,-0.102,0.01999378204345703,0.8574322616093804,0.0033085479614981365
1.035,-0.106,0.0199892520904541,0.8480209334983443,-0.049472704792357235
1.061,-0.043,0.020039081573486328,0.8480209334983443,-0.049472704792357235
1.07,-0.029,0.019966602325439453,0.8480209334983443,-0.049472704792357235
1.059,-0.012,0.0200042724609375,0.8480209334983443,-0.049472704792357235
1.079,-0.005,0.020004987716674805,0.8868616786090914,-0.05080176794021606
1.079,-0.005,0.01999950408935547,0.8868616786090914,-0.05080176794021606
1.084,0.028,0.020009279251098633,0.8868616786090914,-0.05080176794021606
1.07,0.019,0.019999027252197266,1.0054173606316945,-0.11725232623477272
0.979,-0.102,0.019990205764770508,1.0054173606316945,-0.11725232623477272
0.979,-0.102,0.019986391067504883,1.0054173606316945,-0.11725232623477272
0.977,-0.068,0.02003312110900879,1.0364167604153325,-0.10431908312697026
0.999,0.006,0.019985675811767578,1.0364167604153325,-0.10431908312697026
0.964,-0.064,0.0200040340423584,1.0364167604153325,-0.10431908312697026
0.985,-0.029,0.02000117301940918,1.0364167604153325,-0.10431908312697026
1.016,-0.021,0.01999378204345703,1.0212967288159218,-0.10011600021581354
0.961,-0.089,0.019995927810668945,1.0212967288159218,-0.10011600021581354
0.978,-0.076,0.019998788833618164,1.0212967288159218,-0.10011600021581354
0.978,-0.076,0.0200045108795166,1.0212967288159218,-0.10011600021581354
0.974,-0.065,0.020015478134155273,0.9160118707657107,-0.04629129938360908
0.94,-0.085,0.019987106323242188,0.9160118707657107,-0.04629129938360908
0.932,-0.115,0.019994497299194336,0.9160118707657107,-0.04629129938360908
0.968,-0.033,0.0200192928314209,1.0063187107952525,-0.11663296741103465
0.968,-0.033,0.019974231719970703,1.0063187107952525,-0.11663296741103465
0.946,-0.056,0.020009279251098633,1.0063187107952525,-0.11663296741103465
0.935,-0.023,0.02000570297241211,1.0099735876940592,-0.11689275402041063
0.924,-0.053,0.019992589950561523,1.0099735876940592,-0.11689275402041063
0.901,-0.052,0.02001166343688965,1.0099735876940592,-0.11689275402041063
0.928,0.008,0.019995689392089844,1.026000991412895,-0.08006979266101226
0.928,0.008,0.01998734474182129,1.026000991412895,-0.08006979266101226
0.879,-0.024,0.020012617111206055,1.026000991412895,-0.08006979266101226
0.879,-0.024,0.019994497299194336,1.026000991412895,-0.08006979266101226
0.846,0.048,0.020008087158203125,0.8696857710950514,0.023745430821037042
0.778,-0.018,0.019995450973510742,0.8696857710950514,0.023745430821037042
0.597,-0.217,0.01999497413635254,0.8696857710950514,0.023745430821037042
0.886,0.284,0.01999640464782715,0.8847009316568408,0.024452953204658182
0.532,-0.204,0.020000219345092773,0.8847009316568408,0.024452953204658182
0.532,-0.204,0.019992828369140625,0.8847009316568408,0.024452953204658182
0.518,-0.144,0.02001023292541504,0.9950848288248229,-0.06667419671082474
0.518,-0.144,0.020019054412841797,0.9950848288248229,-0.06667419671082474
0.665,0.137,0.019985198974609375,0.9950848288248229,-0.06667419671082474
0.562,0.03,0.01999044418334961,1.0083976586734011,0.09018922065366669
0.455,-0.086,0.019997119903564453,1.0083976586734011,0.09018922065366669
0.353,-0.184,0.020007610321044922,1.0083976586734011,0.09018922065366669
0.519,0.105,0.020002365112304688,1.0083976586734011,0.09018922065366669
0.513,0.141,0.019997596740722656,1.0103454876476312,0.09028557040769675
0.321,-0.109,0.019994497299194336,1.0103454876476312,0.09028557040769675
0.287,-0.126,0.02001023292541504,1.0103454876476312,0.09028557040769675
0.287,-0.126,0.019998550415039062,0.8756386664840398,0.04576527454598453
0.309,-0.029,0.019993066787719727,0.8756386664840398,0.04576527454598453
0.309,-0.029,0.01999807357788086,0.8756386664840398,0.04576527454598453
0.242,-0.054,0.01999974250793457,0.8769626381143235,0.05392100401436886
0.242,-0.054,0.020004749298095703,0.8769626381143235,0.05392100401436886
0.228,-0.008,0.019994497299194336,0.8769626381143235,0.05392100401436886
0.154,-0.032,0.020003557205200195,0.8769626381143235,0.05392100401436886
0.154,-0.032,0.019997835159301758,0.8945970837846309,0.05456986275139016
0.097,-0.032,0.020001888275146484,0.8945970837846309,0.05456986275139016
0.08,-0.017,0.02000141143798828,0.8945970837846309,0.05456986275139016
0.055,-0.019,0.020003557205200195,0.9225214736043599,0.06404193109799855
0.055,-0.019,0.01999664306640625,0.9225214736043599,0.06404193109799855
0.092,0.147,0.01999807357788086,0.9752311168194526,0.05665475798920443
0.092,0.147,0.019990921020507812,0.9752311168194526,0.05665475798920443
-0.059,0.089,0.0200040340423584,-1.317000040151071,0.24142163465716251
-0.059,0.089,0.020006895065307617,-1.2765561522498714,0.23308298918605447
-0.11,0.165,0.020010948181152344,-1.2765561522498714,0.23308298918605447
-0.117,0.166,0.019994020462036133,-1.2765561522498714,0.23308298918605447
-0.132,0.17,0.01999068260192871,-1.3206577000456154,0.2374607692196767
-0.146,0.149,0.02000284194946289,-1.3206577000456154,0.2374607692196767
-0.169,0.153,0.01999640464782715,-1.3206577000456154,0.2374607692196767
-0.205,0.166,0.01999950408935547,-1.3206577000456154,0.2374607692196767
-0.247,0.182,0.020003318786621094,-1.265614876943967,0.24750664810536532
-0.284,0.191,0.020012378692626953,-1.265614876943967,0.24750664810536532
-0.325,0.208,0.019990921020507812,-1.265614876943967,0.24750664810536532
-0.347,0.189,0.019989728927612305,-1.2624305296088392,0.22955869068021237
-0.391,0.213,0.020009517669677734,-1.2624305296088392,0.22955869068021237
-0.429,0.235,0.01999950408935547,-1.2624305296088392,0.22955869068021237
-0.46,0.237,0.019995450973510742,-1.2624305296088392,0.22955869068021237
-0.471,0.207,0.02001357078552246,-1.2812210354196236,0.23597158751778796
-0.499,0.212,0.019988059997558594,-1.2812210354196236,0.23597158751778796
-0.499,0.212,0.02001214027404785,-1.2812210354196236,0.23597158751778796
-0.542,0.213,0.019994258880615234,-1.2382073643011857,0.24179410087289696
-0.542,0.213,0.020002126693725586,-1.2382073643011857,0.24179410087289696
-0.597,0.238,0.02000141143798828,-1.2382073643011857,0.24179410087289696
-0.62,0.232,0.019991397857666016,-1.2808472938884943,0.2325532824582214
-0.654,0.233,0.020008325576782227,-1.2808472938884943,0.2325532824582214
-0.671,0.22,0.019995927810668945,-1.2808472938884943,0.2325532824582214
-0.699,0.22,0.01999378204345703,-1.2237944341648257,0.23810939962134384
-0.699,0.22,0.020036935806274414,-1.2237944341648257,0.23810939962134384
-0.749,0.221,0.019965410232543945,-1.2237944341648257,0.23810939962134384
-0.79,0.232,0.020005226135253906,-1.2237944341648257,0.23810939962134384
-0.79,0.232,0.019998788833618164,-1.1854978418614839,0.23212080544677283
-0.82,0.218,0.01999974250793457,-1.1854978418614839,0.23212080544677283
-0.844,0.218,0.019994497299194336,-1.1854978418614839,0.23212080544677283
-0.876,0.196,0.020000934600830078,-1.1880335646514053,0.23518537017793117
-0.929,0.228,0.0200040340423584,-1.1880335646514053,0.23518537017793117
-0.949,0.211,0.020006179809570312,-1.1880335646514053,0.23518537017793117
-0.949,0.211,0.019989728927612305,-1.1880335646514053,0.23518537017793117
-1.027,0.249,0.020006418228149414,-1.125017865483812,0.2228677450722592
-1.043,0.235,0.019995689392089844,-1.125017865483812,0.2228677450722592
-1.065,0.213,0.0200040340423584,-1.125017865483812,0.2228677450722592
-1.065,0.213,0.019994497299194336,-1.1884610792503538,0.22078889582304934
-1.065,0.213,0.020003795623779297,-1.1884610792503538,0.22078889582304934
-1.103,0.189,0.01999497413635254,-1.1884610792503538,0.22078889582304934
-1.103,0.189,0.020001649856567383,-1.1713389424707492,0.2284077883357835
-1.177,0.187,0.0200045108795166,-1.1713389424707492,0.2284077883357835
-1.203,0.157,0.020003080368041992,-1.1713389424707492,0.2284077883357835
-1.208,0.135,0.019993066787719727,-1.1713389424707492,0.2284077883357835
-1.253,0.107,0.020007848739624023,-1.0950483477724586,0.21562542207209048
-1.287,0.072,0.019994497299194336,-1.0950483477724586,0.21562542207209048
-1.287,0.088,0.01998424530029297,-1.0950483477724586,0.21562542207209048
-1.271,0.079,0.020012855529785156,-1.0584485558435974,0.19921650233558
-1.294,0.064,0.020007610321044922,-1.0584485558435974,0.19921650233558
-1.318,0.042,0.019999027252197266,-1.0584485558435974,0.19921650233558
-1.325,0.016,0.019984006881713867,-1.1101920194525419,0.2017027216805107
-1.252,0.132,0.020001649856567383,-1.1101920194525419,0.2017027216805107
-1.201,0.175,0.020016193389892578,-1.1101920194525419,0.2017027216805107
-1.201,0.175,0.019991636276245117,-1.1101920194525419,0.2017027216805107
-1.225,0.113,0.020006656646728516,-0.971783277677235,0.17888197429097386
-1.225,0.113,0.019991636276245117,-0.971783277677235,0.17888197429097386
-1.212,0.099,0.0200042724609375,-0.971783277677235,0.17888197429097386
-1.183,0.118,0.019986629486083984,-0.7895766284560786,0.14011345162271516
-1.182,0.08,0.020005464553833008,-0.7895766284560786,0.14011345162271516
-1.182,0.08,0.0200042724609375,-0.7895766284560786,0.14011345162271516
-1.169,0.063,0.02000141143798828,-0.7037411616336161,0.13563906646657956
-1.131,0.059,0.020002126693725586,-0.7037411616336161,0.13563906646657956
-1.131,0.059,0.0200040340423584,-0.7037411616336161,0.13563906646657956
-1.087,0.047,0.019999265670776367,-0.7037411616336161,0.13563906646657956
-1.087,0.047,0.01999354362487793,-0.4735481893093943,0.1960187754686231
-1.047,0.032,0.020006656646728516,-0.4735481893093943,0.1960187754686231
-1.047,0.032,0.019997119903564453,-0.4735481893093943,0.1960187754686231
-1.003,0.029,0.019993066787719727,-0.5143444608120328,0.36501584996906583
-0.986,0.034,0.020017147064208984,-0.5143444608120328,0.36501584996906583
-0.986,0.034,0.019981861114501953,-0.5143444608120328,0.36501584996906583
-0.964,0.041,0.02000713348388672,-0.5147462059743035,0.36499727278048405
-0.689,0.432,0.02000141143798828,-0.5147462059743035,0.36499727278048405
-0.625,0.52,0.020004987716674805,-0.5147462059743035,0.36499727278048405
-0.615,0.507,0.01999640464782715,-0.5147462059743035,0.36499727278048405
-0.874,0.118,0.020002365112304688,-0.4782104562186601,0.35355750581139994
-0.717,0.328,0.01999974250793457,-0.4782104562186601,0.35355750581139994
-0.717,0.328,0.019992351531982422,-0.4782104562186601,0.35355750581139994
-0.628,0.434,0.02003169059753418,-0.46319270733869655,0.3282286081801434
-0.942,-0.044,0.019961833953857422,-0.46319270733869655,0.3282286081801434
-0.942,-0.044,0.02001166343688965,-0.46319270733869655,0.3282286081801434
-0.641,0.374,0.019999265670776367,-0.4629502183989865,0.3278829181207651
-0.529,0.532,0.019989013671875,-0.4629502183989865,0.3278829181207651
-0.529,0.532,0.020011425018310547,-0.4629502183989865,0.3278829181207651
-0.531,0.452,0.019982576370239258,-0.45094543841409584,0.31949139702865403
-0.741,0.121,0.020012855529785156,-0.45094543841409584,0.31949139702865403
-0.637,0.252,0.020001888275146484,-0.45094543841409584,0.31949139702865403
-0.475,0.452,0.020003080368041992,-0.9817158629641649,0.2684261816331118
-0.557,0.308,0.019995927810668945,-0.9817158629641649,0.2684261816331118
-0.557,0.308,0.020005226135253906,-0.9817158629641649,0.2684261816331118
-0.465,0.422,0.020000934600830078,-0.9817158629641649,0.2684261816331118
-0.552,0.272,0.01999807357788086,-0.9824272800329837,0.21826825576792316
-0.495,0.358,0.019997596740722656,-0.9824272800329837,0.21826825576792316
-0.609,0.19,0.020015954971313477,-0.9824272800329837,0.21826825576792316
-0.51,0.327,0.019977092742919922,-0.9824272800329837,0.21826825576792316
-0.676,0.095,0.020000696182250977,-1.1449471106636693,0.15364102871244412
-0.658,0.115,0.020001649856567383,-1.1449471106636693,0.15364102871244412
-0.553,0.306,0.019986629486083984,-1.1449471106636693,0.15364102871244412
-0.679,0.177,0.020013809204101562,-1.0350208120693787,0.20199881019061916
-0.703,0.138,0.019988298416137695,-1.0350208120693787,0.20199881019061916
-0.795,0.07,0.020023584365844727,-1.0350208120693787,0.20199881019061916
-0.795,0.07,0.019977569580078125,-1.0550460632807697,0.19937831739519685
-0.731,0.175,0.020006179809570312,-1.0550460632807697,0.19937831739519685
-0.732,0.266,0.020008563995361328,-1.0550460632807697,0.19937831739519685
-0.797,0.206,0.019998788833618164,-0.9423914982809651,0.18129262148403313
-0.858,0.185,0.020009279251098633,-0.9423914982809651,0.18129262148403313
-0.858,0.185,0.019995450973510742,-0.9423914982809651,0.18129262148403313
-0.857,0.248,0.02000570297241211,-0.9423914982809651,0.18129262148403313
-0.896,0.189,0.019989967346191406,-0.926156773931781,0.17785756565384228
-0.935,0.179,0.020003557205200195,-0.926156773931781,0.17785756565384228
-0.941,0.181,0.01999688148498535,-0.926156773931781,0.17785756565384228
-0.935,0.194,0.019999980926513672,-0.9285448327815856,0.17814913418582967
-0.957,0.154,0.0200042724609375,-0.9285448327815856,0.17814913418582967
-0.957,0.154,0.02002096176147461,-0.9285448327815856,0.17814913418582967
-0.994,0.114,0.0201113224029541,-0.9285448327815856,0.17814913418582967
-0.992,0.082,0.01986241340637207,-0.8859609858375472,0.16808544037947518
-1.006,0.047,0.02000284194946289,-0.8859609858375472,0.16808544037947518
-1.026,0.052,0.01999187469482422,-0.8859609858375472,0.16808544037947518
-1.036,0.036,0.020006895065307617,-0.8364670715437741,0.1559216233961463
-1.013,0.059,0.02001190185546875,-0.8364670715437741,0.1559216233961463
-0.987,0.112,0.019989967346191406,-0.8364670715437741,0.1559216233961463
-0.987,0.112,0.019995450973510742,-0.8363984923920741,0.1559135721124727
-1.004,0.074,0.019998788833618164,-0.8363984923920741,0.1559135721124727
-1.004,0.074,0.020003318786621094,-0.8363984923920741,0.1559135721124727
-1.039,-0.008,0.020000696182250977,-0.8363984923920741,0.1559135721124727
-1.039,-0.008,0.020000696182250977,-0.6486743758153266,0.15083780194399637
-0.98,0.041,0.019992351531982422,-0.6486743758153266,0.15083780194399637
-0.965,0.026,0.01999807357788086,-0.6486743758153266,0.15083780194399637
-0.981,-0.009,0.02000284194946289,-0.5425117151884377,0.15067899135942334
-0.94,0.025,0.020000696182250977,-0.5425117151884377,0.15067899135942334
-0.925,0.011,0.02000904083251953,-0.5425117151884377,0.15067899135942334
-0.819,0.154,0.01999640464782715,-0.5425870710659891,0.1506839742361185
-0.819,0.154,0.02000117301940918,-0.5425870710659891,0.1506839742361185
-0.648,0.343,0.020004749298095703,-0.5425870710659891,0.1506839742361185
-0.602,0.368,0.020017385482788086,-0.5425870710659891,0.1506839742361185
-0.701,0.182,0.019975662231445312,-0.3341753036097639,0.15070983950010267
-0.679,0.18,0.020000219345092773,-0.3341753036097639,0.15070983950010267
-0.738,0.065,0.019999265670776367,-0.3341753036097639,0.15070983950010267
-0.641,0.16,0.020001649856567383,-0.6867700180463674,0.2726977642388007
-0.521,0.305,0.01999950408935547,-0.6867700180463674,0.2726977642388007
-0.521,0.305,0.020001649856567383,-0.6867700180463674,0.2726977642388007
-0.617,0.129,0.019993066787719727,-0.585989704557402,0.30106519766495154
-0.617,0.129,0.02000260353088379,-0.585989704557402,0.30106519766495154
-0.694,0.033,0.02000141143798828,-0.585989704557402,0.30106519766495154
-0.51,0.305,0.019988298416137695,-0.44766531046112185,0.30896999374739026
-0.607,0.16,0.020037174224853516,-0.44766531046112185,0.30896999374739026
-0.526,0.293,0.019971609115600586,-0.44766531046112185,0.30896999374739026
-0.521,0.338,0.01999664306640625,-0.42751055349867,0.3013465353476447
-0.56,0.278,0.019999265670776367,-0.42751055349867,0.3013465353476447
-0.588,0.278,0.01999521255493164,-0.42751055349867,0.3013465353476447
-0.538,0.313,0.020009994506835938,-0.42751055349867,0.3013465353476447
-0.524,0.347,0.02000284194946289,-0.4268283530874431,0.3020836411383952
-0.49,0.391,0.01998615264892578,-0.4268283530874431,0.3020836411383952
-0.48,0.39,0.020015478134155273,-0.4268283530874431,0.3020836411383952
-0.525,0.275,0.01999187469482422,-0.40732876378282185,0.2915511416246394
-0.525,0.242,0.02003312110900879,-0.40732876378282185,0.2915511416246394
-0.425,0.391,0.019979000091552734,-0.40732876378282185,0.2915511416246394
-0.495,0.245,0.019992828369140625,-0.40732876378282185,0.2915511416246394
-0.392,0.378,0.019987106323242188,-0.3831870459819716,0.2721990579778149
-0.364,0.391,0.020012617111206055,-0.3831870459819716,0.2721990579778149
-0.406,0.298,0.019999980926513672,-0.3831870459819716,0.2721990579778149
-0.462,0.187,0.02000570297241211,-0.3831870459819716,0.2721990579778149
-0.428,0.248,0.020000696182250977,-0.38309608274901485,0.27215031284798413
-0.428,0.248,0.01999688148498535,-0.38309608274901485,0.27215031284798413
-0.343,0.346,0.019995927810668945,-0.36131687749741526,0.23619127249371014
-0.323,0.359,0.020012617111206055,-0.36131687749741526,0.23619127249371014
-0.385,0.261,0.019992589950561523,-0.36131687749741526,0.23619127249371014
-0.355,0.26,0.019995450973510742,-0.36131687749741526,0.23619127249371014
-0.326,0.302,0.01999807357788086,-0.33681986735436453,0.23909527698442898
-0.342,0.281,0.020000696182250977,-0.33681986735436453,0.23909527698442898
-0.355,0.234,0.02000117301940918,-0.33681986735436453,0.23909527698442898
-0.386,0.185,0.019999265670776367,-0.33827112740765203,0.2400604292865054
-0.386,0.185,0.019999265670776367,-0.33827112740765203,0.2400604292865054
-0.322,0.257,0.020000934600830078,-0.33827112740765203,0.2400604292865054
-0.322,0.257,0.019993066787719727,-0.33827112740765203,0.2400604292865054
-0.321,0.227,0.02001786231994629,-0.3083823441854824,0.21914533880130194
-0.338,0.215,0.019999265670776367,-0.3083823441854824,0.21914533880130194
-0.353,0.224,0.019995450973510742,-0.3083823441854824,0.21914533880130194
-0.342,0.19,0.02000284194946289,-0.28509503093304606,0.2027213289627069
-0.332,0.21,0.019999980926513672,-0.28509503093304606,0.2027213289627069
-0.273,0.278,0.020000457763671875,-0.28509503093304606,0.2027213289627069
-0.277,0.242,0.01999187469482422,-0.278350845918272,0.1973968571491765
-0.277,0.242,0.0200040340423584,-0.278350845918272,0.1973968571491765
-0.277,0.242,0.020000219345092773,-0.278350845918272,0.1973968571491765
-0.284,0.228,0.019994735717773438,-0.2577754771168455,0.18292263123796398
-0.305,0.195,0.02000737190246582,-0.2577754771168455,0.18292263123796398
-0.305,0.195,0.019997119903564453,-0.2577754771168455,0.18292263123796398
-0.244,0.233,0.020001888275146484,-0.3588199770144242,0.20285563648556734
-0.254,0.214,0.01999807357788086,-0.3588199770144242,0.20285563648556734
-0.239,0.219,0.019997596740722656,-0.3588199770144242,0.20285563648556734
-0.247,0.191,0.020003080368041992,-0.3588199770144242,0.20285563648556734
-0.309,0.09,0.019994020462036133,-0.3094344316694682,0.21939458269849388
-0.309,0.09,0.02001214027404785,-0.3094344316694682,0.21939458269849388
-0.281,0.226,0.019993066787719727,-0.3094344316694682,0.21939458269849388
-0.277,0.256,0.019993305206298828,-0.3094344316694682,0.21939458269849388
-0.296,0.203,0.019988536834716797,-0.2724411843691161,0.19301271993808516
-0.347,0.145,0.020003795623779297,-0.2724411843691161,0.19301271993808516
-0.347,0.145,0.020006179809570312,-0.26288473293077813,0.186549337731502
-0.313,0.231,0.020001649856567383,-0.26288473293077813,0.186549337731502
-0.336,0.141,0.019997596740722656,-0.26288473293077813,0.186549337731502
-0.336,0.141,0.020003318786621094,-0.26288473293077813,0.186549337731502
-0.333,0.128,0.020002365112304688,-0.2631511910578316,0.18669717016013443
-0.325,0.15,0.019998550415039062,-0.2631511910578316,0.18669717016013443
-0.313,0.12,0.02000117301940918,-0.2631511910578316,0.18669717016013443
-0.313,0.12,0.020003795623779297,-0.249291230238582,0.17693309090380807
-0.247,0.213,0.01999664306640625,-0.249291230238582,0.17693309090380807
-0.237,0.235,0.020000696182250977,-0.249291230238582,0.17693309090380807
-0.232,0.225,0.019994497299194336,-0.249291230238582,0.17693309090380807
-0.24,0.208,0.020013809204101562,-0.21330353237502625,0.15156544819162954
-0.228,0.203,0.019985198974609375,-0.21330353237502625,0.15156544819162954
-0.228,0.203,0.020004987716674805,-0.2133087183015342,0.15157032873662923
-0.224,0.162,0.020006656646728516,-0.2133087183015342,0.15157032873662923
-0.225,0.159,0.020018815994262695,-0.2133087183015342,0.15157032873662923
-0.213,0.157,0.01997852325439453,-0.2133087183015342,0.15157032873662923
-0.209,0.146,0.02000570297241211,-0.19985962028034,0.14204595054190608
-0.209,0.146,0.019991397857666016,-0.19985962028034,0.14204595054190608
-0.209,0.152,0.02000570297241211,-0.19985962028034,0.14204595054190608
-0.209,0.152,0.01999950408935547,-0.19985962028034,0.14204595054190608
-0.204,0.15,0.020002365112304688,-0.17227292668195598,0.12244801061750844
-0.204,0.15,0.019998550415039062,-0.17227292668195598,0.12244801061750844
-0.182,0.134,0.02000117301940918,-0.17227292668195598,0.12244801061750844
-0.178,0.141,0.019990921020507812,-0.17232667219822917,0.1224866689312825
-0.182,0.133,0.0200040340423584,-0.17232667219822917,0.1224866689312825
-0.182,0.133,0.0200040340423584,-0.17232667219822917,0.1224866689312825
-0.182,0.133,0.020000934600830078,-0.17232667219822917,0.1224866689312825
-0.173,0.12,0.019994497299194336,0.7569058047563906,0.24499377939336742
-0.17,0.119,0.01999688148498535,0.7569058047563906,0.24499377939336742
-0.166,0.108,0.01999664306640625,1.3413071439863136,0.3101296986938028
-0.146,0.138,0.020006418228149414,1.3413071439863136,0.3101296986938028
-0.14,0.155,0.019997358322143555,1.3413071439863136,0.3101296986938028
-0.135,0.165,0.01999688148498535,1.3413071439863136,0.3101296986938028
-0.132,0.187,0.020006895065307617,1.3851126587015556,0.3130513421763771
-0.132,0.187,0.019999980926513672,1.3851126587015556,0.3130513421763771
-0.083,0.25,0.020003318786621094,1.3851126587015556,0.3130513421763771
-0.073,0.269,0.019993305206298828,1.3492264204358024,0.3042181657853617
0.093,0.319,0.02001023292541504,1.3347506119863337,0.2989392234428811
0.093,0.319,0.019995689392089844,1.3347506119863337,0.2989392234428811
0.131,0.296,0.020005464553833008,1.3480338075566987,0.3062909243149219
0.131,0.296,0.01999950408935547,1.3480338075566987,0.3062909243149219
0.139,0.289,0.020003557205200195,1.3480338075566987,0.3062909243149219
0.173,0.292,0.019998788833618164,1.4200054428811808,0.24460122003360707
0.196,0.312,0.020003795623779297,1.4200054428811808,0.24460122003360707
0.218,0.323,0.019991397857666016,1.4200054428811808,0.24460122003360707
0.231,0.311,0.020009994506835938,1.4200054428811808,0.24460122003360707
0.248,0.273,0.01999068260192871,1.2554787212213516,0.25727858947058735
0.248,0.273,0.019997596740722656,1.2554787212213516,0.25727858947058735
0.327,0.235,0.020009279251098633,1.2554787212213516,0.25727858947058735
0.298,0.285,0.019991397857666016,1.3368020091544999,0.2456597356968517
0.298,0.285,0.020003318786621094,1.3368020091544999,0.2456597356968517
0.342,0.237,0.0199892520904541,1.3368020091544999,0.2456597356968517
0.367,0.275,0.02001023292541504,1.1396317429319758,0.1898603897238657
0.364,0.285,0.0200040340423584,1.1396317429319758,0.1898603897238657
0.488,0.096,0.01999974250793457,1.1396317429319758,0.1898603897238657
0.42,0.236,0.02000284194946289,1.1396317429319758,0.1898603897238657
0.469,0.2,0.019978761672973633,1.3669264955864302,0.22630321270523412
0.469,0.2,0.020023584365844727,1.3669264955864302,0.22630321270523412
0.438,0.234,0.02000570297241211,1.3669264955864302,0.22630321270523412
0.53,0.194,0.019986867904663086,1.4437258475438932,0.20106558545091216
0.53,0.194,0.020005226135253906,1.4437258475438932,0.20106558545091216
0.499,0.236,0.01999807357788086,1.4437258475438932,0.20106558545091216
0.624,0.108,0.01999378204345703,1.4437258475438932,0.20106558545091216
0.579,0.189,0.020018339157104492,1.3492570724080875,0.1794870716445639
0.67,0.101,0.019993305206298828,1.3492570724080875,0.1794870716445639
0.632,0.152,0.019995450973510742,1.3492570724080875,0.1794870716445639
0.632,0.152,0.019998550415039062,1.2940638527291608,0.21520378915710658
0.698,0.098,0.020006656646728516,1.2940638527291608,0.21520378915710658
0.712,0.126,0.019994497299194336,1.2940638527291608,0.21520378915710658
0.669,0.252,0.01999521255493164,1.2525222070131008,0.16208646246147315
0.792,0.059,0.02000141143798828,1.2525222070131008,0.16208646246147315
0.62,0.368,0.02000904083251953,1.2525222070131008,0.16208646246147315
0.819,0.074,0.019989728927612305,1.266552020610375,0.15955533684846918
0.775,0.249,0.020013093948364258,1.266552020610375,0.15955533684846918
0.798,0.206,0.019991159439086914,1.266552020610375,0.15955533684846918
0.862,0.154,0.019998550415039062,1.266552020610375,0.15955533684846918
0.834,0.18,0.01999664306640625,1.264526052547104,0.1593182098701983
0.883,0.126,0.020006179809570312,1.264526052547104,0.1593182098701983
0.883,0.126,0.02000260353088379,1.264526052547104,0.1593182098701983
0.928,0.087,0.019992828369140625,1.1783695614902068,0.13764686729090195
0.911,0.152,0.01999521255493164,1.1783695614902068,0.13764686729090195
0.911,0.152,0.0200042724609375,1.1783695614902068,0.13764686729090195
0.96,0.123,0.019995927810668945,1.1783695614902068,0.13764686729090195
0.969,0.1,0.020003795623779297,1.0930208857445525,0.09780263271474214
0.957,0.144,0.020009994506835938,1.0930208857445525,0.09780263271474214
1.0,0.122,0.019988298416137695,1.0930208857445525,0.09780263271474214
1.0,0.122,0.0200042724609375,1.0852813104394499,0.09735742832633261
1.012,0.154,0.02000141143798828,1.0852813104394499,0.09735742832633261
1.046,0.173,0.01999831199645996,1.0852813104394499,0.09735742832633261
1.046,0.173,0.02055215835571289,1.0852813104394499,0.09735742832633261
1.069,0.109,0.019446611404418945,0.973733089134906,0.09434289574365409
1.069,0.109,0.019997119903564453,0.973733089134906,0.09434289574365409
1.089,0.092,0.020000457763671875,0.9485373151916591,0.08626462097753732
1.113,0.047,0.020001888275146484,0.9485373151916591,0.08626462097753732
1.077,0.105,0.01999664306640625,0.9485373151916591,0.08626462097753732
1.077,0.105,0.02000284194946289,0.9485373151916591,0.08626462097753732
1.098,0.051,0.019985675811767578,1.1156076088191318,0.09908635060047728
1.098,0.051,0.020009756088256836,1.1156076088191318,0.09908635060047728
1.057,0.08,0.020000457763671875,1.1156076088191318,0.09908635060047728
1.056,0.067,0.020002365112304688,0.9791767823134921,0.07438516337255736
1.079,0.036,0.02001357078552246,0.9791767823134921,0.07438516337255736
1.079,0.036,0.01998448371887207,0.9791767823134921,0.07438516337255736
1.079,0.036,0.020000219345092773,0.9689532782275988,0.058562262258215134
1.032,0.075,0.020006895065307617,0.9689532782275988,0.058562262258215134
1.052,0.039,0.019997119903564453,0.9689532782275988,0.058562262258215134
1.054,0.03,0.019999980926513672,0.9689532782275988,0.058562262258215134
0.977,0.103,0.019996166229248047,1.1500985157166264,0.06757103501768999
0.977,0.103,0.020004749298095703,1.1500985157166264,0.06757103501768999
1.019,-0.004,0.0200197696685791,1.1500985157166264,0.06757103501768999
0.951,0.097,0.019972801208496094,0.9893771693105492,0.07912809616321151
0.96,0.079,0.02000737190246582,0.9893771693105492,0.07912809616321151
0.99,0.035,0.020008563995361328,0.9893771693105492,0.07912809616321151
0.99,0.035,0.01999497413635254,0.9893771693105492,0.07912809616321151
0.972,0.059,0.019991636276245117,0.9494410876294418,0.08368747149034185
0.967,0.066,0.020007848739624023,0.9494410876294418,0.08368747149034185
0.947,0.077,0.020000457763671875,0.9494410876294418,0.08368747149034185
0.947,0.077,0.020000219345092773,0.9893968917477008,0.08475423780172817
0.958,0.043,0.019997119903564453,0.9893968917477008,0.08475423780172817
0.93,0.089,0.019997835159301758,0.9893968917477008,0.08475423780172817
0.93,0.089,0.020003795623779297,0.9259705183633498,0.05351445434780949
0.948,0.049,0.020001888275146484,0.9259705183633498,0.05351445434780949
0.937,0.076,0.019995450973510742,0.9259705183633498,0.05351445434780949
0.937,0.076,0.02000117301940918,0.9100342585059905,0.02868999871414614
0.939,0.072,0.020006418228149414,0.9100342585059905,0.02868999871414614
0.938,0.071,0.019989013671875,0.9100342585059905,0.02868999871414614
0.911,0.095,0.020006418228149414,0.9100342585059905,0.02868999871414614
0.937,0.04,0.020003795623779297,1.163406737675404,0.03220964838755989
0.915,0.05,0.019986629486083984,1.163406737675404,0.03220964838755989
0.883,0.093,0.02000260353088379,1.163406737675404,0.03220964838755989
0.955,-0.008,0.02000260353088379,1.0069491669057022,0.025339017401545514
0.905,0.072,0.020001888275146484,1.0069491669057022,0.025339017401545514
0.911,0.063,0.020004749298095703,1.0069491669057022,0.025339017401545514
0.911,0.063,0.019992351531982422,0.9795463073249178,-0.01418190467407785
0.929,0.052,0.020004749298095703,0.9795463073249178,-0.01418190467407785
0.95,0.033,0.019989490509033203,0.9795463073249178,-0.01418190467407785
0.947,0.026,0.020003795623779297,0.9795463073249178,-0.01418190467407785
0.927,0.055,0.020003080368041992,1.039913877734761,-0.01234921105186338
0.947,0.035,0.019997596740722656,1.039913877734761,-0.01234921105186338
0.947,0.035,0.020000219345092773,1.039913877734761,-0.01234921105186338
0.95,0.034,0.019997358322143555,0.8612254314098051,-0.0215822900340778
0.955,0.039,0.02000284194946289,0.8612254314098051,-0.0215822900340778
0.955,0.039,0.020003795623779297,0.8612254314098051,-0.0215822900340778
0.968,0.029,0.01999950408935547,0.8612254314098051,-0.0215822900340778
0.968,0.029,0.020008325576782227,0.8528782981805362,-0.018855499308075004
0.968,0.029,0.019995450973510742,0.8528782981805362,-0.018855499308075004
0.977,0.018,0.01999521255493164,0.8528782981805362,-0.018855499308075004
0.961,0.019,0.020004987716674805,0.9031368653194788,-0.0244212762635322
0.964,0.009,0.019998550415039062,0.9031368653194788,-0.0244212762635322
0.952,0.007,0.01999068260192871,0.9031368653194788,-0.0244212762635322
0.952,0.007,0.0200042724609375,0.8783663820163302,-0.02208286903778943
0.942,-0.01,0.02000594139099121,0.8783663820163302,-0.02208286903778943
0.942,-0.01,0.020020723342895508,0.8783663820163302,-0.02208286903778943
0.943,-0.024,0.019974470138549805,0.9845952603038872,-0.02474387402093603
0.919,-0.012,0.019997835159301758,0.9845952603038872,-0.02474387402093603
0.917,-0.026,0.020006895065307617,0.9845952603038872,-0.02474387402093603
0.911,-0.017,0.02000260353088379,0.9845952603038872,-0.02474387402093603
0.888,0.005,0.01999497413635254,1.0285416964743015,-0.02564027426076842
0.897,0.003,0.019997835159301758,1.0285416964743015,-0.02564027426076842
0.888,0.023,0.020000457763671875,1.0285416964743015,-0.02564027426076842
0.892,0.033,0.019989967346191406,0.9159382010620811,0.058916760917103704
0.892,0.033,0.020015954971313477,0.9159382010620811,0.058916760917103704
0.888,0.046,0.019989967346191406,0.9159382010620811,0.058916760917103704
0.88,0.065,0.019995450973510742,1.2986705007656627,0.11273905833401125
0.88,0.065,0.020009517669677734,1.2986705007656627,0.11273905833401125
0.878,0.051,0.020000696182250977,1.2986705007656627,0.11273905833401125
0.867,0.069,0.019994497299194336,1.2986705007656627,0.11273905833401125
0.886,0.05,0.019997596740722656,0.9450787060034129,0.07833343810721767
0.878,0.066,0.020011425018310547,0.9450787060034129,0.07833343810721767
0.892,0.079,0.019989728927612305,0.9450787060034129,0.07833343810721767
0.889,0.079,0.019999027252197266,0.9063483597087979,0.058431664768774184
0.925,0.059,0.020006656646728516,0.9063483597087979,0.058431664768774184
0.916,0.079,0.019992589950561523,0.9063483597087979,0.058431664768774184
0.926,0.073,0.020003080368041992,0.8631265249813556,0.03047642652609978
0.924,0.069,0.02001023292541504,0.8631265249813556,0.03047642652609978
0.924,0.069,0.019985198974609375,0.8631265249813556,0.03047642652609978
0.918,0.02,0.02000904083251953,0.8631265249813556,0.03047642652609978
0.914,0.038,0.019985675811767578,0.8148252386770535,0.028479662945329203
0.914,0.038,0.020014524459838867,0.8148252386770535,0.028479662945329203
0.929,0.004,0.01999807357788086,0.8148252386770535,0.028479662945329203
0.929,0.004,0.020029067993164062,0.8188188876973925,0.03453812108594452
0.933,0.0,0.01999068260192871,0.8188188876973925,0.03453812108594452
0.923,-0.012,0.01997208595275879,0.8188188876973925,0.03453812108594452
0.914,-0.014,0.020008087158203125,0.8234699833267076,0.02065014272352281
0.876,0.009,0.020005226135253906,0.8234699833267076,0.02065014272352281
0.876,0.009,0.019997358322143555,0.8234699833267076,0.02065014272352281
0.88,-0.021,0.019997358322143555,0.8234699833267076,0.02065014272352281
0.88,-0.021,0.01999211311340332,0.8969947847869258,0.022532555716390717
0.866,-0.029,0.020016193389892578,0.8969947847869258,0.022532555716390717
0.847,-0.015,0.019998788833618164,0.8969947847869258,0.022532555716390717
0.803,0.056,0.019999265670776367,0.9024736061853061,0.030478667698046486
0.835,0.0,0.019999265670776367,0.9024736061853061,0.030478667698046486
0.835,0.0,0.019992351531982422,0.9024736061853061,0.030478667698046486
0.829,0.026,0.0200042724609375,0.9024736061853061,0.030478667698046486
0.81,0.066,0.020003795623779297,0.9172609914209131,0.040253135113997696
0.835,0.038,0.019990921020507812,0.9172609914209131,0.040253135113997696
0.811,0.067,0.020003795623779297,0.9172609914209131,0.040253135113997696
0.815,0.08,0.020003795623779297,1.159349177740183,0.05069126976887707
0.815,0.08,0.01999640464782715,1.159349177740183,0.05069126976887707
0.819,0.075,0.019992828369140625,1.159349177740183,0.05069126976887707
0.826,0.08,0.02000260353088379,1.133105075759132,0.046856277315048794
0.851,0.075,0.020007610321044922,1.133105075759132,0.046856277315048794
0.851,0.075,0.019989967346191406,1.133105075759132,0.046856277315048794
0.886,0.079,0.0200042724609375,1.1694308723827296,0.05282082168409207
0.911,0.083,0.02000260353088379,1.1694308723827296,0.05282082168409207
0.944,0.082,0.020000934600830078,1.1694308723827296,0.05282082168409207
0.944,0.082,0.019995689392089844,1.1694308723827296,0.05282082168409207
0.975,0.073,0.020003080368041992,1.1969753041747122,0.05467702148536488
1.009,0.069,0.01999831199645996,1.1969753041747122,0.05467702148536488
1.043,0.056,0.020001888275146484,1.1969753041747122,0.05467702148536488
1.043,0.056,0.01999688148498535,1.1319356865246946,0.03920008242315472
1.105,0.076,0.02000570297241211,1.1319356865246946,0.03920008242315472
1.125,0.05,0.019995450973510742,1.1319356865246946,0.03920008242315472
1.133,0.063,0.01999640464782715,0.8779104937492694,0.024440339821615153
1.135,0.037,0.020007848739624023,0.8779104937492694,0.024440339821615153
1.142,0.045,0.02001214027404785,0.8779104937492694,0.024440339821615153
1.136,0.066,0.01997542381286621,0.8779104937492694,0.024440339821615153
1.135,0.072,0.019996166229248047,0.9043522304046762,0.02281575350572716
1.124,0.073,0.020015478134155273,0.9043522304046762,0.02281575350572716
1.125,0.079,0.019999027252197266,0.9043522304046762,0.02281575350572716
1.137,0.049,0.02001047134399414,1.0471831051709748,-0.08546530692431836
1.139,-0.008,0.019979476928710938,1.0471831051709748,-0.08546530692431836
1.133,-0.01,0.02000284194946289,1.0471831051709748,-0.08546530692431836
1.136,-0.052,0.020021915435791016,0.8456551444333216,-0.13523098471461392
1.106,-0.09,0.019980669021606445,0.8456551444333216,-0.13523098471461392
1.064,-0.098,0.020008087158203125,0.8456551444333216,-0.13523098471461392
1.064,-0.098,0.02000117301940918,0.8456551444333216,-0.13523098471461392
0.999,-0.093,0.019998788833618164,1.2084531939708592,-0.16222427481759294
0.868,0.041,0.02000141143798828,1.2084531939708592,-0.16222427481759294
0.806,0.095,0.019999265670776367,1.2084531939708592,-0.16222427481759294
0.82,0.023,0.01999974250793457,0.7282783657657846,-0.07410316662362904
0.862,-0.08,0.020017147064208984,0.7282783657657846,-0.07410316662362904
0.862,-0.08,0.019981861114501953,0.7282783657657846,-0.07410316662362904
0.885,-0.11,0.020003557205200195,1.3389392710500774,-0.182623137731909
0.887,-0.116,0.01999807357788086,1.3389392710500774,-0.182623137731909
0.877,-0.101,0.01999664306640625,1.3389392710500774,-0.182623137731909
0.866,-0.086,0.019997596740722656,1.3389392710500774,-0.182623137731909
0.862,-0.085,0.019995450973510742,0.7440815474322019,-0.1464967284923871
0.863,-0.089,0.020005464553833008,0.7440815474322019,-0.1464967284923871
0.881,-0.104,0.01999807357788086,0.7440815474322019,-0.1464967284923871
0.881,-0.104,0.02000594139099121,1.0225601599301137,-0.15384218588244072
0.877,-0.112,0.020003080368041992,1.0225601599301137,-0.15384218588244072
0.863,-0.132,0.019993066787719727,1.0225601599301137,-0.15384218588244072
0.855,-0.152,0.01999211311340332,0.8374587578455289,-0.10251480988375346
0.855,-0.152,0.020014047622680664,0.8374587578455289,-0.10251480988375346
0.845,-0.138,0.019990921020507812,0.8374587578455289,-0.10251480988375346
0.823,-0.107,0.01999974250793457,0.8374587578455289,-0.10251480988375346
0.823,-0.107,0.019998788833618164,0.9774982453210884,-0.16055103067194115
0.81,-0.099,0.019988298416137695,0.9774982453210884,-0.16055103067194115
0.809,-0.085,0.020008563995361328,0.9774982453210884,-0.16055103067194115
0.806,-0.097,0.020002365112304688,1.0202553478311744,-0.146397055923401
0.817,-0.112,0.020003557205200195,1.0202553478311744,-0.146397055923401
0.817,-0.112,0.019993305206298828,1.0202553478311744,-0.146397055923401
0.827,-0.111,0.020003080368041992,1.0202553478311744,-0.146397055923401
0.852,-0.114,0.02000284194946289,0.9936657268973669,-0.153715023221064
0.852,-0.114,0.02000284194946289,0.9936657268973669,-0.153715023221064
0.873,-0.094,0.0200045108795166,0.9936657268973669,-0.153715023221064
0.912,-0.105,0.019997119903564453,1.0131085070447412,-0.16585737263051045
0.925,-0.101,0.01999974250793457,1.0131085070447412,-0.16585737263051045
0.948,-0.124,0.020002365112304688,1.0131085070447412,-0.16585737263051045
0.965,-0.126,0.020000457763671875,1.0010373355210425,-0.13103380918909105
0.978,-0.136,0.019998550415039062,1.0010373355210425,-0.13103380918909105
0.983,-0.138,0.01998424530029297,1.0010373355210425,-0.13103380918909105
0.999,-0.135,0.020015716552734375,1.1300445570689455,-0.1428286870722061
1.003,-0.129,0.01999974250793457,1.1300445570689455,-0.1428286870722061
1.006,-0.099,0.01999950408935547,1.1300445570689455,-0.1428286870722061
1.051,-0.089,0.01999950408935547,1.1300445570689455,-0.1428286870722061
1.051,-0.089,0.019982099533081055,1.2467300222214002,-0.13418863385720725
1.071,-0.055,0.020018339157104492,1.2467300222214002,-0.13418863385720725
1.095,-0.047,0.02000594139099121,1.2467300222214002,-0.13418863385720725
1.106,-0.054,0.01997661590576172,1.2883344100629475,-0.13285597500956933
1.128,-0.044,0.020015239715576172,1.2883344100629475,-0.13285597500956933
1.14,-0.046,0.020003318786621094,1.2883344100629475,-0.13285597500956933
1.147,-0.066,0.019992828369140625,1.2832292643807601,-0.12137494335545582
1.174,-0.05,0.020014047622680664,1.2832292643807601,-0.12137494335545582
1.187,-0.059,0.019995689392089844,1.2832292643807601,-0.12137494335545582
1.206,-0.072,0.019997835159301758,1.2832292643807601,-0.12137494335545582
1.206,-0.072,0.02000117301940918,1.358156574668029,-0.14804598502004696
1.22,-0.054,0.019994497299194336,1.358156574668029,-0.14804598502004696
1.223,-0.089,0.020000219345092773,1.358156574668029,-0.14804598502004696
1.236,-0.065,0.020025014877319336,1.3436494944790132,-0.14949101858346606
1.239,-0.052,0.01997542381286621,1.3436494944790132,-0.14949101858346606
1.282,-0.106,0.019991636276245117,1.3436494944790132,-0.14949101858346606
1.272,-0.092,0.01999211311340332,1.365224808187963,-0.08018027128142817
1.307,-0.163,0.02001190185546875,1.365224808187963,-0.08018027128142817
1.301,-0.159,0.020010948181152344,1.365224808187963,-0.08018027128142817
1.301,-0.159,0.01999497413635254,1.365224808187963,-0.08018027128142817
1.267,-0.126,0.019983530044555664,1.3257313502976174,-0.08379094572553784
1.267,-0.126,0.02001500129699707,1.3257313502976174,-0.08379094572553784
1.272,-0.119,0.019999265670776367,1.3257313502976174,-0.08379094572553784
1.308,-0.065,0.01999521255493164,1.3257313502976174,-0.08379094572553784
1.345,-0.063,0.020000934600830078,1.1943381827887127,-0.07336111943306205
1.349,-0.064,0.02000570297241211,1.1943381827887127,-0.07336111943306205
1.377,-0.031,0.020000934600830078,1.1943381827887127,-0.07336111943306205
1.353,-0.017,0.02001476287841797,0.9854556109927125,-0.07773204408024396
1.353,-0.017,0.019984722137451172,0.9854556109927125,-0.07773204408024396
1.365,-0.057,0.02001047134399414,0.9854556109927125,-0.07773204408024396
1.354,-0.035,0.01998758316040039,0.9854812580662543,-0.060968195806450194
1.354,-0.035,0.020000219345092773,0.9854812580662543,-0.060968195806450194
1.365,0.019,0.01999950408935547,0.9854812580662543,-0.060968195806450194
1.28,-0.088,0.019993305206298828,0.9854812580662543,-0.060968195806450194
1.313,0.039,0.020002126693725586,0.8607498585957515,-0.12772055226660622
1.223,-0.049,0.019986629486083984,0.8607498585957515,-0.12772055226660622
1.204,-0.016,0.020014047622680664,0.8607498585957515,-0.12772055226660622
1.158,0.007,0.020009756088256836,0.7600114488578488,-0.06566533757807436
1.158,0.007,0.019992351531982422,0.7600114488578488,-0.06566533757807436
1.117,0.02,0.020015478134155273,0.7600114488578488,-0.06566533757807436
1.084,0.088,0.01997089385986328,0.7582063723648564,-0.0625779101227012
1.084,0.088,0.020008087158203125,0.7582063723648564,-0.0625779101227012
1.084,0.088,0.02000904083251953,0.7582063723648564,-0.0625779101227012
1.037,0.073,0.019982099533081055,0.7582063723648564,-0.0625779101227012
0.991,0.075,0.020012617111206055,0.760799255344873,-0.06114849027771923
0.992,0.109,0.02000904083251953,0.760799255344873,-0.06114849027771923
1.001,0.164,0.0199887752532959,0.7596116751748787,0.0696171388433957
0.945,0.038,0.020009279251098633,0.7596116751748787,0.0696171388433957
0.968,0.012,0.02000117301940918,0.7596116751748787,0.0696171388433957
1.001,0.001,0.01999688148498535,0.7596116751748787,0.0696171388433957
0.917,-0.02,0.01999211311340332,0.7490081322326704,-0.0027524275685271407
0.906,-0.003,0.020004749298095703,0.7490081322326704,-0.0027524275685271407
0.903,0.026,0.020012855529785156,0.7490081322326704,-0.0027524275685271407
0.841,-0.029,0.019992828369140625,0.7490081322326704,-0.0027524275685271407
0.811,-0.026,0.019986867904663086,0.7461348070541156,0.00917728357102607
0.792,-0.009,0.02000713348388672,0.7461348070541156,0.00917728357102607
0.764,0.018,0.01999664306640625,0.7461348070541156,0.00917728357102607
0.764,0.018,0.019998550415039062,0.7562704445462892,0.007395598035986673
0.703,0.019,0.020046234130859375,0.7562704445462892,0.007395598035986673
0.703,0.017,0.019960880279541016,0.7562704445462892,0.007395598035986673
0.668,0.002,0.01999521255493164,0.7562704445462892,0.007395598035986673
0.668,0.002,0.020014286041259766,0.7486415007297181,-0.012506595293516847
0.668,0.002,0.019996166229248047,0.7486415007297181,-0.012506595293516847
0.637,0.016,0.019991397857666016,0.7486415007297181,-0.012506595293516847
0.605,0.045,0.020002126693725586,0.7485778459897205,0.018420489501939447
0.599,0.011,0.019994497299194336,0.7485778459897205,0.018420489501939447
0.559,-0.039,0.020006656646728516,0.7485778459897205,0.018420489501939447
0.552,-0.071,0.019993305206298828,0.7543900097391587,0.04647539232614896
0.587,-0.056,0.019991159439086914,0.7543900097391587,0.04647539232614896
0.603,-0.067,0.02001166343688965,0.7543900097391587,0.04647539232614896
0.641,-0.059,0.019985437393188477,0.7543900097391587,0.04647539232614896
0.67,-0.033,0.02002096176147461,0.7477090210632731,0.08977690011282184
0.706,-0.006,0.01999688148498535,0.7477090210632731,0.08977690011282184
0.727,0.013,0.019999027252197266,0.7477090210632731,0.08977690011282184
0.735,0.048,0.019988298416137695,0.7541105230389183,0.016577274724923673
0.74,0.058,0.020004749298095703,0.7541105230389183,0.016577274724923673
0.74,0.058,0.02000284194946289,0.7541105230389183,0.016577274724923673
0.724,0.046,0.02000713348388672,0.7376080742699119,0.04385179573316906
0.681,0.058,0.019997119903564453,0.7376080742699119,0.04385179573316906
0.681,0.058,0.019992828369140625,0.7376080742699119,0.04385179573316906
0.644,0.024,0.020000696182250977,0.7376080742699119,0.04385179573316906
0.642,0.019,0.02000713348388672,0.7507949501433798,0.038329569157395306
0.671,0.028,0.020005226135253906,0.7507949501433798,0.038329569157395306
0.671,0.028,0.019990921020507812,0.7507949501433798,0.038329569157395306
0.691,0.037,0.020021915435791016,0.7378451728155254,0.0429602133775853
0.707,0.033,0.01999187469482422,0.7378451728155254,0.0429602133775853
0.728,0.037,0.019983768463134766,0.7378451728155254,0.0429602133775853
0.753,0.02,0.019999265670776367,0.8031761662603252,0.051113082006166176
0.753,0.02,0.020008087158203125,0.8031761662603252,0.051113082006166176
0.782,0.03,0.02000570297241211,0.8031761662603252,0.051113082006166176
0.806,0.019,0.019975900650024414,0.8031761662603252,0.051113082006166176
0.812,0.024,0.020018815994262695,0.8549418509019922,0.0794303485541532
0.827,0.027,0.020000934600830078,0.8549418509019922,0.0794303485541532
0.822,0.043,0.01998734474182129,0.8549418509019922,0.0794303485541532
0.835,0.058,0.020008087158203125,0.9156352337731991,0.09459611344103759
0.829,0.061,0.020000219345092773,0.9156352337731991,0.09459611344103759
0.832,0.065,0.01998734474182129,0.9156352337731991,0.09459611344103759
0.836,0.082,0.020009517669677734,0.9150180461773684,0.12459899347874943
0.853,0.073,0.020009994506835938,0.9150180461773684,0.12459899347874943
0.86,0.075,0.01999974250793457,0.9150180461773684,0.12459899347874943
0.873,0.075,0.01997828483581543,0.9150180461773684,0.12459899347874943
0.88,0.087,0.02001786231994629,1.068016624557006,0.1345065392747502
0.88,0.087,0.020003080368041992,1.068016624557006,0.1345065392747502
0.88,0.087,0.019992828369140625,1.068016624557006,0.1345065392747502
0.891,0.089,0.020002126693725586,1.0332068937196193,0.11475682312258695
0.907,0.093,0.02000880241394043,1.0332068937196193,0.11475682312258695
0.916,0.095,0.019990205764770508,1.0332068937196193,0.11475682312258695
0.949,0.095,0.019994258880615234,1.0115423007306514,0.1635064713557544
0.965,0.097,0.020007610321044922,1.0115423007306514,0.1635064713557544
0.977,0.093,0.019998788833618164,1.0115423007306514,0.1635064713557544
0.977,0.093,0.019995450973510742,1.0115423007306514,0.1635064713557544
0.994,0.113,0.01997208595275879,1.0434870353402959,0.19436551799728147
0.994,0.113,0.02004241943359375,1.0434870353402959,0.19436551799728147
0.999,0.128,0.0199892520904541,1.0434870353402959,0.19436551799728147
1.015,0.157,0.01999831199645996,0.9927078018969697,0.18016674186939097
1.019,0.157,0.020007610321044922,0.9927078018969697,0.18016674186939097
1.031,0.161,0.01999688148498535,0.9927078018969697,0.18016674186939097
1.056,0.123,0.019994020462036133,1.0521953059405365,0.1907427154057319
1.1,0.059,0.020003557205200195,1.0521953059405365,0.1907427154057319
1.117,0.042,0.020004987716674805,1.0521953059405365,0.1907427154057319
1.109,0.079,0.01999664306640625,1.0521953059405365,0.1907427154057319
1.118,0.072,0.020000696182250977,1.2791822031188087,0.19704968931271982
1.137,0.059,0.020006418228149414,1.2791822031188087,0.19704968931271982
1.139,0.064,0.01999640464782715,1.2791822031188087,0.19704968931271982
1.139,0.064,0.019992828369140625,1.2791822031188087,0.19704968931271982
1.14,0.066,0.020007848739624023,1.2104247315732493,0.2892419209954753
1.149,0.066,0.01999497413635254,1.2104247315732493,0.2892419209954753
1.149,0.066,0.02000284194946289,1.1146933133700396,0.28767807506969273
1.154,0.095,0.01999950408935547,1.1146933133700396,0.28767807506969273
1.174,0.087,0.019984006881713867,1.1146933133700396,0.28767807506969273
1.135,0.179,0.020010709762573242,1.1016986248078422,0.2996140764649613
1.135,0.179,0.020009994506835938,1.1016986248078422,0.2996140764649613
1.182,0.15,0.019997596740722656,1.1016986248078422,0.2996140764649613
1.168,0.188,0.019993305206298828,1.1016986248078422,0.2996140764649613
1.169,0.201,0.01999950408935547,0.9261400304544973,0.2518487486452041
1.159,0.189,0.020001649856567383,0.9261400304544973,0.2518487486452041
1.129,0.233,0.019998788833618164,0.9261400304544973,0.2518487486452041
1.158,0.155,0.019999027252197266,0.9384370998123649,0.26074384541428774
1.147,0.185,0.020004749298095703,0.9384370998123649,0.26074384541428774
1.144,0.187,0.020003318786621094,0.9384370998123649,0.26074384541428774
1.054,0.278,0.019980192184448242,0.9384370998123649,0.26074384541428774
1.124,0.138,0.02002120018005371,0.7373957075897304,0.2564935153103271
1.114,0.149,0.019994020462036133,0.7373957075897304,0.2564935153103271
1.042,0.222,0.01999521255493164,0.7373957075897304,0.2564935153103271
1.042,0.222,0.019994735717773438,0.514395864293159,0.255040888133498
1.042,0.222,0.01999950408935547,0.514395864293159,0.255040888133498
1.087,0.091,0.019993305206298828,0.514395864293159,0.255040888133498
0.996,0.194,0.02001166343688965,0.3430259494162774,0.254109869756481
0.71,0.545,0.020007610321044922,0.3430259494162774,0.254109869756481
0.71,0.545,0.019997119903564453,0.3430259494162774,0.254109869756481
0.79,0.343,0.01999640464782715,0.3430259494162774,0.254109869756481
0.776,0.316,0.020003557205200195,0.3840872036897549,0.29550773190633267
0.696,0.392,0.020001888275146484,0.3840872036897549,0.29550773190633267
0.759,0.263,0.01999521255493164,0.3840872036897549,0.29550773190633267
0.717,0.286,0.019997596740722656,0.4265611426561017,0.339711693712061
0.717,0.286,0.020011425018310547,0.4265611426561017,0.339711693712061
0.668,0.275,0.019989728927612305,0.4265611426561017,0.339711693712061
0.541,0.408,0.01999044418334961,0.31763561163410137,0.2983397778989269
0.543,0.374,0.02001333236694336,0.31763561163410137,0.2983397778989269
0.462,0.45,0.019995450973510742,0.31763561163410137,0.2983397778989269
0.514,0.319,0.01999974250793457,0.31763561163410137,0.2983397778989269
0.547,0.228,0.020001888275146484,0.3073587763968221,0.34887644010714053
0.547,0.228,0.0200040340423584,0.3073587763968221,0.34887644010714053
0.425,0.336,0.019994020462036133,0.3073587763968221,0.34887644010714053
0.425,0.336,0.020000934600830078,0.27601631502112417,0.40412230556220036
0.361,0.361,0.019999027252197266,0.27601631502112417,0.40412230556220036
0.361,0.361,0.020002365112304688,0.27601631502112417,0.40412230556220036
0.321,0.38,0.019998788833618164,0.16471924187247408,0.4166247307638618
0.321,0.38,0.02001047134399414,0.16471924187247408,0.4166247307638618
0.286,0.391,0.019998788833618164,0.16471924187247408,0.4166247307638618
0.269,0.374,0.019980907440185547,0.18762262886628023,0.1506884145991263
0.247,0.372,0.020014286041259766,0.18762262886628023,0.1506884145991263
0.241,0.374,0.020001888275146484,0.18762262886628023,0.1506884145991263
0.234,0.36,0.019983291625976562,0.18762262886628023,0.1506884145991263
0.222,0.365,0.02002120018005371,0.28876614820152696,0.5
0.206,0.349,0.019997358322143555,0.28876614820152696,0.5
0.206,0.349,0.019993066787719727,0.28876614820152696,0.5
0.189,0.325,0.019998788833618164,0.34339119366024695,0.5
0.188,0.3,0.02069568634033203,0.34339119366024695,0.5
0.2,0.316,0.019319772720336914,0.34339119366024695,0.5
0.2,0.316,0.019982337951660156,0.3272428262885782,0.5
0.22,0.355,0.020009517669677734,0.3272428262885782,0.5
0.232,0.38,0.020002365112304688,0.3272428262885782,0.5
0.252,0.404,0.019980192184448242,0.3272428262885782,0.5
0.252,0.404,0.020018577575683594,0.23882999200651464,0.5
0.252,0.404,0.019999265670776367,0.23882999200651464,0.5
0.27,0.456,0.01999664306640625,0.23882999200651464,0.5
0.275,0.476,0.019995450973510742,0.26486379467775506,0.5
0.265,0.502,0.020004987716674805,0.26486379467775506,0.5
0.266,0.493,0.020023584365844727,0.26486379467775506,0.5
0.293,0.498,0.019959688186645508,0.1729607598476456,0.5
0.268,0.495,0.02002406120300293,0.1729607598476456,0.5
0.278,0.476,0.019999027252197266,0.1729607598476456,0.5
0.28,0.477,0.01999068260192871,0.1729607598476456,0.5
0.26,0.467,0.020031452178955078,0.145717681302159,0.5
0.232,0.489,0.019974231719970703,0.145717681302159,0.5
0.232,0.489,0.020000696182250977,0.145717681302159,0.5
0.204,0.5,0.020000219345092773,0.0,0.0
0.19,0.493,0.019988298416137695,0.0,0.0
0.171,0.504,0.020005226135253906,0.0,0.0
0.144,0.49,0.01999211311340332,0.0,0.0
0.129,0.481,0.02000570297241211,0.0,0.0
0.105,0.456,0.020002365112304688,0.0,0.0
0.093,0.427,0.019997119903564453,0.0,0.0
0.093,0.427,0.020000219345092773,0.0,0.0
0.054,0.351,0.020030498504638672,0.0,0.0
0.054,0.351,0.019972562789916992,0.0,0.0
0.059,0.112,0.020004749298095703,0.28348300484794225,0.47098592131976647
0.087,0.147,0.01999688148498535,0.28348300484794225,0.47098592131976647
0.111,0.171,0.02000141143798828,0.2742562708871905,0.4035228986053338
0.135,0.207,0.020008325576782227,0.2742562708871905,0.4035228986053338
0.154,0.257,0.019988059997558594,0.2742562708871905,0.4035228986053338
0.154,0.257,0.0200045108795166,0.3544951210673863,0.47245593201792613
0.178,0.294,0.019997835159301758,0.3544951210673863,0.47245593201792613
0.2,0.333,0.020002126693725586,0.3544951210673863,0.47245593201792613
0.215,0.358,0.019999980926513672,0.3773369911287388,0.469676318262306
0.236,0.387,0.0200040340423584,0.3773369911287388,0.469676318262306
0.251,0.428,0.019999980926513672,0.3773369911287388,0.469676318262306
0.277,0.453,0.01999354362487793,0.2437026063657902,0.46653695678032264
0.294,0.466,0.019998550415039062,0.2437026063657902,0.46653695678032264
0.294,0.466,0.019997358322143555,0.2437026063657902,0.46653695678032264
0.327,0.459,0.019995450973510742,0.1685337171041663,0.4919239626669855
0.311,0.47,0.02000594139099121,0.1685337171041663,0.4919239626669855
0.304,0.467,0.01999354362487793,0.1685337171041663,0.4919239626669855
0.301,0.486,0.020023107528686523,0.1685337171041663,0.4919239626669855
0.287,0.488,0.019986391067504883,0.1805091004209047,0.5
0.28,0.481,0.019994020462036133,0.1805091004209047,0.5
0.257,0.487,0.02000713348388672,0.1805091004209047,0.5
0.257,0.487,0.019997596740722656,0.1805091004209047,0.5
0.207,0.501,0.019999027252197266,0.12174784219514365,0.4690440887962426
0.207,0.501,0.020008087158203125,0.12174784219514365,0.4690440887962426
0.184,0.504,0.019994258880615234,0.12174784219514365,0.4690440887962426
0.184,0.504,0.019997358322143555,-0.36565142698149306,0.3611113611002971
0.187,0.465,0.020007610321044922,-0.36565142698149306,0.3611113611002971
0.187,0.465,0.02001023292541504,-0.36565142698149306,0.3611113611002971
0.143,0.493,0.01997685432434082,-0.7630306872990287,0.17852117477985507
0.143,0.493,0.02001047134399414,-0.7630306872990287,0.17852117477985507
0.101,0.452,0.020003318786621094,-0.7630306872990287,0.17852117477985507
0.074,0.416,0.01999974250793457,-0.8359062413861716,0.13892623398605622
0.054,0.365,0.019997119903564453,-0.8359062413861716,0.13892623398605622
-0.055,0.216,0.02001500129699707,-0.36153474972897387,0.27907901657064166
-0.084,0.195,0.0199892520904541,-0.36153474972897387,0.27907901657064166
-0.084,0.195,0.019991636276245117,-0.4011246950109459,0.2886391881706625
-0.137,0.185,0.019999265670776367,-0.4011246950109459,0.2886391881706625
-0.174,0.208,0.019999027252197266,-0.4011246950109459,0.2886391881706625
-0.209,0.225,0.02000260353088379,-0.4011246950109459,0.2886391881706625
-0.209,0.225,0.0200042724609375,-0.3509040049906896,0.24887226522357397
-0.268,0.24,0.019994735717773438,-0.3509040049906896,0.24887226522357397
-0.3,0.243,0.020000934600830078,-0.2947761102621883,0.21002647082877202
-0.3,0.243,0.020005464553833008,-0.2947761102621883,0.21002647082877202
-0.3,0.243,0.019999980926513672,-0.2947761102621883,0.21002647082877202
-0.342,0.21,0.01999497413635254,-0.2947761102621883,0.21002647082877202
-0.338,0.18,0.019999265670776367,-0.27150430677107956,0.1943763715929806
-0.321,0.214,0.02000141143798828,-0.27150430677107956,0.1943763715929806
-0.383,0.142,0.020004987716674805,-0.27150430677107956,0.1943763715929806
-0.292,0.222,0.019994735717773438,-0.27150430677107956,0.1943763715929806
-0.271,0.23,0.020000219345092773,-0.2538119078866983,0.1809996166082888
-0.297,0.208,0.020000219345092773,-0.2538119078866983,0.1809996166082888
-0.283,0.228,0.02000713348388672,-0.2690136767763816,0.19228641572073563
-0.283,0.228,0.01999497413635254,-0.2690136767763816,0.19228641572073563
-0.259,0.232,0.020000934600830078,-0.2690136767763816,0.19228641572073563
-0.238,0.278,0.01999950408935547,-0.2690136767763816,0.19228641572073563
-0.259,0.219,0.019989013671875,-0.23053446252946183,0.1641004524257976
-0.249,0.226,0.020012617111206055,-0.23053446252946183,0.1641004524257976
-0.237,0.23,0.02000141143798828,-0.23053446252946183,0.1641004524257976
-0.224,0.207,0.019992828369140625,-0.23053446252946183,0.1641004524257976
-0.228,0.192,0.02002692222595215,-0.3057368590974523,0.21928232363411693
-0.235,0.175,0.019985198974609375,-0.3057368590974523,0.21928232363411693
-0.235,0.175,0.019998788833618164,-0.3057368590974523,0.21928232363411693
-0.228,0.18,0.01999807357788086,-0.24901418038134576,0.17807140578331337
-0.228,0.18,0.02000141143798828,-0.24901418038134576,0.17807140578331337
-0.237,0.163,0.02000570297241211,-0.24901418038134576,0.17807140578331337
-0.257,0.165,0.019977807998657227,-0.22650698903463495,0.1615157688570034
-0.257,0.165,0.02001047134399414,-0.22650698903463495,0.1615157688570034
-0.29,0.125,0.020002126693725586,-0.22650698903463495,0.1615157688570034
-0.233,0.192,0.019998788833618164,-0.22650698903463495,0.1615157688570034
-0.222,0.201,0.020006179809570312,-0.21954321503470747,0.1574489324745914
-0.222,0.201,0.019986629486083984,-0.21954321503470747,0.1574489324745914
-0.214,0.205,0.019995450973510742,-0.21954321503470747,0.1574489324745914
-0.212,0.187,0.02001643180847168,-0.2175930359639179,0.15613588792481958
-0.238,0.149,0.020010709762573242,-0.2175930359639179,0.15613588792481958
-0.26,0.111,0.019988536834716797,-0.2175930359639179,0.15613588792481958
-0.229,0.156,0.01999521255493164,-0.18578934867088404,0.13276131547353773
-0.199,0.189,0.020003318786621094,-0.18578934867088404,0.13276131547353773
-0.199,0.189,0.020003080368041992,-0.18578934867088404,0.13276131547353773
-0.2,0.159,0.01999354362487793,-0.18578934867088404,0.13276131547353773
-0.2,0.159,0.020027875900268555,0.3726742411615034,0.26458033454846924
-0.183,0.165,0.019971609115600586,0.3726742411615034,0.26458033454846924
-0.188,0.141,0.019995927810668945,0.3726742411615034,0.26458033454846924
-0.171,0.149,0.020005464553833008,0.36731045465320333,0.2513360305800094
-0.175,0.136,0.01999831199645996,0.36731045465320333,0.2513360305800094
-0.175,0.136,0.0200045108795166,0.36731045465320333,0.2513360305800094
-0.165,0.157,0.019994497299194336,0.3358355834880146,0.2541964497723648
-0.143,0.173,0.019998788833618164,0.3358355834880146,0.2541964497723648
-0.127,0.197,0.020029306411743164,0.3358355834880146,0.2541964497723648
-0.112,0.22,0.019972562789916992,0.40261884029320505,0.2129216314256273
-0.092,0.251,0.02000570297241211,0.40261884029320505,0.2129216314256273
-0.092,0.251,0.01999211311340332,0.40261884029320505,0.2129216314256273
-0.059,0.259,0.019998788833618164,0.71906291228224,0.24950027222638543
0.052,0.227,0.020013093948364258,0.5535808340078986,0.21766065145796037
0.076,0.225,0.019998550415039062,0.5535808340078986,0.21766065145796037
0.076,0.225,0.01999354362487793,0.5535808340078986,0.21766065145796037
0.112,0.23,0.020005226135253906,0.3564182542328387,0.23566046942760144
0.128,0.235,0.02000117301940918,0.3564182542328387,0.23566046942760144
0.147,0.227,0.01998448371887207,0.3564182542328387,0.23566046942760144
0.147,0.227,0.020010709762573242,0.6844082140799436,0.2091175842341413
0.202,0.228,0.020002365112304688,0.6844082140799436,0.2091175842341413
0.202,0.228,0.01999640464782715,0.6844082140799436,0.2091175842341413
0.202,0.228,0.020005226135253906,0.9468762936110652,0.22016916495724767
0.259,0.17,0.02000737190246582,0.9468762936110652,0.22016916495724767
0.259,0.17,0.019999265670776367,0.9468762936110652,0.22016916495724767
0.268,0.202,0.019998788833618164,0.9468762936110652,0.22016916495724767
0.293,0.219,0.01999521255493164,1.0666314925284552,0.22635267370596007
0.293,0.219,0.02000570297241211,1.0666314925284552,0.22635267370596007
0.313,0.221,0.01999640464782715,1.0666314925284552,0.22635267370596007
0.319,0.273,0.020000696182250977,1.040547022381042,0.16788195294591307
0.396,0.205,0.02001023292541504,1.040547022381042,0.16788195294591307
0.396,0.205,0.019980669021606445,1.040547022381042,0.16788195294591307
0.421,0.187,0.019997596740722656,1.0586292324662294,0.1382620761184221
0.507,0.107,0.02001047134399414,1.0586292324662294,0.1382620761184221
0.487,0.166,0.01999640464782715,1.0586292324662294,0.1382620761184221
0.489,0.169,0.01999688148498535,1.0586292324662294,0.1382620761184221
0.489,0.169,0.0200045108795166,1.002661927190708,0.18650962618604108
0.538,0.119,0.020006656646728516,1.002661927190708,0.18650962618604108
0.553,0.102,0.019980430603027344,1.002661927190708,0.18650962618604108
0.571,0.107,0.020012617111206055,0.6752933677259904,0.018493015598646224
0.598,0.115,0.019997358322143555,0.6752933677259904,0.018493015598646224
0.633,0.109,0.0200040340423584,0.6752933677259904,0.018493015598646224
0.633,0.109,0.01999974250793457,0.8601845998450977,0.026444517345536274
0.658,0.109,0.019999980926513672,0.8601845998450977,0.026444517345536274
0.656,0.108,0.020003318786621094,0.8601845998450977,0.026444517345536274
0.656,0.108,0.019992351531982422,0.975712569280623,0.017689939111872967
0.694,0.082,0.020025968551635742,0.975712569280623,0.017689939111872967
0.699,0.083,0.019977092742919922,0.975712569280623,0.017689939111872967
0.724,0.063,0.020002365112304688,0.975712569280623,0.017689939111872967
0.729,0.065,0.020004749298095703,1.4951991869184857,0.1770117629704767
0.732,0.078,0.019994735717773438,1.4951991869184857,0.1770117629704767
0.762,0.05,0.019997835159301758,1.4951991869184857,0.1770117629704767
0.781,0.069,0.02000260353088379,1.4966359311530133,0.17566069210111013
0.805,0.063,0.019992828369140625,1.4966359311530133,0.17566069210111013
0.815,0.086,0.020000457763671875,1.4966359311530133,0.17566069210111013
0.85,0.098,0.01999807357788086,1.4966359311530133,0.17566069210111013
0.872,0.104,0.020005464553833008,1.455038984857386,0.19921499572674553
0.872,0.104,0.020003795623779297,1.455038984857386,0.19921499572674553
0.899,0.104,0.02000284194946289,1.455038984857386,0.19921499572674553
0.933,0.14,0.019996166229248047,1.4208513281250914,0.19468846245156504
0.957,0.135,0.01999974250793457,1.4208513281250914,0.19468846245156504
0.973,0.154,0.019997835159301758,1.4208513281250914,0.19468846245156504
0.987,0.167,0.020026445388793945,1.4300712244419345,0.20188168739989276
0.987,0.167,0.01998281478881836,1.4300712244419345,0.20188168739989276
1.01,0.203,0.01999807357788086,1.4300712244419345,0.20188168739989276
1.049,0.188,0.019991636276245117,1.4300712244419345,0.20188168739989276
1.055,0.181,0.020009994506835938,1.2166047584397448,0.26060230411405866
1.055,0.181,0.02001166343688965,1.2166047584397448,0.26060230411405866
1.088,0.167,0.01999068260192871,1.2166047584397448,0.26060230411405866
1.115,0.198,0.019991397857666016,0.9359642574399439,0.24331058425719526
1.151,0.205,0.020003080368041992,0.9359642574399439,0.24331058425719526
1.151,0.205,0.019986391067504883,0.9359642574399439,0.24331058425719526
1.178,0.195,0.02000713348388672,0.9785893597282571,0.2608883141205042
1.172,0.183,0.020004987716674805,0.9785893597282571,0.2608883141205042
1.183,0.17,0.020000457763671875,0.9785893597282571,0.2608883141205042
1.203,0.154,0.01999378204345703,0.9785893597282571,0.2608883141205042
1.199,0.138,0.02000260353088379,0.9621553317361563,0.23030472635135374
1.158,0.212,0.019995450973510742,0.9621553317361563,0.23030472635135374
1.197,0.146,0.020004987716674805,0.9621553317361563,0.23030472635135374
1.197,0.146,0.020003318786621094,0.07016068919054078,0.03716284041262513
1.144,0.161,0.0200040340423584,0.07016068919054078,0.03716284041262513
1.144,0.161,0.020000219345092773,0.07016068919054078,0.03716284041262513
1.128,0.064,0.019987106323242188,0.5755232475632073,0.23569155763325614
1.128,0.064,0.020001649856567383,0.5755232475632073,0.23569155763325614
1.106,0.052,0.01999950408935547,0.5755232475632073,0.23569155763325614
1.106,0.052,0.020000696182250977,0.47385441825566676,0.20975902311017158
1.03,0.064,0.020005226135253906,0.47385441825566676,0.20975902311017158
1.03,0.064,0.019985198974609375,0.47385441825566676,0.20975902311017158
0.747,0.385,0.01999950408935547,0.32257527761103794,0.215049311257314
0.629,0.488,0.020013093948364258,0.32257527761103794,0.215049311257314
0.647,0.408,0.02002239227294922,0.32257527761103794,0.215049311257314
0.797,0.132,0.019971847534179688,0.32257527761103794,0.215049311257314
0.759,0.131,0.019997835159301758,0.2901035348833754,0.20657837503442247
0.693,0.161,0.02000737190246582,0.2901035348833754,0.20657837503442247
0.693,0.161,0.01999950408935547,0.2901035348833754,0.20657837503442247
0.487,0.403,0.019994497299194336,0.2901035348833754,0.20657837503442247
0.611,0.175,0.019992351531982422,0.2627055905534361,0.22368061270351727
0.687,0.013,0.020020008087158203,0.2627055905534361,0.22368061270351727
0.687,0.013,0.019985675811767578,0.2627055905534361,0.22368061270351727
0.412,0.368,0.020010709762573242,0.2444511342195904,0.20895255845127095
0.412,0.368,0.020004987716674805,0.2444511342195904,0.20895255845127095
0.476,0.193,0.01999807357788086,0.2444511342195904,0.20895255845127095
0.49,0.099,0.019995689392089844,0.2444511342195904,0.20895255845127095
0.459,0.092,0.02000737190246582,0.24584747770152993,0.21019676056661807
0.459,0.092,0.019994497299194336,0.24584747770152993,0.21019676056661807
0.421,0.113,0.020003318786621094,0.22441658298831485,0.19787334220395145
0.349,0.179,0.019993066787719727,0.22441658298831485,0.19787334220395145
0.254,0.279,0.020000696182250977,0.22441658298831485,0.19787334220395145
0.225,0.28,0.019998550415039062,0.1907105266946514,0.1858251135872229
0.227,0.248,0.020000219345092773,0.1907105266946514,0.1858251135872229
0.204,0.246,0.020009517669677734,0.1907105266946514,0.1858251135872229
0.189,0.224,0.019998788833618164,0.1907105266946514,0.1858251135872229
0.191,0.213,0.01998591423034668,0.20682922847096152,0.1975591447208312
0.182,0.187,0.0200042724609375,0.20682922847096152,0.1975591447208312
0.182,0.187,0.020000219345092773,0.20682922847096152,0.1975591447208312
0.154,0.135,0.019998788833618164,0.19793490588944296,0.19901880501226774
0.137,0.119,0.019997119903564453,0.19793490588944296,0.19901880501226774
0.122,0.137,0.020006418228149414,0.19793490588944296,0.19901880501226774
0.136,0.135,0.019994258880615234,0.19793490588944296,0.19901880501226774
0.146,0.148,0.02001214027404785,-0.2666716720725424,0.18207186665860292
0.161,0.165,0.019997596740722656,-0.2666716720725424,0.18207186665860292
0.165,0.181,0.019993066787719727,-0.2666716720725424,0.18207186665860292
0.169,0.18,0.019988536834716797,-0.27791405388607837,0.1810852250105054
0.169,0.18,0.020018339157104492,-0.27791405388607837,0.1810852250105054
0.171,0.191,0.01999950408935547,-0.27791405388607837,0.1810852250105054
0.171,0.191,0.019994735717773438,-0.27791405388607837,0.1810852250105054
0.13,0.188,0.020012378692626953,-0.3338575722617324,0.25825378858193054
0.124,0.179,0.01999354362487793,-0.3338575722617324,0.25825378858193054
0.112,0.182,0.01999354362487793,-0.3338575722617324,0.25825378858193054
0.089,0.191,0.02001476287841797,-0.31581667638207456,0.22781003948956813
0.058,0.191,0.019987821578979492,-0.31581667638207456,0.22781003948956813
0.058,0.191,0.019989013671875,-0.31581667638207456,0.22781003948956813
-0.055,0.214,0.01998138427734375,-0.31017943907416395,0.22593759813520772
-0.088,0.233,0.019991397857666016,-0.31017943907416395,0.22593759813520772
-0.119,0.212,0.020004987716674805,-0.36910211034827384,0.20886732991778129
-0.119,0.212,0.019999265670776367,-0.36910211034827384,0.20886732991778129
-0.181,0.23,0.020003557205200195,-0.36910211034827384,0.20886732991778129
-0.228,0.217,0.02000117301940918,-0.36910211034827384,0.20886732991778129
-0.259,0.221,0.01999640464782715,-0.42124883431018595,0.16150274061774533
-0.294,0.17,0.01999807357788086,-0.42124883431018595,0.16150274061774533
-0.294,0.17,0.02000737190246582,-0.419732830732478,0.15825969488937044
-0.303,0.222,0.019992589950561523,-0.419732830732478,0.15825969488937044
-0.353,0.201,0.01999950408935547,-0.419732830732478,0.15825969488937044
-0.353,0.201,0.020000934600830078,-0.419732830732478,0.15825969488937044
-0.368,0.179,0.019997596740722656,-0.41259912377477,0.16446515377601964
-0.389,0.153,0.020007610321044922,-0.41259912377477,0.16446515377601964
-0.389,0.153,0.01999044418334961,-0.41259912377477,0.16446515377601964
-0.437,0.142,0.019998550415039062,-0.36921687161680267,0.14551943600377878
-0.426,0.106,0.02000594139099121,-0.36921687161680267,0.14551943600377878
-0.427,0.109,0.01999974250793457,-0.36921687161680267,0.14551943600377878
-0.46,0.086,0.019987106323242188,-0.3656573470036207,0.14302823577966767
-0.477,0.048,0.020011425018310547,-0.3656573470036207,0.14302823577966767
-0.416,0.12,0.020000934600830078,-0.3656573470036207,0.14302823577966767
-0.342,0.225,0.019993066787719727,-0.3377467576023453,0.1485756406821983
-0.439,0.071,0.020013093948364258,-0.3377467576023453,0.1485756406821983
-0.433,0.089,0.01999831199645996,-0.3377467576023453,0.1485756406821983
-0.335,0.235,0.0200045108795166,-0.3377467576023453,0.1485756406821983
-0.335,0.235,0.019993066787719727,-0.282287678584232,0.15496924226987058
-0.42,0.099,0.02000713348388672,-0.282287678584232,0.15496924226987058
-0.318,0.241,0.01999831199645996,-0.282287678584232,0.15496924226987058
-0.402,0.069,0.019982576370239258,-0.2777648685983302,0.15185282240565712
-0.279,0.217,0.02001333236694336,-0.2777648685983302,0.15185282240565712
-0.279,0.217,0.020002365112304688,-0.2777648685983302,0.15185282240565712
-0.287,0.164,0.019991397857666016,-0.2777648685983302,0.15185282240565712
-0.287,0.164,0.020038843154907227,-0.23463918161414568,0.1513636769373931
-0.244,0.171,0.019956588745117188,-0.23463918161414568,0.1513636769373931
-0.249,0.148,0.019997596740722656,-0.23463918161414568,0.1513636769373931
-0.234,0.165,0.020007848739624023,-0.14412007996829676,0.11037417033467399
-0.217,0.18,0.019999265670776367,-0.14412007996829676,0.11037417033467399
-0.226,0.154,0.019994497299194336,-0.14412007996829676,0.11037417033467399
-0.226,0.154,0.01999521255493164,-0.14412007996829676,0.11037417033467399
-0.212,0.155,0.020013809204101562,-0.1475287982096939,0.11299333959658078
-0.201,0.134,0.019994020462036133,-0.1475287982096939,0.11299333959658078
-0.179,0.127,0.01999974250793457,-0.1475287982096939,0.11299333959658078
-0.179,0.127,0.020004749298095703,-0.12000279990072721,0.10771692784215041
-0.16,0.108,0.019988059997558594,-0.12000279990072721,0.10771692784215041
-0.155,0.089,0.02000713348388672,-0.12000279990072721,0.10771692784215041
-0.158,0.088,0.020004749298095703,-0.1249396541447411,0.08746491586068326
-0.152,0.079,0.019995689392089844,-0.1249396541447411,0.08746491586068326
-0.142,0.086,0.019986629486083984,-0.1249396541447411,0.08746491586068326
-0.133,0.081,0.020000934600830078,-0.1249936985932721,0.08670692988567072
-0.133,0.081,0.020010709762573242,-0.1249936985932721,0.08670692988567072
-0.117,0.086,0.019991159439086914,-0.1249936985932721,0.08670692988567072
-0.116,0.088,0.020025968551635742,0.3770931497149524,0.13260977940544827
-0.116,0.088,0.019995927810668945,0.3770931497149524,0.13260977940544827
-0.114,0.09,0.01999831199645996,0.3770931497149524,0.13260977940544827
-0.117,0.071,0.019994735717773438,0.3770931497149524,0.13260977940544827
-0.11,0.092,0.02000141143798828,0.4974303283917707,0.10867021941715116
-0.093,0.117,0.020009279251098633,0.4974303283917707,0.10867021941715116
-0.093,0.117,0.019991159439086914,0.4974303283917707,0.10867021941715116
-0.072,0.11,0.019983768463134766,0.4945935203079813,0.10991053383279324
-0.072,0.11,0.02001643180847168,0.4945935203079813,0.10991053383279324
-0.055,0.11,0.020003557205200195,0.4945935203079813,0.10991053383279324
0.064,0.1,0.01999640464782715,0.6066262567442062,0.11292470142841361
0.093,0.118,0.0200040340423584,0.6066262567442062,0.11292470142841361
0.118,0.113,0.019997596740722656,0.5840989063202915,0.10874229370786936
0.128,0.112,0.01999640464782715,0.5840989063202915,0.10874229370786936
0.151,0.115,0.019991397857666016,0.5840989063202915,0.10874229370786936
0.194,0.073,0.02000737190246582,0.5840989063202915,0.10874229370786936
0.185,0.13,0.02000570297241211,0.7382837149231768,0.07749758890723638
0.185,0.13,0.019997596740722656,0.7382837149231768,0.07749758890723638
0.238,0.086,0.019997358322143555,0.7365472329820743,0.04249802016471055
0.218,0.132,0.020015954971313477,0.7365472329820743,0.04249802016471055
0.279,0.072,0.01999068260192871,0.7365472329820743,0.04249802016471055
0.324,0.023,0.01999950408935547,0.7365472329820743,0.04249802016471055
0.302,0.064,0.019982099533081055,0.7875511826801452,0.05354141192247225
0.313,0.067,0.020013809204101562,0.7875511826801452,0.05354141192247225
0.349,0.034,0.020002365112304688,0.7875511826801452,0.05354141192247225
0.375,0.047,0.019983291625976562,0.7875511826801452,0.05354141192247225
0.389,0.052,0.02001500129699707,0.8157638996266338,0.05080678337216911
0.414,0.039,0.02000570297241211,0.8157638996266338,0.05080678337216911
0.441,0.023,0.019988059997558594,0.8157638996266338,0.05080678337216911
0.461,0.028,0.020006179809570312,0.7801437538051403,-0.06726506105897068
0.471,0.042,0.02000117301940918,0.7801437538051403,-0.06726506105897068
0.486,0.035,0.020006418228149414,0.7801437538051403,-0.06726506105897068
0.501,0.027,0.019988536834716797,0.7801437538051403,-0.06726506105897068
0.525,0.013,0.020015478134155273,0.7389315941040084,-0.059107696313248664
0.539,0.013,0.019992351531982422,0.7389315941040084,-0.059107696313248664
0.554,0.009,0.019999027252197266,0.590165289073436,-0.14346957049446254
0.577,0.014,0.019999980926513672,0.590165289073436,-0.14346957049446254
0.577,0.014,0.020003080368041992,0.590165289073436,-0.14346957049446254
0.578,0.015,0.01999521255493164,0.590165289073436,-0.14346957049446254
0.578,0.015,0.02000284194946289,0.6517232773950081,-0.1780125942626103
0.585,-0.021,0.020003080368041992,0.6517232773950081,-0.1780125942626103
0.584,-0.031,0.01999497413635254,0.6517232773950081,-0.1780125942626103
0.589,-0.06,0.020007848739624023,0.7183453015501978,-0.16208362633817278
0.589,-0.06,0.01998424530029297,0.7183453015501978,-0.16208362633817278
0.611,-0.09,0.02000594139099121,0.7183453015501978,-0.16208362633817278
0.632,-0.102,0.020005226135253906,0.6275628930064778,-0.16817247033398774
0.651,-0.12,0.020005464553833008,0.6275628930064778,-0.16817247033398774
0.67,-0.134,0.019999027252197266,0.6275628930064778,-0.16817247033398774
0.67,-0.134,0.019987821578979492,0.545566718555567,-0.17107800848885416
0.675,-0.148,0.020026206970214844,0.545566718555567,-0.17107800848885416
0.666,-0.156,0.0199737548828125,0.545566718555567,-0.17107800848885416
0.65,-0.152,0.020016193389892578,0.545566718555567,-0.17107800848885416
0.65,-0.152,0.019983530044555664,0.5388086990413756,-0.1793950779103913
0.598,-0.147,0.020005226135253906,0.5388086990413756,-0.1793950779103913
0.58,-0.161,0.020003318786621094,0.5388086990413756,-0.1793950779103913
0.551,-0.164,0.019992351531982422,0.37191395978090847,-0.13672550260249156
0.54,-0.164,0.02000260353088379,0.37191395978090847,-0.13672550260249156
0.54,-0.164,0.020003557205200195,0.37191395978090847,-0.13672550260249156
0.54,-0.164,0.01999664306640625,0.37191395978090847,-0.13672550260249156
0.521,-0.165,0.019997119903564453,0.20138561352724582,-0.1450055120421899
0.497,-0.153,0.020000457763671875,0.20138561352724582,-0.1450055120421899
0.471,-0.142,0.0199892520904541,0.20138561352724582,-0.1450055120421899
0.471,-0.142,0.019997835159301758,0.24558355322666284,-0.17879775408313106
0.434,-0.133,0.02001810073852539,0.24558355322666284,-0.17879775408313106
0.434,-0.133,0.019998550415039062,0.24558355322666284,-0.17879775408313106
0.395,-0.153,0.019991159439086914,0.1760674271994355,-0.1537201326847122
0.369,-0.149,0.020005464553833008,0.1760674271994355,-0.1537201326847122
0.369,-0.149,0.02001357078552246,0.1760674271994355,-0.1537201326847122
0.408,-0.049,0.019995927810668945,0.1760674271994355,-0.1537201326847122
0.346,-0.07,0.01999187469482422,0.1430476136211827,-0.16128658303102836
0.346,-0.07,0.02000284194946289,0.1430476136211827,-0.16128658303102836
0.214,-0.174,0.019992351531982422,0.1430476136211827,-0.16128658303102836
0.17,-0.185,0.01999950408935547,0.14399754062180223,-0.16647705980870992
0.14,-0.189,0.020009517669677734,0.14399754062180223,-0.16647705980870992
0.14,-0.189,0.019995927810668945,0.14399754062180223,-0.16647705980870992
0.137,-0.163,0.019993305206298828,-0.17725969166946176,-0.09711605899674353
0.137,-0.163,0.020007610321044922,-0.17725969166946176,-0.09711605899674353
0.133,-0.165,0.019995689392089844,-0.17725969166946176,-0.09711605899674353
0.133,-0.165,0.019988536834716797,-1.2412677351779986,-0.26621223596641
0.106,-0.142,0.02002859115600586,-1.2412677351779986,-0.26621223596641
0.095,-0.141,0.0199887752532959,-1.2412677351779986,-0.26621223596641
0.072,-0.113,0.01999807357788086,-1.2412677351779986,-0.26621223596641
0.053,-0.104,0.02000713348388672,-1.302453847469538,-0.28760342150131457
-0.078,-0.14,0.02000570297241211,-1.391059477076422,-0.2700969440915829
-0.108,-0.171,0.019999980926513672,-1.391059477076422,-0.2700969440915829
-0.137,-0.21,0.02000284194946289,-1.391059477076422,-0.2700969440915829
-0.156,-0.227,0.019997596740722656,-1.3461944048960364,-0.2898188280488792
-0.181,-0.254,0.02000713348388672,-1.3461944048960364,-0.2898188280488792
-0.2,-0.275,0.01999354362487793,-1.3461944048960364,-0.2898188280488792
-0.227,-0.272,0.01998114585876465,-1.336986554257151,-0.28616736246616165
-0.254,-0.283,0.020017385482788086,-1.336986554257151,-0.28616736246616165
-0.283,-0.284,0.0200042724609375,-1.336986554257151,-0.28616736246616165
-0.283,-0.284,0.020025968551635742,-1.336986554257151,-0.28616736246616165
-0.33,-0.25,0.019978046417236328,-1.413537615053149,-0.18751978277189044
-0.333,-0.314,0.019997835159301758,-1.413537615053149,-0.18751978277189044
-0.43,-0.209,0.01998734474182129,-1.413537615053149,-0.18751978277189044
-0.43,-0.209,0.02001667022705078,-1.4436613269774725,-0.10628436677282806
-0.394,-0.292,0.020000934600830078,-1.4436613269774725,-0.10628436677282806
-0.394,-0.292,0.019998550415039062,-1.4436613269774725,-0.10628436677282806
-0.449,-0.261,0.019989967346191406,-1.4556840826398376,-0.10716843829706749
-0.466,-0.217,0.02000880241394043,-1.4556840826398376,-0.10716843829706749
-0.466,-0.217,0.019995689392089844,-1.4556840826398376,-0.10716843829706749
-0.55,-0.139,0.01999378204345703,-1.4556840826398376,-0.10716843829706749
-0.57,-0.15,0.019989490509033203,-1.386510820680196,-0.049091276243531434
-0.606,-0.142,0.020010948181152344,-1.386510820680196,-0.049091276243531434
-0.638,-0.119,0.019997596740722656,-1.386510820680196,-0.049091276243531434
-0.638,-0.119,0.01999068260192871,-1.4665703332197144,-0.0030204929171945066
-0.677,-0.086,0.02001333236694336,-1.4665703332197144,-0.0030204929171945066
-0.72,-0.069,0.019996166229248047,-1.4665703332197144,-0.0030204929171945066
-0.72,-0.069,0.019991159439086914,-1.4639898040184054,-0.0029920135903211977
-0.77,-0.054,0.020021438598632812,-1.4639898040184054,-0.0029920135903211977
-0.821,-0.031,0.019983768463134766,-1.4639898040184054,-0.0029920135903211977
-0.843,-0.016,0.02000713348388672,-1.4639898040184054,-0.0029920135903211977
-0.843,-0.016,0.020000219345092773,-1.4011838038199984,-0.0364958967561231
-0.896,-0.003,0.01999497413635254,-1.4011838038199984,-0.0364958967561231
-0.929,-0.002,0.020004987716674805,-1.4011838038199984,-0.0364958967561231
-0.949,-0.011,0.020002126693725586,-1.4129896034058316,-0.03709552008575562
-0.949,-0.011,0.020015478134155273,-1.4129896034058316,-0.03709552008575562
-0.989,-0.014,0.01998448371887207,-1.4129896034058316,-0.03709552008575562
-1.001,-0.016,0.01998734474182129,-1.3926706316472564,-0.017015737660102507
-1.043,-0.026,0.02001190185546875,-1.3926706316472564,-0.017015737660102507
-1.074,-0.026,0.020003318786621094,-1.3926706316472564,-0.017015737660102507
-1.098,-0.012,0.019994258880615234,-1.3926706316472564,-0.017015737660102507
-1.128,-0.013,0.02000904083251953,-1.365962077694519,-0.018858771110135408
-1.169,-0.024,0.01999521255493164,-1.365962077694519,-0.018858771110135408
-1.179,-0.013,0.019992589950561523,-1.365962077694519,-0.018858771110135408
-1.202,-0.005,0.020023345947265625,-1.3691088252109538,-0.0011963487446468518
-1.202,-0.005,0.019979476928710938,-1.3691088252109538,-0.0011963487446468518
-1.241,-0.001,0.020014524459838867,-1.3691088252109538,-0.0011963487446468518
-1.275,-0.003,0.01998591423034668,-1.401571355852723,0.0420321389759973
-1.314,-0.013,0.020003080368041992,-1.401571355852723,0.0420321389759973
-1.314,-0.013,0.02000570297241211,-1.401571355852723,0.0420321389759973
-1.337,-0.011,0.01999068260192871,-1.401571355852723,0.0420321389759973
-1.391,-0.026,0.020028114318847656,-1.3735501696920354,0.00805389637570639
-1.393,0.0,0.01996898651123047,-1.3735501696920354,0.00805389637570639
-1.401,0.004,0.019987821578979492,-1.3735501696920354,0.00805389637570639
-1.402,-0.001,0.020010948181152344,-1.2949424067848159,-0.040156509529900686
-1.402,-0.001,0.02000570297241211,-1.2949424067848159,-0.040156509529900686
-1.413,-0.01,0.019995927810668945,-1.2949424067848159,-0.040156509529900686
-1.416,-0.026,0.020001888275146484,-1.2699873682438376,-0.04618068925044965
-1.4,-0.047,0.02000284194946289,-1.2699873682438376,-0.04618068925044965
-1.391,-0.063,0.020006179809570312,-1.2699873682438376,-0.04618068925044965
-1.379,-0.078,0.019987821578979492,-0.9780324075270024,-0.08600789955949198
-1.352,-0.095,0.01999497413635254,-0.9780324075270024,-0.08600789955949198
-1.352,-0.095,0.020013093948364258,-0.9780324075270024,-0.08600789955949198
-1.331,-0.09,0.020006656646728516,-0.9780324075270024,-0.08600789955949198
-1.335,-0.062,0.019994735717773438,-0.6021687502782259,-0.10682922281811894
-1.335,-0.062,0.02000117301940918,-0.6021687502782259,-0.10682922281811894
-1.337,0.01,0.01998424530029297,-0.6021687502782259,-0.10682922281811894
-1.288,-0.003,0.01999831199645996,-0.5698175867916042,-0.1064033457663829
-1.263,-0.013,0.020017623901367188,-0.5698175867916042,-0.1064033457663829
-1.269,0.063,0.01999974250793457,-0.5698175867916042,-0.1064033457663829
-1.274,0.1,0.01998591423034668,0.7537741424882282,-0.09479438188424186
-1.274,0.1,0.02003312110900879,0.7537741424882282,-0.09479438188424186
-1.228,0.07,0.019975662231445312,0.7537741424882282,-0.09479438188424186
-1.201,0.059,0.019998550415039062,0.7537741424882282,-0.09479438188424186
-1.201,0.059,0.01999497413635254,0.21881915489120798,-0.16731921848168083
-1.141,0.035,0.020015716552734375,0.21881915489120798,-0.16731921848168083
-1.141,0.035,0.019976377487182617,0.21881915489120798,-0.16731921848168083
-1.162,0.069,0.02002716064453125,0.2244744136086328,-0.17190812222122398
-1.165,0.094,0.01999521255493164,0.2244744136086328,-0.17190812222122398
-1.123,-0.018,0.019999027252197266,0.2244744136086328,-0.17190812222122398
-1.089,-0.126,0.019991636276245117,0.21393795104283303,-0.18199836074597384
-1.089,-0.126,0.02000713348388672,0.21393795104283303,-0.18199836074597384
-1.061,-0.023,0.020000934600830078,0.21393795104283303,-0.18199836074597384
-1.061,-0.023,0.01999521255493164,0.21393795104283303,-0.18199836074597384
-1.012,-0.02,0.020008087158203125,0.2657309473973121,-0.18731302573873138
-0.971,-0.046,0.01999497413635254,0.2657309473973121,-0.18731302573873138
-0.909,-0.072,0.020007848739624023,0.2657309473973121,-0.18731302573873138
-0.909,-0.072,0.019984960556030273,0.2657309473973121,-0.18731302573873138
-0.841,-0.058,0.020005464553833008,0.37563981903007826,-0.16119520771602192
-0.841,-0.058,0.020021915435791016,0.37563981903007826,-0.16119520771602192
-0.678,-0.212,0.019964218139648438,0.37563981903007826,-0.16119520771602192
-0.596,-0.251,0.020015478134155273,0.5671420777500312,-0.15955987951621628
-0.591,-0.234,0.019987106323242188,0.5671420777500312,-0.15955987951621628
-0.722,-0.012,0.020010948181152344,0.8859659043797264,-0.16099941662335374
-0.722,-0.012,0.019999980926513672,0.8859659043797264,-0.16099941662335374
-0.578,-0.217,0.019998550415039062,0.8859659043797264,-0.16099941662335374
-0.578,-0.217,0.019987106323242188,0.8859659043797264,-0.16099941662335374
-0.783,0.104,0.020009994506835938,0.7342790276613848,-0.15986658823144578
-0.549,-0.234,0.020006895065307617,0.7342790276613848,-0.15986658823144578
-0.476,-0.339,0.019995689392089844,0.7342790276613848,-0.15986658823144578
-0.626,-0.101,0.01999688148498535,0.7342790276613848,-0.15986658823144578
-0.565,-0.138,0.019999027252197266,1.0748923371879744,-0.12469714700190647
-0.565,-0.138,0.020005226135253906,1.0748923371879744,-0.12469714700190647
-0.425,-0.272,0.019980907440185547,1.0748923371879744,-0.12469714700190647
-0.425,-0.272,0.020021677017211914,1.1254829616199618,-0.09282182078111166
-0.473,-0.11,0.019989013671875,1.1254829616199618,-0.09282182078111166
-0.366,-0.202,0.020006418228149414,1.1254829616199618,-0.09282182078111166
-0.419,-0.048,0.01999497413635254,1.1228581336235093,-0.0921111676025243
-0.404,-0.031,0.020003080368041992,1.1228581336235093,-0.0921111676025243
-0.311,-0.141,0.019999265670776367,1.1228581336235093,-0.0921111676025243
-0.379,-0.017,0.020009994506835938,1.1681054019001187,-0.049045926124894376
-0.452,0.101,0.01999950408935547,1.1681054019001187,-0.049045926124894376
-0.306,-0.116,0.019984722137451172,1.1681054019001187,-0.049045926124894376
-0.282,-0.126,0.01999831199645996,1.1950763748606732,-0.109298919583325
-0.282,-0.126,0.02000713348388672,1.1950763748606732,-0.109298919583325
-0.283,-0.093,0.02000260353088379,1.1950763748606732,-0.109298919583325
-0.298,-0.052,0.019998788833618164,1.1950763748606732,-0.109298919583325
-0.298,-0.052,0.01999688148498535,1.1744125127775518,-0.11416647723046754
-0.255,-0.108,0.0200042724609375,1.1744125127775518,-0.11416647723046754
-0.196,-0.166,0.019997358322143555,1.1744125127775518,-0.11416647723046754
-0.196,-0.166,0.01999974250793457,1.1744125127775518,-0.11416647723046754
-0.184,-0.129,0.02002096176147461,1.2167793785720287,-0.054651766593460785
-0.184,-0.129,0.01998281478881836,1.2167793785720287,-0.054651766593460785
-0.128,-0.134,0.020005464553833008,1.2167793785720287,-0.054651766593460785
-0.128,-0.134,0.019999980926513672,1.2338881289181773,-0.03052027566930443
-0.101,-0.097,0.019997119903564453,1.2338881289181773,-0.03052027566930443
-0.082,-0.094,0.020005226135253906,1.2338881289181773,-0.03052027566930443
-0.052,-0.065,0.019993066787719727,1.2437385226290687,-0.03349219450022606
-0.052,-0.065,0.020008087158203125,1.2437385226290687,-0.03349219450022606
0.066,-0.018,0.02000570297241211,1.2690555827287446,-0.054226575525681275
0.066,-0.018,0.020001888275146484,1.2690555827287446,-0.054226575525681275
0.11,-0.051,0.020001649856567383,1.2690555827287446,-0.054226575525681275
0.11,-0.051,0.01999187469482422,1.310347339123011,-0.011732241656983758
0.124,-0.07,0.01999807357788086,1.310347339123011,-0.011732241656983758
0.196,0.003,0.02000713348388672,1.310347339123011,-0.011732241656983758
0.208,0.017,0.019991397857666016,1.242916323615498,-0.015674099300133373
0.17,-0.062,0.020007610321044922,1.242916323615498,-0.015674099300133373
0.172,-0.073,0.02000904083251953,1.242916323615498,-0.015674099300133373
0.196,-0.062,0.019982337951660156,1.242916323615498,-0.015674099300133373
0.307,0.072,0.01999807357788086,1.236411025711353,-0.01572809607788524
0.306,0.039,0.020003557205200195,1.236411025711353,-0.01572809607788524
0.284,-0.034,0.02001214027404785,1.236411025711353,-0.01572809607788524
0.301,-0.052,0.019988536834716797,1.2319885882155026,-0.004358944683055554
0.346,-0.009,0.01999950408935547,1.2319885882155026,-0.004358944683055554
0.367,-0.003,0.020020008087158203,1.2319885882155026,-0.004358944683055554
0.362,-0.031,0.01996779441833496,1.216274600702144,-0.034567251964818
0.362,-0.031,0.020013809204101562,1.216274600702144,-0.034567251964818
0.409,-0.003,0.01999664306640625,1.216274600702144,-0.034567251964818
0.434,-0.012,0.019992351531982422,1.216274600702144,-0.034567251964818
0.455,-0.013,0.020007610321044922,1.2065006364035002,-0.031325422647913284
0.477,-0.014,0.020008087158203125,1.2065006364035002,-0.031325422647913284
0.49,-0.033,0.019996166229248047,1.2065006364035002,-0.031325422647913284
0.507,-0.038,0.019983291625976562,1.2039878389499807,-0.0001720060473380627
0.507,-0.038,0.02001476287841797,1.2039878389499807,-0.0001720060473380627
0.535,-0.031,0.019996166229248047,1.2039878389499807,-0.0001720060473380627
0.538,-0.043,0.020002126693725586,1.1990666270851442,0.008051226306917712
0.568,-0.035,0.019997596740722656,1.1990666270851442,0.008051226306917712
0.596,-0.001,0.020000457763671875,1.1990666270851442,0.008051226306917712
0.602,-0.016,0.020000696182250977,1.162356110118685,0.003365501551736947
0.624,-0.021,0.020002126693725586,1.162356110118685,0.003365501551736947
0.655,0.001,0.02000570297241211,1.162356110118685,0.003365501551736947
0.664,-0.02,0.020020723342895508,1.162356110118685,0.003365501551736947
0.678,-0.023,0.019977569580078125,1.150553192206737,0.0031705332575012292
0.707,-0.025,0.02001500129699707,1.150553192206737,0.0031705332575012292
0.734,-0.006,0.019986629486083984,1.150553192206737,0.0031705332575012292
0.753,0.001,0.019997119903564453,1.150553192206737,0.0031705332575012292
0.767,-0.014,0.019993066787719727,1.1215764435389335,-0.011620737205588209
0.767,-0.014,0.020006418228149414,1.1215764435389335,-0.011620737205588209
0.8,-0.003,0.019991397857666016,1.1215764435389335,-0.011620737205588209
0.816,-0.007,0.020010709762573242,1.054152516349681,0.00027056520167353953
0.844,0.0,0.019995689392089844,1.054152516349681,0.00027056520167353953
0.844,0.0,0.02000260353088379,1.054152516349681,0.00027056520167353953
0.877,-0.009,0.019989967346191406,1.054152516349681,0.00027056520167353953
0.914,-0.008,0.020014286041259766,1.0499963759893878,-0.0006265581928152609
0.914,-0.008,0.019980669021606445,1.0499963759893878,-0.0006265581928152609
0.914,-0.008,0.020011186599731445,0.8089887159674679,-0.004918159843205132
0.941,-0.003,0.020002126693725586,0.8089887159674679,-0.004918159843205132
0.941,-0.003,0.020001649856567383,0.8089887159674679,-0.004918159843205132
0.982,0.001,0.019994258880615234,0.8089887159674679,-0.004918159843205132
0.974,0.0,0.020003080368041992,0.8522000082567277,-0.026213043010560426
0.973,-0.019,0.020006418228149414,0.8522000082567277,-0.026213043010560426
0.969,-0.038,0.020006179809570312,0.8522000082567277,-0.026213043010560426
0.947,-0.048,0.019994020462036133,0.8522000082567277,-0.026213043010560426
0.947,-0.048,0.01999640464782715,0.9241352645729028,0.019143916306611608
0.92,-0.066,0.01999688148498535,0.9241352645729028,0.019143916306611608
0.918,-0.047,0.01999640464782715,0.9241352645729028,0.019143916306611608
0.941,0.002,0.020002126693725586,0.7100583952497206,0.07968909433135851
0.946,0.031,0.02000594139099121,0.7100583952497206,0.07968909433135851
0.95,0.049,0.019993066787719727,0.7100583952497206,0.07968909433135851
0.932,0.071,0.020023107528686523,0.4024878158044987,0.07932973463761038
0.911,0.082,0.019991397857666016,0.4024878158044987,0.07932973463761038
0.885,0.087,0.01999831199645996,0.4024878158044987,0.07932973463761038
0.885,0.087,0.01999068260192871,0.37146418508879014,0.07858269606990806
0.842,0.134,0.020015954971313477,0.37146418508879014,0.07858269606990806
0.842,0.134,0.019984722137451172,0.37146418508879014,0.07858269606990806
0.818,0.122,0.019991397857666016,0.37146418508879014,0.07858269606990806
0.807,0.158,0.02000713348388672,1.1705198700988926,0.19199859932386767
0.807,0.158,0.019995927810668945,1.1705198700988926,0.19199859932386767
0.771,0.16,0.020021915435791016,1.1705198700988926,0.19199859932386767
0.754,0.19,0.019991636276245117,0.8545175742877005,0.2205357467126489
0.738,0.136,0.0200045108795166,0.8545175742877005,0.2205357467126489
0.776,0.026,0.019997358322143555,0.8545175742877005,0.2205357467126489
0.813,0.033,0.019990205764770508,0.877071779502202,0.22553309385443823
0.741,-0.046,0.02000570297241211,0.877071779502202,0.22553309385443823
0.76,0.055,0.020025014877319336,0.877071779502202,0.22553309385443823
0.752,0.043,0.01996636390686035,0.7494561708313411,0.22582267142956328
0.721,0.002,0.020015954971313477,0.7494561708313411,0.22582267142956328
0.584,0.13,0.019992351531982422,0.7494561708313411,0.22582267142956328
0.584,0.13,0.020000696182250977,0.7494561708313411,0.22582267142956328
0.742,-0.064,0.019998788833618164,0.6287559869593349,0.2528371688112327
0.742,-0.064,0.02001023292541504,0.6287559869593349,0.2528371688112327
0.602,0.186,0.019988536834716797,0.6287559869593349,0.2528371688112327
0.623,0.226,0.019994735717773438,0.6287559869593349,0.2528371688112327
0.749,0.07,0.019999265670776367,0.5590495513174826,0.22527788695889278
0.618,0.287,0.019999265670776367,0.5590495513174826,0.22527788695889278
0.618,0.287,0.019998788833618164,0.4811597035180183,0.25803637214748115
0.522,0.408,0.020005464553833008,0.4811597035180183,0.25803637214748115
0.747,0.023,0.020007610321044922,0.4811597035180183,0.25803637214748115
0.518,0.345,0.020001649856567383,0.4811597035180183,0.25803637214748115
0.44,0.366,0.019989490509033203,0.4811597035180183,0.25803637214748115
0.424,0.304,0.03999590873718262,0.4078527422879514,0.27198962779315594
0.548,0.043,0.019992828369140625,0.4078527422879514,0.27198962779315594
0.416,0.232,0.020009279251098633,0.4078527422879514,0.27198962779315594
0.416,0.232,0.019997358322143555,0.386117932711698,0.25793932255862123
0.395,0.237,0.02000141143798828,0.34801194402836366,0.28662589827871743
0.395,0.237,0.019997358322143555,0.34801194402836366,0.28662589827871743
0.366,0.307,0.020006656646728516,0.34801194402836366,0.28662589827871743
0.409,0.227,0.019997835159301758,0.34801194402836366,0.28662589827871743
0.357,0.346,0.019997119903564453,0.0,0.0
0.357,0.346,0.020006895065307617,0.0,0.0
0.383,0.286,0.019995450973510742,0.0,0.0
0.311,0.331,0.019999027252197266,0.0,0.0
0.316,0.276,0.019990205764770508,0.0,0.0
0.33,0.179,0.020008325576782227,0.0,0.0
0.33,0.179,0.020001649856567383,0.0,0.0
0.275,0.204,0.020003318786621094,0.0,0.0
0.218,0.21,0.02000260353088379,0.0,0.0
0.247,0.082,0.020001649856567383,0.0,0.0
0.14,0.081,0.05999112129211426,0.0,0.0
0.108,0.038,0.020000696182250977,0.0,0.0
0.059,0.034,0.020005226135253906,0.0,0.0
0.053,-0.048,0.0200040340423584,0.0,0.0
0.06,-0.104,0.019991397857666016,0.0,0.0
-0.068,-0.086,0.019999980926513672,-0.6642119047580711,-0.2937014484651005
-0.068,-0.086,0.02001667022705078,-0.6642119047580711,-0.2937014484651005
-0.102,-0.124,0.01997208595275879,-0.6642119047580711,-0.2937014484651005
-0.102,-0.124,0.020013093948364258,-0.5993987890717496,-0.27078122193342363
-0.143,-0.184,0.02000713348388672,-0.5993987890717496,-0.27078122193342363
-0.179,-0.224,0.019991397857666016,-0.5993987890717496,-0.27078122193342363
-0.214,-0.257,0.019999265670776367,-0.5688260534667198,-0.2565709807248986
-0.214,-0.257,0.020000934600830078,-0.5688260534667198,-0.2565709807248986
-0.227,-0.248,0.020009279251098633,-0.5688260534667198,-0.2565709807248986
-0.227,-0.248,0.020000696182250977,-0.5688260534667198,-0.2565709807248986
-0.226,-0.184,0.019992351531982422,-0.5656667791011475,-0.25129723682662414
-0.242,-0.153,0.02000284194946289,-0.5656667791011475,-0.25129723682662414
-0.282,-0.165,0.019993066787719727,-0.5656667791011475,-0.25129723682662414
-0.282,-0.165,0.020015954971313477,-0.5938163875636121,-0.256015251380356
-0.389,-0.198,0.019985437393188477,-0.5938163875636121,-0.256015251380356
-0.389,-0.198,0.020004987716674805,-0.5938163875636121,-0.256015251380356
-0.467,-0.236,0.019999265670776367,-0.5286850750915358,-0.24042019707251724
-0.504,-0.235,0.020023107528686523,-0.5286850750915358,-0.24042019707251724
-0.531,-0.231,0.019984960556030273,-0.5286850750915358,-0.24042019707251724
-0.531,-0.231,0.019988298416137695,-0.47903504136210306,-0.22252553036446876
-0.563,-0.227,0.01999974250793457,-0.47903504136210306,-0.22252553036446876
-0.563,-0.227,0.020006418228149414,-0.47903504136210306,-0.22252553036446876
-0.567,-0.241,0.019992828369140625,-0.5538365521829327,-0.18806949727017944
-0.567,-0.241,0.020003318786621094,-0.5538365521829327,-0.18806949727017944
-0.526,-0.227,0.020004749298095703,-0.5538365521829327,-0.18806949727017944
-0.539,-0.233,0.02000284194946289,-0.5538365521829327,-0.18806949727017944
-0.547,-0.232,0.019999027252197266,-0.4766215225460067,-0.12198959743837695
-0.554,-0.237,0.01999187469482422,-0.4766215225460067,-0.12198959743837695
-0.554,-0.237,0.0200197696685791,-0.4766215225460067,-0.12198959743837695
-0.585,-0.207,0.01998281478881836,-0.7461091210922608,-0.09265301341015059
-0.675,-0.046,0.019999265670776367,-0.7461091210922608,-0.09265301341015059
-0.757,0.105,0.020006179809570312,-0.7461091210922608,-0.09265301341015059
-0.706,0.038,0.02000260353088379,-0.7461091210922608,-0.09265301341015059
-0.571,-0.135,0.020001649856567383,-0.7553071836834024,-0.2181264954948417
-0.489,-0.261,0.019988298416137695,-0.7553071836834024,-0.2181264954948417
-0.489,-0.261,0.019997358322143555,-0.7553071836834024,-0.2181264954948417
-0.628,-0.05,0.0200045108795166,-0.3575085100091748,-0.23601339475785124
-0.509,-0.265,0.01999521255493164,-0.3575085100091748,-0.23601339475785124
-0.54,-0.232,0.020024776458740234,-0.3575085100091748,-0.23601339475785124
-0.54,-0.232,0.019979476928710938,-0.36157191578737724,-0.23182402287926884
-0.644,-0.106,0.020007610321044922,-0.36157191578737724,-0.23182402287926884
-0.512,-0.274,0.020000696182250977,-0.36157191578737724,-0.23182402287926884
-0.46,-0.333,0.01998615264892578,-0.36157191578737724,-0.23182402287926884
-0.46,-0.333,0.020003318786621094,-0.26524278642226035,-0.19718535861661876
-0.46,-0.333,0.020003795623779297,-0.26524278642226035,-0.19718535861661876
-0.49,-0.286,0.02000284194946289,-0.26524278642226035,-0.19718535861661876
-0.541,-0.201,0.01999211311340332,-0.24905765944086816,-0.18714330246247698
-0.584,-0.137,0.02000260353088379,-0.24905765944086816,-0.18714330246247698
-0.584,-0.137,0.019997835159301758,-0.24905765944086816,-0.18714330246247698
-0.49,-0.261,0.019997596740722656,-0.24905765944086816,-0.18714330246247698
-0.516,-0.183,0.020001888275146484,-0.24799828221378908,-0.1862077977745903
-0.457,-0.261,0.02000141143798828,-0.24799828221378908,-0.1862077977745903
-0.457,-0.261,0.02000284194946289,-0.24799828221378908,-0.1862077977745903
-0.42,-0.276,0.019995450973510742,0.07701721146127698,0.0543586895412552
-0.463,-0.165,0.020007848739624023,0.07701721146127698,0.0543586895412552
-0.383,-0.252,0.020003080368041992,0.07701721146127698,0.0543586895412552
-0.335,-0.295,0.01999187469482422,1.2726595980778002,0.15146762061650676
-0.353,-0.203,0.020005464553833008,1.2726595980778002,0.15146762061650676
-0.41,-0.048,0.020002126693725586,1.2726595980778002,0.15146762061650676
-0.41,-0.048,0.020000934600830078,1.2736297902278317,0.15163807253145517
-0.309,-0.136,0.019994735717773438,1.2736297902278317,0.15163807253145517
-0.436,0.133,0.01999950408935547,1.2736297902278317,0.15163807253145517
-0.286,-0.019,0.01999354362487793,0.9989905283767252,0.21491794199725386
-0.286,-0.019,0.020018577575683594,0.9989905283767252,0.21491794199725386
-0.302,0.201,0.01998758316040039,0.9989905283767252,0.21491794199725386
-0.302,0.201,0.020021915435791016,0.9989905283767252,0.21491794199725386
-0.208,0.114,0.019989013671875,0.939623866157768,0.23522103641687891
-0.127,0.067,0.020011425018310547,0.939623866157768,0.23522103641687891
-0.082,0.065,0.02006077766418457,0.939623866157768,0.23522103641687891
-0.082,0.065,0.01990532875061035,0.929115266232998,0.23695458828963664
-0.11,0.171,0.020011186599731445,0.929115266232998,0.23695458828963664
-0.11,0.171,0.020009994506835938,0.929115266232998,0.23695458828963664
-0.111,0.23,0.019989728927612305,0.8932098535097553,0.23397725085516802
0.072,0.164,0.019999980926513672,0.9413350070811793,0.23420153215541495
0.072,0.164,0.019992589950561523,1.094860971163117,0.22592286072291576
0.098,0.162,0.020006418228149414,1.094860971163117,0.22592286072291576
0.144,0.21,0.02000737190246582,1.094860971163117,0.22592286072291576
0.144,0.21,0.01999974250793457,1.094860971163117,0.22592286072291576
0.165,0.215,0.019999027252197266,1.0754293585920012,0.2558508234997642
0.187,0.22,0.020000696182250977,1.0754293585920012,0.2558508234997642
0.209,0.22,0.020000934600830078,1.0754293585920012,0.2558508234997642
0.237,0.234,0.02000141143798828,0.9417560704173331,0.22548962411538492
0.258,0.235,0.01999807357788086,0.9417560704173331,0.22548962411538492
0.283,0.247,0.019997119903564453,0.9417560704173331,0.22548962411538492
0.303,0.238,0.019999265670776367,0.9417560704173331,0.22548962411538492
0.303,0.238,0.0200045108795166,0.9396223139271134,0.21930279470860428
0.347,0.222,0.019994020462036133,0.9396223139271134,0.21930279470860428
0.431,0.139,0.019997358322143555,1.0230568214662112,0.22864949252158606
0.518,0.043,0.019991636276245117,1.0230568214662112,0.22864949252158606
0.526,0.049,0.020043611526489258,1.0230568214662112,0.22864949252158606
0.526,0.049,0.01996755599975586,1.0230568214662112,0.22864949252158606
0.437,0.248,0.020000696182250977,1.0230568214662112,0.22864949252158606
0.592,0.025,0.019991159439086914,0.9907555577324533,0.2212545022088418
0.592,0.025,0.020006418228149414,0.9907555577324533,0.2212545022088418
0.491,0.251,0.01999354362487793,0.9907555577324533,0.2212545022088418
0.546,0.19,0.020003795623779297,0.7929859161528258,0.23319592536409497
0.651,0.074,0.0200045108795166,0.7929859161528258,0.23319592536409497
0.612,0.145,0.019994258880615234,0.7929859161528258,0.23319592536409497
0.612,0.145,0.01999831199645996,0.683546898477004,0.25214735148558526
0.589,0.196,0.020003318786621094,0.683546898477004,0.25214735148558526
0.583,0.22,0.019999980926513672,0.683546898477004,0.25214735148558526
0.728,0.035,0.01998448371887207,0.8351702216019294,0.3047625581031487
0.596,0.26,0.020016193389892578,0.8351702216019294,0.3047625581031487
0.605,0.277,0.019997358322143555,0.8351702216019294,0.3047625581031487
0.767,0.091,0.019998788833618164,0.8351702216019294,0.3047625581031487
0.767,0.091,0.019998550415039062,0.6753870392300948,0.2829795369355925
0.644,0.324,0.020000696182250977,0.6753870392300948,0.2829795369355925
0.831,0.095,0.02001214027404785,0.6753870392300948,0.2829795369355925
0.778,0.218,0.020002365112304688,0.6753870392300948,0.2829795369355925
0.778,0.218,0.019997596740722656,0.6811265099618156,0.2854858134735769
0.591,0.481,0.01999354362487793,0.6811265099618156,0.2854858134735769
0.883,0.065,0.019998788833618164,0.6060860840819863,0.26923670129757143
0.883,0.065,0.020008563995361328,0.6060860840819863,0.26923670129757143
0.57,0.497,0.01999974250793457,0.6060860840819863,0.26923670129757143
0.869,0.003,0.019987106323242188,0.6060860840819863,0.26923670129757143
0.626,0.357,0.020003318786621094,0.4844532540137922,0.2465812517994255
0.519,0.505,0.019996166229248047,0.4844532540137922,0.2465812517994255
0.582,0.373,0.020006418228149414,0.4844532540137922,0.2465812517994255
0.582,0.373,0.019995450973510742,0.0,0.0
0.632,0.252,0.0200045108795166,0.0,0.0
0.737,0.079,0.020003557205200195,0.0,0.0
0.737,0.079,0.019991636276245117,0.0,0.0
0.457,0.417,0.019997596740722656,0.0,0.0
0.524,0.18,0.04000115394592285,0.0,0.0
0.576,0.037,0.020000696182250977,0.0,0.0
0.427,0.212,0.020006656646728516,0.0,0.0
0.367,0.227,0.019997835159301758,0.0,0.0
0.381,0.125,0.01999521255493164,0.0,0.0
0.311,-0.012,0.05999112129211426,0.25863898150625975,0.15759300168401266
0.275,-0.016,0.02001190185546875,0.25863898150625975,0.15759300168401266
0.18,0.074,0.019987821578979492,0.26538768965142684,0.16181152142553618
0.173,0.082,0.020003557205200195,0.26538768965142684,0.16181152142553618
0.173,0.082,0.02000570297241211,0.26538768965142684,0.16181152142553618
0.179,0.091,0.019973278045654297,0.26538768965142684,0.16181152142553618
0.176,0.129,0.02003002166748047,0.18526751637773525,0.13511590626597605
0.173,0.199,0.019997358322143555,0.18526751637773525,0.13511590626597605
0.173,0.199,0.020000219345092773,0.4255817003640861,0.18801370108023469
0.221,0.155,0.020003557205200195,0.4255817003640861,0.18801370108023469
0.202,0.102,0.01999640464782715,0.38545517945382746,0.17449591834738024
0.202,0.102,0.020001888275146484,0.38545517945382746,0.17449591834738024
0.159,0.117,0.02000737190246582,0.38545517945382746,0.17449591834738024
0.186,0.11,0.019993066787719727,0.38545517945382746,0.17449591834738024
0.213,0.122,0.019999027252197266,0.3863767642480317,0.1495897051645117
0.257,0.106,0.020002365112304688,0.3863767642480317,0.1495897051645117
0.257,0.106,0.0200045108795166,0.3863767642480317,0.1495897051645117
0.266,0.202,0.019995689392089844,0.3883786958040046,0.164668895942638
0.319,0.173,0.019995450973510742,0.3883786958040046,0.164668895942638
0.326,0.177,0.019998788833618164,0.3883786958040046,0.164668895942638
0.326,0.177,0.02000260353088379,0.37988137870368394,0.1613822408540365
0.358,0.152,0.019999265670776367,0.37988137870368394,0.1613822408540365
0.358,0.152,0.02000260353088379,0.37988137870368394,0.1613822408540365
0.392,0.122,0.019998550415039062,0.37988137870368394,0.1613822408540365
0.41,0.116,0.020006179809570312,0.3684987686757015,0.1659661987161576
0.435,0.099,0.01999950408935547,0.3684987686757015,0.1659661987161576
0.465,0.059,0.020006179809570312,0.3684987686757015,0.1659661987161576
0.465,0.059,0.01999497413635254,0.3684987686757015,0.1659661987161576
0.408,0.138,0.01999831199645996,0.3416880472736133,0.14476210506146117
0.404,0.14,0.01999354362487793,0.3416880472736133,0.14476210506146117
0.404,0.14,0.01999974250793457,0.3373966761289072,0.14293780049531427
0.431,0.073,0.020005464553833008,0.3373966761289072,0.14293780049531427
0.339,0.219,0.01999521255493164,0.3373966761289072,0.14293780049531427
0.316,0.255,0.01999807357788086,0.27210781539378803,0.1277404645328949
0.316,0.255,0.020009517669677734,0.27210781539378803,0.1277404645328949
0.386,0.137,0.01999664306640625,0.27210781539378803,0.1277404645328949
0.394,0.082,0.019997358322143555,0.27210781539378803,0.1277404645328949
0.293,0.198,0.020000934600830078,0.31700553787811764,0.14286500853210946
0.233,0.254,0.02000570297241211,0.31700553787811764,0.14286500853210946
0.27,0.167,0.020002126693725586,0.31700553787811764,0.14286500853210946
0.27,0.14,0.01999664306640625,0.3166654359535573,0.1426618720537829
0.259,0.147,0.020006656646728516,0.3166654359535573,0.1426618720537829
0.296,0.09,0.01998615264892578,0.3166654359535573,0.1426618720537829
0.296,0.09,0.020000934600830078,0.3166654359535573,0.1426618720537829
0.267,0.141,0.020009756088256836,0.2579200132768056,0.09790966047850246
0.267,0.141,0.020001649856567383,0.2579200132768056,0.09790966047850246
0.273,0.139,0.020000696182250977,0.2579200132768056,0.09790966047850246
0.273,0.139,0.019997119903564453,0.6189777216281247,-0.02716956867713527
0.275,0.116,0.02000141143798828,0.6189777216281247,-0.02716956867713527
0.275,0.116,0.020005464553833008,0.6189777216281247,-0.02716956867713527
0.263,0.129,0.01998305320739746,0.7078023382023191,-0.09376234504263849
0.31,0.037,0.020010709762573242,0.7078023382023191,-0.09376234504263849
0.238,0.128,0.01999974250793457,0.7078023382023191,-0.09376234504263849
0.238,0.128,0.020000696182250977,0.7078023382023191,-0.09376234504263849
0.322,-0.009,0.020016908645629883,0.6003356583432392,-0.12249490072487601
0.367,-0.069,0.019983768463134766,0.6003356583432392,-0.12249490072487601
0.336,-0.02,0.01999354362487793,0.6003356583432392,-0.12249490072487601
0.336,-0.02,0.020006418228149414,1.357189165878421,-0.1874118145014207
0.338,-0.013,0.01999831199645996,1.357189165878421,-0.1874118145014207
0.367,-0.018,0.019991397857666016,1.357189165878421,-0.1874118145014207
0.39,-0.043,0.020003080368041992,1.3919928368610603,-0.196795294467034
0.43,-0.08,0.020007610321044922,1.3919928368610603,-0.196795294467034
0.459,-0.111,0.01999974250793457,1.3919928368610603,-0.196795294467034
0.497,-0.141,0.01999044418334961,1.3919928368610603,-0.196795294467034
0.497,-0.141,0.020003795623779297,1.434596757777896,-0.2361676713608324
0.547,-0.172,0.0200045108795166,1.434596757777896,-0.2361676713608324
0.559,-0.18,0.01999354362487793,1.434596757777896,-0.2361676713608324
0.578,-0.207,0.020000934600830078,1.298692705782106,-0.2160681052049187
0.593,-0.209,0.019998788833618164,1.298692705782106,-0.2160681052049187
0.607,-0.21,0.02000117301940918,1.298692705782106,-0.2160681052049187
0.607,-0.21,0.019998788833618164,1.2844043227414723,-0.21569734527910572
0.609,-0.182,0.020004749298095703,1.2844043227414723,-0.21569734527910572
0.609,-0.182,0.020003318786621094,1.2844043227414723,-0.21569734527910572
0.605,-0.109,0.020000457763671875,1.2844043227414723,-0.21569734527910572
0.63,-0.117,0.020007610321044922,1.2649444919789403,-0.2564864042489873
0.63,-0.117,0.019983768463134766,1.2649444919789403,-0.2564864042489873
0.708,-0.151,0.019988536834716797,1.2546287718238978,-0.2571460568504469
0.708,-0.151,0.020015478134155273,1.2546287718238978,-0.2571460568504469
0.756,-0.18,0.020003795623779297,1.2546287718238978,-0.2571460568504469
0.756,-0.18,0.02000117301940918,1.2546287718238978,-0.2571460568504469
0.799,-0.17,0.01999950408935547,1.1859421165021151,-0.29800064323734193
0.841,-0.182,0.019989490509033203,1.1859421165021151,-0.29800064323734193
0.868,-0.207,0.020009756088256836,1.1859421165021151,-0.29800064323734193
0.868,-0.207,0.019991397857666016,1.1859421165021151,-0.29800064323734193
0.891,-0.251,0.02002692222595215,0.12047566045805842,-0.09872016585205075
0.918,-0.272,0.019977807998657227,0.12047566045805842,-0.09872016585205075
0.931,-0.275,0.019992351531982422,0.9464587005477122,-0.3480424907487471
0.939,-0.274,0.020002365112304688,0.9464587005477122,-0.3480424907487471
0.948,-0.283,0.020005226135253906,0.9464587005477122,-0.3480424907487471
0.966,-0.307,0.01999640464782715,0.9464587005477122,-0.3480424907487471
0.966,-0.307,0.019995927810668945,-0.03328433372343797,-0.20002567990248848
0.957,-0.295,0.02000117301940918,-0.03328433372343797,-0.20002567990248848
0.963,-0.31,0.020008325576782227,-0.03328433372343797,-0.20002567990248848
1.087,-0.164,0.019996166229248047,-0.03328433372343797,-0.20002567990248848
1.186,0.036,0.019995689392089844,-0.8121755563646953,-0.10694240463474422
1.162,0.012,0.01999187469482422,-0.8121755563646953,-0.10694240463474422
1.11,-0.039,0.020009994506835938,-0.8121755563646953,-0.10694240463474422
1.054,-0.085,0.020007848739624023,-0.6512703273130142,-0.10653918671395857
1.054,-0.085,0.019990205764770508,-0.6512703273130142,-0.10653918671395857
1.017,-0.053,0.02000570297241211,-0.6512703273130142,-0.10653918671395857
1.017,-0.053,0.01999378204345703,-0.7008660134786256,-0.11162703667309841
0.8,-0.24,0.019997358322143555,-0.7008660134786256,-0.11162703667309841
0.78,-0.129,0.02000141143798828,-0.7008660134786256,-0.11162703667309841
0.872,0.127,0.020001888275146484,-0.6146837621899508,-0.09987214841415884
0.638,-0.165,0.01999974250793457,-0.6146837621899508,-0.09987214841415884
0.474,-0.349,0.02001643180847168,-0.6146837621899508,-0.09987214841415884
0.711,0.061,0.019985198974609375,-0.6146837621899508,-0.09987214841415884
0.673,0.042,0.019997835159301758,-1.0216581999252727,0.055791984596858336
0.673,0.042,0.020003795623779297,-1.0216581999252727,0.055791984596858336
0.376,-0.389,0.020002126693725586,-1.0216581999252727,0.055791984596858336
0.584,-0.072,0.019988536834716797,-1.0216581999252727,0.055791984596858336
0.584,-0.072,0.02001214027404785,-0.9087392156537841,0.04613616609069978
0.541,-0.122,0.019997119903564453,-0.9087392156537841,0.04613616609069978
0.513,-0.093,0.019957304000854492,-0.9087392156537841,0.04613616609069978
0.617,0.13,0.020041465759277344,-1.0883865523929415,-0.08368798617205729
0.322,-0.04,0.020006179809570312,-1.0883865523929415,-0.08368798617205729
0.235,-0.147,0.01998281478881836,-1.0883865523929415,-0.08368798617205729
0.319,-0.062,0.020014286041259766,-1.154263253572654,-0.02311057951381143
0.379,0.029,0.020011425018310547,-1.154263253572654,-0.02311057951381143
0.379,0.029,0.01999354362487793,-1.154263253572654,-0.02311057951381143
0.12,-0.087,0.019996166229248047,-1.1790691929350308,-0.028862837731262952
0.147,-0.1,0.019989967346191406,-1.1790691929350308,-0.028862837731262952
0.136,-0.061,0.020010948181152344,-1.1790691929350308,-0.028862837731262952
0.1,-0.019,0.02001500129699707,-1.1790691929350308,-0.028862837731262952
0.055,-0.045,0.019990205764770508,-1.224410485997703,-0.10710447070383859
-0.055,-0.069,0.019986629486083984,-1.2220689762299481,-0.04976641184226086
-0.055,-0.069,0.02001023292541504,-1.226052025444252,-0.054475168301274454
-0.07,-0.082,0.020003795623779297,-1.226052025444252,-0.054475168301274454
-0.09,-0.081,0.019990921020507812,-1.226052025444252,-0.054475168301274454
-0.115,-0.067,0.02001047134399414,-1.2448983087565637,-0.09060868872143775
-0.126,-0.03,0.019994020462036133,-1.2448983087565637,-0.09060868872143775
-0.171,-0.041,0.020000934600830078,-1.2448983087565637,-0.09060868872143775
-0.171,-0.041,0.020014286041259766,-1.2230851646042584,-0.14585457003921146
-0.213,-0.039,0.019997358322143555,-1.2230851646042584,-0.14585457003921146
-0.237,-0.039,0.01999068260192871,-1.2230851646042584,-0.14585457003921146
-0.237,-0.039,0.019995927810668945,-1.2104318630170665,-0.14353660172225363
-0.278,-0.067,0.0200045108795166,-1.2104318630170665,-0.14353660172225363
-0.313,-0.077,0.020004987716674805,-1.2104318630170665,-0.14353660172225363
-0.343,-0.088,0.01999044418334961,-1.1928634179381985,-0.09911893107250107
-0.372,-0.099,0.020015716552734375,-1.1928634179381985,-0.09911893107250107
-0.415,-0.112,0.019996166229248047,-1.1928634179381985,-0.09911893107250107
-0.452,-0.115,0.01999664306640625,-1.1928634179381985,-0.09911893107250107
-0.475,-0.093,0.019992589950561523,-1.227657923203557,0.021945155206336872
-0.475,-0.093,0.020002365112304688,-1.227657923203557,0.021945155206336872
-0.547,-0.082,0.020011186599731445,-1.227657923203557,0.021945155206336872
-0.568,-0.069,0.019989728927612305,-1.2004325288656645,0.01880380674991868
-0.606,-0.057,0.01999640464782715,-1.2004325288656645,0.01880380674991868
-0.606,-0.057,0.020009279251098633,-1.2004325288656645,0.01880380674991868
-0.629,-0.039,0.019994258880615234,-1.2034295896966116,-0.028087995180987025
-0.629,-0.039,0.020026683807373047,-1.2034295896966116,-0.028087995180987025
-0.674,-0.009,0.01997971534729004,-1.2034295896966116,-0.028087995180987025
-0.714,-0.013,0.019998550415039062,-1.2034295896966116,-0.028087995180987025
-0.714,-0.013,0.019994497299194336,-1.136413466677645,0.004088531568886722
-0.768,-0.019,0.020005464553833008,-1.136413466677645,0.004088531568886722
-0.794,-0.024,0.019997119903564453,-1.136413466677645,0.004088531568886722
-0.794,-0.024,0.01999688148498535,-1.136413466677645,0.004088531568886722
-0.83,-0.015,0.020006418228149414,-1.1432015042564805,-0.007326462529364499
-0.86,0.0,0.019999265670776367,-1.1432015042564805,-0.007326462529364499
-0.897,-0.003,0.019995689392089844,-1.1432015042564805,-0.007326462529364499
-0.924,-0.001,0.020009756088256836,-1.1007395829609363,-0.0037990297815915
-0.952,-0.006,0.01999831199645996,-1.1007395829609363,-0.0037990297815915
-0.985,-0.008,0.01999068260192871,-0.96474549571445,0.043300838424256125
-1.018,0.0,0.020006179809570312,-0.96474549571445,0.043300838424256125
-1.018,0.0,0.020003080368041992,-0.96474549571445,0.043300838424256125
-1.045,0.0,0.01998615264892578,-0.96474549571445,0.043300838424256125
-1.07,-0.003,0.019992589950561523,-0.8079434166229176,0.050535558753770575
-1.066,-0.019,0.020010948181152344,-0.8079434166229176,0.050535558753770575
-1.066,-0.019,0.020003318786621094,-0.8079434166229176,0.050535558753770575
-1.07,0.003,0.019994020462036133,-0.9452976989332799,0.030082439707922678
-1.07,0.003,0.020003557205200195,-0.9452976989332799,0.030082439707922678
-1.07,0.003,0.019986391067504883,-0.9452976989332799,0.030082439707922678
-1.064,-0.007,0.020012617111206055,-0.7370499748384737,0.13461936325827917
-1.036,-0.031,0.02001023292541504,-0.7370499748384737,0.13461936325827917
-1.007,-0.035,0.019997119903564453,-0.7370499748384737,0.13461936325827917
-1.007,-0.035,0.019999980926513672,-0.7370499748384737,0.13461936325827917
-0.973,-0.005,0.019995927810668945,-0.6113272362509512,0.13333873498190246
-0.941,0.045,0.02000284194946289,-0.6113272362509512,0.13333873498190246
-0.92,0.071,0.020000696182250977,-0.6113272362509512,0.13333873498190246
-0.92,0.071,0.019993066787719727,-0.6963309501474917,0.055503421566293135
-0.877,0.125,0.02001047134399414,-0.6963309501474917,0.055503421566293135
-0.836,0.13,0.019999980926513672,-0.6963309501474917,0.055503421566293135
-0.833,0.119,0.01999521255493164,-0.6963309501474917,0.055503421566293135
-0.836,0.103,0.020017385482788086,-0.7449220714405139,0.05700908104545812
-0.929,0.045,0.01998758316040039,-0.7449220714405139,0.05700908104545812
-1.039,-0.095,0.02001190185546875,-0.7449220714405139,0.05700908104545812
-1.009,-0.083,0.01996588706970215,-0.5510636991288217,0.028781563586361643
-1.009,-0.083,0.020018339157104492,-0.5510636991288217,0.028781563586361643
-0.943,0.011,0.020000696182250977,-0.5510636991288217,0.028781563586361643
-0.943,0.011,0.020006179809570312,1.2009202495718125,-0.1858760969934899
-0.95,0.015,0.019997119903564453,1.2009202495718125,-0.1858760969934899
-0.641,0.405,0.019995927810668945,1.2009202495718125,-0.1858760969934899
-0.817,0.011,0.019992589950561523,1.332498796158786,-0.07884996221062983
-0.722,-0.202,0.020008325576782227,1.332498796158786,-0.07884996221062983
-0.714,-0.225,0.01999807357788086,1.332498796158786,-0.07884996221062983
-0.42,0.076,0.02001023292541504,1.332498796158786,-0.07884996221062983
-0.485,-0.058,0.019985675811767578,1.3363466021591108,-0.08325578281137785
-0.677,0.003,0.020000457763671875,1.3363466021591108,-0.08325578281137785
-0.677,0.003,0.020009994506835938,1.3363466021591108,-0.08325578281137785
-0.393,-0.028,0.019991159439086914,1.4205831158487805,-0.04715371940137825
-0.393,-0.028,0.02000713348388672,1.4205831158487805,-0.04715371940137825
-0.597,-0.134,0.019997596740722656,1.4205831158487805,-0.04715371940137825
-0.334,-0.096,0.019993305206298828,1.4262635586774748,-0.04677649313830349
-0.406,0.145,0.020006418228149414,1.4262635586774748,-0.04677649313830349
-0.406,0.145,0.020000457763671875,1.4262635586774748,-0.04677649313830349
-0.359,0.133,0.020000219345092773,1.4262635586774748,-0.04677649313830349
-0.36,-0.023,0.01999640464782715,1.416005997761226,-0.16427833790804477
-0.324,0.013,0.020000934600830078,1.416005997761226,-0.16427833790804477
-0.324,0.013,0.020029067993164062,1.416005997761226,-0.16427833790804477
-0.329,-0.003,0.01996898651123047,1.416005997761226,-0.16427833790804477
-0.329,-0.003,0.01999378204345703,1.4404578464339703,-0.10057472137599863
-0.329,-0.003,0.020001888275146484,1.4404578464339703,-0.10057472137599863
-0.274,-0.154,0.02000880241394043,1.4404578464339703,-0.10057472137599863
-0.291,-0.106,0.020002126693725586,0.690715900941199,-0.08938819226354977
-0.291,-0.106,0.020001649856567383,0.690715900941199,-0.08938819226354977
-0.23,-0.153,0.020025253295898438,0.690715900941199,-0.08938819226354977
-0.234,-0.101,0.019952774047851562,-0.1363583648593028,-0.09401586455984291
-0.187,-0.131,0.020007610321044922,-0.1363583648593028,-0.09401586455984291
-0.187,-0.131,0.020002126693725586,-0.1363583648593028,-0.09401586455984291
-0.157,-0.097,0.01999211311340332,-0.9949468024167533,-0.11796957955418337
-0.168,-0.059,0.02000880241394043,-0.9949468024167533,-0.11796957955418337
-0.133,-0.093,0.020001888275146484,-0.9949468024167533,-0.11796957955418337
-0.135,-0.115,0.019999980926513672,-0.9949468024167533,-0.11796957955418337
-0.162,-0.072,0.01999640464782715,-0.9049566749991685,-0.13256748159626155
-0.162,-0.072,0.019996166229248047,-0.9049566749991685,-0.13256748159626155
-0.179,-0.101,0.020012855529785156,-0.9049566749991685,-0.13256748159626155
-0.178,-0.087,0.019977807998657227,-0.982055942390819,-0.1451514073499191
-0.178,-0.109,0.02001476287841797,-0.982055942390819,-0.1451514073499191
-0.207,-0.106,0.020006179809570312,-0.982055942390819,-0.1451514073499191
-0.241,-0.101,0.01998305320739746,-0.9831533567367405,-0.12244372068444809
-0.241,-0.101,0.020035982131958008,-0.9831533567367405,-0.12244372068444809
-0.283,-0.109,0.019977807998657227,-0.9831533567367405,-0.12244372068444809
-0.283,-0.109,0.019996166229248047,-0.9831533567367405,-0.12244372068444809
-0.349,-0.115,0.019995689392089844,-1.0014158802552122,-0.11348749321733019
-0.393,-0.098,0.020028114318847656,-1.0014158802552122,-0.11348749321733019
-0.429,-0.107,0.02000117301940918,-1.0014158802552122,-0.11348749321733019
-0.461,-0.101,0.019962787628173828,-0.9946171542569656,-0.11669863974439956
-0.494,-0.095,0.02001333236694336,-0.9946171542569656,-0.11669863974439956
-0.494,-0.095,0.019999980926513672,-0.9946171542569656,-0.11669863974439956
-0.565,-0.113,0.019997835159301758,-0.9946171542569656,-0.11669863974439956
-0.587,-0.12,0.020004987716674805,-1.0650165852430102,-0.07326366672311029
-0.587,-0.12,0.0199887752532959,-1.0650165852430102,-0.07326366672311029
-0.621,-0.101,0.02001047134399414,-1.0650165852430102,-0.07326366672311029
-0.653,-0.079,0.0199892520904541,-1.1090216647137752,-0.05232099379949258
-0.685,-0.092,0.02001190185546875,-1.1090216647137752,-0.05232099379949258
-0.728,-0.102,0.020005226135253906,-1.1090216647137752,-0.05232099379949258
-0.728,-0.102,0.019979476928710938,-1.1090216647137752,-0.05232099379949258
-0.793,-0.068,0.020010948181152344,-1.0880768770510814,-0.06456944819716072
-0.812,-0.061,0.020004987716674805,-1.0880768770510814,-0.06456944819716072
-0.847,-0.049,0.019992589950561523,-1.0880768770510814,-0.06456944819716072
-0.864,-0.051,0.020011186599731445,-0.9071446107433139,-0.07534122185406027
-0.864,-0.051,0.019992589950561523,-0.9071446107433139,-0.07534122185406027
-0.864,-0.051,0.019997358322143555,-0.8492612842930064,-0.0758136516832419
-0.907,-0.064,0.020006418228149414,-0.8492612842930064,-0.0758136516832419
-0.922,-0.074,0.020000934600830078,-0.8492612842930064,-0.0758136516832419
-0.914,-0.083,0.0199892520904541,-0.8492612842930064,-0.0758136516832419
-0.92,-0.091,0.0200042724609375,-0.8663344906557272,-0.07490394028510236
-0.916,-0.118,0.020009756088256836,-0.8663344906557272,-0.07490394028510236
-0.901,-0.118,0.019997358322143555,-0.8663344906557272,-0.07490394028510236
-0.916,-0.103,0.019982576370239258,-0.8531298539524422,-0.09523488076455243
-0.954,-0.055,0.0200197696685791,-0.8531298539524422,-0.09523488076455243
-0.999,0.013,0.019999027252197266,-0.8531298539524422,-0.09523488076455243
-0.999,0.013,0.020003795623779297,-0.8531298539524422,-0.09523488076455243
-0.978,0.006,0.019988298416137695,-0.576129301715854,-0.08609112278547887
-0.978,0.006,0.02000141143798828,-0.576129301715854,-0.08609112278547887
-0.975,0.022,0.02000117301940918,-0.576129301715854,-0.08609112278547887
-0.945,0.018,0.01999521255493164,-0.576129301715854,-0.08609112278547887
-0.928,0.027,0.020000696182250977,-0.5749990222294914,-0.08613999153351454
-0.869,-0.023,0.019998550415039062,-0.5749990222294914,-0.08613999153351454
-0.857,-0.01,0.01999211311340332,-0.48164252921986206,-0.11072778227616543
-0.86,0.029,0.02000880241394043,-0.48164252921986206,-0.11072778227616543
-0.86,0.029,0.020000457763671875,-0.48164252921986206,-0.11072778227616543
-0.621,-0.295,0.02000117301940918,0.12542347856569158,-0.05543189654851951
-0.621,-0.295,0.02000141143798828,0.12542347856569158,-0.05543189654851951
-0.841,0.08,0.0200042724609375,0.12542347856569158,-0.05543189654851951
-0.609,-0.198,0.019998550415039062,0.12542347856569158,-0.05543189654851951
-0.609,-0.198,0.01999044418334961,0.2047925544756479,-0.15501230308538455
-0.865,0.215,0.020004987716674805,0.2047925544756479,-0.15501230308538455
-0.726,0.08,0.02000141143798828,0.2047925544756479,-0.15501230308538455
-0.726,0.08,0.019997835159301758,0.2047925544756479,-0.15501230308538455
-0.42,-0.353,0.020003318786621094,0.24480703544615803,-0.18035482101226613
-0.506,-0.206,0.020001888275146484,0.24480703544615803,-0.18035482101226613
-0.724,0.151,0.01999378204345703,0.22418573272713502,-0.15988477226651715
-0.724,0.151,0.020006656646728516,0.22418573272713502,-0.15988477226651715
-0.421,-0.314,0.020001649856567383,0.22418573272713502,-0.15988477226651715
-0.451,-0.184,0.0200040340423584,0.22418573272713502,-0.15988477226651715
-0.494,-0.094,0.019982576370239258,0.4219716000041815,-0.1155585133253554
-0.444,-0.129,0.020024776458740234,0.4219716000041815,-0.1155585133253554
-0.444,-0.129,0.020000457763671875,0.4219716000041815,-0.1155585133253554
-0.469,-0.023,0.019984006881713867,0.4219716000041815,-0.1155585133253554
-0.395,-0.072,0.01999664306640625,0.4219716000041815,-0.1155585133253554
-0.403,0.001,0.019999027252197266,1.1421175798195788,-0.02593053150566654
-0.403,0.001,0.02000713348388672,1.1421175798195788,-0.02593053150566654
-0.296,-0.142,0.019994020462036133,1.285258947758621,-0.01475959512196055
-0.28,-0.133,0.020003080368041992,1.285258947758621,-0.01475959512196055
-0.317,-0.055,0.0200045108795166,1.285258947758621,-0.01475959512196055
-0.293,-0.059,0.01998591423034668,1.285258947758621,-0.01475959512196055
-0.278,-0.046,0.020009994506835938,1.295103472603787,-0.014089300975439272
-0.278,-0.046,0.020008563995361328,1.295103472603787,-0.014089300975439272
-0.243,-0.049,0.01997828483581543,1.295103472603787,-0.014089300975439272
-0.188,-0.103,0.02002716064453125,1.3005743560498864,-0.010846771766484593
-0.188,-0.103,0.019995927810668945,1.3005743560498864,-0.010846771766484593
-0.195,-0.023,0.019989967346191406,1.3005743560498864,-0.010846771766484593
-0.195,-0.023,0.02000117301940918,0.6199961739460542,-0.11268102042748726
-0.137,-0.048,0.020000219345092773,0.6199961739460542,-0.11268102042748726
-0.091,-0.082,0.020000457763671875,0.6199961739460542,-0.11268102042748726
-0.08,-0.077,0.019997835159301758,0.6199961739460542,-0.11268102042748726
-0.065,-0.076,0.02000141143798828,0.8533482890226544,-0.08924058829089687
0.075,-0.062,0.01999044418334961,0.8885482065849154,-0.027629742165693128
0.092,-0.041,0.019991397857666016,0.8245612689916441,-0.10206890180122785
0.097,-0.025,0.02001810073852539,0.8245612689916441,-0.10206890180122785
0.134,-0.009,0.020000696182250977,0.8245612689916441,-0.10206890180122785
0.134,-0.009,0.019982099533081055,0.8683059761638539,-0.09925418411038921
0.15,-0.049,0.02004098892211914,0.8683059761638539,-0.09925418411038921
0.161,-0.049,0.01996779441833496,0.8683059761638539,-0.09925418411038921
0.161,-0.049,0.02000570297241211,0.8683059761638539,-0.09925418411038921
0.223,-0.055,0.01999497413635254,0.88079108875856,-0.05839735819781692
0.211,-0.124,0.020006179809570312,0.88079108875856,-0.05839735819781692
0.211,-0.124,0.020000457763671875,0.88079108875856,-0.05839735819781692
0.284,-0.049,0.019987821578979492,0.8848041244756095,-0.05509383846275863
0.294,-0.074,0.01999807357788086,0.8848041244756095,-0.05509383846275863
0.336,-0.048,0.02000904083251953,0.8848041244756095,-0.05509383846275863
0.35,-0.059,0.01999974250793457,0.8742168100457243,-0.07092268817408688
0.368,-0.048,0.020007848739624023,0.8742168100457243,-0.07092268817408688
0.385,-0.027,0.020018577575683594,0.8742168100457243,-0.07092268817408688
0.408,-0.021,0.019971847534179688,0.8742168100457243,-0.07092268817408688
0.408,-0.021,0.020008563995361328,0.8442605251318755,-0.06602186675190433
0.431,-0.036,0.020005226135253906,0.8442605251318755,-0.06602186675190433
0.453,-0.064,0.01999211311340332,0.8442605251318755,-0.06602186675190433
0.476,-0.052,0.02000141143798828,0.8506649743458107,-0.06940216601567559
0.499,-0.043,0.02000713348388672,0.8506649743458107,-0.06940216601567559
0.516,-0.049,0.019992351531982422,0.8506649743458107,-0.06940216601567559
0.538,-0.047,0.01998424530029297,0.8506649743458107,-0.06940216601567559
0.566,-0.029,0.02001476287841797,0.7833066680564378,-0.09795680614673902
0.566,-0.029,0.01999974250793457,0.7833066680564378,-0.09795680614673902
0.576,-0.043,0.020004749298095703,0.7833066680564378,-0.09795680614673902
0.624,-0.044,0.019977092742919922,0.7235609812010454,-0.02292541831564758
0.624,-0.044,0.0200192928314209,0.7235609812010454,-0.02292541831564758
0.655,-0.031,0.01999354362487793,0.7235609812010454,-0.02292541831564758
0.674,-0.044,0.020003795623779297,0.7266240418660538,-0.0372830785482693
0.68,-0.049,0.020006895065307617,0.7266240418660538,-0.0372830785482693
0.719,-0.012,0.01999521255493164,0.7266240418660538,-0.0372830785482693
0.719,-0.025,0.020009756088256836,0.7266240418660538,-0.0372830785482693
0.723,-0.037,0.01999378204345703,0.6983561088648519,-0.03103993983954215
0.743,-0.011,0.020014047622680664,0.6983561088648519,-0.03103993983954215
0.748,-0.025,0.019985675811767578,0.5849974939383373,-0.026830783652375522
0.753,-0.009,0.020001649856567383,0.5849974939383373,-0.026830783652375522
0.753,-0.009,0.01999354362487793,0.5849974939383373,-0.026830783652375522
0.753,-0.009,0.020003080368041992,0.5849974939383373,-0.026830783652375522
0.753,0.029,0.020093202590942383,0.5849974939383373,-0.026830783652375522
0.637,-0.146,0.019860506057739258,1.3296697473031776,0.07350972054153145
0.661,-0.088,0.020045757293701172,1.3296697473031776,0.07350972054153145
0.677,-0.027,0.01999497413635254,1.3296697473031776,0.07350972054153145
0.505,-0.259,0.019999980926513672,1.2577600459706417,0.09313110030097772
0.683,0.054,0.020011425018310547,1.2577600459706417,0.09313110030097772
0.805,0.268,0.019986867904663086,1.2517925750131844,0.09284031850324459
0.618,0.006,0.020006656646728516,1.2517925750131844,0.09284031850324459
0.618,0.006,0.0200040340423584,1.2517925750131844,0.09284031850324459
0.658,0.06,0.019994735717773438,1.2517925750131844,0.09284031850324459
0.642,0.035,0.01999521255493164,1.207808663415778,0.12345977795226476
0.614,-0.018,0.020002126693725586,1.207808663415778,0.12345977795226476
0.614,-0.018,0.0200040340423584,1.207808663415778,0.12345977795226476
0.604,-0.059,0.019993305206298828,1.207808663415778,0.12345977795226476
0.601,-0.066,0.02001023292541504,1.0583910705105763,0.19041858573397227
0.63,-0.044,0.019991159439086914,1.0583910705105763,0.19041858573397227
0.63,-0.044,0.019997358322143555,1.0583910705105763,0.19041858573397227
0.742,0.115,0.020003080368041992,0.6730676965447199,0.2023866012625502
0.742,0.115,0.0200045108795166,0.6730676965447199,0.2023866012625502
0.773,0.161,0.019994020462036133,0.6730676965447199,0.2023866012625502
0.773,0.161,0.019987821578979492,0.6671657141274305,0.20267998189921094
0.823,0.216,0.020020723342895508,0.6671657141274305,0.20267998189921094
0.827,0.218,0.019990205764770508,0.6671657141274305,0.20267998189921094
0.824,0.203,0.019997835159301758,0.8195054396692178,0.19834298242256435
0.803,0.173,0.020009756088256836,0.8195054396692178,0.19834298242256435
0.803,0.173,0.020000934600830078,0.8195054396692178,0.19834298242256435
0.774,0.106,0.01999211311340332,0.8195054396692178,0.19834298242256435
0.781,0.099,0.020007610321044922,0.5753925440477726,0.19651476841221183
0.791,0.105,0.01999807357788086,0.5753925440477726,0.19651476841221183
0.791,0.105,0.019989490509033203,0.5753925440477726,0.19651476841221183
0.803,0.118,0.01999664306640625,0.7175186461980684,0.20645825096301923
0.801,0.135,0.0200197696685791,0.7175186461980684,0.20645825096301923
0.801,0.135,0.01999068260192871,0.7175186461980684,0.20645825096301923
0.772,0.169,0.020003318786621094,0.7175186461980684,0.20645825096301923
0.749,0.196,0.019998788833618164,0.3360739653768953,0.22712157241892666
0.749,0.196,0.020006418228149414,0.3360739653768953,0.22712157241892666
0.734,0.212,0.01998758316040039,0.3360739653768953,0.22712157241892666
0.72,0.238,0.01999950408935547,0.28239604568659,0.22786157373264287
0.714,0.227,0.020008563995361328,0.28239604568659,0.22786157373264287
0.714,0.227,0.020002365112304688,0.28239604568659,0.22786157373264287
0.786,0.085,0.019991636276245117,0.27480800916994974,0.22691799794502426
0.889,-0.1,0.020005226135253906,0.27480800916994974,0.22691799794502426
0.704,0.115,0.02000260353088379,0.27480800916994974,0.22691799794502426
0.696,0.072,0.019993066787719727,0.27480800916994974,0.22691799794502426
0.521,0.294,0.020013809204101562,0.2292931648495515,0.23823590915698303
0.482,0.301,0.01999688148498535,0.2292931648495515,0.23823590915698303
0.482,0.301,0.019991397857666016,0.2292931648495515,0.23823590915698303
0.413,0.304,0.02000284194946289,0.21009614816988847,0.2687089507615663
0.37,0.297,0.020000696182250977,0.21009614816988847,0.2687089507615663
0.393,0.216,0.020001649856567383,0.21009614816988847,0.2687089507615663
0.329,0.288,0.01999044418334961,0.1863019261407929,0.2700534250150765
0.293,0.302,0.020003080368041992,0.1863019261407929,0.2700534250150765
0.275,0.307,0.020000457763671875,0.1863019261407929,0.2700534250150765
0.262,0.284,0.019996166229248047,0.1863019261407929,0.2700534250150765
0.243,0.272,0.020007610321044922,-1.1516778319413135,-0.11097882203486151
0.216,0.275,0.019999980926513672,-1.1516778319413135,-0.11097882203486151
0.203,0.279,0.020008325576782227,-1.1516778319413135,-0.11097882203486151
0.182,0.253,0.019988298416137695,-1.2232881507057753,-0.14818385938059356
0.19,0.173,0.02000713348388672,-1.2232881507057753,-0.14818385938059356
0.19,0.173,0.01999378204345703,-1.2232881507057753,-0.14818385938059356
0.188,0.124,0.019994497299194336,-1.2087681239840102,-0.14642206365559113
0.15,0.11,0.020004749298095703,-1.2087681239840102,-0.14642206365559113
0.111,0.099,0.020006418228149414,-1.2087681239840102,-0.14642206365559113
0.071,0.086,0.0199887752532959,-1.2087681239840102,-0.14642206365559113
-0.077,-0.055,0.020003318786621094,-1.2842182165167173,-0.17386938307933533
-0.114,-0.104,0.019999980926513672,-1.2842182165167173,-0.17386938307933533
-0.143,-0.129,0.01998734474182129,-1.2842182165167173,-0.17386938307933533
-0.166,-0.144,0.020012617111206055,-1.2456764848772683,-0.17133471318266977
-0.196,-0.15,0.02000141143798828,-1.2456764848772683,-0.17133471318266977
-0.228,-0.157,0.019994020462036133,-1.2456764848772683,-0.17133471318266977
-0.251,-0.163,0.020011186599731445,-1.2062138686821822,-0.1461760897043276
-0.264,-0.161,0.019990205764770508,-1.2062138686821822,-0.1461760897043276
-0.281,-0.157,0.0200045108795166,-1.2062138686821822,-0.1461760897043276
-0.281,-0.157,0.02000594139099121,-1.1978029832745138,-0.12220223258069489
-0.298,-0.115,0.019990921020507812,-1.1978029832745138,-0.12220223258069489
-0.313,-0.091,0.02001047134399414,-1.1978029832745138,-0.12220223258069489
-0.313,-0.091,0.01999378204345703,-1.194976933235792,-0.12737675421189018
-0.342,-0.082,0.020002126693725586,-1.194976933235792,-0.12737675421189018
-0.342,-0.082,0.020003318786621094,-1.194976933235792,-0.12737675421189018
-0.436,-0.082,0.019995450973510742,-1.194976933235792,-0.12737675421189018
-0.466,-0.069,0.020018577575683594,-1.176025410317225,-0.0964741185827839
-0.51,-0.082,0.019980907440185547,-1.176025410317225,-0.0964741185827839
-0.558,-0.093,0.019994497299194336,-1.167726086177938,-0.10054076140345844
-0.586,-0.077,0.020006418228149414,-1.167726086177938,-0.10054076140345844
-0.586,-0.077,0.02011847496032715,-1.167726086177938,-0.10054076140345844
-0.637,-0.077,0.019885778427124023,-1.167726086177938,-0.10054076140345844
-0.637,-0.077,0.01997995376586914,-1.1671903859273907,-0.10029905882232519
-0.717,-0.086,0.020015478134155273,-1.1671903859273907,-0.10029905882232519
-0.739,-0.082,0.0200040340423584,-1.1671903859273907,-0.10029905882232519
-0.759,-0.088,0.01999354362487793,-1.1671903859273907,-0.10029905882232519
-0.783,-0.081,0.02000904083251953,-1.1202030521520718,-0.06409776465400997
-0.783,-0.081,0.019997596740722656,-1.1202030521520718,-0.06409776465400997
-0.818,-0.101,0.019986867904663086,-0.9592167106375393,-0.04000849719884033
-0.846,-0.089,0.020014047622680664,-0.9592167106375393,-0.04000849719884033
-0.867,-0.101,0.0200042724609375,-0.9592167106375393,-0.04000849719884033
-0.906,-0.068,0.019991159439086914,-0.9592167106375393,-0.04000849719884033
-0.906,-0.068,0.019995927810668945,-0.9592167106375393,-0.04000849719884033
-0.935,-0.063,0.020003795623779297,-0.8903502605613967,-0.028704148602015513
-0.935,-0.063,0.020002365112304688,-0.8903502605613967,-0.028704148602015513
-0.96,-0.06,0.02000260353088379,-0.8903502605613967,-0.028704148602015513
-0.96,-0.06,0.019998788833618164,-0.8878208035699623,-0.019463245276955872
-0.964,-0.059,0.019997596740722656,-0.8878208035699623,-0.019463245276955872
-0.964,-0.059,0.019995927810668945,-0.8878208035699623,-0.019463245276955872
-0.957,-0.066,0.0200040340423584,-0.7704863489206394,-0.011517151770760771
-0.945,-0.082,0.020002365112304688,-0.7704863489206394,-0.011517151770760771
-0.945,-0.082,0.020000696182250977,-0.7704863489206394,-0.011517151770760771
-0.935,-0.083,0.01997828483581543,-0.7704863489206394,-0.011517151770760771
-0.935,-0.083,0.020012617111206055,-0.7651282973556909,-0.011166921541306682
-0.901,-0.014,0.0200042724609375,-0.7651282973556909,-0.011166921541306682
-0.907,0.026,0.020007610321044922,-0.7651282973556909,-0.011166921541306682
-0.904,0.082,0.02000284194946289,-0.6965140343159277,-0.010995900262598807
-0.904,0.082,0.01999211311340332,-0.6965140343159277,-0.010995900262598807
-0.866,0.112,0.01998114585876465,-0.32604239846337457,0.037268607612207315
-0.864,0.144,0.020016908645629883,-0.32604239846337457,0.037268607612207315
-0.831,0.13,0.020004749298095703,-0.32604239846337457,0.037268607612207315
-0.832,0.164,0.019998550415039062,-0.32604239846337457,0.037268607612207315
-0.786,0.11,0.01999688148498535,-0.28347820436413673,0.04507601202106893
-0.786,0.11,0.020003557205200195,-0.28347820436413673,0.04507601202106893
-0.645,-0.041,0.020000934600830078,-0.28347820436413673,0.04507601202106893
-0.645,-0.041,0.019992351531982422,-0.28347820436413673,0.04507601202106893
-0.626,-0.081,0.020003080368041992,0.9439649106422308,0.19735835194058604
-0.626,-0.081,0.019996166229248047,0.9439649106422308,0.19735835194058604
-0.793,-0.041,0.019994497299194336,0.9439649106422308,0.19735835194058604
-0.793,-0.041,0.020006179809570312,1.2564721540704549,0.14482787057034546
-0.625,-0.105,0.019998788833618164,1.2564721540704549,0.14482787057034546
-0.625,-0.105,0.020008325576782227,1.2564721540704549,0.14482787057034546
-0.554,0.118,0.019985198974609375,1.1894907091447056,0.14222481594189945
-0.44,-0.036,0.020013809204101562,1.1894907091447056,0.14222481594189945
-0.441,0.271,0.020002365112304688,1.1894907091447056,0.14222481594189945
-0.382,-0.029,0.019994020462036133,1.224736488932745,0.1364388669000073
-0.56,0.115,0.020005464553833008,1.224736488932745,0.1364388669000073
-0.343,0.225,0.02001333236694336,1.224736488932745,0.1364388669000073
-0.285,0.156,0.019979000091552734,1.224736488932745,0.1364388669000073
-0.325,0.0,0.0200045108795166,1.2853300179637699,0.16715643467028332
-0.248,0.013,0.020001888275146484,1.2853300179637699,0.16715643467028332
-0.228,0.056,0.019994735717773438,1.2853300179637699,0.16715643467028332
-0.228,0.056,0.01999497413635254,1.2875430148301474,0.17000171734946076
-0.256,0.125,0.020003080368041992,1.2875430148301474,0.17000171734946076
-0.256,0.125,0.020023822784423828,1.2875430148301474,0.17000171734946076
-0.232,0.189,0.01997518539428711,1.295669161432805,0.12945389435033136
-0.228,0.196,0.020004987716674805,1.295669161432805,0.12945389435033136
-0.228,0.196,0.020001888275146484,1.295669161432805,0.12945389435033136
-0.203,0.169,0.019992828369140625,1.295669161432805,0.12945389435033136
-0.186,0.167,0.020003318786621094,1.2976607776168385,0.14275337246603018
-0.141,0.179,0.020000219345092773,1.2976607776168385,0.14275337246603018
-0.141,0.179,0.02000260353088379,1.2976607776168385,0.14275337246603018
-0.099,0.098,0.019997119903564453,1.3280373605061122,0.14286693894061767
-0.074,0.086,0.020031452178955078,1.3280373605061122,0.14286693894061767
-0.067,0.09,0.01996898651123047,1.3280373605061122,0.14286693894061767
-0.067,0.09,0.01999664306640625,1.2889683287923528,0.143836769958896
-0.06,0.102,0.02001047134399414,1.2889683287923528,0.143836769958896
-0.059,0.115,0.020001649856567383,1.2889683287923528,0.143836769958896
0.071,0.154,0.01997971534729004,0.6251020207347493,0.05967900107129053
0.071,0.154,0.02001023292541504,0.6251020207347493,0.05967900107129053
0.109,0.152,0.020005464553833008,0.6251020207347493,0.05967900107129053
0.147,0.166,0.01999688148498535,0.6251020207347493,0.05967900107129053
0.147,0.166,0.019995927810668945,0.5480715770907121,0.060607172776728425
0.207,0.099,0.019999980926513672,0.5480715770907121,0.060607172776728425
0.198,0.13,0.019991159439086914,1.1886036068501924,0.1670727208633728
0.198,0.13,0.02000260353088379,1.1886036068501924,0.1670727208633728
0.247,0.07,0.01999664306640625,1.1886036068501924,0.1670727208633728
0.268,0.093,0.020019054412841797,1.1886036068501924,0.1670727208633728
0.301,0.079,0.01999187469482422,1.3115215447943147,0.13619013106592864
0.301,0.079,0.020009517669677734,1.3115215447943147,0.13619013106592864
0.327,0.08,0.019998550415039062,1.3115215447943147,0.13619013106592864
0.367,0.102,0.02000737190246582,1.3115215447943147,0.13619013106592864
0.407,0.072,0.01998424530029297,1.2984949425239365,0.11881659131847877
0.424,0.068,0.020006179809570312,1.2984949425239365,0.11881659131847877
0.441,0.076,0.02000284194946289,1.2984949425239365,0.11881659131847877
0.441,0.076,0.019997119903564453,1.2244426599813858,0.11672987367762803
0.49,0.076,0.02003955841064453,1.2244426599813858,0.11672987367762803
0.511,0.061,0.01996016502380371,1.2244426599813858,0.11672987367762803
0.511,0.061,0.01999664306640625,1.2244426599813858,0.11672987367762803
0.563,0.016,0.02000141143798828,1.219728307555033,0.11237757270450724
0.563,0.016,0.020000696182250977,1.219728307555033,0.11237757270450724
0.456,0.234,0.019994497299194336,1.219728307555033,0.11237757270450724
0.49,0.229,0.020002365112304688,1.3137924048717942,0.11393705793757676
0.49,0.229,0.020002365112304688,1.3137924048717942,0.11393705793757676
0.529,0.219,0.019997596740722656,1.3137924048717942,0.11393705793757676
0.708,0.006,0.019997358322143555,1.2551437246130077,0.09434330371766046
0.585,0.185,0.020006418228149414,1.2551437246130077,0.09434330371766046
0.695,0.029,0.019999980926513672,1.2551437246130077,0.09434330371766046
0.689,0.054,0.01999950408935547,1.0736074683542856,0.13186618448792414
0.689,0.054,0.01999807357788086,1.0736074683542856,0.13186618448792414
0.698,0.101,0.019999265670776367,1.0736074683542856,0.13186618448792414
0.738,0.061,0.019999265670776367,1.0736074683542856,0.13186618448792414
0.738,0.061,0.02000260353088379,1.1277387362474807,0.08028059389084237
0.769,0.114,0.019994258880615234,1.1277387362474807,0.08028059389084237
0.8,0.112,0.020006418228149414,1.1277387362474807,0.08028059389084237
0.82,0.11,0.01999807357788086,1.0978015185856138,0.08068672916084102
0.836,0.092,0.019998788833618164,1.0978015185856138,0.08068672916084102
0.855,0.118,0.020002365112304688,1.0978015185856138,0.08068672916084102
0.855,0.118,0.019988298416137695,0.9539963757200365,0.09753631207506529
0.873,0.099,0.020011186599731445,0.9539963757200365,0.09753631207506529
0.902,0.086,0.01999664306640625,0.9539963757200365,0.09753631207506529
0.902,0.086,0.019997596740722656,0.9539963757200365,0.09753631207506529
0.916,0.085,0.020004987716674805,0.7756180671305108,0.12975771654818816
0.916,0.085,0.019998550415039062,0.7756180671305108,0.12975771654818816
0.951,0.059,0.020005226135253906,0.7756180671305108,0.12975771654818816
0.973,0.059,0.019982337951660156,0.7910962728790225,0.1323091050051623
0.967,0.069,0.020000457763671875,0.7910962728790225,0.1323091050051623
0.975,0.054,0.020055770874023438,0.7910962728790225,0.1323091050051623
0.975,0.054,0.01995396614074707,0.7910962728790225,0.1323091050051623
1.001,0.028,0.020015716552734375,0.6135566849003525,0.12013649130715305
0.953,0.07,0.019994020462036133,0.6135566849003525,0.12013649130715305
0.981,0.003,0.01998615264892578,0.6135566849003525,0.12013649130715305
0.981,0.003,0.02001643180847168,0.827561223454952,-0.016075997037886564
0.936,0.024,0.01999831199645996,0.827561223454952,-0.016075997037886564
0.962,-0.09,0.019999265670776367,0.827561223454952,-0.016075997037886564
0.775,0.159,0.019986391067504883,0.8043479809209524,-0.015452348098034002
0.902,-0.072,0.020017623901367188,0.8043479809209524,-0.015452348098034002
0.857,-0.012,0.019998788833618164,0.8043479809209524,-0.015452348098034002
0.806,0.018,0.019991636276245117,0.17099011176735027,-0.12042214177846249
0.806,0.018,0.02000713348388672,0.17099011176735027,-0.12042214177846249
0.836,-0.039,0.019994258880615234,0.17099011176735027,-0.12042214177846249
0.834,-0.061,0.019994020462036133,0.17099011176735027,-0.12042214177846249
0.771,0.002,0.020008325576782227,1.5,-0.032540060128804914
0.739,-0.012,0.02000141143798828,1.5,-0.032540060128804914
0.739,-0.012,0.0199887752532959,1.5,-0.032540060128804914
0.707,-0.027,0.01999807357788086,1.5,-0.030544627164241517
0.706,-0.014,0.020000457763671875,1.5,-0.030544627164241517
0.702,-0.002,0.020010709762573242,1.5,-0.030544627164241517
0.702,-0.002,0.019994735717773438,1.453215871449474,-0.08549493226798563
0.704,0.038,0.020005226135253906,1.453215871449474,-0.08549493226798563
0.704,0.089,0.01999640464782715,1.453215871449474,-0.08549493226798563
0.704,0.089,0.019997835159301758,1.3941803722224633,-0.06749200073774293
0.69,0.086,0.020000934600830078,1.3941803722224633,-0.06749200073774293
0.697,0.076,0.020004987716674805,1.3941803722224633,-0.06749200073774293
0.697,0.076,0.019993305206298828,1.3941803722224633,-0.06749200073774293
0.761,-0.027,0.019999265670776367,1.3848636577258007,-0.06643264379815546
0.808,-0.064,0.0200042724609375,1.3848636577258007,-0.06643264379815546
0.855,-0.094,0.020001649856567383,1.3848636577258007,-0.06643264379815546
0.899,-0.093,0.01999950408935547,1.4283548762827991,0.011635673276918347
0.899,-0.093,0.02000284194946289,1.4283548762827991,0.011635673276918347
0.899,-0.093,0.01999640464782715,1.4283548762827991,0.011635673276918347
0.961,-0.083,0.01999521255493164,1.4280416132881735,0.00926514147006193
0.961,-0.083,0.0200040340423584,1.4280416132881735,0.00926514147006193
0.996,-0.046,0.019999265670776367,1.4280416132881735,0.00926514147006193
0.997,0.0,0.020005226135253906,1.4280416132881735,0.00926514147006193
1.012,0.039,0.019983768463134766,1.3711397150797675,-0.005708352273379513
1.054,0.061,0.02000880241394043,1.3711397150797675,-0.005708352273379513
1.054,0.061,0.020005226135253906,1.3711397150797675,-0.005708352273379513
1.101,0.033,0.019993305206298828,1.3190161647057235,-0.013956081407740918
1.101,0.033,0.020008087158203125,1.3190161647057235,-0.013956081407740918
1.148,0.019,0.01999354362487793,1.3190161647057235,-0.013956081407740918
1.194,0.011,0.020003557205200195,1.3190161647057235,-0.013956081407740918
1.222,0.019,0.020006179809570312,1.2348378046461272,-0.11230160638956177
1.255,0.021,0.019999265670776367,1.2348378046461272,-0.11230160638956177
1.293,0.019,0.02000141143798828,1.2348378046461272,-0.11230160638956177
1.303,-0.003,0.019982099533081055,1.2146940320102153,-0.11298705246298554
1.326,-0.012,0.020011425018310547,1.2146940320102153,-0.11298705246298554
1.326,-0.012,0.020009279251098633,1.2146940320102153,-0.11298705246298554
1.333,-0.028,0.0199887752532959,1.2146940320102153,-0.11298705246298554
1.315,-0.038,0.019997835159301758,1.1191617994187573,-0.15159037531681763
1.315,-0.038,0.02000141143798828,1.1191617994187573,-0.15159037531681763
1.295,-0.059,0.019986629486083984,1.1191617994187573,-0.15159037531681763
1.295,-0.059,0.02001476287841797,0.9380865130868343,-0.18967068549266716
1.253,-0.095,0.01999974250793457,0.9380865130868343,-0.18967068549266716
1.253,-0.095,0.020001649856567383,0.9380865130868343,-0.18967068549266716
1.151,-0.154,0.019995689392089844,0.9719008058798673,-0.19437407599785542
1.121,-0.158,0.020004749298095703,0.9719008058798673,-0.19437407599785542
1.083,-0.18,0.01999521255493164,0.9719008058798673,-0.19437407599785542
1.062,-0.167,0.02000594139099121,0.9578457613993464,-0.04141942051154441
1.075,-0.116,0.020025253295898438,0.9578457613993464,-0.04141942051154441
1.183,0.067,0.019965171813964844,0.9578457613993464,-0.04141942051154441
1.252,0.223,0.02000570297241211,0.6378593944459076,-0.10779998840830707
1.252,0.223,0.020004749298095703,0.6378593944459076,-0.10779998840830707
1.138,0.1,0.02001214027404785,0.6378593944459076,-0.10779998840830707
1.021,-0.039,0.019987106323242188,0.6378593944459076,-0.10779998840830707
1.021,-0.039,0.019994497299194336,0.7235119762476369,-0.10422035013622058
1.139,-0.086,0.020008087158203125,0.7235119762476369,-0.10422035013622058
1.079,-0.081,0.019997835159301758,0.7235119762476369,-0.10422035013622058
1.084,-0.009,0.02000260353088379,1.462844906428016,0.27363496438966706
1.058,-0.039,0.019997119903564453,1.462844906428016,0.27363496438966706
0.995,-0.068,0.01999664306640625,1.462844906428016,0.27363496438966706
0.995,-0.068,0.019997119903564453,1.4309249120271283,0.08837816126472309
1.01,-0.013,0.020006895065307617,1.4309249120271283,0.08837816126472309
0.967,0.012,0.019997835159301758,1.4309249120271283,0.08837816126472309
0.967,0.012,0.02000594139099121,1.4309249120271283,0.08837816126472309
0.866,0.026,0.01999664306640625,1.4434808147658251,0.08913726082051891
0.87,0.019,0.019993066787719727,1.4434808147658251,0.08913726082051891
0.854,0.077,0.02000594139099121,1.4434808147658251,0.08913726082051891
0.836,0.03,0.020005464553833008,1.1431472099619315,0.1876833506897008
0.833,0.029,0.019999980926513672,1.1431472099619315,0.1876833506897008
0.761,0.037,0.020015716552734375,1.1431472099619315,0.1876833506897008
0.778,-0.041,0.01997542381286621,1.2394557059609725,0.1970874110617422
0.778,-0.041,0.02000880241394043,1.2394557059609725,0.1970874110617422
0.723,0.023,0.019992351531982422,1.2394557059609725,0.1970874110617422
0.723,0.032,0.019999980926513672,1.2551941529218025,0.19301001639196425
0.791,0.165,0.020000934600830078,1.2551941529218025,0.19301001639196425
0.848,0.246,0.020012378692626953,1.2551941529218025,0.19301001639196425
0.9,0.298,0.019991397857666016,1.2551941529218025,0.19301001639196425
0.954,0.297,0.019996166229248047,1.2465937419501774,0.22131366232463467
0.997,0.268,0.020003557205200195,1.2465937419501774,0.22131366232463467
0.996,0.173,0.019989490509033203,1.2465937419501774,0.22131366232463467
0.996,0.173,0.020014524459838867,1.2465937419501774,0.22131366232463467
0.967,0.058,0.019991159439086914,1.2205315920316742,0.23060676685621667
0.967,0.058,0.020000219345092773,1.2205315920316742,0.23060676685621667
1.029,0.069,0.019997358322143555,1.2205315920316742,0.23060676685621667
1.029,0.069,0.019994497299194336,1.1621850857782399,0.21661260008221728
1.138,0.168,0.02000713348388672,1.1621850857782399,0.21661260008221728
1.138,0.168,0.019997596740722656,1.1621850857782399,0.21661260008221728
1.123,0.262,0.020056724548339844,0.5672719994663684,0.22898383252463733
1.127,0.271,0.01995372772216797,0.5672719994663684,0.22898383252463733
1.111,0.198,0.019995689392089844,0.5672719994663684,0.22898383252463733
1.14,0.198,0.02000141143798828,0.5297367197663824,0.2670871712906137
1.139,0.184,0.020000934600830078,0.5297367197663824,0.2670871712906137
1.139,0.184,0.020002365112304688,0.5297367197663824,0.2670871712906137
1.159,0.186,0.01999950408935547,0.5297367197663824,0.2670871712906137
1.128,0.219,0.01999640464782715,0.5289730017295518,0.26619307237699463
1.105,0.258,0.020002365112304688,0.5289730017295518,0.26619307237699463
1.058,0.292,0.020000219345092773,0.5289730017295518,0.26619307237699463
1.036,0.315,0.020000457763671875,0.34609096580796633,0.2391243302849786
1.026,0.352,0.01999950408935547,0.34609096580796633,0.2391243302849786
1.047,0.264,0.01999807357788086,0.34609096580796633,0.2391243302849786
1.222,-0.045,0.01999354362487793,0.35872364907426957,0.24084915120517403
1.222,-0.045,0.020004987716674805,0.35872364907426957,0.24084915120517403
1.284,-0.155,0.01999187469482422,0.35872364907426957,0.24084915120517403
1.014,0.185,0.020005226135253906,0.35872364907426957,0.24084915120517403
1.123,-0.082,0.01999521255493164,0.41410646637857096,0.18825034120829526
0.779,0.328,0.020005464553833008,0.41410646637857096,0.18825034120829526
0.68,0.374,0.02000570297241211,0.41410646637857096,0.18825034120829526
0.543,0.494,0.019999027252197266,0.7411607833254984,0.11692967721517798
0.544,0.452,0.01999640464782715,0.7411607833254984,0.11692967721517798
0.544,0.452,0.0199887752532959,0.7411607833254984,0.11692967721517798
0.689,0.193,0.020008563995361328,1.3025721423507313,0.1979845640015427
0.573,0.407,0.0200045108795166,1.3025721423507313,0.1979845640015427
0.756,0.188,0.019993066787719727,1.3025721423507313,0.1979845640015427
0.879,-0.055,0.01999950408935547,1.2441409678853195,0.19324549707326807
0.879,-0.055,0.019997835159301758,1.2441409678853195,0.19324549707326807
0.833,-0.047,0.02001166343688965,1.2441409678853195,0.19324549707326807
0.571,0.372,0.02001047134399414,1.2441409678853195,0.19324549707326807
0.591,0.275,0.019988536834716797,1.2476792313279523,0.2198637179915936
0.591,0.275,0.020000457763671875,1.2476792313279523,0.2198637179915936
0.728,0.162,0.02002263069152832,1.2476792313279523,0.2198637179915936
0.728,0.162,0.019968509674072266,1.2476792313279523,0.2198637179915936
0.803,0.163,0.020003318786621094,1.4324864465068776,0.1733924318276912
0.808,0.214,0.020000457763671875,1.4324864465068776,0.1733924318276912
0.82,0.243,0.020001649856567383,1.4324864465068776,0.1733924318276912
0.82,0.243,0.01998615264892578,1.4324864465068776,0.1733924318276912
0.777,0.32,0.020006418228149414,1.4324864465068776,0.1733924318276912
0.725,0.18,0.05999922752380371,-0.7334612426050245,0.036568792988482736
0.796,0.179,0.02000117301940918,-0.7870825770082542,0.00709614097955623
0.879,0.212,0.019992589950561523,-0.8429062411843143,-0.046652836620998735
0.879,0.212,0.02001023292541504,-0.8429062411843143,-0.046652836620998735
0.954,0.174,0.02001047134399414,-0.8429062411843143,-0.046652836620998735
0.947,0.114,0.019990921020507812,-0.8429062411843143,-0.046652836620998735
0.948,0.089,0.020000457763671875,-0.33979993171964995,-0.09060633443875171
0.943,0.068,0.02000117301940918,-0.33979993171964995,-0.09060633443875171
0.943,0.068,0.01998758316040039,-0.33979993171964995,-0.09060633443875171
0.909,0.016,0.020009517669677734,-0.1722730728244606,-0.32985511585868943
0.899,0.02,0.02000284194946289,-0.1722730728244606,-0.32985511585868943
0.876,0.023,0.02000141143798828,-0.1722730728244606,-0.32985511585868943
0.876,0.023,0.019992589950561523,-0.16315198241657927,-0.36337417050770854
0.837,-0.01,0.02000570297241211,-0.16315198241657927,-0.36337417050770854
0.837,-0.01,0.020003795623779297,-0.16315198241657927,-0.36337417050770854
0.81,-0.044,0.019997358322143555,-0.16315198241657927,-0.36337417050770854
0.783,-0.088,0.01999950408935547,-0.24447814386111405,-0.34814827309316854
0.738,-0.168,0.020001888275146484,-0.24447814386111405,-0.34814827309316854
0.738,-0.168,0.020004987716674805,-0.24447814386111405,-0.34814827309316854
0.665,-0.344,0.019993066787719727,-0.19995922795899543,-0.15657791553320446
0.634,-0.351,0.02000737190246582,-0.19995922795899543,-0.15657791553320446
0.689,-0.255,0.01998591423034668,-0.19995922795899543,-0.15657791553320446
0.715,-0.195,0.01999378204345703,-0.18428763380698404,-0.16404446904439726
0.715,-0.195,0.02002549171447754,-0.18428763380698404,-0.16404446904439726
0.726,-0.108,0.019982099533081055,-0.18428763380698404,-0.16404446904439726
0.478,-0.43,0.020001888275146484,-0.18428763380698404,-0.16404446904439726
0.386,-0.5,0.020001888275146484,-0.18763350479439253,-0.1657359932910407
0.326,-0.253,0.020021915435791016,-0.18763350479439253,-0.1657359932910407
0.428,-0.34,0.01997971534729004,-0.18763350479439253,-0.1657359932910407
0.428,-0.34,0.01999187469482422,-0.18763350479439253,-0.1657359932910407
0.286,-0.175,0.020002126693725586,-0.21412048923098134,-0.16473369268226906
0.286,-0.175,0.020016908645629883,-0.21412048923098134,-0.16473369268226906
0.196,-0.086,0.01998424530029297,-0.21412048923098134,-0.16473369268226906
0.196,-0.086,0.020000934600830078,0.504205069294989,-0.01488377590921498
0.085,-0.048,0.020001649856567383,0.504205069294989,-0.01488377590921498
0.085,-0.048,0.019998788833618164,0.504205069294989,-0.01488377590921498
0.085,-0.048,0.020009994506835938,1.1397057308935454,-0.05394631142133483
0.116,-0.047,0.019989728927612305,1.1397057308935454,-0.05394631142133483
0.116,-0.047,0.020001888275146484,1.1397057308935454,-0.05394631142133483
0.12,0.009,0.01999831199645996,1.1292538708394275,-0.028871684913001808
0.195,0.055,0.020003795623779297,1.1292538708394275,-0.028871684913001808
0.195,0.055,0.019994497299194336,1.1292538708394275,-0.028871684913001808
0.188,-0.099,0.019955873489379883,1.4027164090730417,-0.021866901259958205
0.221,-0.097,0.02004551887512207,1.4027164090730417,-0.021866901259958205
0.261,-0.08,0.020005226135253906,1.4027164090730417,-0.021866901259958205
0.297,-0.051,0.019997119903564453,1.4027164090730417,-0.021866901259958205
0.316,-0.026,0.02000594139099121,1.421157144329837,-0.020979365594215746
0.316,-0.026,0.020001649856567383,1.421157144329837,-0.020979365594215746
0.3,0.059,0.01999354362487793,1.421157144329837,-0.020979365594215746
0.318,0.051,0.019997835159301758,1.4817913584720046,-0.029399935602813825
0.331,0.002,0.020000934600830078,1.4817913584720046,-0.029399935602813825
0.343,-0.046,0.0200042724609375,1.4817913584720046,-0.029399935602813825
0.375,-0.049,0.019993066787719727,1.4642146856604592,-0.04658346266144087
0.421,-0.052,0.01999950408935547,1.4642146856604592,-0.04658346266144087
0.463,-0.071,0.02000570297241211,1.4642146856604592,-0.04658346266144087
0.463,-0.071,0.019999980926513672,1.4642146856604592,-0.04658346266144087
0.502,-0.088,0.019997835159301758,1.4363194199230045,-0.04761183775288732
0.51,-0.062,0.020006179809570312,1.4363194199230045,-0.04761183775288732
0.532,-0.037,0.01999664306640625,1.4363194199230045,-0.04761183775288732
0.532,-0.037,0.019993305206298828,1.4439412020120275,-0.02151928329919884
0.617,-0.018,0.020001649856567383,1.4439412020120275,-0.02151928329919884
0.661,-0.014,0.02000260353088379,1.4439412020120275,-0.02151928329919884
0.692,-0.005,0.019992589950561523,1.4032287066055915,-0.044987386950297435
0.692,-0.005,0.020014524459838867,1.4032287066055915,-0.044987386950297435
0.748,-0.027,0.019993066787719727,1.4032287066055915,-0.044987386950297435
0.748,-0.027,0.020005226135253906,1.4032287066055915,-0.044987386950297435
0.772,-0.03,0.019991159439086914,1.4323506406852606,-0.0403603334136829
0.791,-0.031,0.020003080368041992,1.4323506406852606,-0.0403603334136829
0.8,-0.04,0.019996166229248047,1.4323506406852606,-0.0403603334136829
0.8,-0.04,0.02000117301940918,1.3895454567272,-0.022308246474340456
0.811,-0.041,0.019999027252197266,1.3895454567272,-0.022308246474340456
0.823,-0.041,0.02000284194946289,1.3895454567272,-0.022308246474340456
0.828,-0.033,0.020007848739624023,1.2225880277979921,-0.032885604729261844
0.858,-0.027,0.019992828369140625,1.2225880277979921,-0.032885604729261844
0.867,-0.014,0.020003318786621094,1.2225880277979921,-0.032885604729261844
0.886,-0.012,0.01999211311340332,1.2797042115832693,-0.029765357692565685
0.886,-0.012,0.019999265670776367,1.2797042115832693,-0.029765357692565685
0.901,-0.012,0.020005464553833008,1.2797042115832693,-0.029765357692565685
0.912,-0.005,0.020003557205200195,1.2797042115832693,-0.029765357692565685
0.927,-0.005,0.020010948181152344,1.4126887571249607,0.094209926328143
0.948,-0.021,0.019981861114501953,1.4126887571249607,0.094209926328143
0.96,-0.003,0.020008087158203125,1.4126887571249607,0.094209926328143
0.979,-0.006,0.019995927810668945,1.2470544707158857,0.08272790448359771
0.979,-0.006,0.020000696182250977,1.2470544707158857,0.08272790448359771
1.021,0.025,0.020005226135253906,1.2470544707158857,0.08272790448359771
1.037,0.014,0.019998788833618164,1.2470544707158857,0.08272790448359771
1.065,0.029,0.020003080368041992,1.2708610746114744,0.0826917096334776
1.097,0.017,0.019999027252197266,1.2708610746114744,0.0826917096334776
1.097,0.017,0.020002365112304688,1.2708610746114744,0.0826917096334776
1.14,0.037,0.02000570297241211,1.199916419066089,0.09337777028660782
1.17,0.031,0.020003080368041992,1.199916419066089,0.09337777028660782
1.17,0.031,0.019978046417236328,1.199916419066089,0.09337777028660782
1.204,0.041,0.02001333236694336,1.1596083796354772,0.11366449956680298
1.225,0.057,0.019995927810668945,1.1596083796354772,0.11366449956680298
1.242,0.051,0.0200045108795166,1.1596083796354772,0.11366449956680298
1.242,0.051,0.020063400268554688,1.1596083796354772,0.11366449956680298
1.246,0.061,0.019927024841308594,1.1723670227234415,0.11344421554136012
1.246,0.061,0.0200042724609375,1.1723670227234415,0.11344421554136012
1.225,0.084,0.02000141143798828,1.1723670227234415,0.11344421554136012
1.219,0.093,0.0200045108795166,1.1661776806967559,-0.10853740657226876
1.197,0.115,0.019991397857666016,1.1661776806967559,-0.10853740657226876
1.197,0.115,0.020002365112304688,1.1661776806967559,-0.10853740657226876
1.194,0.138,0.019990921020507812,1.1701992225524676,-0.1089908781655366
1.188,0.119,0.020021438598632812,1.1701992225524676,-0.1089908781655366
1.188,0.119,0.019987106323242188,1.1701992225524676,-0.1089908781655366
1.188,0.042,0.01999688148498535,1.1701992225524676,-0.1089908781655366
1.188,0.042,0.01998734474182129,1.464976455785855,0.04555246921184648
1.187,-0.025,0.020003557205200195,1.464976455785855,0.04555246921184648
1.184,-0.059,0.020006656646728516,1.464976455785855,0.04555246921184648
1.187,-0.076,0.020003080368041992,1.1257173722868223,0.13026624496760736
1.187,-0.076,0.019995927810668945,1.1257173722868223,0.13026624496760736
1.196,-0.07,0.020021677017211914,1.1257173722868223,0.13026624496760736
1.189,-0.035,0.01998114585876465,1.010150576666513,0.11175211976893634
1.187,-0.001,0.020002126693725586,1.010150576666513,0.11175211976893634
1.178,0.04,0.019997835159301758,1.010150576666513,0.11175211976893634
1.168,0.026,0.02000284194946289,1.010150576666513,0.11175211976893634
1.168,0.026,0.019999980926513672,0.9404125287370294,0.12335089796529763
1.168,0.026,0.02000880241394043,0.9404125287370294,0.12335089796529763
1.159,0.01,0.019995450973510742,0.9404125287370294,0.12335089796529763
1.142,-0.018,0.01999807357788086,1.1197845977980556,0.11238464782312876
1.142,-0.018,0.02000570297241211,1.1197845977980556,0.11238464782312876
1.099,-0.002,0.019992828369140625,1.1197845977980556,0.11238464782312876
1.085,-0.042,0.020001888275146484,0.8751915850732673,0.09866939664558201
1.079,-0.036,0.02000141143798828,0.8751915850732673,0.09866939664558201
1.079,-0.036,0.01999640464782715,0.8751915850732673,0.09866939664558201
1.026,0.014,0.020001649856567383,0.8751915850732673,0.09866939664558201
1.021,-0.013,0.020002126693725586,0.832839055101017,0.09422714295590687
1.021,-0.013,0.020021438598632812,0.832839055101017,0.09422714295590687
0.984,-0.019,0.019973278045654297,0.832839055101017,0.09422714295590687
0.963,-0.027,0.019991159439086914,0.7783871545330083,0.05983106472500444
0.879,0.069,0.02002096176147461,0.7783871545330083,0.05983106472500444
0.923,-0.021,0.019991636276245117,0.7783871545330083,0.05983106472500444
0.895,-0.013,0.019999980926513672,1.052781446191109,0.09682733238659377
0.895,-0.013,0.020001888275146484,1.052781446191109,0.09682733238659377
0.825,0.054,0.020001649856567383,1.052781446191109,0.09682733238659377
0.825,0.054,0.020015239715576172,1.052781446191109,0.09682733238659377
0.824,0.035,0.01997065544128418,1.3158566364946525,0.08758080315201879
0.842,0.018,0.02000284194946289,1.3158566364946525,0.08758080315201879
0.842,0.018,0.0200197696685791,1.3158566364946525,0.08758080315201879
0.842,0.018,0.01998281478881836,1.1268111588613887,0.08702365377435595
0.821,0.102,0.02001190185546875,1.1268111588613887,0.08702365377435595
0.841,0.122,0.019987821578979492,1.1268111588613887,0.08702365377435595
0.834,0.157,0.02001333236694336,0.7668155920536653,0.005788670412623544
0.851,0.164,0.01999807357788086,0.7668155920536653,0.005788670412623544
0.851,0.164,0.019984006881713867,0.7668155920536653,0.005788670412623544
0.806,0.22,0.02000904083251953,0.7668155920536653,0.005788670412623544
0.784,0.2,0.019995450973510742,0.7760994008831822,0.0031560555772537327
0.784,0.2,0.02002692222595215,0.7760994008831822,0.0031560555772537327
0.761,0.137,0.019980192184448242,0.7760994008831822,0.0031560555772537327
0.762,0.09,0.019995689392089844,0.787031730407116,-0.014278720795101254
0.768,0.027,0.019985675811767578,0.787031730407116,-0.014278720795101254
0.765,0.006,0.020013093948364258,0.787031730407116,-0.014278720795101254
0.774,-0.004,0.02000141143798828,0.787031730407116,-0.014278720795101254
0.775,-0.005,0.020002365112304688,0.7716006486320008,-0.014924514413019502
0.784,0.002,0.019993305206298828,0.7716006486320008,-0.014924514413019502
0.78,-0.001,0.02002096176147461,0.7716006486320008,-0.014924514413019502
0.783,0.0,0.0199887752532959,0.7607885298731893,-0.01673156084776193
0.782,0.008,0.019994020462036133,0.7607885298731893,-0.01673156084776193
0.782,0.008,0.019997596740722656,0.7607885298731893,-0.01673156084776193
0.787,0.013,0.02000141143798828,0.7609096689622434,-0.02191213874062824
0.778,0.019,0.02000260353088379,0.7609096689622434,-0.02191213874062824
0.778,0.019,0.019999980926513672,0.7609096689622434,-0.02191213874062824
0.778,0.013,0.02000141143798828,1.2683260082263703,-0.14546511244481192
0.776,0.01,0.019992589950561523,1.2683260082263703,-0.14546511244481192
0.776,0.01,0.0200042724609375,1.2683260082263703,-0.14546511244481192
0.778,-0.005,0.019980669021606445,1.2887862927126708,-0.18776108228807956
0.784,-0.039,0.02001810073852539,1.2887862927126708,-0.18776108228807956
0.793,-0.073,0.019997119903564453,1.2887862927126708,-0.18776108228807956
0.793,-0.073,0.02000260353088379,1.2887862927126708,-0.18776108228807956
0.819,-0.118,0.02000904083251953,1.262204430327889,-0.14971581832358624
0.83,-0.129,0.019997358322143555,1.262204430327889,-0.14971581832358624
0.857,-0.152,0.02000117301940918,1.262204430327889,-0.14971581832358624
0.874,-0.146,0.01999974250793457,1.2655957036948666,-0.15008505822464294
0.874,-0.146,0.02000141143798828,1.2655957036948666,-0.15008505822464294
0.897,-0.154,0.019997119903564453,1.2655957036948666,-0.15008505822464294
0.915,-0.153,0.0200040340423584,1.2655957036948666,-0.15008505822464294
0.915,-0.153,0.019982099533081055,1.2515892041400212,-0.08764013070206722
0.948,-0.153,0.02001500129699707,1.2515892041400212,-0.08764013070206722
0.934,-0.103,0.019998788833618164,1.2515892041400212,-0.08764013070206722
0.934,-0.103,0.019998550415039062,1.1835432171830127,-0.0837788331940278
0.92,-0.057,0.019997596740722656,1.1835432171830127,-0.0837788331940278
0.934,-0.031,0.02000284194946289,1.1835432171830127,-0.0837788331940278
0.961,-0.033,0.01998424530029297,1.1580208391560267,-0.1530883371345455
0.988,-0.053,0.020007610321044922,1.1580208391560267,-0.1530883371345455
1.016,-0.053,0.020003557205200195,1.1580208391560267,-0.1530883371345455
1.044,-0.075,0.019997835159301758,1.1580208391560267,-0.1530883371345455
1.09,-0.092,0.020004987716674805,1.1895789138537818,-0.15527278424335367
1.09,-0.092,0.019999027252197266,1.1895789138537818,-0.15527278424335367
1.149,-0.096,0.0200042724609375,1.1895789138537818,-0.15527278424335367
1.173,-0.11,0.019999265670776367,1.1426891644312989,-0.13922337119478312
1.189,-0.11,0.019992589950561523,1.1426891644312989,-0.13922337119478312
1.192,-0.113,0.020015478134155273,1.1426891644312989,-0.13922337119478312
1.206,-0.117,0.019986867904663086,1.1426891644312989,-0.13922337119478312
1.213,-0.136,0.020009517669677734,1.1208041175236871,-0.12698619393620092
1.223,-0.156,0.019995689392089844,1.1208041175236871,-0.12698619393620092
1.205,-0.145,0.019997119903564453,1.1208041175236871,-0.12698619393620092
1.205,-0.145,0.019994735717773438,1.1401842796765362,-0.13064360277073483
1.182,-0.187,0.020002126693725586,1.1401842796765362,-0.13064360277073483
1.181,-0.181,0.020006418228149414,1.1401842796765362,-0.13064360277073483
1.181,-0.181,0.019995927810668945,1.01895126393199,-0.053314751722092914
1.183,-0.199,0.020004987716674805,1.01895126393199,-0.053314751722092914
1.188,-0.16,0.019994735717773438,1.01895126393199,-0.053314751722092914
1.229,-0.057,0.019999265670776367,0.9978295497117374,-0.052258743517288535
1.242,-0.004,0.019995927810668945,0.9978295497117374,-0.052258743517288535
1.22,0.001,0.020001888275146484,0.9978295497117374,-0.052258743517288535
1.201,0.065,0.019994258880615234,0.9978295497117374,-0.052258743517288535
1.206,0.128,0.020007848739624023,0.9342995594771688,-0.05421709063010283
1.206,0.128,0.01999521255493164,0.9342995594771688,-0.05421709063010283
1.146,0.135,0.020003318786621094,0.9342995594771688,-0.05421709063010283
1.074,0.072,0.01999640464782715,0.8859453332378263,-0.0744272889072159
1.062,0.085,0.020018577575683594,0.8859453332378263,-0.0744272889072159
1.084,0.149,0.020000457763671875,0.8859453332378263,-0.0744272889072159
1.015,0.046,0.01998734474182129,0.8859453332378263,-0.0744272889072159
1.011,0.036,0.019998788833618164,0.8374479747697358,-0.07154738736945024
1.052,0.035,0.019995927810668945,0.8374479747697358,-0.07154738736945024
1.053,-0.028,0.020006656646728516,0.8374479747697358,-0.07154738736945024
1.039,-0.011,0.020000219345092773,0.8266448368566002,-0.06759877961492139
1.026,0.034,0.01999497413635254,0.8266448368566002,-0.06759877961492139
1.005,0.035,0.020007610321044922,0.8266448368566002,-0.06759877961492139
1.005,0.035,0.019962787628173828,0.8471812882321601,-0.08632428685871818
0.981,0.036,0.020055055618286133,0.8471812882321601,-0.08632428685871818
0.981,0.036,0.019971847534179688,0.8471812882321601,-0.08632428685871818
0.912,0.023,0.020005464553833008,0.7800857035229329,-0.07584073414591645
0.823,-0.045,0.019994258880615234,0.7800857035229329,-0.07584073414591645
0.84,0.007,0.020001888275146484,0.7800857035229329,-0.07584073414591645
0.82,0.001,0.020000934600830078,0.7800857035229329,-0.07584073414591645
0.776,-0.04,0.019997358322143555,0.9407538479157248,-0.09076219429768088
0.778,-0.036,0.020003795623779297,0.9407538479157248,-0.09076219429768088
0.775,0.002,0.01999974250793457,0.9407538479157248,-0.09076219429768088
0.748,-0.013,0.019997596740722656,0.937905822134495,-0.1029405288637842
0.748,-0.013,0.020002126693725586,0.937905822134495,-0.1029405288637842
0.754,-0.062,0.02001166343688965,0.937905822134495,-0.1029405288637842
0.761,-0.099,0.019992828369140625,0.937905822134495,-0.1029405288637842
0.778,-0.156,0.019998788833618164,0.8947009952087093,-0.10503053967666291
0.77,-0.205,0.02000570297241211,0.8947009952087093,-0.10503053967666291
0.777,-0.241,0.019995927810668945,0.8947009952087093,-0.10503053967666291
0.783,-0.242,0.019999265670776367,0.9041475743920266,-0.10663092774892513
0.792,-0.25,0.01999521255493164,0.9041475743920266,-0.10663092774892513
0.766,-0.217,0.01999950408935547,0.9041475743920266,-0.10663092774892513
0.747,-0.123,0.020007848739624023,0.9502607178657219,-0.11877259658164564
0.747,-0.123,0.020002126693725586,0.9502607178657219,-0.11877259658164564
0.752,-0.056,0.01999354362487793,0.9502607178657219,-0.11877259658164564
0.783,-0.048,0.019994258880615234,0.909710662594162,-0.12235902830387868
0.828,-0.054,0.0200045108795166,0.909710662594162,-0.12235902830387868
0.867,-0.066,0.020000934600830078,0.909710662594162,-0.12235902830387868
0.867,-0.066,0.01999974250793457,0.909710662594162,-0.12235902830387868
0.9,-0.093,0.02001047134399414,0.8823942454261487,-0.12373395049843935
0.907,-0.112,0.019993305206298828,0.8823942454261487,-0.12373395049843935
0.896,-0.102,0.020007610321044922,0.8823942454261487,-0.12373395049843935
0.885,-0.105,0.01999378204345703,1.0302342102499318,-0.14989051339307027
0.891,-0.126,0.019992828369140625,1.0302342102499318,-0.14989051339307027
0.889,-0.132,0.01999664306640625,1.0302342102499318,-0.14989051339307027
0.891,-0.148,0.020013093948364258,1.1413615688151106,-0.1669619173631977
0.899,-0.146,0.019997119903564453,1.1413615688151106,-0.1669619173631977
0.922,-0.163,0.019990205764770508,1.1413615688151106,-0.1669619173631977
0.945,-0.152,0.020009279251098633,1.1413615688151106,-0.1669619173631977
0.98,-0.11,0.019998788833618164,1.1619713954132773,-0.14805050082206736
1.024,-0.078,0.01999807357788086,1.1619713954132773,-0.14805050082206736
1.037,-0.077,0.020002126693725586,1.1619713954132773,-0.14805050082206736
1.064,-0.049,0.019997358322143555,1.1157689075202992,-0.1326125592259033
1.083,-0.059,0.020002365112304688,1.1157689075202992,-0.1326125592259033
1.083,-0.059,0.019993305206298828,1.1157689075202992,-0.1326125592259033
1.109,-0.04,0.019999027252197266,0.863071081750274,-0.10881637909952079
1.12,-0.038,0.020005226135253906,0.863071081750274,-0.10881637909952079
1.12,-0.038,0.01999640464782715,0.863071081750274,-0.10881637909952079
1.121,-0.05,0.02000904083251953,0.863071081750274,-0.10881637909952079
1.136,-0.024,0.019991159439086914,0.8154297703035421,-0.10295364758352205
1.132,-0.026,0.02000141143798828,0.8154297703035421,-0.10295364758352205
1.138,-0.032,0.020007610321044922,0.8154297703035421,-0.10295364758352205
1.147,0.01,0.019992589950561523,0.7062972646067484,-0.06311762835089481
1.092,-0.053,0.01999831199645996,0.7062972646067484,-0.06311762835089481
1.077,-0.044,0.020003557205200195,0.7062972646067484,-0.06311762835089481
1.053,-0.036,0.01999354362487793,0.7062972646067484,-0.06311762835089481
1.013,-0.033,0.020005226135253906,0.9420555088464728,-0.1255317595334695
0.995,-0.003,0.019999027252197266,0.9420555088464728,-0.1255317595334695
0.982,0.035,0.020024538040161133,0.9420555088464728,-0.1255317595334695
0.959,0.037,0.019989013671875,1.1587548498027107,-0.14004194453528168
0.934,0.035,0.019998788833618164,1.1587548498027107,-0.14004194453528168
0.935,0.043,0.01999664306640625,1.1587548498027107,-0.14004194453528168
0.935,0.043,0.019993305206298828,0.7262107939152106,-0.14847369890381132
0.925,-0.008,0.01999497413635254,0.7262107939152106,-0.14847369890381132
0.905,-0.093,0.02000570297241211,0.7262107939152106,-0.14847369890381132
0.905,-0.093,0.019999027252197266,0.9838194206092216,-0.1460160408434294
0.905,-0.093,0.02000260353088379,0.9838194206092216,-0.1460160408434294
0.914,-0.093,0.01999688148498535,0.9838194206092216,-0.1460160408434294
0.9,-0.142,0.019995450973510742,0.9838194206092216,-0.1460160408434294
0.917,-0.098,0.02000594139099121,1.0088978356436402,-0.14529535498662857
0.917,-0.098,0.02001786231994629,1.0088978356436402,-0.14529535498662857
0.877,-0.084,0.019985675811767578,1.0088978356436402,-0.14529535498662857
0.861,-0.102,0.020003795623779297,0.9636676531462156,-0.13098693828497804
0.848,-0.108,0.020024538040161133,0.9636676531462156,-0.13098693828497804
0.848,-0.108,0.01996302604675293,0.9636676531462156,-0.13098693828497804
0.872,-0.105,0.01999688148498535,1.361726222820965,-0.143477486431649
0.905,-0.096,0.020004749298095703,1.361726222820965,-0.143477486431649
0.923,-0.117,0.020008563995361328,1.361726222820965,-0.143477486431649
0.928,-0.146,0.01998448371887207,1.361726222820965,-0.143477486431649
0.958,-0.126,0.02000880241394043,1.3757236145538339,-0.14172417040378976
0.99,-0.129,0.019995450973510742,1.3757236145538339,-0.14172417040378976
0.966,-0.159,0.02000570297241211,1.3757236145538339,-0.14172417040378976
0.997,-0.135,0.01999640464782715,1.1256444924768372,-0.14911960137774893
1.037,-0.125,0.020000696182250977,1.1256444924768372,-0.14911960137774893
1.037,-0.125,0.01999831199645996,1.1256444924768372,-0.14911960137774893
1.037,-0.125,0.020009994506835938,1.1256444924768372,-0.14911960137774893
1.087,-0.124,0.01999211311340332,1.083264426289003,-0.14390135252113564
1.096,-0.144,0.020002126693725586,1.083264426289003,-0.14390135252113564
1.124,-0.1,0.020001888275146484,1.083264426289003,-0.14390135252113564
1.124,-0.1,0.01999521255493164,1.1185963614415178,-0.1499346655055164
1.114,-0.115,0.019998550415039062,1.1185963614415178,-0.1499346655055164
1.152,-0.097,0.020004749298095703,1.1185963614415178,-0.1499346655055164
1.16,-0.065,0.019999265670776367,0.9090958414699658,-0.11908884361947193
1.19,-0.066,0.020002126693725586,0.9090958414699658,-0.11908884361947193
1.201,-0.063,0.02000260353088379,0.9090958414699658,-0.11908884361947193
1.155,-0.103,0.01999640464782715,0.8607468298278631,-0.10689029681270566
1.159,-0.089,0.02000260353088379,0.8607468298278631,-0.10689029681270566
1.113,-0.151,0.020000457763671875,0.8607468298278631,-0.10689029681270566
1.119,-0.099,0.019999265670776367,0.8607468298278631,-0.10689029681270566
1.171,0.008,0.019994735717773438,1.0580465105639087,-0.11542212862054073
1.085,-0.086,0.02000260353088379,1.0580465105639087,-0.11542212862054073
1.106,-0.022,0.019994497299194336,1.0580465105639087,-0.11542212862054073
1.122,0.016,0.01999974250793457,1.3605477485110178,-0.010292112187009034
1.028,-0.076,0.020004749298095703,1.3605477485110178,-0.010292112187009034
1.028,-0.076,0.020002365112304688,1.3605477485110178,-0.010292112187009034
1.069,0.01,0.01999354362487793,1.1099399997769672,-0.10106869967567601
1.069,0.01,0.019998788833618164,1.1099399997769672,-0.10106869967567601
1.054,0.009,0.019999265670776367,1.1099399997769672,-0.10106869967567601
1.028,-0.013,0.019999265670776367,1.0929045807179443,-0.09676120025001361
1.016,-0.066,0.02000141143798828,1.0929045807179443,-0.09676120025001361
1.015,-0.065,0.020008563995361328,1.0929045807179443,-0.09676120025001361
1.032,-0.03,0.020000219345092773,1.0929045807179443,-0.09676120025001361
1.032,-0.03,0.020002126693725586,1.0569134813929526,-0.09512988532035885
0.994,-0.087,0.019997835159301758,1.0569134813929526,-0.09512988532035885
0.994,-0.087,0.019998788833618164,1.0569134813929526,-0.09512988532035885
1.013,-0.056,0.020002126693725586,1.1517154918114374,-0.04926429168247597
0.985,-0.106,0.019990921020507812,1.1517154918114374,-0.04926429168247597
0.985,-0.106,0.020011186599731445,1.1517154918114374,-0.04926429168247597
1.026,-0.061,0.019999265670776367,1.0012038086019432,-0.049205818882856835
1.043,-0.056,0.01999497413635254,1.0012038086019432,-0.049205818882856835
1.062,-0.05,0.02000284194946289,1.0012038086019432,-0.049205818882856835
1.041,-0.082,0.020002126693725586,1.0012038086019432,-0.049205818882856835
1.054,-0.051,0.019993305206298828,0.9374565492104867,-0.059072124214931035
1.074,-0.039,0.020005226135253906,0.9374565492104867,-0.059072124214931035
1.042,-0.092,0.019992589950561523,0.9374565492104867,-0.059072124214931035
1.042,-0.092,0.019973278045654297,0.7625848486517229,-0.040413173874285606
1.042,-0.092,0.020033597946166992,0.7625848486517229,-0.040413173874285606
1.032,-0.101,0.020005226135253906,0.7625848486517229,-0.040413173874285606
1.018,-0.082,0.01999068260192871,0.7625848486517229,-0.040413173874285606
1.049,0.009,0.02000570297241211,1.4182841900118441,-0.012574152655006469
1.049,0.009,0.020002365112304688,1.4182841900118441,-0.012574152655006469
0.988,-0.001,0.019998550415039062,1.4182841900118441,-0.012574152655006469
0.989,0.023,0.019996166229248047,1.261261150616828,0.01546813063655873
0.989,0.023,0.020005464553833008,1.261261150616828,0.01546813063655873
0.92,-0.004,0.020002126693725586,1.261261150616828,0.01546813063655873
0.949,0.053,0.019988536834716797,1.2766068798137964,0.018074518574723277
0.9,-0.024,0.02000141143798828,1.2766068798137964,0.018074518574723277
0.93,0.019,0.02000594139099121,1.2766068798137964,0.018074518574723277
0.93,0.019,0.02000117301940918,1.2766068798137964,0.018074518574723277
0.914,-0.032,0.020003080368041992,1.2598274819670154,-0.0058254682718483315
0.914,-0.032,0.019995927810668945,1.2598274819670154,-0.0058254682718483315
0.914,-0.044,0.019992828369140625,1.2598274819670154,-0.0058254682718483315
0.893,-0.082,0.019999027252197266,1.2531162569922123,0.0436047980231147
0.891,-0.085,0.020001649856567383,1.2531162569922123,0.0436047980231147
0.916,-0.072,0.019999980926513672,1.2531162569922123,0.0436047980231147
0.912,-0.084,0.01999521255493164,1.2611810526194627,0.04442783688558628
0.912,-0.084,0.020000457763671875,1.2611810526194627,0.04442783688558628
0.912,-0.084,0.020002365112304688,1.2611810526194627,0.04442783688558628
0.938,-0.074,0.020006179809570312,1.2611810526194627,0.04442783688558628
0.99,-0.037,0.020018815994262695,1.27398137940166,0.0899737078460749
1.053,-0.002,0.019977331161499023,1.27398137940166,0.0899737078460749
1.107,0.015,0.01999974250793457,1.27398137940166,0.0899737078460749
1.153,0.047,0.019994020462036133,1.1004123877237137,-0.028824285287343876
1.153,0.047,0.020009756088256836,1.1004123877237137,-0.028824285287343876
1.212,0.082,0.019999980926513672,1.1004123877237137,-0.028824285287343876
1.217,0.091,0.01999640464782715,1.1004123877237137,-0.028824285287343876
1.231,0.06,0.020003080368041992,1.4584089391462902,0.08022322597943526
1.218,0.026,0.02000570297241211,1.4584089391462902,0.08022322597943526
1.191,0.008,0.019994258880615234,1.4584089391462902,0.08022322597943526
1.191,0.008,0.019984722137451172,1.4257955148257886,0.08017448751134186
1.202,-0.032,0.020012855529785156,1.4257955148257886,0.08017448751134186
1.227,-0.023,0.0200042724609375,1.4257955148257886,0.08017448751134186
1.231,-0.014,0.020003080368041992,1.4202327351836768,0.1489299202624414
1.231,-0.014,0.019957780838012695,1.4202327351836768,0.1489299202624414
1.267,0.019,0.020029067993164062,1.4202327351836768,0.1489299202624414
1.289,0.043,0.02000594139099121,1.4348126650308868,0.1432753638996061
1.298,0.059,0.019997119903564453,1.4348126650308868,0.1432753638996061
1.298,0.059,0.019997358322143555,1.4348126650308868,0.1432753638996061
1.321,0.064,0.01999354362487793,1.4348126650308868,0.1432753638996061
1.332,0.092,0.02001166343688965,1.4514909758053076,0.1388557928651204
1.332,0.092,0.01999807357788086,1.4514909758053076,0.1388557928651204
1.34,0.085,0.019997358322143555,1.4514909758053076,0.1388557928651204
1.354,0.097,0.020001649856567383,1.1785225094519158,0.23216607079223317
1.367,0.085,0.020003557205200195,1.1785225094519158,0.23216607079223317
1.384,0.078,0.019994735717773438,1.1785225094519158,0.23216607079223317
1.373,0.097,0.020009517669677734,1.1824411581291971,0.18998451587934526
1.373,0.102,0.020000457763671875,1.1824411581291971,0.18998451587934526
1.371,0.11,0.02002429962158203,1.1824411581291971,0.18998451587934526
1.363,0.107,0.01998591423034668,1.1824411581291971,0.18998451587934526
1.348,0.146,0.01998591423034668,1.1965349711872555,0.19164941333498106
1.318,0.162,0.019997596740722656,1.1965349711872555,0.19164941333498106
1.304,0.179,0.020000457763671875,1.1965349711872555,0.19164941333498106
1.279,0.215,0.02001023292541504,0.9145688840967828,0.18773393091377893
1.268,0.229,0.01998591423034668,0.9145688840967828,0.18773393091377893
1.251,0.241,0.019999027252197266,0.9145688840967828,0.18773393091377893
1.241,0.229,0.020003795623779297,0.8652477457906826,0.14748733952595033
1.251,0.195,0.020006179809570312,0.8652477457906826,0.14748733952595033
1.328,0.023,0.01999497413635254,0.8652477457906826,0.14748733952595033
1.328,0.023,0.01999640464782715,0.8652477457906826,0.14748733952595033
1.328,0.023,0.02000713348388672,0.8549466092239004,0.14482707105526332
1.33,-0.093,0.019987106323242188,0.8549466092239004,0.14482707105526332
1.246,-0.056,0.020015716552734375,0.8549466092239004,0.14482707105526332
1.208,-0.065,0.01999354362487793,1.4451921606563025,-0.001153487435064684
1.183,-0.096,0.0200045108795166,1.4451921606563025,-0.001153487435064684
1.183,-0.096,0.02000260353088379,1.4451921606563025,-0.001153487435064684
1.166,-0.15,0.019996166229248047,1.3514345231540774,0.27469219288905217
1.116,-0.112,0.02001953125,1.3514345231540774,0.27469219288905217
1.047,-0.017,0.019975900650024414,1.3514345231540774,0.27469219288905217
1.101,-0.049,0.01999831199645996,1.3514345231540774,0.27469219288905217
1.107,0.03,0.01999807357788086,1.3428028604637594,0.27348470668189867
1.083,0.068,0.020002126693725586,1.3428028604637594,0.27348470668189867
1.056,0.086,0.020002365112304688,1.3428028604637594,0.27348470668189867
1.078,0.071,0.020021915435791016,1.3407794794650443,0.21285048017766134
1.075,0.132,0.0199735164642334,1.3407794794650443,0.21285048017766134
1.061,0.213,0.020000934600830078,1.3407794794650443,0.21285048017766134
1.139,0.147,0.0200045108795166,1.3656722785492497,0.25726898892493383
1.104,0.247,0.01999831199645996,1.3656722785492497,0.25726898892493383
1.134,0.25,0.01999497413635254,1.3656722785492497,0.25726898892493383
1.136,0.261,0.02000117301940918,1.3656722785492497,0.25726898892493383
1.136,0.261,0.02001643180847168,1.2195151053059239,0.29040175366140597
1.136,0.261,0.019984722137451172,1.2195151053059239,0.29040175366140597
1.064,0.243,0.02001166343688965,1.2195151053059239,0.29040175366140597
1.078,0.248,0.019994497299194336,1.1560934080866048,0.23573825419138236
1.077,0.213,0.020015239715576172,1.1560934080866048,0.23573825419138236
1.077,0.213,0.019986391067504883,1.1560934080866048,0.23573825419138236
1.095,0.254,0.019989967346191406,1.2153113601057182,0.22212756658635854
1.099,0.279,0.02000141143798828,1.2153113601057182,0.22212756658635854
1.099,0.279,0.02000594139099121,1.2153113601057182,0.22212756658635854
1.149,0.29,0.019995450973510742,1.2153113601057182,0.22212756658635854
1.134,0.266,0.02000284194946289,1.2497272015818732,0.22845527495859327
1.158,0.238,0.020000457763671875,1.2497272015818732,0.22845527495859327
1.176,0.218,0.019990921020507812,1.2497272015818732,0.22845527495859327
1.19,0.217,0.020010948181152344,1.1482735753867945,0.2393139910142219
1.221,0.241,0.02000594139099121,1.1482735753867945,0.2393139910142219
1.232,0.182,0.019995927810668945,1.1482735753867945,0.2393139910142219
1.243,0.198,0.01999807357788086,1.0583430270193837,0.2366626635292174
1.243,0.22,0.02001214027404785,1.0583430270193837,0.2366626635292174
1.24,0.159,0.019992589950561523,1.0583430270193837,0.2366626635292174
1.26,0.134,0.019994497299194336,1.0583430270193837,0.2366626635292174
1.26,0.134,0.019991636276245117,1.0823440450227926,0.2370239742543526
1.257,0.128,0.020018577575683594,1.0823440450227926,0.2370239742543526
1.267,0.07,0.019983768463134766,1.0823440450227926,0.2370239742543526
1.267,0.07,0.020012617111206055,0.8855037332866424,0.17979542524059908
1.214,0.139,0.019999027252197266,0.8855037332866424,0.17979542524059908
1.277,0.057,0.0200045108795166,0.8855037332866424,0.17979542524059908
1.208,0.148,0.01999831199645996,1.15386596257319,0.21951097002892156
1.161,0.194,0.019994497299194336,1.15386596257319,0.21951097002892156
1.224,0.056,0.01999950408935547,1.15386596257319,0.21951097002892156
1.224,0.056,0.01999807357788086,1.15386596257319,0.21951097002892156
1.122,0.19,0.020016908645629883,1.2607845290664639,0.2227666877124026
1.192,0.076,0.019982099533081055,1.2607845290664639,0.2227666877124026
1.193,0.039,0.02000284194946289,1.2607845290664639,0.2227666877124026
1.123,0.179,0.019999980926513672,1.1263706398261415,0.2053930266806722
1.123,0.179,0.020003795623779297,1.1263706398261415,0.2053930266806722
1.213,0.029,0.020002365112304688,1.1263706398261415,0.2053930266806722
1.213,0.029,0.019995689392089844,1.323742606503301,0.18436068201735298
1.134,0.137,0.019997835159301758,1.323742606503301,0.18436068201735298
1.159,0.1,0.019955873489379883,1.323742606503301,0.18436068201735298
1.147,0.108,0.02003192901611328,1.323742606503301,0.18436068201735298
1.147,0.108,0.020013093948364258,1.3561378546515448,0.180455391903303
1.147,0.108,0.019994258880615234,1.3561378546515448,0.180455391903303
1.148,0.123,0.020002126693725586,1.3561378546515448,0.180455391903303
1.169,0.101,0.019998550415039062,1.0283117830346191,0.1929675412368066
1.127,0.182,0.020000934600830078,1.0283117830346191,0.1929675412368066
1.127,0.182,0.01999044418334961,1.0283117830346191,0.1929675412368066
1.202,0.144,0.020014047622680664,1.1273647557042092,0.1251199852757667
1.199,0.145,0.020000219345092773,1.1273647557042092,0.1251199852757667
1.137,0.265,0.02000570297241211,1.1273647557042092,0.1251199852757667
1.137,0.265,0.01999497413635254,1.1273647557042092,0.1251199852757667
1.174,0.148,0.019999980926513672,1.140432650813811,0.1259601407068906
1.176,0.176,0.0199887752532959,1.140432650813811,0.1259601407068906
1.178,0.143,0.020001649856567383,1.140432650813811,0.1259601407068906
1.178,0.143,0.02001357078552246,0.8127802382385595,0.0847906300039707
1.2,0.095,0.01999664306640625,0.8127802382385595,0.0847906300039707
1.139,0.112,0.01999950408935547,0.8127802382385595,0.0847906300039707
1.205,0.037,0.01999187469482422,0.7789271613297433,0.0720173216275037
1.142,0.129,0.020005226135253906,0.7789271613297433,0.0720173216275037
1.116,0.103,0.020000457763671875,0.7789271613297433,0.0720173216275037
1.122,0.07,0.019984006881713867,0.7789271613297433,0.0720173216275037
1.109,0.077,0.02001500129699707,0.7789268697605187,0.07201730656374157
1.109,0.077,0.020009994506835938,0.7789268697605187,0.07201730656374157
1.06,0.072,0.019984722137451172,0.7789268697605187,0.07201730656374157
1.025,0.052,0.01999688148498535,0.7659773870396906,0.06439891235733061
1.025,0.052,0.020009517669677734,0.7659773870396906,0.06439891235733061
0.977,0.055,0.019993305206298828,0.7659773870396906,0.06439891235733061
0.977,0.055,0.020010709762573242,0.7659773870396906,0.06439891235733061
0.962,-0.039,0.0200192928314209,0.8005499728469014,0.03886855812695029
0.939,-0.063,0.0199735164642334,0.8005499728469014,0.03886855812695029
0.852,0.025,0.02000713348388672,0.8005499728469014,0.03886855812695029
0.895,-0.084,0.01999688148498535,0.7656650072841207,0.0371623000588129
0.862,-0.047,0.0199892520904541,0.7656650072841207,0.0371623000588129
0.803,0.017,0.020041465759277344,0.7656650072841207,0.0371623000588129
0.857,-0.069,0.019963979721069336,0.8928961647802403,0.059925326783446344
0.812,-0.015,0.020000219345092773,0.8928961647802403,0.059925326783446344
0.77,0.042,0.019994258880615234,0.8928961647802403,0.059925326783446344
0.786,0.029,0.02001667022705078,0.9708510599049631,0.0742081172654622
0.786,0.029,0.019988536834716797,0.9708510599049631,0.0742081172654622
0.797,0.054,0.019999265670776367,0.9708510599049631,0.0742081172654622
0.807,0.07,0.019993305206298828,0.9708510599049631,0.0742081172654622
0.817,0.085,0.020011186599731445,1.0361346704783894,0.07586594383754429
0.817,0.085,0.01999187469482422,1.0361346704783894,0.07586594383754429
0.817,0.085,0.020006895065307617,1.0361346704783894,0.07586594383754429
0.793,0.119,0.019995450973510742,1.0217872860028807,0.0713873699463303
0.785,0.149,0.02000713348388672,1.0217872860028807,0.0713873699463303
0.776,0.13,0.0200045108795166,1.0217872860028807,0.0713873699463303
0.768,0.126,0.01999378204345703,0.9959398868900733,0.0845784359557133
0.779,0.126,0.019998788833618164,0.9959398868900733,0.0845784359557133
0.807,0.154,0.01999640464782715,0.9959398868900733,0.0845784359557133
0.858,0.152,0.020009756088256836,0.9959398868900733,0.0845784359557133
0.858,0.152,0.01999378204345703,1.0214342332765556,0.08514748022355602
0.906,0.108,0.019999980926513672,1.0214342332765556,0.08514748022355602
0.924,0.096,0.01999664306640625,1.0214342332765556,0.08514748022355602
0.962,0.089,0.020004987716674805,0.953600384880389,0.08065965464078954
0.982,0.101,0.02000141143798828,0.953600384880389,0.08065965464078954
0.995,0.084,0.020002365112304688,0.953600384880389,0.08065965464078954
0.994,0.091,0.01999211311340332,0.9533326483165928,0.0806469616326356
0.994,0.092,0.020000696182250977,0.9533326483165928,0.0806469616326356
0.994,0.1,0.01999974250793457,0.9533326483165928,0.0806469616326356
0.996,0.112,0.019991397857666016,0.9533326483165928,0.0806469616326356
1.0,0.091,0.020006656646728516,0.9681502334143333,0.07290419439313695
1.016,0.101,0.020014047622680664,0.9681502334143333,0.07290419439313695
1.016,0.101,0.019995450973510742,0.9681502334143333,0.07290419439313695
1.045,0.042,0.019997358322143555,1.010177445328322,0.09358582950985682
1.05,0.02,0.020020008087158203,1.010177445328322,0.09358582950985682
1.05,0.02,0.01999974250793457,1.010177445328322,0.09358582950985682
1.039,0.026,0.019973278045654297,0.9954776641391356,0.07063069493355732
1.042,0.054,0.02000260353088379,0.9954776641391356,0.07063069493355732
1.042,0.054,0.02000260353088379,0.9954776641391356,0.07063069493355732
1.066,0.013,0.02001023292541504,0.9954776641391356,0.07063069493355732
1.044,0.035,0.019994258880615234,0.8038585367181857,0.05675922443676574
1.049,0.025,0.019999265670776367,0.8038585367181857,0.05675922443676574
1.036,0.019,0.02000713348388672,0.8038585367181857,0.05675922443676574
1.02,0.019,0.01999187469482422,0.7716252164134428,0.05239978938911839
1.027,0.007,0.020000219345092773,0.7716252164134428,0.05239978938911839
1.014,-0.014,0.020003795623779297,0.7716252164134428,0.05239978938911839
1.001,-0.019,0.01997971534729004,0.771624009500471,0.05239971657221926
0.977,-0.019,0.020029067993164062,0.771624009500471,0.05239971657221926
0.919,0.011,0.019977092742919922,0.771624009500471,0.05239971657221926
0.897,0.009,0.020003557205200195,0.771624009500471,0.05239971657221926
0.863,0.006,0.01999354362487793,1.4227573590039102,0.05528394569031745
0.863,0.006,0.020009756088256836,1.4227573590039102,0.05528394569031745
0.843,-0.003,0.02000141143798828,1.4227573590039102,0.05528394569031745
0.843,-0.003,0.01999497413635254,1.275627680843983,0.04524038082997652
0.81,0.023,0.019999980926513672,1.275627680843983,0.04524038082997652
0.851,-0.031,0.020009756088256836,1.275627680843983,0.04524038082997652
0.831,0.015,0.019989728927612305,1.2791277013201257,0.0468391812514807
0.842,0.026,0.020003080368041992,1.2791277013201257,0.0468391812514807
0.842,0.026,0.02000260353088379,1.2791277013201257,0.0468391812514807
0.84,0.039,0.01999497413635254,1.2791277013201257,0.0468391812514807
0.822,0.076,0.02000260353088379,1.160104113869285,0.04241466253883583
0.814,0.086,0.020004987716674805,1.160104113869285,0.04241466253883583
0.793,0.116,0.01999378204345703,1.160104113869285,0.04241466253883583
0.799,0.103,0.020010948181152344,1.1000610474996282,0.03223358573492016
0.799,0.103,0.019997119903564453,1.1000610474996282,0.03223358573492016
0.822,0.113,0.020006656646728516,1.1000610474996282,0.03223358573492016
0.846,0.121,0.0199892520904541,0.8618172817367358,0.02325276713681244
0.846,0.121,0.020005464553833008,0.8618172817367358,0.02325276713681244
0.903,0.112,0.01999640464782715,0.8618172817367358,0.02325276713681244
0.932,0.086,0.01999950408935547,0.8618172817367358,0.02325276713681244
0.979,0.063,0.019998788833618164,0.81184363062076,0.023087698955186687
0.982,0.051,0.019996166229248047,0.81184363062076,0.023087698955186687
0.977,0.061,0.020002126693725586,0.81184363062076,0.023087698955186687
0.956,0.046,0.02000260353088379,0.7766285550648002,0.00981007248840247
0.956,0.046,0.01999974250793457,0.7766285550648002,0.00981007248840247
0.945,0.06,0.019997835159301758,0.7766285550648002,0.00981007248840247
0.931,0.057,0.019993305206298828,0.7572877053073654,-0.014135583065871357
0.933,0.046,0.02000594139099121,0.7572877053073654,-0.014135583065871357
0.95,0.018,0.0200042724609375,0.7572877053073654,-0.014135583065871357
0.955,-0.046,0.01999378204345703,0.7572877053073654,-0.014135583065871357
0.955,-0.046,0.019994497299194336,0.7572876009161489,-0.0141354221631576
0.913,-0.08,0.019998788833618164,0.7572876009161489,-0.0141354221631576
0.894,-0.121,0.020001649856567383,0.7572876009161489,-0.0141354221631576
0.868,-0.136,0.019987821578979492,0.7666201382404482,-0.029096022553049553
0.844,-0.13,0.020017147064208984,0.7666201382404482,-0.029096022553049553
0.833,-0.134,0.019995927810668945,0.7666201382404482,-0.029096022553049553
0.821,-0.116,0.020003318786621094,0.7786707959266966,-0.019723689027754752
0.778,-0.051,0.02000284194946289,0.7786707959266966,-0.019723689027754752
0.808,-0.085,0.019997835159301758,0.7786707959266966,-0.019723689027754752
0.785,-0.054,0.020000457763671875,0.7786707959266966,-0.019723689027754752
0.785,-0.054,0.019998550415039062,0.8868879784986079,-0.026848151805399775
0.772,-0.026,0.02000284194946289,0.8868879784986079,-0.026848151805399775
0.786,-0.033,0.020014524459838867,0.8868879784986079,-0.026848151805399775
0.786,-0.033,0.019988298416137695,0.7637450685290407,-0.027741337748622197
0.786,-0.033,0.01999974250793457,0.7637450685290407,-0.027741337748622197
0.736,0.049,0.020003080368041992,0.7637450685290407,-0.027741337748622197
0.786,-0.019,0.01999378204345703,1.3338984574378168,-0.05075862149463844
0.735,0.05,0.019999265670776367,1.3338984574378168,-0.05075862149463844
0.741,0.028,0.020005226135253906,1.3338984574378168,-0.05075862149463844
0.723,0.042,0.019998788833618164,1.2767234007847137,-0.042044215182999424
0.723,0.042,0.02000713348388672,1.2767234007847137,-0.042044215182999424
0.709,0.072,0.019994735717773438,1.2767234007847137,-0.042044215182999424
0.709,0.072,0.019997835159301758,1.2767234007847137,-0.042044215182999424
0.712,0.111,0.01999807357788086,1.4488925697289716,-0.14915795729118453
0.738,0.107,0.019998550415039062,1.4488925697289716,-0.14915795729118453
0.759,0.093,0.01999974250793457,1.4488925697289716,-0.14915795729118453
0.801,0.043,0.019991397857666016,1.1994465167309396,-0.16566171934260293
0.834,-0.025,0.02001333236694336,1.1994465167309396,-0.16566171934260293
0.834,-0.025,0.02000117301940918,1.1994465167309396,-0.16566171934260293
0.854,-0.168,0.019994497299194336,1.1994465167309396,-0.16566171934260293
0.854,-0.168,0.019997835159301758,1.3810270891532135,-0.2200357144043778
0.888,-0.22,0.020008325576782227,1.3810270891532135,-0.2200357144043778
0.893,-0.157,0.019988536834716797,1.3810270891532135,-0.2200357144043778
0.878,-0.062,0.020006895065307617,1.1498716780808982,-0.18439860317430987
0.911,-0.086,0.020003080368041992,1.1498716780808982,-0.18439860317430987
0.911,-0.086,0.01999974250793457,1.1498716780808982,-0.18439860317430987
0.976,-0.116,0.019992351531982422,1.3744973342091042,-0.2825235241225699
1.006,-0.119,0.02000594139099121,1.3744973342091042,-0.2825235241225699
1.047,-0.137,0.019997119903564453,1.3744973342091042,-0.2825235241225699
1.078,-0.139,0.020024538040161133,1.3744973342091042,-0.2825235241225699
1.102,-0.137,0.019998550415039062,1.4100055899976707,-0.2822597631143667
1.102,-0.137,0.01997685432434082,1.4100055899976707,-0.2822597631143667
1.202,-0.143,0.019993305206298828,1.4100055899976707,-0.2822597631143667
1.189,-0.11,0.0200045108795166,1.3698533621378113,-0.2407293543778878
1.236,-0.126,0.019999027252197266,1.3698533621378113,-0.2407293543778878
1.248,-0.138,0.01999974250793457,1.3698533621378113,-0.2407293543778878
1.287,-0.185,0.01999664306640625,1.3886092258466318,-0.23833072724217702
1.276,-0.169,0.020006656646728516,1.3886092258466318,-0.23833072724217702
1.296,-0.189,0.019997596740722656,1.3886092258466318,-0.23833072724217702
1.296,-0.189,0.019991636276245117,1.3886092258466318,-0.23833072724217702
1.299,-0.192,0.020004749298095703,1.346592797702567,-0.2330913834343833
1.325,-0.186,0.020007610321044922,1.346592797702567,-0.2330913834343833
1.325,-0.186,0.020009517669677734,1.346592797702567,-0.2330913834343833
1.335,-0.175,0.01998281478881836,1.3342959395273444,-0.22275678662302556
1.36,-0.218,0.0200042724609375,1.3342959395273444,-0.22275678662302556
1.36,-0.218,0.020000219345092773,1.3342959395273444,-0.22275678662302556
1.363,-0.207,0.019997835159301758,1.239231983484081,-0.2595834014004853
1.385,-0.214,0.01999974250793457,1.239231983484081,-0.2595834014004853
1.425,-0.127,0.020003557205200195,1.239231983484081,-0.2595834014004853
1.519,-0.008,0.019994258880615234,1.239231983484081,-0.2595834014004853
1.497,-0.003,0.020007610321044922,1.2442736541600499,-0.26024446175271226
1.47,-0.04,0.01998615264892578,1.2442736541600499,-0.26024446175271226
1.47,-0.041,0.02000260353088379,1.2442736541600499,-0.26024446175271226
1.464,-0.017,0.020008325576782227,1.2826639278181786,-0.32124141339018797
1.456,-0.01,0.020001888275146484,1.2826639278181786,-0.32124141339018797
1.299,-0.22,0.01999354362487793,1.2826639278181786,-0.32124141339018797
1.3,-0.219,0.020002126693725586,1.2826639278181786,-0.32124141339018797
1.438,-0.041,0.01999354362487793,1.2709287683916852,-0.2986078987091951
1.384,-0.082,0.02001214027404785,1.2709287683916852,-0.2986078987091951
1.298,-0.235,0.019989490509033203,1.2709287683916852,-0.2986078987091951
1.391,-0.043,0.019995689392089844,1.0581771871454324,-0.2762374461218724
1.353,-0.097,0.020014524459838867,1.0581771871454324,-0.2762374461218724
1.263,-0.242,0.0199887752532959,1.0581771871454324,-0.2762374461218724
1.241,-0.209,0.020031452178955078,0.8540651532802185,-0.2538091546231797
1.345,-0.04,0.019977807998657227,0.8540651532802185,-0.2538091546231797
1.345,-0.04,0.020003795623779297,0.8540651532802185,-0.2538091546231797
1.345,-0.04,0.019998788833618164,0.595394412581139,-0.2106170049989397
1.207,-0.205,0.020035982131958008,0.595394412581139,-0.2106170049989397
1.286,-0.046,0.01996016502380371,0.595394412581139,-0.2106170049989397
1.238,-0.082,0.020000219345092773,0.595394412581139,-0.2106170049989397
1.16,-0.197,0.019992351531982422,0.5709696391412445,-0.20530032746982949
1.25,-0.013,0.020013809204101562,0.5709696391412445,-0.20530032746982949
1.189,-0.082,0.020006179809570312,0.5709696391412445,-0.20530032746982949
1.126,-0.162,0.019995450973510742,0.938592553222563,-0.1857432267515938
1.126,-0.162,0.019989728927612305,0.938592553222563,-0.1857432267515938
1.166,0.006,0.02000141143798828,0.938592553222563,-0.1857432267515938
1.12,-0.027,0.019997835159301758,0.9539305650123051,-0.18113010547773495
1.054,-0.095,0.020004987716674805,0.9539305650123051,-0.18113010547773495
1.054,-0.095,0.020005464553833008,0.9539305650123051,-0.18113010547773495
1.088,0.004,0.019995689392089844,0.9539305650123051,-0.18113010547773495
1.004,-0.105,0.020002365112304688,1.018257904402336,-0.18418504761136967
1.004,-0.105,0.020002126693725586,1.018257904402336,-0.18418504761136967
1.059,0.001,0.02000260353088379,1.018257904402336,-0.18418504761136967
1.059,0.001,0.01999688148498535,1.0773195238405384,-0.18016552186370774
0.992,-0.103,0.019991397857666016,1.0773195238405384,-0.18016552186370774
1.027,-0.039,0.019999027252197266,1.0773195238405384,-0.18016552186370774
1.027,-0.039,0.020005226135253906,1.1443077857439445,-0.24351928833024256
1.011,-0.072,0.01999950408935547,1.1443077857439445,-0.24351928833024256
0.974,-0.13,0.020000696182250977,1.1443077857439445,-0.24351928833024256
1.05,-0.066,0.019987106323242188,1.1443077857439445,-0.24351928833024256
1.017,-0.106,0.02001333236694336,1.1675894909677673,-0.24663551096320008
0.981,-0.179,0.01999664306640625,1.1675894909677673,-0.24663551096320008
1.08,-0.073,0.02000117301940918,1.1675894909677673,-0.24663551096320008
1.052,-0.182,0.01999807357788086,1.0772176902599293,-0.26035056382128186
1.052,-0.182,0.02000117301940918,1.0772176902599293,-0.26035056382128186
1.091,-0.225,0.019998788833618164,1.0772176902599293,-0.26035056382128186
1.121,-0.198,0.020009756088256836,0.9806458039593883,-0.25905706075991664
1.082,-0.288,0.01999044418334961,0.9806458039593883,-0.25905706075991664
1.099,-0.248,0.02000713348388672,0.9806458039593883,-0.25905706075991664
1.141,-0.205,0.01999497413635254,0.9806458039593883,-0.25905706075991664
1.074,-0.218,0.019994258880615234,0.990624524947287,-0.2642539426572327
1.096,-0.223,0.02001023292541504,0.990624524947287,-0.2642539426572327
1.154,-0.162,0.0200042724609375,0.990624524947287,-0.2642539426572327
1.088,-0.213,0.019991397857666016,0.9026237436908172,-0.2734539757324404
1.117,-0.175,0.02001500129699707,0.9026237436908172,-0.2734539757324404
1.099,-0.165,0.019989013671875,0.9026237436908172,-0.2734539757324404
1.138,-0.078,0.019951343536376953,0.8834759340021663,-0.2509128432826676
1.138,-0.078,0.020046710968017578,0.8834759340021663,-0.2509128432826676
1.085,-0.14,0.01999950408935547,0.8834759340021663,-0.2509128432826676
1.089,-0.107,0.020030736923217773,0.8834759340021663,-0.2509128432826676
1.1,-0.049,0.019962787628173828,0.7415837118523732,-0.2318122651903464
1.087,-0.077,0.020006418228149414,0.7415837118523732,-0.2318122651903464
1.062,-0.059,0.019999980926513672,0.7415837118523732,-0.2318122651903464
1.062,-0.059,0.020004987716674805,0.88325489381608,-0.20431399432659592
1.037,-0.043,0.0199892520904541,0.88325489381608,-0.20431399432659592
0.803,-0.352,0.0200040340423584,0.88325489381608,-0.20431399432659592
0.819,-0.281,0.019992828369140625,0.9172562237211743,-0.20287912006696812
0.795,-0.323,0.02001500129699707,0.9172562237211743,-0.20287912006696812
0.795,-0.323,0.01999807357788086,0.9172562237211743,-0.20287912006696812
0.932,-0.082,0.02000713348388672,0.9172562237211743,-0.20287912006696812
0.939,-0.065,0.019984006881713867,1.123686714901767,-0.20248029466616993
0.96,0.0,0.020013809204101562,1.123686714901767,-0.20248029466616993
0.909,-0.073,0.019994497299194336,1.123686714901767,-0.20248029466616993
0.912,-0.072,0.019992351531982422,0.811361666271935,-0.21742586806211817
0.937,-0.029,0.02000570297241211,0.811361666271935,-0.21742586806211817
0.891,-0.143,0.01999378204345703,0.811361666271935,-0.21742586806211817
0.893,-0.159,0.01999521255493164,0.8033538465952264,-0.21729395542354157
0.959,-0.081,0.020005464553833008,0.8033538465952264,-0.21729395542354157
0.959,-0.081,0.020003557205200195,0.8033538465952264,-0.21729395542354157
0.951,-0.139,0.019999027252197266,0.8033538465952264,-0.21729395542354157
0.951,-0.139,0.02001357078552246,0.9426242480226263,-0.2004707712470148
0.94,-0.134,0.019983768463134766,0.9426242480226263,-0.2004707712470148
0.846,-0.242,0.020004749298095703,0.9426242480226263,-0.2004707712470148
0.846,-0.242,0.020004749298095703,0.6968582048401385,-0.1932026983313537
0.932,-0.104,0.01999950408935547,0.6968582048401385,-0.1932026983313537
0.956,-0.085,0.019983291625976562,0.6968582048401385,-0.1932026983313537
0.924,-0.142,0.020006179809570312,0.574958592168569,-0.18756511184063332
0.937,-0.09,0.020003318786621094,0.574958592168569,-0.18756511184063332
0.731,-0.378,0.019993305206298828,0.574958592168569,-0.18756511184063332
0.787,-0.241,0.020008563995361328,0.574958592168569,-0.18756511184063332
0.787,-0.241,0.019993066787719727,0.5480047527977268,-0.19006198325418242
0.723,-0.264,0.02000284194946289,0.5480047527977268,-0.19006198325418242
0.723,-0.264,0.020000457763671875,0.5480047527977268,-0.19006198325418242
0.751,-0.189,0.0200040340423584,0.4828865153960843,-0.1858046989307119
0.751,-0.189,0.019995450973510742,0.4828865153960843,-0.1858046989307119
0.613,-0.308,0.020003795623779297,0.4828865153960843,-0.1858046989307119
0.613,-0.308,0.020003795623779297,0.5132802797234617,-0.1830817193211029
0.556,-0.268,0.019993305206298828,0.5132802797234617,-0.1830817193211029
0.556,-0.268,0.01999664306640625,0.5132802797234617,-0.1830817193211029
0.529,-0.241,0.019992828369140625,0.3673079489214825,-0.19034878452807807
0.498,-0.251,0.02001500129699707,0.3673079489214825,-0.19034878452807807
0.624,-0.038,0.020003795623779297,0.3673079489214825,-0.19034878452807807
0.442,-0.275,0.020001649856567383,0.3673079489214825,-0.19034878452807807
0.483,-0.166,0.01998758316040039,0.7889624312861544,-0.15673008938449978
0.401,-0.245,0.020014286041259766,0.7889624312861544,-0.15673008938449978
0.395,-0.221,0.019997358322143555,0.7889624312861544,-0.15673008938449978
0.455,-0.116,0.019991397857666016,0.7889624312861544,-0.15673008938449978
0.51,-0.019,0.01999378204345703,0.9217888859898019,-0.15980373972277026
0.447,-0.082,0.02001476287841797,0.9217888859898019,-0.15980373972277026
0.483,-0.033,0.020014047622680664,0.9217888859898019,-0.15980373972277026
0.359,-0.239,0.019984722137451172,1.1287388713134803,-0.15138635250029486
0.392,-0.223,0.01999640464782715,1.1287388713134803,-0.15138635250029486
0.641,0.129,0.01999664306640625,1.1287388713134803,-0.15138635250029486
0.641,0.129,0.02000117301940918,1.105096066137486,-0.13995414865755565
0.625,0.071,0.02000141143798828,1.105096066137486,-0.13995414865755565
0.44,-0.24,0.0200045108795166,1.105096066137486,-0.13995414865755565
0.484,-0.206,0.019995927810668945,1.1404986141317734,-0.1928128967287517
0.656,-0.005,0.019998788833618164,1.1404986141317734,-0.1928128967287517
0.592,-0.176,0.020004749298095703,1.1404986141317734,-0.1928128967287517
0.592,-0.176,0.019995927810668945,1.1404986141317734,-0.1928128967287517
0.605,-0.219,0.02000117301940918,1.0779342475015077,-0.19258494213029148
0.626,-0.138,0.020007848739624023,1.0779342475015077,-0.19258494213029148
0.677,-0.108,0.01999211311340332,1.0779342475015077,-0.19258494213029148
0.705,-0.157,0.020000457763671875,1.0227735733329943,-0.07793322986317301
0.715,-0.186,0.020003557205200195,1.0227735733329943,-0.07793322986317301
0.733,-0.175,0.019997358322143555,1.0227735733329943,-0.07793322986317301
0.757,-0.17,0.01999211311340332,0.9830677497128114,-0.09847623575539342
0.774,-0.15,0.020003557205200195,0.9830677497128114,-0.09847623575539342
0.774,-0.15,0.020002126693725586,0.9830677497128114,-0.09847623575539342
0.814,-0.133,0.019992351531982422,0.9772827128851768,-0.09893219734777521
0.825,-0.082,0.01999950408935547,0.9772827128851768,-0.09893219734777521
0.825,-0.082,0.01999664306640625,0.9772827128851768,-0.09893219734777521
0.897,-0.094,0.01999664306640625,0.9772827128851768,-0.09893219734777521
0.903,-0.081,0.02000284194946289,0.9123585821762514,-0.05631841372883502
0.903,-0.081,0.020009756088256836,0.9123585821762514,-0.05631841372883502
0.92,-0.085,0.019995927810668945,0.9123585821762514,-0.05631841372883502
0.959,-0.051,0.02000737190246582,0.8609879296213908,-0.07258215007355666
0.959,-0.051,0.019990921020507812,0.8609879296213908,-0.07258215007355666
0.963,-0.042,0.020000219345092773,0.8609879296213908,-0.07258215007355666
0.963,-0.042,0.020002365112304688,0.8609879296213908,-0.07258215007355666
0.994,-0.014,0.01999354362487793,0.8477969069516199,-0.06979276733794725
0.994,0.027,0.020000696182250977,0.8477969069516199,-0.06979276733794725
0.998,0.001,0.020004987716674805,0.8477969069516199,-0.06979276733794725
0.98,-0.011,0.01999807357788086,0.7580059177163936,-0.04028901243876768
0.996,0.041,0.020007610321044922,0.7580059177163936,-0.04028901243876768
0.948,-0.035,0.019997358322143555,0.7580059177163936,-0.04028901243876768
0.948,-0.035,0.01999950408935547,1.2828040489530996,-0.0035569356033506153
0.927,-0.009,0.020000934600830078,1.2828040489530996,-0.0035569356033506153
0.935,0.051,0.019998550415039062,1.2828040489530996,-0.0035569356033506153
0.878,0.002,0.020003557205200195,1.2176701087315016,0.006498695410443935
0.857,0.016,0.020000219345092773,1.2176701087315016,0.006498695410443935
0.855,0.039,0.01999497413635254,1.2176701087315016,0.006498695410443935
0.872,0.081,0.020001888275146484,1.2176701087315016,0.006498695410443935
0.872,0.081,0.019999265670776367,1.0753464750729582,0.030332497329745148
0.854,0.019,0.019998788833618164,1.0753464750729582,0.030332497329745148
0.862,0.012,0.020000934600830078,1.0753464750729582,0.030332497329745148
0.862,0.012,0.02000260353088379,1.0753464750729582,0.030332497329745148
0.89,0.017,0.019995927810668945,0.7703984598666926,0.028775843548602915
0.872,-0.046,0.01999950408935547,0.7703984598666926,0.028775843548602915
0.872,-0.046,0.020001888275146484,0.7703984598666926,0.028775843548602915
0.872,-0.046,0.02000570297241211,0.7516954486189816,0.027653754464486858
0.831,-0.096,0.019996166229248047,0.7516954486189816,0.027653754464486858
0.824,-0.041,0.019997596740722656,0.7516954486189816,0.027653754464486858
0.778,-0.072,0.020000219345092773,0.765559419130648,0.04590269496731683
0.778,-0.072,0.020003557205200195,0.765559419130648,0.04590269496731683
0.761,-0.019,0.020003557205200195,0.765559419130648,0.04590269496731683
0.758,-0.015,0.019991636276245117,0.7667983064435152,0.052904486999193506
0.758,-0.015,0.0200045108795166,0.7667983064435152,0.052904486999193506
0.743,-0.016,0.019995927810668945,0.7667983064435152,0.052904486999193506
0.746,0.0,0.01999688148498535,0.7667983064435152,0.052904486999193506
0.746,0.0,0.01999807357788086,0.7667984790736055,0.05290445981239614
0.744,0.003,0.02000594139099121,0.7667984790736055,0.05290445981239614
0.741,-0.011,0.019998788833618164,0.7667984790736055,0.05290445981239614
0.744,-0.001,0.020000457763671875,0.7639086479814315,0.07293823065591255
0.742,0.012,0.020003318786621094,0.7639086479814315,0.07293823065591255
0.747,0.025,0.019995689392089844,0.7639086479814315,0.07293823065591255
0.744,0.024,0.01999950408935547,0.7767520225901364,0.07957166542686793
0.751,0.031,0.01999831199645996,0.7767520225901364,0.07957166542686793
0.747,0.039,0.01999950408935547,0.7767520225901364,0.07957166542686793
0.755,0.05,0.02000260353088379,0.7767520225901364,0.07957166542686793
0.755,0.05,0.019989490509033203,0.7763786681596223,0.07965306220338211
0.758,0.053,0.02000904083251953,0.7763786681596223,0.07965306220338211
0.758,0.053,0.020005464553833008,0.7763786681596223,0.07965306220338211
0.763,0.063,0.019999027252197266,0.7815746386258495,0.0944746898539509
0.766,0.068,0.019998788833618164,0.7815746386258495,0.0944746898539509
0.762,0.074,0.020006656646728516,0.7815746386258495,0.0944746898539509
0.773,0.089,0.019995689392089844,0.9356983738325619,0.13704057722908966
0.773,0.089,0.020015239715576172,0.9356983738325619,0.13704057722908966
0.774,0.089,0.019981861114501953,0.9356983738325619,0.13704057722908966
0.78,0.109,0.019998550415039062,0.8435106800986037,0.12591988592195716
0.788,0.111,0.019997835159301758,0.8435106800986037,0.12591988592195716
0.801,0.12,0.019998550415039062,0.8435106800986037,0.12591988592195716
0.812,0.13,0.02002239227294922,0.8435106800986037,0.12591988592195716
0.812,0.13,0.01999211311340332,0.979385255061547,0.16145446772294178
0.811,0.111,0.019996166229248047,0.979385255061547,0.16145446772294178
0.805,0.102,0.019985437393188477,0.979385255061547,0.16145446772294178
0.808,0.102,0.020006895065307617,1.1852006299557423,0.24233819968860365
0.812,0.087,0.019998788833618164,1.1852006299557423,0.24233819968860365
0.829,0.082,0.01999974250793457,1.1852006299557423,0.24233819968860365
0.838,0.102,0.020002126693725586,1.099226042477249,0.22613471779612537
0.873,0.117,0.020002365112304688,1.099226042477249,0.22613471779612537
0.873,0.117,0.020000696182250977,1.099226042477249,0.22613471779612537
0.904,0.119,0.020006179809570312,1.099226042477249,0.22613471779612537
0.944,0.144,0.01999497413635254,0.5858934730345164,0.19584893447620402
0.972,0.175,0.020000457763671875,0.5858934730345164,0.19584893447620402
0.993,0.161,0.020002365112304688,0.5858934730345164,0.19584893447620402
1.018,0.177,0.019994497299194336,0.8186184476693843,0.236201414071913
1.03,0.173,0.020009279251098633,0.8186184476693843,0.236201414071913
1.023,0.179,0.019995689392089844,0.8186184476693843,0.236201414071913
1.02,0.202,0.0200042724609375,0.652924929977917,0.21541442754183987
1.013,0.222,0.020020723342895508,0.652924929977917,0.21541442754183987
0.995,0.242,0.01997995376586914,0.652924929977917,0.21541442754183987
0.978,0.26,0.020000457763671875,0.652924929977917,0.21541442754183987
0.955,0.277,0.019998788833618164,0.8831111157479783,0.22088014253465132
0.97,0.268,0.019997119903564453,0.8831111157479783,0.22088014253465132
1.118,0.009,0.020003318786621094,0.8831111157479783,0.22088014253465132
1.183,-0.133,0.01998138427734375,0.8722717661696671,0.2207568883022023
1.109,-0.01,0.020015239715576172,0.8722717661696671,0.2207568883022023
1.031,0.067,0.02000570297241211,0.8722717661696671,0.2207568883022023
1.031,0.067,0.01999521255493164,0.5855878180446622,0.22151162419067155
1.024,0.06,0.02000880241394043,0.5855878180446622,0.22151162419067155
1.024,0.06,0.019974946975708008,0.5855878180446622,0.22151162419067155
1.024,0.06,0.020034313201904297,0.5855878180446622,0.22151162419067155
0.997,0.043,0.019982576370239258,0.5253363411724823,0.2052211694722436
0.766,0.325,0.01999497413635254,0.5253363411724823,0.2052211694722436
0.717,0.341,0.01999044418334961,0.5253363411724823,0.2052211694722436
0.596,0.49,0.020015478134155273,0.40247920922126174,0.28397012909431507
0.619,0.398,0.019997119903564453,0.40247920922126174,0.28397012909431507
0.808,0.077,0.01999688148498535,0.40247920922126174,0.28397012909431507
0.808,0.077,0.020003318786621094,0.400636665222999,0.2832029446489132
0.574,0.382,0.020011425018310547,0.400636665222999,0.2832029446489132
0.695,0.161,0.019982099533081055,0.400636665222999,0.2832029446489132
0.629,0.245,0.02000141143798828,0.400636665222999,0.2832029446489132
0.554,0.313,0.020003080368041992,0.4147369054769284,0.30386787514417546
0.531,0.291,0.01999664306640625,0.4147369054769284,0.30386787514417546
0.531,0.291,0.020000219345092773,0.4147369054769284,0.30386787514417546
0.427,0.353,0.019999265670776367,0.36879862369494665,0.3052285519574838
0.427,0.353,0.019998550415039062,0.36879862369494665,0.3052285519574838
0.452,0.206,0.019999980926513672,0.36879862369494665,0.3052285519574838
0.416,0.214,0.020006656646728516,0.36887977368807373,0.305640099437089
0.397,0.205,0.01999187469482422,0.36887977368807373,0.305640099437089
0.329,0.305,0.020009756088256836,0.36887977368807373,0.305640099437089
0.329,0.305,0.01999521255493164,0.36887977368807373,0.305640099437089
0.309,0.337,0.019994497299194336,0.35578617468914714,0.31131837641296417
0.309,0.337,0.020003318786621094,0.35578617468914714,0.31131837641296417
0.31,0.307,0.02002096176147461,0.35578617468914714,0.31131837641296417
0.31,0.307,0.019986391067504883,0.34977782828855764,0.313389906707864
0.322,0.315,0.020002365112304688,0.34977782828855764,0.313389906707864
0.33,0.321,0.019980669021606445,0.34977782828855764,0.313389906707864
0.325,0.318,0.02000880241394043,0.34990236586151885,0.31334710175266384
0.326,0.312,0.01999211311340332,0.34990236586151885,0.31334710175266384
0.334,0.296,0.020008325576782227,0.34990236586151885,0.31334710175266384
0.341,0.285,0.020000696182250977,0.34990236586151885,0.31334710175266384
0.341,0.285,0.020000219345092773,0.2545639933941711,0.29530832722090156
0.35,0.29,0.02001333236694336,0.2545639933941711,0.29530832722090156
0.35,0.29,0.02000141143798828,0.2545639933941711,0.29530832722090156
0.385,0.26,0.01998615264892578,0.32211670467839604,0.3090193569482851
0.29,0.338,0.020000457763671875,0.32211670467839604,0.3090193569482851
0.29,0.338,0.020000696182250977,0.32211670467839604,0.3090193569482851
0.292,0.324,0.020003318786621094,0.32211670467839604,0.3090193569482851
0.3,0.321,0.0200042724609375,0.3203686284942679,0.3078085366128067
0.309,0.318,0.020007610321044922,0.3203686284942679,0.3078085366128067
0.317,0.32,0.019988059997558594,0.3203686284942679,0.3078085366128067
0.317,0.32,0.020000457763671875,0.33923074274347165,0.29238982821685056
0.306,0.304,0.01999950408935547,0.33923074274347165,0.29238982821685056
0.306,0.304,0.019983768463134766,0.33923074274347165,0.29238982821685056
0.308,0.3,0.020012378692626953,0.3110452420214137,0.24791229386896904
0.33,0.261,0.02001023292541504,0.3110452420214137,0.24791229386896904
0.316,0.298,0.019986391067504883,0.3110452420214137,0.24791229386896904
0.311,0.289,0.019997835159301758,0.340829165072349,0.2784770540071544
0.319,0.266,0.020006179809570312,0.340829165072349,0.2784770540071544
0.319,0.266,0.01999950408935547,0.340829165072349,0.2784770540071544
0.299,0.262,0.020000696182250977,0.340829165072349,0.2784770540071544
0.297,0.273,0.020003557205200195,0.33827862265554953,0.2838731692539118
0.306,0.259,0.019992589950561523,0.33827862265554953,0.2838731692539118
0.323,0.253,0.020004987716674805,0.33827862265554953,0.2838731692539118
0.299,0.313,0.02000141143798828,0.29415295265099883,0.21968281419533164
0.317,0.279,0.020002365112304688,0.29415295265099883,0.21968281419533164
0.308,0.284,0.019995927810668945,0.29415295265099883,0.21968281419533164
0.304,0.281,0.019996166229248047,0.29415295265099883,0.21968281419533164
0.304,0.281,0.020000457763671875,0.29414503079447407,0.21968001429196643
0.328,0.238,0.020002126693725586,0.29414503079447407,0.21968001429196643
0.347,0.182,0.02000284194946289,0.29414503079447407,0.21968001429196643
0.347,0.182,0.02000117301940918,0.31731559221059996,0.23540150170510418
0.335,0.197,0.02002263069152832,0.31731559221059996,0.23540150170510418
0.335,0.197,0.019972801208496094,0.31731559221059996,0.23540150170510418
0.278,0.247,0.01999831199645996,0.24330942130168495,0.1740088480233031
0.264,0.263,0.019994497299194336,0.24330942130168495,0.1740088480233031
0.279,0.247,0.020009756088256836,0.24330942130168495,0.1740088480233031
0.313,0.18,0.020000219345092773,0.24330866257365472,0.1740082074776449
0.336,0.122,0.01999521255493164,0.24330866257365472,0.1740082074776449
0.275,0.202,0.020002126693725586,0.24330866257365472,0.1740082074776449
0.275,0.202,0.020000219345092773,0.24330866257365472,0.1740082074776449
0.235,0.235,0.019997596740722656,-0.14799297799764752,0.09983213077945685
0.267,0.176,0.020011425018310547,-0.14799297799764752,0.09983213077945685
0.256,0.175,0.02000141143798828,-0.14799297799764752,0.09983213077945685
0.235,0.152,0.019987821578979492,-0.21245972474599462,0.12479796116093245
0.251,0.107,0.019996166229248047,-0.21245972474599462,0.12479796116093245
0.212,0.132,0.020003795623779297,-0.21245972474599462,0.12479796116093245
0.177,0.135,0.01999807357788086,-0.22492673387294793,0.12343533530245823
0.147,0.135,0.020005464553833008,-0.22492673387294793,0.12343533530245823
0.109,0.145,0.020003318786621094,-0.22492673387294793,0.12343533530245823
0.087,0.137,0.02000737190246582,-0.22492673387294793,0.12343533530245823
0.087,0.137,0.019994735717773438,-0.3304152666639975,0.08601578968364898
0.087,0.137,0.020006418228149414,-0.3304152666639975,0.08601578968364898
0.06,0.121,0.019991397857666016,-0.3304152666639975,0.08601578968364898
-0.053,0.101,0.0200040340423584,0.41011543987997584,0.20865591452787513
-0.056,0.109,0.019997119903564453,0.41011543987997584,0.20865591452787513
-0.065,0.119,0.019991397857666016,0.41011543987997584,0.20865591452787513
-0.065,0.119,0.020041465759277344,0.41011543987997584,0.20865591452787513
-0.063,0.114,0.019968032836914062,0.18553659230692307,0.11420165142758541
-0.052,0.143,0.019993305206298828,0.18553659230692307,0.11420165142758541
0.088,0.139,0.01999664306640625,0.12569673602407788,0.0897527529734863
0.111,0.151,0.01999521255493164,0.12569673602407788,0.0897527529734863
0.111,0.151,0.020008325576782227,0.12569673602407788,0.0897527529734863
0.137,0.124,0.020000457763671875,0.42937440709888075,0.12364286552898231
0.142,0.121,0.020000696182250977,0.42937440709888075,0.12364286552898231
0.142,0.121,0.019991636276245117,0.42937440709888075,0.12364286552898231
0.154,0.097,0.020019054412841797,0.5142332479845898,0.11671753134591237
0.16,0.106,0.0199735164642334,0.5142332479845898,0.11671753134591237
0.2,0.053,0.020001649856567383,0.5142332479845898,0.11671753134591237
0.172,0.075,0.0200045108795166,0.5211026671055271,0.11779928483057028
0.172,0.102,0.0200042724609375,0.5211026671055271,0.11779928483057028
0.182,0.102,0.019993305206298828,0.5211026671055271,0.11779928483057028
0.202,0.107,0.019994497299194336,0.5840001308557035,0.001151347533222692
0.268,0.053,0.019998550415039062,0.5840001308557035,0.001151347533222692
0.275,0.063,0.02000141143798828,0.5840001308557035,0.001151347533222692
0.218,0.16,0.019996166229248047,0.5840001308557035,0.001151347533222692
0.253,0.103,0.019999265670776367,0.7513068638379174,0.021071517654539455
0.369,-0.066,0.0200045108795166,0.7513068638379174,0.021071517654539455
0.295,0.072,0.0200040340423584,0.7513068638379174,0.021071517654539455
0.296,0.08,0.02000260353088379,0.7534685566225198,0.021079444297151216
0.319,0.061,0.01998615264892578,0.7534685566225198,0.021079444297151216
0.402,-0.033,0.02000594139099121,0.7534685566225198,0.021079444297151216
0.402,-0.033,0.020006179809570312,0.7534685566225198,0.021079444297151216
0.423,0.008,0.02000284194946289,0.595229688307272,-0.04124445546842634
0.421,0.057,0.020000696182250977,0.595229688307272,-0.04124445546842634
0.421,0.057,0.02000141143798828,0.595229688307272,-0.04124445546842634
0.426,0.059,0.01999640464782715,0.6871370108686738,-0.0351588002447617
0.426,0.059,0.01999664306640625,0.6871370108686738,-0.0351588002447617
0.496,0.013,0.020024538040161133,0.6871370108686738,-0.0351588002447617
0.511,0.025,0.019978761672973633,0.584123984330354,-0.02932322471346114
0.511,0.025,0.020002126693725586,0.584123984330354,-0.02932322471346114
0.555,0.015,0.019980669021606445,0.584123984330354,-0.02932322471346114
0.555,0.015,0.020030975341796875,0.584123984330354,-0.02932322471346114
0.576,0.002,0.019986391067504883,0.5868699779724331,-0.053875287905638405
0.59,0.007,0.020005226135253906,0.5868699779724331,-0.053875287905638405
0.586,0.001,0.019995689392089844,0.5868699779724331,-0.053875287905638405
0.584,-0.003,0.01999187469482422,0.4050433493671155,-0.08753809429423884
0.597,-0.009,0.01999831199645996,0.4050433493671155,-0.08753809429423884
0.597,-0.009,0.02001190185546875,0.4050433493671155,-0.08753809429423884
0.601,-0.013,0.019993066787719727,0.40507905170277875,-0.08754181899712903
0.601,-0.041,0.01999640464782715,0.40507905170277875,-0.08754181899712903
0.569,-0.037,0.020004987716674805,0.40507905170277875,-0.08754181899712903
0.569,-0.037,0.020001888275146484,0.40507905170277875,-0.08754181899712903
0.549,-0.053,0.020001888275146484,0.1838480895839352,-0.13147319118832304
0.53,-0.083,0.020001649856567383,0.1838480895839352,-0.13147319118832304
0.495,-0.12,0.019998788833618164,0.1838480895839352,-0.13147319118832304
0.495,-0.12,0.01999640464782715,0.1911274204589892,-0.13866104116570993
0.456,-0.138,0.019996166229248047,0.1911274204589892,-0.13866104116570993
0.432,-0.161,0.020009994506835938,0.1911274204589892,-0.13866104116570993
0.414,-0.196,0.019995689392089844,0.19110880859615276,-0.13864024700418517
0.414,-0.196,0.02000141143798828,0.19110880859615276,-0.13864024700418517
0.27,-0.092,0.01999497413635254,0.19110880859615276,-0.13864024700418517
0.362,-0.256,0.019988059997558594,0.19110880859615276,-0.13864024700418517
0.248,-0.041,0.020008325576782227,0.19226496837847473,-0.1421306459717565
0.281,0.059,0.020005226135253906,0.19226496837847473,-0.1421306459717565
0.276,-0.036,0.020000934600830078,0.19226496837847473,-0.1421306459717565
0.212,-0.157,0.019992589950561523,0.18089611978148662,-0.13288635165434542
0.212,-0.157,0.020004749298095703,0.18089611978148662,-0.13288635165434542
0.133,-0.046,0.019987106323242188,0.18089611978148662,-0.13288635165434542
0.146,-0.096,0.020020246505737305,0.18095899838940566,-0.13293320881168896
0.146,-0.096,0.0199887752532959,0.18095899838940566,-0.13293320881168896
0.106,-0.044,0.01999640464782715,0.18095899838940566,-0.13293320881168896
0.122,-0.104,0.020016193389892578,0.18095899838940566,-0.13293320881168896
0.122,-0.104,0.019998550415039062,0.18239049379579808,-0.1395328848679409
0.107,-0.082,0.02001190185546875,0.18239049379579808,-0.1395328848679409
0.118,-0.11,0.019986629486083984,0.18239049379579808,-0.1395328848679409
0.118,-0.11,0.01999664306640625,0.049999999999999996,-0.05
0.131,-0.137,0.020003795623779297,0.049999999999999996,-0.05
0.138,-0.157,0.019995689392089844,0.049999999999999996,-0.05
0.153,-0.158,0.01999664306640625,0.049999999999999996,-0.05
0.148,-0.137,0.019998788833618164,0.049999999999999996,-0.05
0.148,-0.137,0.020002365112304688,0.049999999999999996,-0.05
0.099,-0.065,0.02000570297241211,0.049999999999999996,-0.05
0.099,-0.065,0.020001649856567383,0.05,-0.05
0.068,-0.026,0.020002365112304688,0.05,-0.05
0.068,-0.026,0.01998734474182129,0.05,-0.05
0.056,-0.049,0.02001047134399414,-0.7711894841874108,-0.07933832513322422
0.051,-0.048,0.01999497413635254,-0.7711894841874108,-0.07933832513322422
-0.055,-0.026,0.019993305206298828,-0.6811880691235019,-0.07337995391136194
-0.055,-0.026,0.020000934600830078,-0.6811880691235019,-0.07337995391136194
-0.125,-0.062,0.019999265670776367,-0.6811880691235019,-0.07337995391136194
-0.125,-0.062,0.020015716552734375,-0.6811907398492888,-0.07337982274057608
-0.162,-0.047,0.019984006881713867,-0.6811907398492888,-0.07337982274057608
-0.202,-0.045,0.019991397857666016,-0.6811907398492888,-0.07337982274057608
-0.202,-0.045,0.020012378692626953,-0.6811907398492888,-0.07337982274057608
-0.281,-0.07,0.019994020462036133,-0.05,-0.05
-0.312,-0.064,0.020000696182250977,-0.05,-0.05
-0.312,-0.064,0.020001649856567383,-0.05,-0.05
-0.351,-0.04,0.019999980926513672,-0.05,-0.05
-0.358,-0.047,0.01999950408935547,-0.05,-0.05
-0.366,-0.055,0.01999640464782715,-0.05,-0.05
-0.363,-0.061,0.020002365112304688,-0.049999999999999996,-0.05
-0.355,-0.072,0.02000570297241211,-0.049999999999999996,-0.05
-0.346,-0.079,0.019993305206298828,-0.049999999999999996,-0.05
-0.346,-0.079,0.020002365112304688,-0.049999999999999996,-0.05
-0.347,-0.062,0.01999807357788086,-0.2971810317457526,-0.0645055073445925
-0.347,-0.062,0.020003080368041992,-0.2971810317457526,-0.0645055073445925
-0.44,0.104,0.019995689392089844,-0.2971810317457526,-0.0645055073445925
-0.271,-0.134,0.02000594139099121,-0.30509541041870464,-0.06031727916839721
-0.271,-0.134,0.019997358322143555,-0.30509541041870464,-0.06031727916839721
-0.275,-0.109,0.019997596740722656,-0.30509541041870464,-0.06031727916839721
-0.275,-0.109,0.020000696182250977,-0.3050957942671392,-0.06031751598471234
-0.332,-0.017,0.02000594139099121,-0.3050957942671392,-0.06031751598471234
-0.261,-0.119,0.019995927810668945,-0.3050957942671392,-0.06031751598471234
-0.25,-0.133,0.020000934600830078,-0.3050957942671392,-0.06031751598471234
-0.25,-0.133,0.020000457763671875,-0.05534520300490234,-0.0390510811469753
-0.295,-0.042,0.020003318786621094,-0.05534520300490234,-0.0390510811469753
-0.368,0.082,0.019991636276245117,-0.05534520300490234,-0.0390510811469753
-0.277,-0.032,0.0200040340423584,0.6044060311642586,-0.06638581082538139
-0.209,-0.108,0.019997835159301758,0.6044060311642586,-0.06638581082538139
-0.188,-0.086,0.020001888275146484,0.6044060311642586,-0.06638581082538139
-0.269,0.058,0.019997119903564453,0.6044042573881174,-0.06638315833059256
-0.228,0.014,0.0200045108795166,0.6044042573881174,-0.06638315833059256
-0.152,-0.087,0.019998788833618164,0.6044042573881174,-0.06638315833059256
-0.145,-0.088,0.019998788833618164,0.6044042573881174,-0.06638315833059256
-0.18,-0.044,0.020000696182250977,0.6355243895703818,-0.05584554403987727
-0.168,-0.066,0.019999980926513672,0.6355243895703818,-0.05584554403987727
-0.144,-0.082,0.019995927810668945,0.6355243895703818,-0.05584554403987727
-0.124,-0.071,0.02000260353088379,0.8195950142408176,-0.02164585480520106
-0.101,-0.071,0.020009279251098633,0.8195950142408176,-0.02164585480520106
-0.101,-0.071,0.020000934600830078,0.8195950142408176,-0.02164585480520106
-0.079,-0.084,0.019990921020507812,0.8196103037868852,-0.021667217992858635
-0.079,-0.084,0.020006656646728516,0.8196103037868852,-0.021667217992858635
-0.058,-0.045,0.019982576370239258,0.8196103037868852,-0.021667217992858635
0.084,-0.02,0.020017385482788086,0.7133582579680479,-0.035224410673081595
0.093,-0.049,0.019977807998657227,0.7133582579680479,-0.035224410673081595
0.103,-0.047,0.020006895065307617,0.6643117704691573,-0.03092482447276443
0.144,-0.014,0.01998448371887207,0.6643117704691573,-0.03092482447276443
0.177,-0.003,0.020010948181152344,0.6643117704691573,-0.03092482447276443
0.192,-0.007,0.020002365112304688,0.6643117704691573,-0.03092482447276443
0.2,-0.029,0.019989490509033203,0.7195568284448302,-0.053883126689224445
0.2,-0.029,0.020034313201904297,0.7195568284448302,-0.053883126689224445
0.188,-0.041,0.019965410232543945,0.7195568284448302,-0.053883126689224445
0.25,-0.049,0.020007848739624023,0.8852950108785863,0.0404454382275349
0.27,-0.049,0.020001649856567383,0.8852950108785863,0.0404454382275349
0.345,0.035,0.01999807357788086,0.8852950108785863,0.0404454382275349
0.345,0.035,0.019986391067504883,0.8852949301254369,0.04044555116300578
0.304,-0.039,0.02003169059753418,0.8852949301254369,0.04044555116300578
0.364,0.037,0.019969940185546875,0.8852949301254369,0.04044555116300578
0.364,0.037,0.020003318786621094,0.8852949301254369,0.04044555116300578
0.367,-0.017,0.020009756088256836,0.661321275519204,-0.017214519902429986
0.413,0.014,0.019994735717773438,0.661321275519204,-0.017214519902429986
0.423,0.009,0.020002365112304688,0.661321275519204,-0.017214519902429986
0.435,-0.009,0.019997119903564453,0.6424197380442394,-0.05759089499597251
0.464,-0.007,0.020002126693725586,0.6424197380442394,-0.05759089499597251
0.48,-0.003,0.019994735717773438,0.6424197380442394,-0.05759089499597251
0.492,-0.011,0.020003795623779297,0.6424197380442394,-0.05759089499597251
0.517,-0.038,0.020006418228149414,0.6424197380442394,-0.05759089499597251
0.539,-0.041,0.020000457763671875,0.6424197380442394,-0.05759089499597251
0.539,-0.041,0.020001888275146484,0.6424197380442394,-0.05759089499597251
0.566,-0.031,0.019998788833618164,0.791574122263099,-0.0077762788807396515
0.566,-0.031,0.01999807357788086,0.791574122263099,-0.0077762788807396515
0.614,-0.023,0.019997835159301758,0.791574122263099,-0.0077762788807396515
0.614,-0.023,0.02000117301940918,0.6115743460802968,-0.04894821934566351
0.637,-0.037,0.0200042724609375,0.6115743460802968,-0.04894821934566351
0.666,-0.024,0.01999950408935547,0.6115743460802968,-0.04894821934566351
0.666,-0.024,0.01999688148498535,0.6112965375018651,-0.04893292759982787
0.689,0.0,0.020004749298095703,0.6112965375018651,-0.04893292759982787
0.695,0.019,0.01998734474182129,0.6112965375018651,-0.04893292759982787
0.678,-0.025,0.020002365112304688,0.05,-0.028122201794483263
0.677,-0.024,0.0200040340423584,0.05,-0.028122201794483263
0.702,0.012,0.020008325576782227,0.05,-0.028122201794483263
0.681,0.029,0.020000219345092773,0.05,-0.028122201794483263
0.681,0.034,0.01998734474182129,0.05,-0.01797306638008414
0.571,-0.104,0.020006656646728516,0.05,-0.01797306638008414
0.582,-0.044,0.01999354362487793,0.05,-0.01797306638008414
0.436,-0.2,0.020100831985473633,0.05,-0.017973969572203565
0.424,-0.158,0.019897937774658203,0.05,-0.017973969572203565
0.424,-0.158,0.019989967346191406,0.05,-0.017973969572203565
0.42,-0.064,0.020009517669677734,0.05,-0.017973969572203565
0.295,-0.188,0.020008563995361328,0.05,-0.026918796552715594
0.306,-0.123,0.01999640464782715,0.05,-0.026918796552715594
0.361,0.017,0.02000117301940918,0.05,-0.026918796552715594
0.34,0.004,0.01999354362487793,0.0,0.0
0.3,0.0,0.019998550415039062,0.0,0.0
0.349,0.135,0.020001888275146484,0.0,0.0
0.349,0.135,0.020003557205200195,0.0,0.0
0.219,-0.015,0.02002096176147461,0.0,0.0
0.219,-0.015,0.019983530044555664,0.0,0.0
0.125,-0.077,0.019991636276245117,0.0,0.0
0.138,-0.016,0.02000880241394043,0.0,0.0
0.059,0.1,0.020000696182250977,0.4529529681949837,0.23507147636002082
0.059,0.1,0.019968748092651367,0.529311659608347,0.23524445899438948
0.087,0.15,0.02002120018005371,0.529311659608347,0.23524445899438948
0.12,0.19,0.020025968551635742,0.529311659608347,0.23524445899438948
0.136,0.204,0.019980192184448242,0.9716773415651021,0.19694793884915732
0.149,0.214,0.020006656646728516,0.9716773415651021,0.19694793884915732
0.149,0.214,0.019997596740722656,0.9716773415651021,0.19694793884915732
0.151,0.181,0.019994497299194336,0.9716773415651021,0.19694793884915732
0.154,0.142,0.019998550415039062,1.0430387526367746,0.1667976935131502
0.178,0.119,0.01999950408935547,1.0430387526367746,0.1667976935131502
0.178,0.119,0.019991397857666016,1.0430387526367746,0.1667976935131502
0.211,0.113,0.020010948181152344,1.0512555597350175,0.157550658497866
0.244,0.129,0.019999265670776367,1.0512555597350175,0.157550658497866
0.275,0.138,0.020001649856567383,1.0512555597350175,0.157550658497866
0.309,0.152,0.020004749298095703,0.9128931913142307,0.18906086907468236
0.337,0.162,0.020000457763671875,0.9128931913142307,0.18906086907468236
0.337,0.162,0.020000934600830078,0.9128931913142307,0.18906086907468236
0.374,0.158,0.01999497413635254,0.9128931913142307,0.18906086907468236
0.395,0.161,0.02000141143798828,0.46801661312608595,0.1681016589857911
0.416,0.16,0.020006418228149414,0.46801661312608595,0.1681016589857911
0.433,0.163,0.019999265670776367,0.46801661312608595,0.1681016589857911
0.449,0.173,0.01999354362487793,0.42171973778668037,0.1593429543484107
0.467,0.185,0.020003080368041992,0.42171973778668037,0.1593429543484107
0.467,0.185,0.02000284194946289,0.42171973778668037,0.1593429543484107
0.466,0.166,0.020001888275146484,0.45519911810362357,0.15224221363186308
0.454,0.176,0.02000141143798828,0.45519911810362357,0.15224221363186308
0.455,0.185,0.019992351531982422,0.45519911810362357,0.15224221363186308
0.462,0.187,0.019997119903564453,0.45519911810362357,0.15224221363186308
0.469,0.191,0.019992351531982422,0.4243120688693932,0.16499903921945552
0.488,0.183,0.020027875900268555,0.4243120688693932,0.16499903921945552
0.554,0.086,0.019985198974609375,0.4243120688693932,0.16499903921945552
0.554,0.086,0.019999980926513672,0.37982525404326256,0.15647653913678483
0.656,-0.074,0.020001888275146484,0.37982525404326256,0.15647653913678483
0.638,-0.048,0.020000696182250977,0.37982525404326256,0.15647653913678483
0.483,0.139,0.019998788833618164,0.2905505731537853,0.20451337729248953
0.474,0.122,0.02000284194946289,0.2905505731537853,0.20451337729248953
0.474,0.122,0.019995689392089844,0.2905505731537853,0.20451337729248953
0.406,0.18,0.020000219345092773,0.2905505731537853,0.20451337729248953
0.351,0.218,0.019995689392089844,0.38013634468252205,0.2690627804873017
0.379,0.142,0.02001643180847168,0.38013634468252205,0.2690627804873017
0.299,0.232,0.019982099533081055,0.38013634468252205,0.2690627804873017
0.287,0.264,0.020000934600830078,0.5544596383042576,0.24809258368734408
0.289,0.261,0.020006179809570312,0.5544596383042576,0.24809258368734408
0.295,0.24,0.019994735717773438,0.5544596383042576,0.24809258368734408
0.319,0.17,0.019997596740722656,1.019646628537109,0.1828063324145821
0.307,0.185,0.02000737190246582,1.019646628537109,0.1828063324145821
0.328,0.159,0.019994497299194336,1.019646628537109,0.1828063324145821
0.328,0.159,0.01999497413635254,0.8714193048702391,0.15493676792983885
0.38,0.089,0.02000284194946289,0.8714193048702391,0.15493676792983885
0.497,-0.019,0.020005464553833008,0.8714193048702391,0.15493676792983885
0.497,-0.019,0.019997596740722656,0.8714193048702391,0.15493676792983885
0.375,0.241,0.020006656646728516,0.35751173438287326,0.18569996491399066
0.375,0.241,0.01999974250793457,0.35751173438287326,0.18569996491399066
0.503,0.086,0.019983768463134766,0.35751173438287326,0.18569996491399066
0.495,0.179,0.02001333236694336,0.3804717775798061,0.21123958096344878
0.482,0.203,0.019997596740722656,0.3804717775798061,0.21123958096344878
0.492,0.181,0.0200350284576416,0.3804717775798061,0.21123958096344878
0.521,0.165,0.020008325576782227,0.3804717775798061,0.21123958096344878
0.533,0.11,0.020006418228149414,0.2687986684642268,0.18974429754632774
0.46,0.204,0.019948720932006836,0.2687986684642268,0.18974429754632774
0.405,0.295,0.019993305206298828,0.2687986684642268,0.18974429754632774
0.445,0.186,0.020004987716674805,0.2586750667698348,0.18252370440420412
0.453,0.144,0.02000260353088379,0.2586750667698348,0.18252370440420412
0.453,0.144,0.020001649856567383,0.2586750667698348,0.18252370440420412
0.288,0.343,0.01999497413635254,0.24721883869913683,0.17457482820349923
0.321,0.271,0.020025253295898438,0.24721883869913683,0.17457482820349923
0.321,0.271,0.019998788833618164,0.24721883869913683,0.17457482820349923
0.274,0.254,0.019969701766967773,0.2507028980609965,0.17690821521220984
0.254,0.241,0.020016193389892578,0.2507028980609965,0.17690821521220984
0.24,0.218,0.019991159439086914,0.2507028980609965,0.17690821521220984
0.241,0.19,0.020004749298095703,0.2507028980609965,0.17690821521220984
0.236,0.168,0.01999068260192871,0.26353819554122376,0.1862470443184885
0.236,0.168,0.02001047134399414,0.26353819554122376,0.1862470443184885
0.222,0.162,0.02000594139099121,0.26353819554122376,0.1862470443184885
0.215,0.158,0.019994497299194336,0.25311255208679617,0.17883468261417407
0.213,0.141,0.020000457763671875,0.25311255208679617,0.17883468261417407
0.216,0.144,0.019997835159301758,0.25311255208679617,0.17883468261417407
0.207,0.143,0.019995927810668945,0.25311255208679617,0.17883468261417407
0.212,0.161,0.020002126693725586,-0.26120444775640966,0.18409930926119747
0.219,0.159,0.01998734474182129,-0.26120444775640966,0.18409930926119747
0.252,0.134,0.02001023292541504,-0.26120444775640966,0.18409930926119747
0.225,0.179,0.020000696182250977,-0.24589834058739554,0.17373567365463383
0.225,0.179,0.020001649856567383,-0.24589834058739554,0.17373567365463383
0.192,0.204,0.020009756088256836,-0.24589834058739554,0.17373567365463383
0.171,0.202,0.01999664306640625,-0.2559967004418266,0.18056035365594036
0.149,0.206,0.019986391067504883,-0.2559967004418266,0.18056035365594036
0.149,0.206,0.02003169059753418,-0.2559967004418266,0.18056035365594036
0.135,0.181,0.01998305320739746,-0.2559967004418266,0.18056035365594036
0.107,0.182,0.019980669021606445,-0.37608737385116586,0.1719434129135191
0.074,0.198,0.020017147064208984,-0.37608737385116586,0.1719434129135191
-0.076,0.183,0.020001649856567383,-0.2400331568965231,0.16950117066142625
-0.112,0.179,0.02000284194946289,-0.2400331568965231,0.16950117066142625
-0.133,0.172,0.01999187469482422,-0.2400331568965231,0.16950117066142625
-0.169,0.165,0.020000457763671875,0.4868091001186346,0.20280066700523458
-0.188,0.167,0.020002365112304688,0.4868091001186346,0.20280066700523458
-0.227,0.145,0.01999521255493164,0.4868091001186346,0.20280066700523458
-0.225,0.151,0.01999664306640625,0.2794950454900124,0.19728211893957237
-0.211,0.193,0.020008325576782227,0.2794950454900124,0.19728211893957237
-0.222,0.178,0.0200045108795166,0.2794950454900124,0.19728211893957237
-0.22,0.18,0.01999187469482422,0.2813708104492601,0.1985033786429026
-0.216,0.181,0.020003795623779297,0.2813708104492601,0.1985033786429026
-0.186,0.186,0.019998550415039062,0.2813708104492601,0.1985033786429026
-0.164,0.192,0.020117759704589844,0.2813708104492601,0.1985033786429026
-0.14,0.211,0.019876718521118164,0.28284454141914883,0.1995910080406856
-0.119,0.211,0.020000219345092773,0.28284454141914883,0.1995910080406856
-0.102,0.2,0.0200040340423584,0.28284454141914883,0.1995910080406856
-0.089,0.195,0.0199887752532959,0.28787309379024106,0.2033099124703217
-0.057,0.202,0.0200192928314209,0.28787309379024106,0.2033099124703217
-0.057,0.202,0.019989967346191406,0.28787309379024106,0.2033099124703217
0.074,0.179,0.019998550415039062,0.5116405860726536,0.20549448417462932
0.088,0.176,0.019997358322143555,0.5116405860726536,0.20549448417462932
0.112,0.187,0.020003557205200195,0.3839212594733166,0.19199406675127165
0.137,0.201,0.01999497413635254,0.3839212594733166,0.19199406675127165
0.161,0.198,0.019998788833618164,0.3839212594733166,0.19199406675127165
0.177,0.202,0.020003080368041992,0.44873659234918795,0.19715594049699597
0.193,0.199,0.01999807357788086,0.44873659234918795,0.19715594049699597
0.241,0.159,0.020000696182250977,0.44873659234918795,0.19715594049699597
0.243,0.188,0.020005464553833008,0.46370712816810417,0.1868523511035376
0.263,0.199,0.01999354362487793,0.46370712816810417,0.1868523511035376
0.322,0.115,0.020003080368041992,0.46370712816810417,0.1868523511035376
0.277,0.211,0.019988059997558594,0.46370712816810417,0.1868523511035376
0.329,0.162,0.02000117301940918,0.4696003527808325,0.1867366741029638
0.309,0.221,0.020014286041259766,0.4696003527808325,0.1867366741029638
0.393,0.115,0.01999950408935547,0.4696003527808325,0.1867366741029638
0.393,0.115,0.019996166229248047,0.5120292876459873,0.2055222580073353
0.393,0.115,0.02000141143798828,0.5120292876459873,0.2055222580073353
0.391,0.184,0.019997596740722656,0.5120292876459873,0.2055222580073353
0.474,0.106,0.019984960556030273,0.5120292876459873,0.2055222580073353
0.423,0.214,0.020002126693725586,0.4067107346094865,0.18101306156935232
0.44,0.215,0.01999950408935547,0.4067107346094865,0.18101306156935232
0.542,0.095,0.020000219345092773,0.4067107346094865,0.18101306156935232
0.474,0.182,0.020009279251098633,0.4793395162203737,0.17942555495791088
0.455,0.215,0.020001649856567383,0.4793395162203737,0.17942555495791088
0.471,0.211,0.019989728927612305,0.4793395162203737,0.17942555495791088
0.534,0.096,0.020005464553833008,0.45169886197299547,0.17791547131183927
0.461,0.209,0.02000904083251953,0.45169886197299547,0.17791547131183927
0.461,0.209,0.019997358322143555,0.45169886197299547,0.17791547131183927
0.39,0.303,0.01999521255493164,0.4064393769352444,0.17437194095884667
0.554,0.043,0.020000457763671875,0.4064393769352444,0.17437194095884667
0.519,0.134,0.01999044418334961,0.4064393769352444,0.17437194095884667
0.397,0.289,0.020013809204101562,0.4064393769352444,0.17437194095884667
0.416,0.233,0.019993305206298828,0.25481733960981784,0.17878800003730463
0.417,0.215,0.0200040340423584,0.25481733960981784,0.17878800003730463
0.417,0.215,0.01999831199645996,0.25481733960981784,0.17878800003730463
0.417,0.215,0.01999664306640625,0.2513888625340233,0.17726049583811845
0.495,0.033,0.02003192901611328,0.2513888625340233,0.17726049583811845
0.433,0.092,0.020084619522094727,0.2513888625340233,0.17726049583811845
0.382,0.125,0.01988840103149414,0.2513888625340233,0.17726049583811845
0.265,0.265,0.020014047622680664,-0.36309482347303934,0.25876711236826083
0.265,0.265,0.019985198974609375,-0.36309482347303934,0.25876711236826083
0.274,0.195,0.020009517669677734,-0.3829504487514036,0.27213622650172536
0.234,0.227,0.019996166229248047,-0.3829504487514036,0.27213622650172536
0.234,0.227,0.020001888275146484,-0.3829504487514036,0.27213622650172536
0.194,0.231,0.019997119903564453,-0.3829504487514036,0.27213622650172536
0.194,0.231,0.01999497413635254,-0.3861055790498085,0.27571302326696157
0.131,0.275,0.020002365112304688,-0.3861055790498085,0.27571302326696157
0.092,0.25,0.020005226135253906,-0.3861055790498085,0.27571302326696157
0.076,0.258,0.019995927810668945,-0.3861055790498085,0.27571302326696157
0.054,0.271,0.020012378692626953,-0.357687324079078,0.2549797582909243
-0.076,0.259,0.01999521255493164,-0.36424537600704543,0.2592374550122672
-0.12,0.243,0.020000219345092773,-0.37465151886440085,0.2639971019372469
-0.12,0.243,0.02001047134399414,-0.37465151886440085,0.2639971019372469
-0.149,0.245,0.019997358322143555,-0.37465151886440085,0.2639971019372469
-0.149,0.245,0.019997835159301758,-0.32406416698071566,0.23080225849255043
-0.205,0.262,0.02000260353088379,-0.32406416698071566,0.23080225849255043
-0.231,0.265,0.019997119903564453,-0.32406416698071566,0.23080225849255043
-0.275,0.244,0.019992351531982422,-0.34420104009570435,0.2457200737491716
-0.299,0.195,0.020002365112304688,-0.34420104009570435,0.2457200737491716
-0.272,0.249,0.020008087158203125,-0.34420104009570435,0.2457200737491716
-0.292,0.241,0.01999521255493164,-0.34420104009570435,0.2457200737491716
-0.336,0.199,0.020000457763671875,-0.34262250555634466,0.24454353546258326
-0.359,0.158,0.01999974250793457,-0.34262250555634466,0.24454353546258326
-0.336,0.221,0.019987821578979492,-0.34262250555634466,0.24454353546258326
-0.336,0.221,0.020003557205200195,-0.3203060625758857,0.22888717079954649
-0.374,0.203,0.020000457763671875,-0.3203060625758857,0.22888717079954649
-0.364,0.195,0.019999980926513672,-0.3203060625758857,0.22888717079954649
-0.304,0.251,0.02001023292541504,-0.3203060625758857,0.22888717079954649
-0.304,0.251,0.019999980926513672,0.5070670576241966,0.4018519017358998
-0.364,0.203,0.020000457763671875,0.5070670576241966,0.4018519017358998
-0.345,0.214,0.019999980926513672,0.5070670576241966,0.4018519017358998
-0.288,0.314,0.019997596740722656,0.48248009942363174,0.36026690599006617
-0.288,0.314,0.020001649856567383,0.48248009942363174,0.36026690599006617
-0.288,0.314,0.02002263069152832,0.48248009942363174,0.36026690599006617
-0.255,0.358,0.019982099533081055,0.4782184745407166,0.34961826475939045
-0.232,0.37,0.020001649856567383,0.4782184745407166,0.34961826475939045
-0.23,0.368,0.019990205764770508,0.4782184745407166,0.34961826475939045
-0.23,0.368,0.02000594139099121,0.4782184745407166,0.34961826475939045
-0.202,0.358,0.019994020462036133,0.46669590352607515,0.3367876935042917
-0.197,0.341,0.020000696182250977,0.46669590352607515,0.3367876935042917
-0.197,0.341,0.020014047622680664,0.46669590352607515,0.3367876935042917
-0.142,0.368,0.019980669021606445,0.427510146060006,0.31157953017148715
-0.112,0.366,0.019998788833618164,0.427510146060006,0.31157953017148715
-0.104,0.334,0.020004749298095703,0.427510146060006,0.31157953017148715
-0.08,0.325,0.020000934600830078,0.427510146060006,0.31157953017148715
-0.067,0.317,0.019999027252197266,0.4758009784012013,0.3403531897708196
0.068,0.323,0.01999664306640625,0.4123163907372497,0.30388670939727835
0.088,0.311,0.020006179809570312,0.4123163907372497,0.30388670939727835
0.088,0.311,0.020001649856567383,0.4123163907372497,0.30388670939727835
0.099,0.299,0.019995450973510742,0.4154844380870756,0.29432898532789276
0.112,0.307,0.019992351531982422,0.4154844380870756,0.29432898532789276
0.145,0.302,0.019999980926513672,0.4154844380870756,0.29432898532789276
0.156,0.29,0.020006418228149414,0.4154844380870756,0.29432898532789276
0.156,0.29,0.019997596740722656,0.36571329569040534,0.25977246681736815
0.198,0.298,0.020004749298095703,0.36571329569040534,0.25977246681736815
0.218,0.297,0.01999664306640625,0.36571329569040534,0.25977246681736815
0.218,0.297,0.019999027252197266,0.4399114045992871,0.3102018477099784
0.266,0.27,0.020031452178955078,0.4399114045992871,0.3102018477099784
0.266,0.27,0.019965410232543945,0.4399114045992871,0.3102018477099784
0.296,0.3,0.02000737190246582,0.4399114045992871,0.3102018477099784
0.3,0.297,0.020004749298095703,0.4432735193699537,0.31254851685732726
0.3,0.297,0.01999950408935547,0.4432735193699537,0.31254851685732726
0.38,0.242,0.020023584365844727,0.4432735193699537,0.31254851685732726
0.369,0.324,0.01997232437133789,0.4397174025912407,0.30019267021654317
0.42,0.276,0.019995689392089844,0.4397174025912407,0.30019267021654317
0.454,0.255,0.01999378204345703,0.4397174025912407,0.30019267021654317
0.414,0.343,0.02001023292541504,0.44396406596900506,0.30180248398797493
0.456,0.242,0.020000934600830078,0.44396406596900506,0.30180248398797493
0.424,0.302,0.02000141143798828,0.44396406596900506,0.30180248398797493
0.424,0.302,0.019984960556030273,0.3971109821597143,0.2523425317691069
0.424,0.302,0.020014524459838867,0.3971109821597143,0.2523425317691069
0.467,0.246,0.01999211311340332,0.3971109821597143,0.2523425317691069
0.416,0.334,0.020003557205200195,0.3971109821597143,0.2523425317691069
0.416,0.334,0.020005226135253906,0.754415529915697,0.2612793697876642
0.494,0.182,0.01999640464782715,0.754415529915697,0.2612793697876642
0.416,0.274,0.020012617111206055,0.754415529915697,0.2612793697876642
0.416,0.274,0.01997971534729004,0.754415529915697,0.2612793697876642
0.378,0.335,0.020012617111206055,0.9775851575020358,0.24504755592875754
0.378,0.335,0.020004987716674805,0.9775851575020358,0.24504755592875754
0.513,0.118,0.020003318786621094,0.9775851575020358,0.24504755592875754
0.513,0.118,0.01998281478881836,0.8940223549931859,0.3093074819379976
0.539,0.126,0.019999265670776367,0.8940223549931859,0.3093074819379976
0.437,0.306,0.01999497413635254,0.8940223549931859,0.3093074819379976
0.537,0.174,0.020017385482788086,0.6936392400787307,0.26972681088117867
0.537,0.174,0.020003080368041992,0.6936392400787307,0.26972681088117867
0.539,0.219,0.019986867904663086,0.6936392400787307,0.26972681088117867
0.603,0.157,0.0200040340423584,0.8478331802740142,0.22932987986100303
0.603,0.157,0.020000696182250977,0.8478331802740142,0.22932987986100303
0.555,0.316,0.019999980926513672,0.8478331802740142,0.22932987986100303
0.555,0.316,0.020002126693725586,0.9395558808788674,0.3024070308145645
0.59,0.326,0.020000219345092773,0.9395558808788674,0.3024070308145645
0.59,0.326,0.02000737190246582,0.9395558808788674,0.3024070308145645
0.657,0.284,0.019986391067504883,0.9395558808788674,0.3024070308145645
0.641,0.321,0.01999974250793457,0.7881823213080538,0.27632311251237796
0.747,0.184,0.02000117301940918,0.7881823213080538,0.27632311251237796
0.77,0.203,0.019989728927612305,0.7881823213080538,0.27632311251237796
0.77,0.203,0.02000880241394043,0.88447473866942,0.2842317024134923
0.768,0.263,0.01999831199645996,0.88447473866942,0.2842317024134923
0.798,0.246,0.020004749298095703,0.88447473866942,0.2842317024134923
0.829,0.214,0.020002126693725586,0.8128275401729399,0.2779962826656723
0.829,0.214,0.019989728927612305,0.8128275401729399,0.2779962826656723
0.83,0.206,0.02001166343688965,0.8128275401729399,0.2779962826656723
0.742,0.341,0.01999688148498535,0.8128275401729399,0.2779962826656723
0.923,0.108,0.019999980926513672,0.46135724048487675,0.28844525380946084
0.789,0.317,0.020006418228149414,0.46135724048487675,0.28844525380946084
0.694,0.496,0.019993066787719727,0.46135724048487675,0.28844525380946084
0.982,0.033,0.01999807357788086,0.46573593719073997,0.2919830587828589
0.982,0.033,0.02000713348388672,0.46573593719073997,0.2919830587828589
0.654,0.571,0.01999688148498535,0.46573593719073997,0.2919830587828589
0.654,0.571,0.020006895065307617,0.39554389887841274,0.28223132482570373
0.654,0.571,0.01999378204345703,0.39554389887841274,0.28223132482570373
0.905,0.139,0.02001047134399414,0.39554389887841274,0.28223132482570373
0.846,0.154,0.01999664306640625,0.39554389887841274,0.28223132482570373
0.846,0.154,0.01999640464782715,0.4146653590820309,0.2938064105320988
0.532,0.519,0.019999027252197266,0.4146653590820309,0.2938064105320988
0.532,0.467,0.020001649856567383,0.4146653590820309,0.2938064105320988
0.593,0.321,0.019997358322143555,0.4499455574790123,0.2956952862354108
0.511,0.394,0.020000457763671875,0.4499455574790123,0.2956952862354108
0.511,0.394,0.0200042724609375,0.4499455574790123,0.2956952862354108
0.453,0.417,0.01999974250793457,0.4499455574790123,0.2956952862354108
0.424,0.401,0.019996166229248047,0.44235904039072216,0.314039853976513
0.466,0.311,0.020000457763671875,0.44235904039072216,0.314039853976513
0.41,0.353,0.020007848739624023,0.44235904039072216,0.314039853976513
0.457,0.257,0.019987821578979492,0.43033590795802196,0.3060249510615975
0.5,0.162,0.02000713348388672,0.43033590795802196,0.3060249510615975
0.385,0.316,0.020006179809570312,0.43033590795802196,0.3060249510615975
0.385,0.316,0.019983530044555664,0.4354034236359118,0.311012567987668
0.369,0.317,0.020004749298095703,0.4354034236359118,0.311012567987668
0.453,0.196,0.020004987716674805,0.4354034236359118,0.311012567987668
0.453,0.196,0.019992828369140625,0.4354034236359118,0.311012567987668
0.453,0.196,0.020002365112304688,0.4161676963308467,0.2959509073791984
0.376,0.285,0.02000260353088379,0.4161676963308467,0.2959509073791984
0.333,0.377,0.020005464553833008,0.4161676963308467,0.2959509073791984
0.402,0.327,0.020008325576782227,0.41027904371980606,0.2934455602966842
0.371,0.374,0.019982337951660156,0.41027904371980606,0.2934455602966842
0.371,0.374,0.020006179809570312,0.41027904371980606,0.2934455602966842
0.397,0.298,0.019990205764770508,0.4057853353448178,0.29412938602182015
0.432,0.234,0.01999807357788086,0.4057853353448178,0.29412938602182015
0.386,0.309,0.020003795623779297,0.4057853353448178,0.29412938602182015
0.35,0.352,0.019997119903564453,0.40961128563387517,0.2881586472683739
0.378,0.325,0.020010948181152344,0.40961128563387517,0.2881586472683739
0.378,0.325,0.020001649856567383,0.40961128563387517,0.2881586472683739
0.441,0.228,0.02001500129699707,0.40961128563387517,0.2881586472683739
0.413,0.274,0.01997661590576172,0.39832211409962814,0.28378694252282644
0.47,0.177,0.02000880241394043,0.39832211409962814,0.28378694252282644
0.395,0.3,0.01999831199645996,0.39832211409962814,0.28378694252282644
0.41,0.301,0.020025253295898438,0.3990146596624261,0.28338037812490263
0.41,0.301,0.01996922492980957,0.3990146596624261,0.28338037812490263
0.39,0.302,0.019997596740722656,0.3990146596624261,0.28338037812490263
0.416,0.265,0.019993066787719727,0.3990146596624261,0.28338037812490263
0.393,0.298,0.020012855529785156,0.3702196822588439,0.26352761813287007
0.393,0.298,0.019985437393188477,0.3702196822588439,0.26352761813287007
0.401,0.282,0.019997835159301758,0.3702196822588439,0.26352761813287007
0.387,0.298,0.020003795623779297,0.3952544849458679,0.2804783046267951
0.387,0.298,0.020008325576782227,0.3952544849458679,0.2804783046267951
0.323,0.341,0.01999664306640625,0.3952544849458679,0.2804783046267951
0.309,0.35,0.020009756088256836,0.3750580128061597,0.26493776987393897
0.363,0.279,0.019993066787719727,0.3750580128061597,0.26493776987393897
0.36,0.282,0.01999831199645996,0.3750580128061597,0.26493776987393897
0.36,0.282,0.019997835159301758,0.46850070469714705,0.26934334821617745
0.394,0.232,0.02000737190246582,0.46850070469714705,0.26934334821617745
0.372,0.278,0.01999831199645996,0.46850070469714705,0.26934334821617745
0.388,0.233,0.02000284194946289,0.46850070469714705,0.26934334821617745
0.373,0.258,0.019995450973510742,0.46660396882670024,0.2506796679247652
0.373,0.258,0.020000457763671875,0.46660396882670024,0.2506796679247652
0.4,0.275,0.020000934600830078,0.46660396882670024,0.2506796679247652
0.4,0.275,0.01999974250793457,0.5000072967372051,0.2635572191063798
0.4,0.322,0.01999831199645996,0.5000072967372051,0.2635572191063798
0.41,0.288,0.020013093948364258,0.5000072967372051,0.2635572191063798
0.517,0.147,0.01998734474182129,0.37644597219787646,0.2659352740597672
0.517,0.158,0.020003557205200195,0.37644597219787646,0.2659352740597672
0.517,0.158,0.020000696182250977,0.37644597219787646,0.2659352740597672
0.517,0.158,0.020002365112304688,0.37644597219787646,0.2659352740597672
0.423,0.337,0.019998788833618164,0.36391342793309944,0.22715005252577475
0.529,0.202,0.020000457763671875,0.36391342793309944,0.22715005252577475
0.423,0.281,0.020007610321044922,0.36391342793309944,0.22715005252577475
0.423,0.281,0.019988298416137695,0.3433121540192452,0.2186337698206062
0.376,0.301,0.020003080368041992,0.3433121540192452,0.2186337698206062
0.353,0.334,0.01999831199645996,0.3433121540192452,0.2186337698206062
0.389,0.242,0.020001649856567383,0.3433121540192452,0.2186337698206062
0.386,0.202,0.019998550415039062,0.49762282301749855,0.2363764464810696
0.391,0.174,0.020002365112304688,0.49762282301749855,0.2363764464810696
0.329,0.252,0.019999980926513672,0.49762282301749855,0.2363764464810696
0.302,0.309,0.01999640464782715,0.4379012583178111,0.2417410101303595
0.36,0.198,0.020000457763671875,0.4379012583178111,0.2417410101303595
0.296,0.291,0.019990921020507812,0.4379012583178111,0.2417410101303595
0.332,0.259,0.020010948181152344,0.45349342096603357,0.24707793355184568
0.426,0.126,0.01999640464782715,0.45349342096603357,0.24707793355184568
0.403,0.187,0.019998788833618164,0.45349342096603357,0.24707793355184568
0.369,0.265,0.02000117301940918,0.45349342096603357,0.24707793355184568
0.344,0.325,0.019997358322143555,0.4824188783612406,0.2341447447235722
0.436,0.239,0.02001476287841797,0.4824188783612406,0.2341447447235722
0.436,0.239,0.019999027252197266,0.4824188783612406,0.2341447447235722
0.512,0.165,0.01999187469482422,0.6383604869226167,0.2553293564783517
0.467,0.21,0.020002365112304688,0.6383604869226167,0.2553293564783517
0.412,0.271,0.020002126693725586,0.6383604869226167,0.2553293564783517
0.429,0.262,0.020003795623779297,0.681117232181252,0.2595466187246591
0.429,0.262,0.01999378204345703,0.681117232181252,0.2595466187246591
0.512,0.238,0.020000219345092773,0.681117232181252,0.2595466187246591
0.454,0.357,0.019992589950561523,0.7897981932851157,0.24725005331342534
0.656,0.082,0.020006418228149414,0.7897981932851157,0.24725005331342534
0.656,0.082,0.020001649856567383,0.7897981932851157,0.24725005331342534
0.486,0.387,0.020009279251098633,0.7897981932851157,0.24725005331342534
0.688,0.114,0.019983768463134766,0.8374982062451222,0.23809710874015813
0.688,0.114,0.020000457763671875,0.8374982062451222,0.23809710874015813
0.619,0.264,0.01999521255493164,0.8374982062451222,0.23809710874015813
0.709,0.155,0.019999265670776367,0.8556965856131118,0.24757280327696354
0.708,0.208,0.020004987716674805,0.8556965856131118,0.24757280327696354
0.708,0.208,0.02000260353088379,0.8556965856131118,0.24757280327696354
0.722,0.227,0.019999027252197266,0.9112742241846,0.2462140034537001
0.722,0.227,0.019995450973510742,0.9112742241846,0.2462140034537001
0.767,0.157,0.019989728927612305,0.9112742241846,0.2462140034537001
0.808,0.189,0.020011186599731445,1.081677532649522,0.24417341371117254
0.808,0.189,0.02000284194946289,1.081677532649522,0.24417341371117254
0.823,0.204,0.02000117301940918,1.081677532649522,0.24417341371117254
0.831,0.184,0.020005464553833008,1.081677532649522,0.24417341371117254
0.848,0.203,0.020002126693725586,1.3016897762434378,0.2917834257150035
0.883,0.204,0.019997119903564453,1.3016897762434378,0.2917834257150035
0.913,0.168,0.019997358322143555,1.3016897762434378,0.2917834257150035
0.941,0.185,0.02000260353088379,1.3612842822981264,0.3018804854740245
0.947,0.22,0.01999807357788086,1.3612842822981264,0.3018804854740245
0.977,0.214,0.019999027252197266,1.3612842822981264,0.3018804854740245
0.977,0.214,0.020022869110107422,1.3612842822981264,0.3018804854740245
1.027,0.222,0.019975900650024414,1.3496333510874294,0.25842798405231027
0.996,0.3,0.019999980926513672,1.3496333510874294,0.25842798405231027
1.031,0.25,0.020006418228149414,1.3496333510874294,0.25842798405231027
1.065,0.254,0.019997596740722656,1.3038892575051357,0.25454328133807963
1.065,0.245,0.020001649856567383,1.3038892575051357,0.25454328133807963
1.052,0.302,0.02000141143798828,1.3038892575051357,0.25454328133807963
1.104,0.26,0.019991397857666016,1.2719250699668843,0.23483805106878775
1.091,0.268,0.019998788833618164,1.2719250699668843,0.23483805106878775
1.132,0.285,0.01999831199645996,1.2719250699668843,0.23483805106878775
1.143,0.307,0.020009756088256836,1.2719250699668843,0.23483805106878775
1.143,0.307,0.019993305206298828,1.259628060459481,0.2440797810730745
1.149,0.269,0.020006418228149414,1.259628060459481,0.2440797810730745
1.199,0.221,0.019997119903564453,1.259628060459481,0.2440797810730745
1.234,0.26,0.020003080368041992,1.2441164679015146,0.2426573046542421
1.193,0.247,0.019992351531982422,1.2441164679015146,0.2426573046542421
1.193,0.247,0.02000570297241211,1.2441164679015146,0.2426573046542421
1.183,0.222,0.020002126693725586,1.2441164679015146,0.2426573046542421
1.223,0.209,0.019997596740722656,1.2652286526092802,0.2379888719499274
1.188,0.288,0.020001649856567383,1.2652286526092802,0.2379888719499274
1.188,0.288,0.020020484924316406,1.2652286526092802,0.2379888719499274
1.293,0.233,0.01996898651123047,1.2429745381438886,0.20305351139485472
1.204,0.262,0.020003795623779297,1.2429745381438886,0.20305351139485472
1.3,0.172,0.019997358322143555,1.2429745381438886,0.20305351139485472
1.275,0.19,0.020000219345092773,1.1524405890186964,0.23319946482664705
1.225,0.227,0.020008325576782227,1.1524405890186964,0.23319946482664705
1.255,0.243,0.019995927810668945,1.1524405890186964,0.23319946482664705
1.288,0.13,0.02000260353088379,1.154477190121229,0.23315709200249346
1.288,0.13,0.01999187469482422,1.154477190121229,0.23315709200249346
1.25,0.195,0.02001214027404785,1.154477190121229,0.23315709200249346
1.25,0.195,0.0200042724609375,1.154477190121229,0.23315709200249346
1.286,0.109,0.019986391067504883,1.1013217239559305,0.2373249049120027
1.286,0.109,0.020005226135253906,1.1013217239559305,0.2373249049120027
1.286,0.109,0.019999980926513672,1.1013217239559305,0.2373249049120027
1.29,0.071,0.01999497413635254,1.1032362503724595,0.23768556995644147
1.29,0.071,0.020005464553833008,1.1032362503724595,0.23768556995644147
1.203,0.133,0.019997596740722656,1.1032362503724595,0.23768556995644147
1.175,0.17,0.019999265670776367,1.1032362503724595,0.23768556995644147
1.175,0.17,0.01999640464782715,1.1979975265615137,0.23184992399556908
1.208,0.099,0.020003557205200195,1.1979975265615137,0.23184992399556908
1.193,0.141,0.02001667022705078,1.1979975265615137,0.23184992399556908
1.209,0.082,0.019983768463134766,1.1107253450562407,0.20469876005060167
1.161,0.153,0.01999831199645996,1.1107253450562407,0.20469876005060167
1.163,0.155,0.020003080368041992,1.1107253450562407,0.20469876005060167
1.163,0.155,0.019996166229248047,1.1192098312118695,0.20678508299551454
1.149,0.149,0.020002126693725586,1.1192098312118695,0.20678508299551454
1.111,0.182,0.01999688148498535,1.1192098312118695,0.20678508299551454
1.123,0.144,0.020003080368041992,1.0953803597075074,0.19757691524210572
1.178,0.086,0.01999831199645996,1.0953803597075074,0.19757691524210572
1.178,0.086,0.01999688148498535,1.0953803597075074,0.19757691524210572
1.101,0.19,0.020012378692626953,1.0953803597075074,0.19757691524210572
1.153,0.116,0.01998162269592285,0.7625361294859943,0.02851567950125452
1.153,0.116,0.020028114318847656,0.7625361294859943,0.02851567950125452
1.137,0.157,0.01998734474182129,0.7625361294859943,0.02851567950125452
1.106,0.175,0.01999378204345703,0.759063231229283,0.02518921540658507
1.144,0.082,0.019957304000854492,0.759063231229283,0.02518921540658507
1.083,0.152,0.020043373107910156,0.759063231229283,0.02518921540658507
1.064,0.154,0.01999950408935547,1.2607226333137527,0.18558875446586634
1.064,0.154,0.02002692222595215,1.2607226333137527,0.18558875446586634
1.064,0.064,0.019983768463134766,1.2607226333137527,0.18558875446586634
1.052,0.091,0.019995450973510742,1.2607226333137527,0.18558875446586634
1.052,0.091,0.02001190185546875,1.1885239134034584,0.18571960788425296
1.046,0.076,0.01998615264892578,1.1885239134034584,0.18571960788425296
1.046,0.081,0.019995927810668945,1.1885239134034584,0.18571960788425296
1.046,0.081,0.01999688148498535,1.4645134244561961,0.1597800148980559
1.041,0.094,0.020009994506835938,1.4645134244561961,0.1597800148980559
1.057,0.075,0.01999664306640625,1.4645134244561961,0.1597800148980559
1.034,0.114,0.019994020462036133,1.1251507105111629,0.15104682330798747
1.049,0.113,0.019993305206298828,1.1251507105111629,0.15104682330798747
1.056,0.153,0.020015239715576172,1.1251507105111629,0.15104682330798747
1.056,0.153,0.0200040340423584,1.1251507105111629,0.15104682330798747
1.069,0.176,0.019988059997558594,1.0587446624759174,0.13918459941387243
1.099,0.123,0.01999974250793457,1.0587446624759174,0.13918459941387243
1.099,0.123,0.01999950408935547,1.0587446624759174,0.13918459941387243
1.107,0.104,0.019997358322143555,1.1266115526948473,0.14463267201807892
1.079,0.181,0.020003080368041992,1.1266115526948473,0.14463267201807892
1.079,0.181,0.020000696182250977,1.1266115526948473,0.14463267201807892
1.121,0.094,0.01999950408935547,1.1266115526948473,0.14463267201807892
1.099,0.159,0.019999265670776367,1.0868761183898483,0.15262021272876256
1.12,0.132,0.020003795623779297,1.0868761183898483,0.15262021272876256
1.127,0.122,0.02001357078552246,1.0868761183898483,0.15262021272876256
1.127,0.122,0.019998788833618164,0.9327478322980062,0.14456518000669819
1.072,0.202,0.019991397857666016,0.9327478322980062,0.14456518000669819
1.124,0.116,0.01999974250793457,0.9327478322980062,0.14456518000669819
1.182,0.056,0.01999068260192871,1.0796367309229726,0.14793702005684092
1.044,0.247,0.02000594139099121,1.0796367309229726,0.14793702005684092
1.044,0.247,0.019999980926513672,1.0796367309229726,0.14793702005684092
1.152,0.043,0.019998550415039062,0.9939453899122567,0.07195895168487365
1.062,0.154,0.020003795623779297,0.9939453899122567,0.07195895168487365
1.062,0.154,0.019997835159301758,0.9939453899122567,0.07195895168487365
1.1,0.062,0.01999378204345703,0.9939453899122567,0.07195895168487365
1.07,0.083,0.01999497413635254,0.9767971503803515,0.06829812192686889
1.06,0.102,0.020007848739624023,0.9767971503803515,0.06829812192686889
1.066,0.032,0.020007610321044922,0.9767971503803515,0.06829812192686889
1.066,0.032,0.020000696182250977,0.9210039978613159,0.06342053213872066
1.059,0.029,0.01999497413635254,0.9210039978613159,0.06342053213872066
1.059,0.029,0.02000284194946289,0.9210039978613159,0.06342053213872066
1.043,0.003,0.019999980926513672,0.9210039978613159,0.06342053213872066
1.012,0.041,0.019992589950561523,0.9487475535999399,0.07076908806796486
0.971,0.07,0.02000260353088379,0.9487475535999399,0.07076908806796486
0.971,0.07,0.019997358322143555,0.9487475535999399,0.07076908806796486
1.0,-0.007,0.01999974250793457,0.8539332709254905,-0.048224271304598575
1.0,-0.007,0.020001649856567383,0.8539332709254905,-0.048224271304598575
0.94,0.036,0.02000141143798828,0.8539332709254905,-0.048224271304598575
0.908,0.05,0.019998788833618164,0.797298265339435,-0.04705750548105647
0.92,0.009,0.020002365112304688,0.797298265339435,-0.04705750548105647
0.889,0.036,0.019997358322143555,0.797298265339435,-0.04705750548105647
0.885,-0.004,0.01999664306640625,0.9024258787647929,0.0518029901533627
0.828,0.055,0.019997358322143555,0.9024258787647929,0.0518029901533627
0.88,-0.064,0.019994735717773438,0.9024258787647929,0.0518029901533627
0.88,-0.064,0.01999521255493164,0.9024258787647929,0.0518029901533627
0.798,0.058,0.02001023292541504,0.7619242615381138,-0.017279149287958623
0.798,0.058,0.020008087158203125,0.7619242615381138,-0.017279149287958623
0.803,0.023,0.019995689392089844,0.7619242615381138,-0.017279149287958623
0.803,0.023,0.02001357078552246,0.790063667400011,-0.014422518662111
0.803,0.023,0.019991159439086914,0.790063667400011,-0.014422518662111
0.79,0.024,0.019995450973510742,0.790063667400011,-0.014422518662111
0.75,0.063,0.020000457763671875,0.8124290291140308,-0.09026128616831455
0.75,0.063,0.0200040340423584,0.8124290291140308,-0.09026128616831455
0.772,0.009,0.02000117301940918,0.8124290291140308,-0.09026128616831455
0.736,0.043,0.019997596740722656,0.8124290291140308,-0.09026128616831455
0.759,0.0,0.01999044418334961,1.154335509872508,-0.09976434249695708
0.742,0.004,0.020013093948364258,1.154335509872508,-0.09976434249695708
0.742,0.004,0.02000117301940918,1.154335509872508,-0.09976434249695708
0.73,0.026,0.020004749298095703,1.1627990079313764,-0.10021196010424753
0.743,0.018,0.019984006881713867,1.1627990079313764,-0.10021196010424753
0.739,0.035,0.01999950408935547,1.1627990079313764,-0.10021196010424753
0.746,0.028,0.020001649856567383,1.1187562992813302,-0.09497060559247414
0.746,0.028,0.020000696182250977,1.1187562992813302,-0.09497060559247414
0.782,-0.008,0.01999950408935547,1.1187562992813302,-0.09497060559247414
0.827,-0.022,0.019999265670776367,1.0386665863982527,-0.11654291138973354
0.87,-0.068,0.019999265670776367,1.0386665863982527,-0.11654291138973354
0.904,-0.096,0.02000904083251953,1.0386665863982527,-0.11654291138973354
0.941,-0.116,0.01999497413635254,1.0386665863982527,-0.11654291138973354
0.975,-0.124,0.02000594139099121,1.0373856226649554,-0.11645926831435806
0.975,-0.124,0.0200042724609375,1.0373856226649554,-0.11645926831435806
0.997,-0.122,0.02000117301940918,1.0373856226649554,-0.11645926831435806
1.0,-0.133,0.02000141143798828,0.8927551749896819,-0.06643330125579266
1.03,-0.122,0.02000594139099121,0.8927551749896819,-0.06643330125579266
1.016,-0.118,0.019989728927612305,0.8927551749896819,-0.06643330125579266
1.031,-0.099,0.01999354362487793,0.8927551749896819,-0.06643330125579266
1.013,-0.077,0.02000284194946289,1.1077690418691992,-0.16523547919615064
1.007,-0.028,0.020003080368041992,1.1077690418691992,-0.16523547919615064
1.007,-0.028,0.019996166229248047,1.1077690418691992,-0.16523547919615064
1.01,-0.046,0.02001023292541504,1.0928402618586068,-0.16386991565907513
1.019,-0.035,0.01999664306640625,1.0928402618586068,-0.16386991565907513
1.026,-0.063,0.020000457763671875,1.0928402618586068,-0.16386991565907513
1.037,-0.074,0.0199892520904541,1.0928402618586068,-0.16386991565907513
1.04,-0.077,0.019993066787719727,1.1367648432193587,-0.20316482294691846
1.045,-0.094,0.020010948181152344,1.1367648432193587,-0.20316482294691846
1.055,-0.094,0.019998788833618164,1.1367648432193587,-0.20316482294691846
1.055,-0.094,0.019997119903564453,0.9057749156396744,-0.13578819957880164
1.072,-0.118,0.02000284194946289,0.9057749156396744,-0.13578819957880164
1.077,-0.124,0.02000284194946289,0.9057749156396744,-0.13578819957880164
1.071,-0.132,0.019992828369140625,1.0318816176527559,-0.14628598042077443
1.071,-0.132,0.020005226135253906,1.0318816176527559,-0.14628598042077443
1.071,-0.132,0.019996166229248047,1.0318816176527559,-0.14628598042077443
1.06,-0.142,0.020007610321044922,1.010889101992929,-0.13459121045736733
1.057,-0.152,0.019992589950561523,1.010889101992929,-0.13459121045736733
1.042,-0.151,0.01999211311340332,1.010889101992929,-0.13459121045736733
1.045,-0.165,0.020012378692626953,1.010889101992929,-0.13459121045736733
1.043,-0.166,0.0199887752532959,0.9496344989568747,-0.1494003647589463
1.033,-0.157,0.020018815994262695,0.9496344989568747,-0.1494003647589463
1.05,-0.139,0.01999497413635254,0.9496344989568747,-0.1494003647589463
1.079,-0.082,0.01999807357788086,1.2673538019189872,-0.1702948134288086
1.093,-0.017,0.020004987716674805,1.2673538019189872,-0.1702948134288086
1.109,0.018,0.019999980926513672,1.2673538019189872,-0.1702948134288086
1.107,0.006,0.01999187469482422,1.2673538019189872,-0.1702948134288086
1.09,0.015,0.01999187469482422,1.315606690039782,-0.13921492443177474
1.083,-0.013,0.020003557205200195,1.315606690039782,-0.13921492443177474
1.087,-0.026,0.02000904083251953,1.315606690039782,-0.13921492443177474
1.091,-0.009,0.020001888275146484,1.1822281725998318,-0.13617088200518276
1.071,-0.061,0.019995450973510742,1.1822281725998318,-0.13617088200518276
1.057,-0.081,0.020003080368041992,1.1822281725998318,-0.13617088200518276
1.057,-0.081,0.01999378204345703,1.275414702574415,-0.12811863493315745
1.081,-0.049,0.020007610321044922,1.275414702574415,-0.12811863493315745
1.081,-0.049,0.01999688148498535,1.275414702574415,-0.12811863493315745
1.066,-0.101,0.019999027252197266,1.275414702574415,-0.12811863493315745
1.066,-0.101,0.020000219345092773,1.2666743860973289,-0.19039056115737815
1.054,-0.102,0.019987106323242188,1.2666743860973289,-0.19039056115737815
1.117,-0.061,0.019997596740722656,1.2666743860973289,-0.19039056115737815
1.117,-0.061,0.020007610321044922,1.2666743860973289,-0.19039056115737815
1.107,-0.115,0.02001023292541504,1.2392076672763732,-0.12423020552345261
1.156,-0.133,0.01999378204345703,1.2392076672763732,-0.12423020552345261
1.156,-0.133,0.020000696182250977,1.2392076672763732,-0.12423020552345261
1.218,-0.154,0.019997596740722656,1.2218269557175638,-0.10597949184137845
1.216,-0.154,0.020016908645629883,1.2218269557175638,-0.10597949184137845
1.218,-0.112,0.01998305320739746,1.2218269557175638,-0.10597949184137845
1.218,-0.112,0.02000594139099121,1.1935216821905419,-0.083924499724967
1.234,-0.118,0.0200040340423584,1.1935216821905419,-0.083924499724967
1.263,-0.063,0.01999664306640625,1.1935216821905419,-0.083924499724967
1.29,-0.052,0.01999354362487793,1.1620079852952567,-0.06566572842802222
1.284,-0.055,0.020010948181152344,1.1620079852952567,-0.06566572842802222
1.25,-0.109,0.019984722137451172,1.1620079852952567,-0.06566572842802222
1.277,-0.033,0.02000284194946289,1.1726936919358555,-0.07114784729726198
1.276,-0.031,0.020002126693725586,1.1726936919358555,-0.07114784729726198
1.268,-0.032,0.019999980926513672,1.1726936919358555,-0.07114784729726198
1.268,-0.032,0.02001190185546875,1.1726936919358555,-0.07114784729726198
1.213,-0.095,0.01999354362487793,0.9840512575197878,-0.04531860123062882
1.277,-0.002,0.019993305206298828,0.9840512575197878,-0.04531860123062882
1.24,-0.041,0.019999265670776367,0.9840512575197878,-0.04531860123062882
1.24,-0.041,0.020000934600830078,0.8990591265255841,-0.03866814938783218
1.252,0.0,0.020016908645629883,0.8990591265255841,-0.03866814938783218
1.206,-0.046,0.01999831199645996,0.8990591265255841,-0.03866814938783218
1.151,-0.078,0.019989967346191406,0.8990591265255841,-0.03866814938783218
1.1,-0.12,0.019992589950561523,0.8909139237540766,-0.03729486988652917
1.1,-0.12,0.020012855529785156,0.8909139237540766,-0.03729486988652917
1.117,0.015,0.01999950408935547,0.8909139237540766,-0.03729486988652917
1.018,-0.095,0.01999664306640625,0.7529022321269923,-0.017136698966639056
1.076,0.059,0.020011186599731445,0.7529022321269923,-0.017136698966639056
1.076,0.059,0.020003080368041992,0.7529022321269923,-0.017136698966639056
1.037,0.053,0.01996922492980957,0.7614832154428658,0.030795183816886198
1.003,0.074,0.020015478134155273,0.7614832154428658,0.030795183816886198
0.936,0.043,0.020001888275146484,0.7614832154428658,0.030795183816886198
0.895,0.025,0.019996166229248047,0.7614832154428658,0.030795183816886198
0.895,0.025,0.020000934600830078,0.7596971374597189,0.029495736980142448
0.875,0.116,0.020005464553833008,0.7596971374597189,0.029495736980142448
0.875,0.116,0.020003557205200195,0.7596971374597189,0.029495736980142448
0.852,0.122,0.02000141143798828,0.7633120292388957,0.05225902478698861
0.762,0.017,0.01998448371887207,0.7633120292388957,0.05225902478698861
0.756,0.019,0.019989490509033203,0.7633120292388957,0.05225902478698861
0.756,0.019,0.02002120018005371,0.7703754641472853,0.07748342950186284
0.736,0.019,0.019994735717773438,0.7703754641472853,0.07748342950186284
0.736,0.019,0.01999807357788086,0.7703754641472853,0.07748342950186284
0.74,0.029,0.019995689392089844,0.840881797258829,0.08879257809461254
0.708,-0.013,0.020000934600830078,0.840881797258829,0.08879257809461254
0.746,0.045,0.020006179809570312,0.840881797258829,0.08879257809461254
0.76,0.059,0.019994258880615234,0.840881797258829,0.08879257809461254
0.748,0.026,0.020000219345092773,0.8470755980407886,0.11435491737791795
0.708,-0.051,0.019999265670776367,0.8470755980407886,0.11435491737791795
0.718,-0.059,0.020012378692626953,0.8470755980407886,0.11435491737791795
0.733,-0.03,0.019989013671875,0.9943669564138012,0.13622965192523095
0.712,-0.084,0.019997358322143555,0.9943669564138012,0.13622965192523095
0.695,-0.107,0.02001357078552246,0.9943669564138012,0.13622965192523095
0.695,-0.107,0.01998758316040039,0.99431499091128,0.12655939291676963
0.761,-0.004,0.02001333236694336,0.99431499091128,0.12655939291676963
0.824,0.053,0.019988536834716797,0.99431499091128,0.12655939291676963
0.862,0.093,0.020001888275146484,0.99431499091128,0.12655939291676963
0.862,0.093,0.020002126693725586,1.3083207340919842,0.20640303545484276
0.895,0.119,0.019992828369140625,1.3083207340919842,0.20640303545484276
0.905,0.142,0.02001214027404785,1.3083207340919842,0.20640303545484276
0.904,0.184,0.020009756088256836,1.4559835350665287,0.22354267803116706
0.886,0.202,0.0199887752532959,1.4559835350665287,0.22354267803116706
0.866,0.153,0.019989490509033203,1.4559835350665287,0.22354267803116706
0.85,0.108,0.02000117301940918,0.8202969298009904,0.15472378026366485
0.882,0.116,0.020017385482788086,0.8202969298009904,0.15472378026366485
0.954,0.168,0.020020484924316406,0.8202969298009904,0.15472378026366485
0.954,0.168,0.019961833953857422,0.8202969298009904,0.15472378026366485
0.992,0.145,0.020009756088256836,1.3647412343877534,0.29245067627664245
1.024,0.135,0.02000260353088379,1.3647412343877534,0.29245067627664245
1.024,0.135,0.01999831199645996,1.3647412343877534,0.29245067627664245
1.046,0.103,0.019994497299194336,1.4068476579111704,0.3095077629393122
1.067,0.118,0.020004749298095703,1.4068476579111704,0.3095077629393122
1.067,0.118,0.020002365112304688,1.4068476579111704,0.3095077629393122
1.072,0.169,0.019993066787719727,1.4068476579111704,0.3095077629393122
1.083,0.237,0.019995927810668945,1.4215024122980384,0.29318666987586817
1.08,0.268,0.019999265670776367,1.4215024122980384,0.29318666987586817
1.096,0.313,0.020001888275146484,1.4215024122980384,0.29318666987586817
1.096,0.313,0.020000696182250977,0.7141882250488929,0.1862385608693377
1.103,0.3,0.020014524459838867,0.7141882250488929,0.1862385608693377
1.131,0.301,0.01997995376586914,0.7141882250488929,0.1862385608693377
1.181,0.235,0.02000141143798828,1.393819996249542,0.2882368684339511
1.273,0.103,0.02001166343688965,1.393819996249542,0.2882368684339511
1.324,0.003,0.019993066787719727,1.393819996249542,0.2882368684339511
1.301,0.063,0.020008563995361328,1.2554576722918322,0.29950779304541153
1.28,0.112,0.020000696182250977,1.2554576722918322,0.29950779304541153
1.312,0.094,0.019996166229248047,1.2554576722918322,0.29950779304541153
1.312,0.094,0.02000284194946289,1.2554576722918322,0.29950779304541153
1.261,0.189,0.019995450973510742,1.3720674100121681,0.30451913985386014
1.316,0.102,0.019998550415039062,1.3720674100121681,0.30451913985386014
1.316,0.102,0.020003318786621094,1.3720674100121681,0.30451913985386014
1.319,0.098,0.020004749298095703,1.4149906027711203,0.41927852957996764
1.294,0.146,0.019998788833618164,1.4149906027711203,0.41927852957996764
1.293,0.186,0.019997119903564453,1.4149906027711203,0.41927852957996764
1.276,0.239,0.019994497299194336,1.3500112699853024,0.38716819085705567
1.35,0.167,0.02002549171447754,1.3500112699853024,0.38716819085705567
1.305,0.217,0.019968271255493164,1.3500112699853024,0.38716819085705567
1.249,0.26,0.02000880241394043,1.3500112699853024,0.38716819085705567
1.249,0.26,0.019999027252197266,1.294905127986271,0.37484897632243647
1.265,0.276,0.019997835159301758,1.294905127986271,0.37484897632243647
1.265,0.276,0.020000219345092773,1.294905127986271,0.37484897632243647
1.301,0.206,0.019986629486083984,1.1897631479752973,0.3847888220723097
1.244,0.315,0.020012855529785156,1.1897631479752973,0.3847888220723097
1.305,0.246,0.01999378204345703,1.1897631479752973,0.3847888220723097
1.327,0.212,0.0200042724609375,1.164127221016128,0.40048586743225106
1.261,0.29,0.020006418228149414,1.164127221016128,0.40048586743225106
1.286,0.287,0.01999640464782715,1.164127221016128,0.40048586743225106
1.284,0.237,0.02000737190246582,1.164127221016128,0.40048586743225106
1.255,0.266,0.01999354362487793,1.1025240036792718,0.4047454792640818
1.217,0.339,0.020009756088256836,1.1025240036792718,0.4047454792640818
1.217,0.339,0.019993305206298828,1.1025240036792718,0.4047454792640818
1.247,0.234,0.01999378204345703,0.8194776558708756,0.38325470334449435
1.227,0.257,0.020009279251098633,0.8194776558708756,0.38325470334449435
1.24,0.263,0.020005226135253906,0.8194776558708756,0.38325470334449435
1.24,0.263,0.019985437393188477,0.6229961314201088,0.1922430152037322
1.216,0.269,0.0200040340423584,0.6229961314201088,0.1922430152037322
1.217,0.218,0.020003557205200195,0.6229961314201088,0.1922430152037322
1.214,0.152,0.019998550415039062,0.6229961314201088,0.1922430152037322
1.156,0.209,0.019982576370239258,0.4757866810443962,0.1419701745552911
1.156,0.209,0.02001190185546875,0.4757866810443962,0.1419701745552911
1.095,0.236,0.020003080368041992,0.4757866810443962,0.1419701745552911
1.142,0.142,0.019997835159301758,-0.29252784979339264,0.20879251205987903
1.129,0.06,0.020006418228149414,-0.29252784979339264,0.20879251205987903
1.069,0.081,0.020002365112304688,-0.29252784979339264,0.20879251205987903
1.077,0.023,0.019991397857666016,-0.29252784979339264,0.20879251205987903
0.911,0.172,0.02000880241394043,-0.27343639963111666,0.19524113192943435
0.75,0.339,0.019990205764770508,-0.27343639963111666,0.19524113192943435
0.584,0.536,0.020003318786621094,-0.27343639963111666,0.19524113192943435
0.584,0.536,0.0200045108795166,-0.34837944379551006,0.24811473893524097
0.87,-0.018,0.020003795623779297,-0.34837944379551006,0.24811473893524097
0.87,-0.018,0.019974708557128906,-0.34837944379551006,0.24811473893524097
0.654,0.222,0.020009517669677734,-0.3240946784097379,0.2319061181331494
0.654,0.222,0.019991636276245117,-0.3240946784097379,0.2319061181331494
0.713,0.088,0.01999807357788086,-0.3240946784097379,0.2319061181331494
0.583,0.244,0.020000934600830078,-0.30117049513582883,0.21510552813238287
0.451,0.424,0.02001500129699707,-0.30117049513582883,0.21510552813238287
0.518,0.27,0.020003080368041992,-0.30117049513582883,0.21510552813238287
0.409,0.373,0.01998758316040039,-0.30117049513582883,0.21510552813238287
0.409,0.373,0.020012378692626953,-0.3032233255672659,0.21640570930609895
0.459,0.206,0.01999640464782715,-0.3032233255672659,0.21640570930609895
0.459,0.206,0.0200040340423584,-0.3032233255672659,0.21640570930609895
0.44,0.176,0.019985675811767578,-0.2926961219528871,0.21270228616430167
0.44,0.118,0.02002263069152832,-0.2926961219528871,0.21270228616430167
0.452,0.065,0.01999688148498535,-0.2926961219528871,0.21270228616430167
0.298,0.252,0.02000141143798828,-0.2926961219528871,0.21270228616430167
0.298,0.252,0.01999807357788086,-0.28963436259948333,0.20671405865127812
0.224,0.298,0.019995689392089844,-0.28963436259948333,0.20671405865127812
0.202,0.261,0.020000219345092773,-0.28963436259948333,0.20671405865127812
0.186,0.264,0.0199892520904541,-0.2938986079464686,0.20985715931914378
0.182,0.239,0.020003795623779297,-0.2938986079464686,0.20985715931914378
0.164,0.198,0.020010948181152344,-0.2938986079464686,0.20985715931914378
0.164,0.198,0.019992351531982422,-0.3186115885428464,0.2270562855840588
0.129,0.195,0.020013093948364258,-0.3186115885428464,0.2270562855840588
0.085,0.202,0.019993066787719727,-0.3186115885428464,0.2270562855840588
0.064,0.192,0.01999378204345703,-0.3186115885428464,0.2270562855840588
-0.066,0.178,0.01999807357788086,-0.35998473782312784,0.20817942649043492
-0.106,0.18,0.02000594139099121,-0.35998473782312784,0.20817942649043492
-0.133,0.186,0.019988059997558594,-0.35998473782312784,0.20817942649043492
-0.133,0.186,0.020019054412841797,-0.40697063658829563,0.28982458318080995
-0.15,0.192,0.01999068260192871,-0.40697063658829563,0.28982458318080995
-0.15,0.192,0.019986629486083984,-0.40697063658829563,0.28982458318080995
-0.197,0.207,0.020004987716674805,-0.40487736230914784,0.28845504765662633
-0.223,0.211,0.0200042724609375,-0.40487736230914784,0.28845504765662633
-0.223,0.211,0.020002365112304688,-0.40487736230914784,0.28845504765662633
-0.282,0.265,0.01998162269592285,-0.40487736230914784,0.28845504765662633
-0.282,0.265,0.020027637481689453,-0.4104914693550424,0.29283076528667595
-0.304,0.266,0.0199739933013916,-0.4104914693550424,0.29283076528667595
-0.367,0.22,0.020006418228149414,-0.4104914693550424,0.29283076528667595
-0.328,0.32,0.01999378204345703,-0.4104914693550424,0.29283076528667595
-0.355,0.271,0.020005464553833008,-0.40942324997346,0.25335305754732546
-0.433,0.195,0.019997835159301758,-0.40942324997346,0.25335305754732546
-0.375,0.347,0.020005226135253906,-0.3962753504595301,0.28176752292608837
-0.375,0.347,0.019999027252197266,-0.3962753504595301,0.28176752292608837
-0.396,0.312,0.020000457763671875,-0.3962753504595301,0.28176752292608837
-0.407,0.282,0.01999688148498535,-0.3962753504595301,0.28176752292608837
-0.394,0.274,0.01999354362487793,-0.3669968362520643,0.26131061885743956
-0.448,0.212,0.020009279251098633,-0.3669968362520643,0.26131061885743956
-0.448,0.212,0.020002365112304688,-0.3669968362520643,0.26131061885743956
-0.404,0.298,0.019986391067504883,-0.3302319197335439,0.23953643312709139
-0.404,0.298,0.02001190185546875,-0.3302319197335439,0.23953643312709139
-0.39,0.313,0.020005226135253906,-0.3302319197335439,0.23953643312709139
-0.351,0.31,0.01999831199645996,-0.3302319197335439,0.23953643312709139
-0.387,0.227,0.020000934600830078,-0.3616443608646252,0.25742968280850215
-0.372,0.228,0.01999664306640625,-0.3616443608646252,0.25742968280850215
-0.358,0.245,0.01999974250793457,-0.3616443608646252,0.25742968280850215
-0.34,0.27,0.019997119903564453,-0.30994797349861886,0.2276023086018732
-0.34,0.27,0.01999950408935547,-0.30994797349861886,0.2276023086018732
-0.371,0.215,0.0199887752532959,-0.30994797349861886,0.2276023086018732
-0.371,0.215,0.01999974250793457,-0.31507943301526437,0.20868761122199833
-0.381,0.17,0.02001023292541504,-0.31507943301526437,0.20868761122199833
-0.335,0.215,0.019992351531982422,-0.31507943301526437,0.20868761122199833
-0.347,0.195,0.020017147064208984,-0.31870563583988515,0.2268955674634021
-0.315,0.233,0.019999265670776367,-0.31870563583988515,0.2268955674634021
-0.298,0.247,0.019998788833618164,-0.31870563583988515,0.2268955674634021
-0.336,0.197,0.019993066787719727,-0.31870563583988515,0.2268955674634021
-0.319,0.201,0.020004749298095703,-0.3042871964136331,0.21703673577209312
-0.315,0.197,0.019997835159301758,-0.3042871964136331,0.21703673577209312
-0.281,0.238,0.01999688148498535,-0.3042871964136331,0.21703673577209312
-0.275,0.241,0.020008087158203125,-0.27746481266016265,0.19763244501611107
-0.275,0.241,0.019994735717773438,-0.27746481266016265,0.19763244501611107
-0.275,0.241,0.019999027252197266,-0.27746481266016265,0.19763244501611107
-0.279,0.246,0.020000457763671875,-0.27938377316905766,0.1989618439511712
-0.306,0.185,0.019999027252197266,-0.27938377316905766,0.1989618439511712
-0.296,0.198,0.020001888275146484,-0.27938377316905766,0.1989618439511712
-0.296,0.198,0.020003080368041992,-0.27938377316905766,0.1989618439511712
-0.256,0.225,0.01999688148498535,-0.20982958120145578,0.14969527284063802
-0.256,0.225,0.02000260353088379,-0.20982958120145578,0.14969527284063802
-0.255,0.217,0.01998138427734375,-0.20982958120145578,0.14969527284063802
-0.246,0.203,0.02001476287841797,-0.23931495837876307,0.17081642585811763
-0.237,0.191,0.019999980926513672,-0.23931495837876307,0.17081642585811763
-0.237,0.191,0.020000457763671875,-0.23931495837876307,0.17081642585811763
-0.241,0.172,0.0199892520904541,-0.23370047491303605,0.1667843084927484
-0.231,0.174,0.0200197696685791,-0.23370047491303605,0.1667843084927484
-0.219,0.188,0.019991397857666016,-0.23370047491303605,0.1667843084927484
-0.21,0.184,0.019988298416137695,-0.23370047491303605,0.1667843084927484
-0.205,0.171,0.02001023292541504,-0.19362656574384857,0.1379791235546726
-0.212,0.159,0.01999688148498535,-0.19362656574384857,0.1379791235546726
-0.22,0.153,0.020003318786621094,-0.19362656574384857,0.1379791235546726
-0.22,0.153,0.019997358322143555,-0.20729715762869408,0.14745935866477092
-0.22,0.153,0.020006895065307617,-0.20729715762869408,0.14745935866477092
-0.211,0.155,0.01999378204345703,-0.20729715762869408,0.14745935866477092
-0.189,0.166,0.0200040340423584,-0.20729715762869408,0.14745935866477092
-0.189,0.157,0.02000117301940918,-0.18786830275937075,0.13363562222794317
-0.189,0.157,0.020000219345092773,-0.18786830275937075,0.13363562222794317
-0.204,0.151,0.019992351531982422,-0.18786830275937075,0.13363562222794317
-0.194,0.149,0.020003795623779297,-0.18714305606528742,0.1330295926192775
-0.186,0.155,0.02000260353088379,-0.18714305606528742,0.1330295926192775
-0.182,0.14,0.020000934600830078,-0.18714305606528742,0.1330295926192775
-0.183,0.127,0.01999664306640625,-0.1874795593878406,0.13339046018238326
-0.183,0.127,0.020006656646728516,-0.1874795593878406,0.13339046018238326
-0.18,0.134,0.020006179809570312,-0.1874795593878406,0.13339046018238326
-0.179,0.137,0.019977569580078125,-0.15987156060715468,0.11364932456576284
-0.176,0.132,0.02000880241394043,-0.15987156060715468,0.11364932456576284
-0.173,0.128,0.020005464553833008,-0.15987156060715468,0.11364932456576284
-0.178,0.118,0.020004749298095703,-0.15987156060715468,0.11364932456576284
-0.17,0.12,0.01999354362487793,0.9357963416835593,0.2989426710030275
-0.16,0.129,0.0200042724609375,0.9357963416835593,0.2989426710030275
-0.16,0.129,0.01999187469482422,0.9357963416835593,0.2989426710030275
-0.161,0.113,0.020006656646728516,1.399276151714043,0.33642470210044145
-0.138,0.148,0.020003318786621094,1.399276151714043,0.33642470210044145
-0.138,0.148,0.020011186599731445,1.399276151714043,0.33642470210044145
-0.139,0.129,0.019978761672973633,1.399276151714043,0.33642470210044145
-0.121,0.164,0.020005464553833008,1.3725409014531356,0.30491999410756654
-0.121,0.164,0.019994258880615234,1.3725409014531356,0.30491999410756654
-0.082,0.238,0.02000284194946289,1.3725409014531356,0.30491999410756654
-0.059,0.274,0.01999521255493164,1.3141526917277657,0.3042998044119561
0.076,0.315,0.020004987716674805,1.3171759970610986,0.27994333103139296
0.095,0.308,0.01999521255493164,1.3171759970610986,0.27994333103139296
0.116,0.295,0.02000570297241211,1.3171759970610986,0.27994333103139296
0.116,0.295,0.01999497413635254,1.3628210849985591,0.2613302840951799
0.158,0.274,0.019999027252197266,1.3628210849985591,0.2613302840951799
0.182,0.275,0.020004987716674805,1.3628210849985591,0.2613302840951799
0.201,0.264,0.019991159439086914,1.3628210849985591,0.2613302840951799
0.201,0.264,0.020008087158203125,1.404715914088701,0.24458614223497624
0.201,0.264,0.019999027252197266,1.404715914088701,0.24458614223497624
0.247,0.255,0.019997358322143555,1.359179590747472,0.3300825121904518
0.27,0.265,0.019997358322143555,1.359179590747472,0.3300825121904518
0.322,0.22,0.020002126693725586,1.359179590747472,0.3300825121904518
0.322,0.22,0.019994497299194336,1.359179590747472,0.3300825121904518
0.334,0.252,0.020003795623779297,1.2632973260130567,0.30204964402496454
0.339,0.292,0.020003795623779297,1.2632973260130567,0.30204964402496454
0.339,0.292,0.020006179809570312,1.2632973260130567,0.30204964402496454
0.386,0.271,0.019996166229248047,1.3663346340092337,0.2564712202779049
0.386,0.271,0.020000457763671875,1.3663346340092337,0.2564712202779049
0.495,0.222,0.019998550415039062,1.3663346340092337,0.2564712202779049
0.45,0.272,0.019992828369140625,1.220533316746335,0.24608300947187595
0.45,0.272,0.020006418228149414,1.220533316746335,0.24608300947187595
0.463,0.274,0.019996166229248047,1.220533316746335,0.24608300947187595
0.519,0.223,0.020003318786621094,1.220533316746335,0.24608300947187595
0.543,0.245,0.020008325576782227,1.1082191516926299,0.22072366300809437
0.569,0.205,0.019993066787719727,1.1082191516926299,0.22072366300809437
0.588,0.186,0.01999688148498535,1.3701568603966505,0.24508778463095254
0.616,0.187,0.019989967346191406,1.3701568603966505,0.24508778463095254
0.64,0.19,0.020011425018310547,1.3701568603966505,0.24508778463095254
0.655,0.187,0.019997596740722656,1.3701568603966505,0.24508778463095254
0.655,0.187,0.02000284194946289,1.340772805585224,0.2503790050633488
0.677,0.149,0.02000260353088379,1.340772805585224,0.2503790050633488
0.686,0.161,0.019990205764770508,1.340772805585224,0.2503790050633488
0.728,0.185,0.020002126693725586,1.216280262953291,0.1943615615721903
0.728,0.185,0.020011425018310547,1.216280262953291,0.1943615615721903
0.712,0.287,0.019997835159301758,1.216280262953291,0.1943615615721903
0.699,0.298,0.020003080368041992,1.216280262953291,0.1943615615721903
0.699,0.298,0.019991159439086914,1.3165541345527594,0.24805881580186612
0.745,0.297,0.0200045108795166,1.3165541345527594,0.24805881580186612
0.88,0.153,0.020001888275146484,1.3165541345527594,0.24805881580186612
0.846,0.199,0.02000141143798828,1.3748617885208871,0.2707986781670141
0.846,0.199,0.020000696182250977,1.3748617885208871,0.2707986781670141
0.907,0.176,0.019994735717773438,1.3748617885208871,0.2707986781670141
0.907,0.176,0.019986629486083984,1.3748617885208871,0.2707986781670141
0.951,0.168,0.020012617111206055,1.417494615581225,0.2504952012553757
0.943,0.226,0.019993305206298828,1.417494615581225,0.2504952012553757
1.004,0.18,0.020028114318847656,1.417494615581225,0.2504952012553757
0.973,0.23,0.01996469497680664,1.4323572635767683,0.21036942980078793
0.997,0.245,0.02000284194946289,1.4323572635767683,0.21036942980078793
0.997,0.245,0.020015716552734375,1.4323572635767683,0.21036942980078793
1.03,0.187,0.019992828369140625,1.4323572635767683,0.21036942980078793
1.03,0.187,0.02002859115600586,1.3318053829205516,0.2488496833525163
1.033,0.226,0.019972562789916992,1.3318053829205516,0.2488496833525163
1.062,0.255,0.019998788833618164,1.3318053829205516,0.2488496833525163
1.082,0.239,0.02000284194946289,1.353991236242156,0.20436819192397201
1.125,0.238,0.020002126693725586,1.353991236242156,0.20436819192397201
1.136,0.212,0.019998550415039062,1.353991236242156,0.20436819192397201
1.136,0.212,0.019992589950561523,1.3091826317779904,0.2012493871768107
1.159,0.229,0.020000934600830078,1.3091826317779904,0.2012493871768107
1.192,0.185,0.020019054412841797,1.3091826317779904,0.2012493871768107
1.152,0.291,0.019985675811767578,1.3091826317779904,0.2012493871768107
1.209,0.263,0.01999950408935547,1.465316532508246,0.21589995268921428
1.226,0.191,0.020008325576782227,1.465316532508246,0.21589995268921428
1.226,0.191,0.019997835159301758,1.2824147220398274,0.27093755831791355
1.25,0.253,0.019992351531982422,1.2824147220398274,0.27093755831791355
1.249,0.215,0.0200040340423584,1.2824147220398274,0.27093755831791355
1.283,0.192,0.02000141143798828,1.2824147220398274,0.27093755831791355
1.283,0.192,0.019989013671875,1.3720956162088822,0.3651603694463747
1.264,0.189,0.02001476287841797,1.3720956162088822,0.3651603694463747
1.264,0.189,0.019996166229248047,1.3720956162088822,0.3651603694463747
1.257,0.199,0.019995927810668945,1.3720956162088822,0.3651603694463747
1.257,0.199,0.02000594139099121,1.2961213092110595,0.2540955330497579
1.281,0.193,0.020002126693725586,1.2961213092110595,0.2540955330497579
1.264,0.178,0.01999521255493164,1.2961213092110595,0.2540955330497579
1.303,0.179,0.01999807357788086,1.2633268116511487,0.2855726736783625
1.266,0.25,0.019996166229248047,1.2633268116511487,0.2855726736783625
1.266,0.25,0.01999497413635254,1.2633268116511487,0.2855726736783625
1.336,0.167,0.020006895065307617,1.0387370295687643,0.2924241653450699
1.331,0.148,0.0200040340423584,1.0387370295687643,0.2924241653450699
1.28,0.221,0.019994735717773438,1.0387370295687643,0.2924241653450699
1.28,0.221,0.019995450973510742,1.0222846421028136,0.2012362361854766
1.34,0.153,0.020004987716674805,1.0222846421028136,0.2012362361854766
1.288,0.218,0.020012617111206055,1.0222846421028136,0.2012362361854766
1.288,0.218,0.019991159439086914,1.0222846421028136,0.2012362361854766
1.327,0.132,0.019992589950561523,1.1427706285204664,0.21992160515996717
1.327,0.132,0.019997835159301758,1.1427706285204664,0.21992160515996717
1.228,0.195,0.020006179809570312,1.1427706285204664,0.21992160515996717
1.267,0.08,0.019995450973510742,0.9764013313546727,0.30712841448154515
1.254,0.128,0.019998788833618164,0.9764013313546727,0.30712841448154515
1.156,0.239,0.019999265670776367,0.9764013313546727,0.30712841448154515
1.228,0.102,0.020009279251098633,0.8377831595059397,0.29591304862901613
1.235,0.076,0.019997119903564453,0.8377831595059397,0.29591304862901613
1.235,0.076,0.019995450973510742,0.8377831595059397,0.29591304862901613
1.136,0.232,0.020003795623779297,0.8377831595059397,0.29591304862901613
1.2,0.097,0.019997596740722656,0.4903235635434418,0.18760050408852258
1.176,0.099,0.019998550415039062,0.4903235635434418,0.18760050408852258
1.112,0.169,0.020003318786621094,0.4903235635434418,0.18760050408852258
1.06,0.185,0.019996166229248047,0.5216521846232723,0.3794984532392141
1.066,0.145,0.02000260353088379,0.5216521846232723,0.3794984532392141
1.101,0.044,0.020009756088256836,0.5216521846232723,0.3794984532392141
1.03,0.107,0.019995450973510742,0.4671370355596669,0.33559827716239576
0.799,0.448,0.0200045108795166,0.4671370355596669,0.33559827716239576
0.799,0.448,0.020000219345092773,0.4671370355596669,0.33559827716239576
0.835,0.327,0.020000934600830078,0.4671370355596669,0.33559827716239576
0.687,0.513,0.019994497299194336,0.44181605196297086,0.3196952549273389
0.687,0.513,0.019998550415039062,0.44181605196297086,0.3196952549273389
0.905,0.108,0.01999497413635254,0.44181605196297086,0.3196952549273389
0.674,0.406,0.01999807357788086,0.4454947447510253,0.32601951025699477
0.852,0.059,0.02001047134399414,0.4454947447510253,0.32601951025699477
0.638,0.358,0.02000284194946289,0.4454947447510253,0.32601951025699477
0.503,0.51,0.019995927810668945,0.4457592654497841,0.3268313652347365
0.5,0.475,0.020000457763671875,0.4457592654497841,0.3268313652347365
0.5,0.475,0.019998788833618164,0.4457592654497841,0.3268313652347365
0.582,0.298,0.01999354362487793,0.46977695434067357,0.3474263527321426
0.664,0.146,0.020005464553833008,0.46977695434067357,0.3474263527321426
0.522,0.316,0.020006179809570312,0.46977695434067357,0.3474263527321426
0.388,0.488,0.01998734474182129,0.46977695434067357,0.3474263527321426
0.409,0.418,0.02000904083251953,0.44029579398773777,0.3731021937728926
0.401,0.398,0.020000696182250977,0.44029579398773777,0.3731021937728926
0.389,0.411,0.02000737190246582,0.44029579398773777,0.3731021937728926
0.468,0.273,0.019976139068603516,0.44029579398773777,0.3731021937728926
0.508,0.202,0.02001023292541504,0.4496477849353517,0.3772133802922741
0.414,0.339,0.01999664306640625,0.4496477849353517,0.3772133802922741
0.414,0.339,0.020017147064208984,0.4496477849353517,0.3772133802922741
0.499,0.207,0.020004987716674805,0.38552356118492564,0.34610512171306296
0.419,0.37,0.019987106323242188,0.38552356118492564,0.34610512171306296
0.495,0.245,0.020005464553833008,0.38552356118492564,0.34610512171306296
0.418,0.339,0.019993066787719727,0.3215120821694202,0.37211724659722367
0.418,0.339,0.019997358322143555,0.3215120821694202,0.37211724659722367
0.367,0.397,0.020026445388793945,0.3215120821694202,0.37211724659722367
0.324,0.434,0.01998305320739746,0.29756300624504634,0.3529955113237317
0.318,0.412,0.019995689392089844,0.29756300624504634,0.3529955113237317
0.318,0.412,0.019998550415039062,0.29756300624504634,0.3529955113237317
0.318,0.412,0.019999265670776367,0.29756300624504634,0.3529955113237317
0.308,0.398,0.01999688148498535,0.33325267847536844,0.37235709808791106
0.299,0.395,0.020002126693725586,0.33325267847536844,0.37235709808791106
0.296,0.385,0.020002126693725586,0.33325267847536844,0.37235709808791106
0.296,0.385,0.019995927810668945,0.3011616216605804,0.3105461278601439
0.312,0.354,0.019999980926513672,0.3011616216605804,0.3105461278601439
0.312,0.354,0.020009517669677734,0.3011616216605804,0.3105461278601439
0.289,0.339,0.02000713348388672,0.29229464433897334,0.3105525070864366
0.294,0.329,0.01998281478881836,0.29229464433897334,0.3105525070864366
0.294,0.329,0.020005464553833008,0.29229464433897334,0.3105525070864366
0.301,0.323,0.019997358322143555,0.29229464433897334,0.3105525070864366
0.301,0.323,0.020003080368041992,0.10062419574257848,0.3882312235770175
0.3,0.316,0.020000934600830078,0.10062419574257848,0.3882312235770175
0.277,0.328,0.01999354362487793,0.10062419574257848,0.3882312235770175
0.26,0.336,0.020021915435791016,0.066549143626428,0.37352482840690077
0.259,0.32,0.019983768463134766,0.066549143626428,0.37352482840690077
0.251,0.347,0.01999378204345703,0.066549143626428,0.37352482840690077
0.234,0.358,0.01999497413635254,0.0628508729307126,0.3736266410735696
0.234,0.358,0.019999265670776367,0.0628508729307126,0.3736266410735696
0.179,0.37,0.020023345947265625,0.0628508729307126,0.3736266410735696
0.179,0.37,0.019979238510131836,0.0628508729307126,0.3736266410735696
0.143,0.39,0.02000880241394043,0.28286408935492174,0.22398362765592877
0.117,0.393,0.019994020462036133,0.28286408935492174,0.22398362765592877
0.102,0.392,0.01999831199645996,0.28286408935492174,0.22398362765592877
0.103,0.36,0.01999664306640625,0.21454174584825703,0.1682182264816088
0.103,0.36,0.019997596740722656,0.21454174584825703,0.1682182264816088
0.074,0.364,0.019994497299194336,0.21454174584825703,0.1682182264816088
0.093,0.319,0.020007848739624023,0.2238722402824698,0.1736601244512947
0.093,0.319,0.02002263069152832,0.2238722402824698,0.1736601244512947
0.179,0.152,0.019983291625976562,0.2238722402824698,0.1736601244512947
0.179,0.141,0.02000904083251953,0.18692291806559855,0.14931776837885388
0.179,0.141,0.019993066787719727,0.18692291806559855,0.14931776837885388
0.178,0.123,0.0200042724609375,0.18692291806559855,0.14931776837885388
0.162,0.124,0.01999664306640625,0.18692291806559855,0.14931776837885388
0.177,0.126,0.019998788833618164,1.3649035121222177,0.2762856300943766
0.179,0.136,0.0200045108795166,1.3649035121222177,0.2762856300943766
0.179,0.136,0.019997358322143555,1.3649035121222177,0.2762856300943766
0.174,0.151,0.019991159439086914,1.3376828578444118,0.27457084111773233
0.202,0.194,0.020007848739624023,1.3376828578444118,0.27457084111773233
0.202,0.194,0.0200045108795166,1.3376828578444118,0.27457084111773233
0.223,0.222,0.01998591423034668,0.7095938179531658,-0.09924739416899506
0.223,0.222,0.020011425018310547,0.7095938179531658,-0.09924739416899506
0.242,0.232,0.019994497299194336,0.7095938179531658,-0.09924739416899506
0.301,0.157,0.0200045108795166,0.7095938179531658,-0.09924739416899506
0.267,0.22,0.02000260353088379,0.8025030394425697,0.01783818023081768
0.287,0.212,0.020002365112304688,0.8025030394425697,0.01783818023081768
0.313,0.187,0.020005226135253906,0.8025030394425697,0.01783818023081768
0.353,0.109,0.01998162269592285,0.4702679232209864,0.07457445721584474
0.354,0.119,0.019998788833618164,0.4702679232209864,0.07457445721584474
0.354,0.119,0.020003080368041992,0.4702679232209864,0.07457445721584474
0.379,0.103,0.02000284194946289,0.4702679232209864,0.07457445721584474
0.418,0.072,0.020024776458740234,0.5374443019876277,0.05996983344952909
0.43,0.063,0.019973039627075195,0.5374443019876277,0.05996983344952909
0.429,0.069,0.02000141143798828,0.5374443019876277,0.05996983344952909
0.451,0.057,0.020015478134155273,0.586216081008577,0.06087755759657169
0.451,0.057,0.019991159439086914,0.586216081008577,0.06087755759657169
0.494,0.036,0.019999265670776367,0.586216081008577,0.06087755759657169
0.509,0.044,0.019990921020507812,1.3855516726661994,0.2184744711924874
0.548,0.036,0.02000570297241211,1.3855516726661994,0.2184744711924874
0.548,0.036,0.020008325576782227,1.3855516726661994,0.2184744711924874
0.585,0.059,0.019992828369140625,1.3855516726661994,0.2184744711924874
0.608,0.053,0.020003795623779297,1.2791831436558658,0.20116423586543888
0.608,0.053,0.02000117301940918,1.2791831436558658,0.20116423586543888
0.637,0.069,0.019995450973510742,1.2791831436558658,0.20116423586543888
0.649,0.096,0.019999027252197266,1.3287842075349792,0.17247023085642132
0.678,0.088,0.020002365112304688,1.3287842075349792,0.17247023085642132
0.678,0.088,0.020012855529785156,1.3287842075349792,0.17247023085642132
0.713,0.111,0.019984006881713867,1.3493976005121848,0.18007840846596443
0.749,0.102,0.019997596740722656,1.3493976005121848,0.18007840846596443
0.758,0.118,0.019994497299194336,1.3493976005121848,0.18007840846596443
0.758,0.118,0.020001649856567383,1.397034017263782,0.16632103980076654
0.787,0.109,0.01999831199645996,1.397034017263782,0.16632103980076654
0.807,0.096,0.019999265670776367,1.397034017263782,0.16632103980076654
0.855,0.094,0.019998550415039062,1.1350132955015257,0.14940428167022457
0.853,0.103,0.020001888275146484,1.1350132955015257,0.14940428167022457
0.853,0.103,0.020006418228149414,1.1350132955015257,0.14940428167022457
0.885,0.109,0.020000696182250977,1.1350132955015257,0.14940428167022457
0.932,0.096,0.0200040340423584,1.3521609078376673,0.18387177496048196
0.94,0.106,0.01999950408935547,1.3521609078376673,0.18387177496048196
0.922,0.153,0.02000737190246582,1.3521609078376673,0.18387177496048196
0.971,0.133,0.019994497299194336,1.444098688895861,0.16261338520225876
0.971,0.133,0.01999974250793457,1.444098688895861,0.16261338520225876
0.971,0.133,0.019988298416137695,1.444098688895861,0.16261338520225876
0.982,0.156,0.01999950408935547,1.01286915634462,0.136289273860769
1.012,0.175,0.020003557205200195,1.01286915634462,0.136289273860769
1.037,0.133,0.0200042724609375,1.01286915634462,0.136289273860769
1.062,0.092,0.019991397857666016,1.01286915634462,0.136289273860769
1.062,0.092,0.01999974250793457,1.0132357924449942,0.13648222445278024
1.064,0.12,0.020006656646728516,1.0132357924449942,0.13648222445278024
1.073,0.079,0.019997358322143555,1.0132357924449942,0.13648222445278024
1.065,0.119,0.019997596740722656,1.0132357924449942,0.13648222445278024
1.065,0.119,0.0200045108795166,0.715724773621895,0.13514915869324307
1.066,0.102,0.019997835159301758,0.715724773621895,0.13514915869324307
1.056,0.125,0.019999027252197266,0.715724773621895,0.13514915869324307
1.106,0.039,0.020004749298095703,0.9950336122638046,0.10322866344737669
1.089,0.037,0.020000457763671875,0.9950336122638046,0.10322866344737669
1.05,0.092,0.019997119903564453,0.9950336122638046,0.10322866344737669
1.014,0.125,0.01999521255493164,0.9774844267036039,0.10218327149565194
1.045,0.033,0.020004987716674805,0.9774844267036039,0.10218327149565194
1.056,0.027,0.020009994506835938,0.9774844267036039,0.10218327149565194
1.016,0.084,0.01994800567626953,1.382516685379217,0.23147251705887747
0.982,0.106,0.020045042037963867,1.382516685379217,0.23147251705887747
1.018,0.056,0.01999211311340332,1.382516685379217,0.23147251705887747
1.018,0.056,0.020009756088256836,1.382516685379217,0.23147251705887747
0.997,0.101,0.019992589950561523,1.227893258749193,0.16692035945685016
0.997,0.101,0.02003312110900879,1.227893258749193,0.16692035945685016
1.031,0.049,0.019966602325439453,1.227893258749193,0.16692035945685016
1.0,0.123,0.020008087158203125,1.2276150787820341,0.1668513678415453
0.978,0.15,0.01999664306640625,1.2276150787820341,0.1668513678415453
0.978,0.15,0.019997119903564453,1.2276150787820341,0.1668513678415453
1.049,0.093,0.020000934600830078,1.3145229658294706,0.15283231771476877
1.067,0.109,0.020010948181152344,1.3145229658294706,0.15283231771476877
1.051,0.19,0.019989490509033203,1.3145229658294706,0.15283231771476877
1.121,0.124,0.020000219345092773,1.3145229658294706,0.15283231771476877
1.141,0.153,0.020004749298095703,1.4640104637226476,0.11653885406206951
1.123,0.195,0.01999831199645996,1.4640104637226476,0.11653885406206951
1.123,0.195,0.020021677017211914,1.4640104637226476,0.11653885406206951
1.154,0.188,0.019978046417236328,1.4316485665745284,0.09432930457409411
1.159,0.196,0.0199892520904541,1.4316485665745284,0.09432930457409411
1.167,0.192,0.020006418228149414,1.4316485665745284,0.09432930457409411
1.224,0.192,0.020001649856567383,1.4316485665745284,0.09432930457409411
1.214,0.195,0.019994735717773438,0.9355971046676278,0.24845637866278703
1.239,0.205,0.02000713348388672,0.9355971046676278,0.24845637866278703
1.239,0.205,0.020014524459838867,0.9355971046676278,0.24845637866278703
1.257,0.166,0.019970417022705078,1.081167592698864,0.15764645696958227
1.257,0.166,0.020008087158203125,1.081167592698864,0.15764645696958227
1.264,0.182,0.020006418228149414,1.081167592698864,0.15764645696958227
1.284,0.139,0.019998788833618164,1.2007063174017516,0.17755038207547927
1.284,0.139,0.01999974250793457,1.2007063174017516,0.17755038207547927
1.297,0.16,0.020006656646728516,1.2007063174017516,0.17755038207547927
1.31,0.11,0.01999974250793457,1.4303232934672747,0.18108498479081933
1.306,0.103,0.02000737190246582,1.4303232934672747,0.18108498479081933
1.306,0.103,0.019986867904663086,1.4303232934672747,0.18108498479081933
1.319,0.052,0.019989967346191406,1.4303232934672747,0.18108498479081933
1.322,0.075,0.020009279251098633,1.371250213262045,0.21401998461892288
1.337,0.081,0.02000737190246582,1.371250213262045,0.21401998461892288
1.301,0.142,0.0199887752532959,1.371250213262045,0.21401998461892288
1.341,0.078,0.020005226135253906,1.2348772061431672,0.22806916896244633
1.382,0.043,0.02000904083251953,1.2348772061431672,0.22806916896244633
1.306,0.161,0.019997596740722656,1.2348772061431672,0.22806916896244633
1.342,0.118,0.020000219345092773,1.2348772061431672,0.22806916896244633
1.336,0.121,0.019995450973510742,1.1484759204287696,0.1652329072730638
1.336,0.121,0.019999980926513672,1.1484759204287696,0.1652329072730638
1.343,0.12,0.020003557205200195,1.1484759204287696,0.1652329072730638
1.343,0.12,0.019997119903564453,1.1969431008257376,0.09778265604538083
1.273,0.189,0.020000696182250977,1.1969431008257376,0.09778265604538083
1.3,0.134,0.020003318786621094,1.1969431008257376,0.09778265604538083
1.28,0.131,0.020006895065307617,1.2933718190298822,0.10148863913049139
1.217,0.209,0.01999211311340332,1.2933718190298822,0.10148863913049139
1.303,0.04,0.020000457763671875,1.2933718190298822,0.10148863913049139
1.303,0.04,0.019995450973510742,1.2933718190298822,0.10148863913049139
1.188,0.165,0.02000260353088379,1.2085867953083833,0.06559071525927893
1.243,0.084,0.020000696182250977,1.2085867953083833,0.06559071525927893
1.243,0.084,0.020000219345092773,1.2085867953083833,0.06559071525927893
1.274,0.026,0.01999688148498535,1.0140968174028027,0.0907992708581082
1.169,0.161,0.019999027252197266,1.0140968174028027,0.0907992708581082
1.248,0.011,0.019990205764770508,1.0140968174028027,0.0907992708581082
1.151,0.158,0.02001500129699707,1.0121228070995076,0.09003673612793105
1.151,0.158,0.01999688148498535,1.0121228070995076,0.09003673612793105
1.219,0.014,0.01999664306640625,1.0121228070995076,0.09003673612793105
1.106,0.135,0.019998788833618164,0.8510249901015361,0.038588327720703135
1.11,0.123,0.020008087158203125,0.8510249901015361,0.038588327720703135
1.104,0.106,0.019991397857666016,0.8510249901015361,0.038588327720703135
1.104,0.106,0.020015239715576172,0.8510249901015361,0.038588327720703135
1.073,0.036,0.02000117301940918,0.8324426467056417,0.022238538760319827
1.073,0.036,0.019979000091552734,0.8324426467056417,0.022238538760319827
1.041,0.089,0.021765947341918945,0.8324426467056417,0.022238538760319827
1.041,0.089,0.018236875534057617,0.8133806141105177,0.023168922787632946
1.001,0.003,0.02000141143798828,0.8133806141105177,0.023168922787632946
0.958,0.026,0.020001649856567383,0.8133806141105177,0.023168922787632946
0.933,0.0,0.01999664306640625,0.8133806141105177,0.023168922787632946
0.924,-0.021,0.019997835159301758,0.815478386752038,0.004233717215826229
0.885,-0.005,0.020004749298095703,0.815478386752038,0.004233717215826229
0.838,0.036,0.020000696182250977,0.815478386752038,0.004233717215826229
0.887,-0.078,0.019998788833618164,1.171787749996933,0.08174517867000394
0.834,-0.018,0.020000934600830078,1.171787749996933,0.08174517867000394
0.827,-0.014,0.019999265670776367,1.171787749996933,0.08174517867000394
0.841,-0.011,0.01999974250793457,1.243094663796482,0.08539910250416832
0.829,0.028,0.019995689392089844,1.243094663796482,0.08539910250416832
0.829,0.028,0.0200045108795166,1.243094663796482,0.08539910250416832
0.842,0.042,0.01999688148498535,1.2269910965254511,-0.013173202433749956
0.828,0.103,0.019990921020507812,1.2269910965254511,-0.013173202433749956
0.857,0.064,0.02001953125,1.2269910965254511,-0.013173202433749956
0.819,0.098,0.020026206970214844,1.2269910965254511,-0.013173202433749956
0.798,0.145,0.01996588706970215,1.143430734840908,-0.00758061384067803
0.798,0.145,0.020006179809570312,1.143430734840908,-0.00758061384067803
0.8,0.115,0.02000260353088379,1.143430734840908,-0.00758061384067803
0.79,0.125,0.019997119903564453,1.153147263143226,-0.0013388291904594752
0.79,0.125,0.019997835159301758,1.153147263143226,-0.0013388291904594752
0.844,0.097,0.01999688148498535,1.153147263143226,-0.0013388291904594752
0.901,0.059,0.020000457763671875,1.092864145628629,0.07009734793903087
0.951,0.033,0.01999664306640625,1.092864145628629,0.07009734793903087
0.997,0.019,0.019998788833618164,1.092864145628629,0.07009734793903087
1.03,0.008,0.020000219345092773,1.092864145628629,0.07009734793903087
1.055,0.027,0.02001190185546875,0.8685444665097292,0.0838695930751027
1.063,0.02,0.01999211311340332,0.8685444665097292,0.0838695930751027
1.073,0.027,0.02000904083251953,0.8685444665097292,0.0838695930751027
1.062,0.069,0.019998788833618164,1.0026471670757633,0.06969297305660965
1.055,0.068,0.019994497299194336,1.0026471670757633,0.06969297305660965
1.039,0.08,0.019995927810668945,1.0026471670757633,0.06969297305660965
1.045,0.108,0.019995689392089844,1.0026471670757633,0.06969297305660965
1.037,0.109,0.020006895065307617,0.7304471938761311,-0.20391116999563713
1.037,0.109,0.020001888275146484,0.7304471938761311,-0.20391116999563713
1.036,0.122,0.020003795623779297,0.7304471938761311,-0.20391116999563713
1.022,0.119,0.019989728927612305,0.7304471938761311,-0.20391116999563713
1.013,0.085,0.01999378204345703,0.7304471938761311,-0.20391116999563713
1.013,0.085,0.020005464553833008,0.6740873680584545,-0.05033742196206721
1.014,0.024,0.019999027252197266,0.6740873680584545,-0.05033742196206721
1.003,-0.034,0.01999974250793457,0.24597966743121252,0.016153932472087223
0.997,-0.115,0.02001357078552246,0.24597966743121252,0.016153932472087223
0.969,-0.176,0.01999688148498535,0.24597966743121252,0.016153932472087223
0.939,-0.202,0.01998305320739746,0.7520399358668017,-0.021461842653185514
0.914,-0.208,0.02001047134399414,0.7520399358668017,-0.021461842653185514
0.9,-0.225,0.020000696182250977,0.7520399358668017,-0.021461842653185514
0.901,-0.227,0.020008563995361328,0.7646311999527989,-0.036218291716353435
0.901,-0.227,0.019996166229248047,0.7646311999527989,-0.036218291716353435
0.905,-0.079,0.01999831199645996,0.7646311999527989,-0.036218291716353435
0.905,-0.079,0.02000141143798828,0.7646577516680878,-0.0362314695349466
0.945,-0.023,0.02001357078552246,0.7646577516680878,-0.0362314695349466
0.877,0.073,0.01998448371887207,0.7646577516680878,-0.0362314695349466
0.853,0.061,0.019997835159301758,0.7658788197689732,-0.03164183799826863
0.91,-0.026,0.020005226135253906,0.7658788197689732,-0.03164183799826863
0.817,0.044,0.019994735717773438,0.7658788197689732,-0.03164183799826863
0.775,0.047,0.020000934600830078,0.7658788197689732,-0.03164183799826863
0.789,-0.043,0.019995450973510742,0.7664940909429754,-0.03967027182525668
0.755,0.033,0.020004987716674805,0.7664940909429754,-0.03967027182525668
0.755,0.033,0.019989490509033203,0.7664940909429754,-0.03967027182525668
0.715,-0.028,0.02000713348388672,0.7664940776630339,-0.03967027204445329
0.725,-0.043,0.020025968551635742,0.7664940776630339,-0.03967027204445329
0.698,0.007,0.019982576370239258,0.7664940776630339,-0.03967027204445329
0.678,-0.006,0.019999027252197266,0.7679446736018868,-0.04492164293117754
0.662,-0.01,0.020000457763671875,0.7679446736018868,-0.04492164293117754
0.662,-0.01,0.019994735717773438,0.7679446736018868,-0.04492164293117754
0.619,0.006,0.019999027252197266,0.7679446736018868,-0.04492164293117754
0.619,0.006,0.02001190185546875,0.7678107390455085,-0.04222176660879623
0.567,-0.003,0.019991397857666016,0.7678107390455085,-0.04222176660879623
0.586,0.004,0.0200040340423584,0.7678107390455085,-0.04222176660879623
0.586,0.004,0.020005226135253906,0.7678107420681852,-0.04222176666309786
0.667,-0.025,0.019998550415039062,0.7678107420681852,-0.04222176666309786
0.697,-0.034,0.019991636276245117,0.7678107420681852,-0.04222176666309786
0.697,-0.034,0.02001476287841797,1.040897825163275,-0.06332761573678738
0.742,-0.041,0.019994735717773438,1.040897825163275,-0.06332761573678738
0.756,-0.039,0.0199887752532959,1.040897825163275,-0.06332761573678738
0.771,-0.051,0.020003080368041992,1.040897825163275,-0.06332761573678738
0.775,-0.046,0.019992589950561523,1.0299357571056675,-0.058792811427041784
0.775,-0.046,0.020017147064208984,1.0299357571056675,-0.058792811427041784
0.758,-0.008,0.02000141143798828,1.0299357571056675,-0.058792811427041784
0.758,-0.008,0.019988298416137695,1.072879449375761,-0.06451539754419063
0.737,0.023,0.020004987716674805,1.072879449375761,-0.06451539754419063
0.719,0.002,0.020000219345092773,1.072879449375761,-0.06451539754419063
0.746,-0.054,0.019998788833618164,0.7652025411534518,-0.0536836703558388
0.785,-0.092,0.0200042724609375,0.7652025411534518,-0.0536836703558388
0.785,-0.092,0.019985198974609375,0.7652025411534518,-0.0536836703558388
0.846,-0.06,0.020011186599731445,0.7652025411534518,-0.0536836703558388
0.871,-0.052,0.02001667022705078,0.9131031779835618,-0.06683519528760853
0.871,-0.052,0.019979238510131836,0.9131031779835618,-0.06683519528760853
0.901,-0.049,0.020000934600830078,0.9131031779835618,-0.06683519528760853
0.935,-0.038,0.01999378204345703,0.899800829010237,-0.06606002247500269
0.957,-0.025,0.020007610321044922,0.899800829010237,-0.06606002247500269
0.98,-0.048,0.019995689392089844,0.899800829010237,-0.06606002247500269
0.979,-0.043,0.01999950408935547,0.9620055370702597,-0.09008057217526236
0.98,-0.061,0.01999664306640625,0.9620055370702597,-0.09008057217526236
0.975,-0.084,0.02000570297241211,0.9620055370702597,-0.09008057217526236
0.975,-0.084,0.019999980926513672,0.9620055370702597,-0.09008057217526236
0.958,-0.104,0.019995689392089844,0.9668087076794524,-0.1066689810881698
0.944,-0.112,0.020000219345092773,0.9668087076794524,-0.1066689810881698
0.956,-0.121,0.0200045108795166,0.9668087076794524,-0.1066689810881698
0.956,-0.121,0.019991636276245117,0.9668675627747341,-0.10667504968098494
0.958,-0.11,0.02000260353088379,0.9668675627747341,-0.10667504968098494
0.961,-0.113,0.020002365112304688,0.9668675627747341,-0.10667504968098494
0.966,-0.098,0.019998788833618164,1.3309787586622466,-0.15242058706411463
0.968,-0.106,0.02002573013305664,1.3309787586622466,-0.15242058706411463
0.967,-0.092,0.019977331161499023,1.3309787586622466,-0.15242058706411463
0.969,-0.11,0.019988298416137695,1.3309787586622466,-0.15242058706411463
0.969,-0.11,0.019996166229248047,1.4717936980121533,-0.21917767967804758
0.987,-0.11,0.020015716552734375,1.4717936980121533,-0.21917767967804758
1.015,-0.106,0.020004749298095703,1.4717936980121533,-0.21917767967804758
1.027,-0.091,0.019995689392089844,1.3519665081400303,-0.20366922173727833
1.027,-0.091,0.01999044418334961,1.3519665081400303,-0.20366922173727833
1.041,-0.082,0.02001357078552246,1.3519665081400303,-0.20366922173727833
1.042,-0.099,0.019995689392089844,1.3519665081400303,-0.20366922173727833
1.042,-0.099,0.020006656646728516,1.3423575192493113,-0.236827175198871
1.079,-0.087,0.019998550415039062,1.3423575192493113,-0.236827175198871
1.079,-0.087,0.020000457763671875,1.3423575192493113,-0.236827175198871
1.093,-0.117,0.019997358322143555,1.392279579894529,-0.22840907743898806
1.093,-0.117,0.020000457763671875,1.392279579894529,-0.22840907743898806
1.157,-0.149,0.020029306411743164,1.392279579894529,-0.22840907743898806
1.163,-0.152,0.019963502883911133,1.2480115682635038,-0.21574464363446916
1.163,-0.152,0.020000934600830078,1.2480115682635038,-0.21574464363446916
1.163,-0.152,0.02000737190246582,1.2480115682635038,-0.21574464363446916
1.244,-0.144,0.020016193389892578,1.2480115682635038,-0.21574464363446916
1.244,-0.144,0.01998734474182129,1.2244316874068712,-0.23521697866297248
1.285,-0.145,0.01999211311340332,1.2244316874068712,-0.23521697866297248
1.293,-0.127,0.019988059997558594,1.2244316874068712,-0.23521697866297248
1.3,-0.097,0.020010709762573242,1.1749387995232226,-0.2216618351188402
1.29,-0.092,0.020005226135253906,1.1749387995232226,-0.2216618351188402
1.29,-0.092,0.019995689392089844,1.1749387995232226,-0.2216618351188402
1.319,-0.062,0.01999664306640625,1.2066037753741459,-0.22524855861337464
1.325,-0.067,0.020000934600830078,1.2066037753741459,-0.22524855861337464
1.325,-0.067,0.02000713348388672,1.2066037753741459,-0.22524855861337464
1.321,-0.11,0.019989728927612305,1.1073238868739517,-0.2533437148385133
1.37,-0.054,0.020002126693725586,1.1073238868739517,-0.2533437148385133
1.266,-0.196,0.02000141143798828,1.1073238868739517,-0.2533437148385133
1.356,-0.054,0.01999974250793457,1.1073238868739517,-0.2533437148385133
1.276,-0.148,0.020003080368041992,1.0430608540613193,-0.245280665785342
1.271,-0.154,0.01999950408935547,1.0430608540613193,-0.245280665785342
1.271,-0.154,0.020006418228149414,1.0430608540613193,-0.245280665785342
1.245,-0.141,0.019999265670776367,0.7212351669530858,-0.20207128603715568
1.238,-0.116,0.019997358322143555,0.7212351669530858,-0.20207128603715568
1.238,-0.116,0.019999265670776367,0.7212351669530858,-0.20207128603715568
1.238,-0.116,0.019991159439086914,0.7212351669530858,-0.20207128603715568
1.25,0.0,0.020010948181152344,1.29423057197909,-0.27066681227410544
1.25,0.0,0.019994020462036133,1.29423057197909,-0.27066681227410544
1.148,-0.033,0.020003557205200195,1.29423057197909,-0.27066681227410544
1.175,0.04,0.019995450973510742,1.3400068128002443,-0.25861048498024297
1.104,-0.062,0.020005226135253906,1.3400068128002443,-0.25861048498024297
1.105,-0.046,0.01999974250793457,1.3400068128002443,-0.25861048498024297
1.122,-0.009,0.01999640464782715,1.1521694616976808,-0.26507578399765913
1.077,-0.102,0.020000934600830078,1.1521694616976808,-0.26507578399765913
1.078,-0.086,0.020001888275146484,1.1521694616976808,-0.26507578399765913
1.072,-0.084,0.02000260353088379,1.0473884954573067,-0.2490030387635206
1.072,-0.084,0.019989490509033203,1.0473884954573067,-0.2490030387635206
1.096,-0.054,0.020012378692626953,1.0473884954573067,-0.2490030387635206
1.054,-0.105,0.01999044418334961,1.0473884954573067,-0.2490030387635206
1.075,-0.086,0.01999688148498535,0.6890379892146179,-0.23213190914929355
1.075,-0.086,0.019994258880615234,0.6890379892146179,-0.23213190914929355
1.041,-0.146,0.019998550415039062,0.6890379892146179,-0.23213190914929355
1.041,-0.146,0.02000880241394043,0.5665571364523113,-0.23172316176067723
1.051,-0.113,0.02001047134399414,0.5665571364523113,-0.23172316176067723
1.051,-0.113,0.01999211311340332,0.5665571364523113,-0.23172316176067723
1.036,-0.133,0.01999831199645996,0.7132383264835749,-0.24051028778906966
1.051,-0.099,0.020006895065307617,0.7132383264835749,-0.24051028778906966
1.079,-0.033,0.02000141143798828,0.7132383264835749,-0.24051028778906966
1.036,-0.092,0.02000737190246582,0.7132383264835749,-0.24051028778906966
1.036,-0.092,0.019995450973510742,0.9973406403516395,-0.18269259678255118
0.845,-0.321,0.019998788833618164,0.9973406403516395,-0.18269259678255118
0.704,-0.5,0.019997358322143555,0.9973406403516395,-0.18269259678255118
0.677,-0.498,0.020000934600830078,1.071916025390175,-0.21665095515030056
0.979,-0.044,0.02000284194946289,1.071916025390175,-0.21665095515030056
0.917,-0.115,0.01999831199645996,1.071916025390175,-0.21665095515030056
0.917,-0.115,0.019997358322143555,0.9522678728097363,-0.21987956226962324
0.943,-0.039,0.019994497299194336,0.9522678728097363,-0.21987956226962324
0.909,-0.099,0.02000284194946289,0.9522678728097363,-0.21987956226962324
0.91,-0.055,0.020004987716674805,0.9522678728097363,-0.21987956226962324
0.89,-0.092,0.01997995376586914,1.269112658684904,-0.19794540442280267
0.947,-0.026,0.020023822784423828,1.269112658684904,-0.19794540442280267
0.936,-0.07,0.020000219345092773,1.269112658684904,-0.19794540442280267
0.893,-0.15,0.019985437393188477,1.358593695136185,-0.20726626312294
0.893,-0.15,0.020000457763671875,1.358593695136185,-0.20726626312294
0.942,-0.143,0.019998788833618164,1.358593695136185,-0.20726626312294
1.003,-0.073,0.01999807357788086,1.358593695136185,-0.20726626312294
1.003,-0.073,0.0200045108795166,1.3441898961853571,-0.20224240577629518
1.001,-0.139,0.02006220817565918,1.3441898961853571,-0.20224240577629518
1.001,-0.139,0.01995253562927246,1.3441898961853571,-0.20224240577629518
1.031,-0.138,0.019994020462036133,1.2895408881232775,-0.19467830724922147
1.048,-0.166,0.019994735717773438,1.2895408881232775,-0.19467830724922147
1.098,-0.122,0.020004749298095703,1.2895408881232775,-0.19467830724922147
1.11,-0.144,0.01998591423034668,1.2894064745229175,-0.1969991759874028
1.11,-0.144,0.020007610321044922,1.2894064745229175,-0.1969991759874028
1.146,-0.13,0.020001649856567383,1.2894064745229175,-0.1969991759874028
1.138,-0.185,0.02000570297241211,1.2894064745229175,-0.1969991759874028
1.138,-0.185,0.020002126693725586,0.727911876248322,-0.18501441305102778
1.151,-0.211,0.019994258880615234,0.727911876248322,-0.18501441305102778
1.237,-0.117,0.01999640464782715,0.727911876248322,-0.18501441305102778
1.232,-0.148,0.0200045108795166,1.0391615914530978,-0.17695112209635075
1.211,-0.202,0.01998758316040039,1.0391615914530978,-0.17695112209635075
1.211,-0.202,0.020024776458740234,1.0391615914530978,-0.17695112209635075
1.212,-0.15,0.019985437393188477,1.0871687819306852,-0.18224982230717188
1.212,-0.15,0.020026206970214844,1.0871687819306852,-0.18224982230717188
1.2,-0.165,0.019988298416137695,1.0871687819306852,-0.18224982230717188
1.2,-0.165,0.019974470138549805,1.0871687819306852,-0.18224982230717188
1.247,-0.061,0.020013093948364258,0.9223872561607981,-0.16451668692048385
1.207,-0.136,0.019990921020507812,0.9223872561607981,-0.16451668692048385
1.207,-0.136,0.020005226135253906,0.9223872561607981,-0.16451668692048385
1.194,-0.107,0.019990921020507812,0.9792012460231638,-0.1343444911215328
1.217,-0.03,0.02000117301940918,0.9792012460231638,-0.1343444911215328
1.154,-0.099,0.020003557205200195,0.9792012460231638,-0.1343444911215328
1.144,-0.062,0.020006895065307617,0.9875558012286084,-0.1350793263464662
1.185,0.003,0.020003318786621094,0.9875558012286084,-0.1350793263464662
1.185,0.003,0.01999950408935547,0.9875558012286084,-0.1350793263464662
1.168,0.034,0.019999265670776367,0.9089755002989449,-0.12579119201424507
1.091,-0.046,0.01999950408935547,0.9089755002989449,-0.12579119201424507
1.066,-0.049,0.01999974250793457,0.9089755002989449,-0.12579119201424507
1.04,-0.033,0.019999980926513672,0.9089755002989449,-0.12579119201424507
1.014,-0.041,0.020001888275146484,0.7853554104143506,-0.0858329733949963
1.032,0.026,0.019996166229248047,0.7853554104143506,-0.0858329733949963
0.973,-0.043,0.019997119903564453,0.7853554104143506,-0.0858329733949963
0.968,-0.017,0.020000934600830078,0.7853554104143506,-0.0858329733949963
0.979,0.035,0.020006656646728516,0.8138744362850231,-0.09890654806948145
0.928,-0.016,0.020001649856567383,0.8138744362850231,-0.09890654806948145
0.905,-0.001,0.01997852325439453,0.8138744362850231,-0.09890654806948145
0.905,-0.001,0.020011186599731445,0.8144448861858063,-0.09267629134415516
0.928,0.032,0.019999027252197266,0.8144448861858063,-0.09267629134415516
0.86,-0.029,0.020023584365844727,0.8144448861858063,-0.09267629134415516
0.829,-0.059,0.019975662231445312,1.3712032012244533,-0.11752625870110639
0.859,-0.013,0.02000260353088379,1.3712032012244533,-0.11752625870110639
0.855,-0.013,0.020004987716674805,1.3712032012244533,-0.11752625870110639
0.814,-0.079,0.019996166229248047,1.455208583882899,-0.11082650310281786
0.82,-0.069,0.019999027252197266,1.455208583882899,-0.11082650310281786
0.825,-0.057,0.020000219345092773,1.455208583882899,-0.11082650310281786
0.789,-0.103,0.019998788833618164,1.455208583882899,-0.11082650310281786
0.855,-0.007,0.020003318786621094,1.3928839185374158,-0.10115984537346254
0.809,-0.106,0.020000219345092773,1.3928839185374158,-0.10115984537346254
0.851,-0.068,0.019993066787719727,1.3928839185374158,-0.10115984537346254
0.848,-0.095,0.019995689392089844,0.9376214061289702,-0.08419940806329353
0.865,-0.096,0.020012855529785156,0.9376214061289702,-0.08419940806329353
0.884,-0.104,0.02001023292541504,0.9376214061289702,-0.08419940806329353
0.884,-0.104,0.01999187469482422,0.9376214061289702,-0.08419940806329353
0.922,-0.1,0.02000117301940918,0.9706504496829804,-0.08239581035941057
0.927,-0.096,0.019998550415039062,0.9706504496829804,-0.08239581035941057
0.963,-0.097,0.019995927810668945,0.9706504496829804,-0.08239581035941057
0.963,-0.097,0.020000934600830078,0.7808623734126616,-0.057779964140984116
0.98,-0.06,0.0200040340423584,0.7808623734126616,-0.057779964140984116
0.976,-0.092,0.020026445388793945,0.7808623734126616,-0.057779964140984116
0.998,-0.051,0.019962787628173828,0.7845385596150843,-0.04853987045478535
1.042,-0.007,0.019997119903564453,0.7845385596150843,-0.04853987045478535
1.02,-0.012,0.020003080368041992,0.7845385596150843,-0.04853987045478535
1.02,-0.012,0.02001190185546875,0.7599181731413018,-0.048868862335275716
0.999,-0.046,0.01999688148498535,0.7599181731413018,-0.048868862335275716
0.985,-0.038,0.020001649856567383,0.7599181731413018,-0.048868862335275716
0.985,-0.038,0.020000696182250977,0.749476144727153,-0.029739774278884197
0.954,-0.019,0.019999980926513672,0.749476144727153,-0.029739774278884197
0.93,0.018,0.01999688148498535,0.749476144727153,-0.029739774278884197
0.907,0.036,0.01999950408935547,0.749476144727153,-0.029739774278884197
0.861,0.023,0.01999044418334961,0.7476817836976414,0.02092445853909117
0.844,0.065,0.02002239227294922,0.7476817836976414,0.02092445853909117
0.834,0.085,0.019992589950561523,0.7476817836976414,0.02092445853909117
0.796,0.072,0.01998138427734375,0.7460798488847714,0.020787215830610994
0.796,0.072,0.020012617111206055,0.7460798488847714,0.020787215830610994
0.753,0.029,0.020002126693725586,0.7460798488847714,0.020787215830610994
0.793,0.101,0.019989490509033203,0.7575422747215064,0.03941155977536943
0.723,0.0,0.020006179809570312,0.7575422747215064,0.03941155977536943
0.723,0.0,0.020003080368041992,0.7575422747215064,0.03941155977536943
0.753,0.044,0.01999044418334961,0.7575422747215064,0.03941155977536943
0.753,0.044,0.020016193389892578,0.7782376812153917,0.028416746461041458
0.703,-0.031,0.01999378204345703,0.7782376812153917,0.028416746461041458
0.697,-0.044,0.019994258880615234,0.7782376812153917,0.028416746461041458
0.721,-0.018,0.020006656646728516,0.8034220958847886,0.028731078496608373
0.723,-0.022,0.019999265670776367,0.8034220958847886,0.028731078496608373
0.723,-0.022,0.019998788833618164,0.8034220958847886,0.028731078496608373
0.71,-0.056,0.019992828369140625,0.7782173239093675,0.02361120431144619
0.71,-0.056,0.020003557205200195,0.7782173239093675,0.02361120431144619
0.698,-0.095,0.020000696182250977,0.7782173239093675,0.02361120431144619
0.681,-0.125,0.02001023292541504,0.7782173239093675,0.02361120431144619
0.672,-0.127,0.01998591423034668,0.7797508240077284,0.019475878856357026
0.691,-0.074,0.020006895065307617,0.7797508240077284,0.019475878856357026
0.691,-0.074,0.020022153854370117,0.7797508240077284,0.019475878856357026
0.683,-0.033,0.01997971534729004,0.8087624986118661,0.020210214657889736
0.69,0.006,0.019999980926513672,0.8087624986118661,0.020210214657889736
0.701,0.033,0.01999831199645996,0.8087624986118661,0.020210214657889736
0.721,0.048,0.019997358322143555,0.7791761819941786,0.010424432133282301
0.736,0.047,0.02000570297241211,0.7791761819941786,0.010424432133282301
0.748,0.059,0.020002126693725586,0.7791761819941786,0.010424432133282301
0.748,0.059,0.020000696182250977,0.7791761819941786,0.010424432133282301
0.748,0.056,0.020013093948364258,0.9100437744714673,0.08831216040452725
0.762,0.043,0.019980907440185547,0.9100437744714673,0.08831216040452725
0.759,0.031,0.020003318786621094,0.9100437744714673,0.08831216040452725
0.772,0.034,0.01999950408935547,0.9099930017274158,0.08830824076511924
0.791,0.036,0.0200040340423584,0.9099930017274158,0.08830824076511924
0.805,0.04,0.0200042724609375,0.9099930017274158,0.08830824076511924
0.823,0.052,0.019982576370239258,1.1114576152373952,0.04889367457733283
0.841,0.051,0.01999497413635254,1.1114576152373952,0.04889367457733283
0.861,0.049,0.020000934600830078,1.1114576152373952,0.04889367457733283
0.873,0.051,0.0200042724609375,1.1398582776001929,0.057683667994260994
0.895,0.045,0.0199887752532959,1.1398582776001929,0.057683667994260994
0.903,0.039,0.020017623901367188,1.1398582776001929,0.057683667994260994
0.923,0.051,0.020004987716674805,1.1398582776001929,0.057683667994260994
0.939,0.043,0.01999354362487793,1.1639540065589975,0.051480680151929
0.956,0.042,0.020003080368041992,1.1639540065589975,0.051480680151929
0.976,0.036,0.01999831199645996,1.1639540065589975,0.051480680151929
0.99,0.031,0.02000594139099121,1.1408042614979006,0.019162748409497644
1.006,0.039,0.019996166229248047,1.1408042614979006,0.019162748409497644
1.025,0.027,0.01999187469482422,1.1408042614979006,0.019162748409497644
1.025,0.027,0.0200042724609375,1.1408042614979006,0.019162748409497644
1.025,0.027,0.01999378204345703,0.9169659880631066,0.034925494441787636
1.057,0.032,0.020007610321044922,0.9169659880631066,0.034925494441787636
1.078,0.011,0.020001649856567383,0.9169659880631066,0.034925494441787636
1.092,0.012,0.020004987716674805,1.0720014242374092,0.04123591647045772
1.092,0.012,0.01999497413635254,1.0720014242374092,0.04123591647045772
1.116,0.011,0.019995689392089844,1.0720014242374092,0.04123591647045772
1.132,0.002,0.020003795623779297,0.9485366605442784,0.11418590916128948
1.139,0.013,0.020002126693725586,0.9485366605442784,0.11418590916128948
1.132,0.002,0.01999664306640625,0.9485366605442784,0.11418590916128948
1.119,0.019,0.020003080368041992,0.9485366605442784,0.11418590916128948
1.113,0.034,0.02000117301940918,1.3407120091861695,0.026463938293520665
1.113,0.034,0.01999831199645996,1.3407120091861695,0.026463938293520665
1.054,0.069,0.019954919815063477,1.3407120091861695,0.026463938293520665
1.054,0.069,0.020041942596435547,1.45886075071277,0.02440903380950686
1.038,0.073,0.019995689392089844,1.45886075071277,0.02440903380950686
1.032,0.056,0.020000934600830078,1.45886075071277,0.02440903380950686
1.054,0.056,0.02000117301940918,1.415216236655369,0.17134066699356196
1.07,0.036,0.020016193389892578,1.415216236655369,0.17134066699356196
1.07,0.036,0.019984960556030273,1.415216236655369,0.17134066699356196
1.102,0.055,0.01999974250793457,1.415216236655369,0.17134066699356196
1.102,0.055,0.019997358322143555,1.3987439634664802,0.14551332682041357
1.124,0.07,0.020003557205200195,1.3987439634664802,0.14551332682041357
1.132,0.083,0.020000934600830078,1.3987439634664802,0.14551332682041357
1.157,0.102,0.019993066787719727,0.883054158093064,0.09583793561267229
1.166,0.101,0.020004749298095703,0.883054158093064,0.09583793561267229
1.184,0.104,0.019999980926513672,0.883054158093064,0.09583793561267229
1.179,0.086,0.019994258880615234,1.0892809368666556,0.07722781968356766
1.179,0.084,0.02000737190246582,1.0892809368666556,0.07722781968356766
1.179,0.084,0.019994497299194336,1.0892809368666556,0.07722781968356766
1.157,0.081,0.020004987716674805,1.0892809368666556,0.07722781968356766
1.136,0.061,0.019993305206298828,1.4446709026132332,0.13997232104652751
1.126,0.075,0.02000570297241211,1.4446709026132332,0.13997232104652751
1.126,0.075,0.020009517669677734,1.4446709026132332,0.13997232104652751
1.113,0.075,0.019992828369140625,1.0667575710967934,0.11127649127975386
1.114,0.076,0.020000934600830078,1.0667575710967934,0.11127649127975386
1.148,0.053,0.020006895065307617,1.0667575710967934,0.11127649127975386
1.153,0.053,0.01999688148498535,0.9585073928980368,0.11424828424412022
1.142,0.046,0.019991397857666016,0.9585073928980368,0.11424828424412022
1.137,0.048,0.020005226135253906,0.9585073928980368,0.11424828424412022
1.123,0.051,0.01999521255493164,0.9585073928980368,0.11424828424412022
1.123,0.051,0.01999688148498535,1.3919571279701632,0.03648569593395515
1.113,0.023,0.020006179809570312,1.3919571279701632,0.03648569593395515
1.106,0.024,0.019982576370239258,1.3919571279701632,0.03648569593395515
1.106,0.024,0.020014286041259766,1.4016042720235125,0.19057855016024688
1.089,0.0,0.019998550415039062,1.4016042720235125,0.19057855016024688
1.091,-0.004,0.019994258880615234,1.4016042720235125,0.19057855016024688
1.088,0.009,0.0200040340423584,1.1552835832655088,0.1782156915284328
1.084,0.032,0.019996166229248047,1.1552835832655088,0.1782156915284328
1.09,0.035,0.020008563995361328,1.1552835832655088,0.1782156915284328
1.089,0.08,0.019992351531982422,1.1552835832655088,0.1782156915284328
1.098,0.092,0.0200045108795166,0.953460197131531,0.09135999793746065
1.112,0.087,0.02001214027404785,0.953460197131531,0.09135999793746065
1.12,0.099,0.019998788833618164,0.953460197131531,0.09135999793746065
1.118,0.076,0.019993066787719727,0.947071199437253,0.0908941462302735
1.106,0.1,0.01999950408935547,0.947071199437253,0.0908941462302735
1.106,0.076,0.020010948181152344,0.947071199437253,0.0908941462302735
1.106,0.076,0.019987821578979492,0.947071199437253,0.0908941462302735
1.075,0.064,0.020011425018310547,0.8800173361384437,0.052477313450387905
1.075,0.064,0.01999688148498535,0.8800173361384437,0.052477313450387905
1.018,0.117,0.01999497413635254,0.8800173361384437,0.052477313450387905
1.039,0.026,0.01999664306640625,1.3974698486734096,0.19657154928681192
1.039,0.026,0.019992828369140625,1.3974698486734096,0.19657154928681192
1.05,0.001,0.020008325576782227,1.3974698486734096,0.19657154928681192
1.011,0.087,0.019999265670776367,1.3689816541000384,0.19790713159954232
1.051,-0.01,0.019999027252197266,1.3689816541000384,0.19790713159954232
1.027,0.035,0.01999974250793457,1.3689816541000384,0.19790713159954232
1.029,0.052,0.01999521255493164,1.291745761261816,0.2153353995726412
1.029,0.052,0.02000904083251953,1.291745761261816,0.2153353995726412
1.027,0.067,0.0199892520904541,1.291745761261816,0.2153353995726412
1.027,0.067,0.02000594139099121,1.291745761261816,0.2153353995726412
0.996,0.146,0.02000117301940918,1.2199509802031192,0.20683859247787834
1.062,0.084,0.019991159439086914,1.2199509802031192,0.20683859247787834
1.018,0.155,0.02001357078552246,1.2199509802031192,0.20683859247787834
1.011,0.181,0.019997835159301758,1.2428678684076646,0.21123853323260686
1.097,0.095,0.0200042724609375,1.2428678684076646,0.21123853323260686
1.097,0.095,0.019998788833618164,1.2428678684076646,0.21123853323260686
1.091,0.158,0.020000219345092773,1.3992628086975876,0.19294899140814403
1.121,0.19,0.019999265670776367,1.3992628086975876,0.19294899140814403
1.121,0.19,0.020003318786621094,1.3992628086975876,0.19294899140814403
1.18,0.192,0.01999354362487793,1.3992628086975876,0.19294899140814403
1.179,0.215,0.02000713348388672,1.1710065988201774,0.1299994768390551
1.179,0.215,0.02000117301940918,1.1710065988201774,0.1299994768390551
1.193,0.213,0.01998448371887207,1.1710065988201774,0.1299994768390551
1.206,0.206,0.02003169059753418,0.9935628343868536,0.11924335514533323
1.226,0.168,0.020008087158203125,0.9935628343868536,0.11924335514533323
1.226,0.168,0.019970417022705078,0.9935628343868536,0.11924335514533323
1.214,0.166,0.019995927810668945,0.9298379058058807,0.11612499431126885
1.234,0.108,0.02002739906311035,0.9298379058058807,0.11612499431126885
1.238,0.083,0.01997518539428711,0.9298379058058807,0.11612499431126885
1.238,0.083,0.01999521255493164,0.9298379058058807,0.11612499431126885
1.195,0.125,0.020000696182250977,1.2960745513977932,0.12546874328262397
1.207,0.09,0.020006895065307617,1.2960745513977932,0.12546874328262397
1.207,0.09,0.0200045108795166,1.2960745513977932,0.12546874328262397
1.139,0.14,0.01999044418334961,1.406810996441974,0.11631496505262709
1.135,0.102,0.0200350284576416,1.406810996441974,0.11631496505262709
1.135,0.102,0.01997661590576172,1.406810996441974,0.11631496505262709
1.157,0.044,0.019995927810668945,1.406810996441974,0.11631496505262709
1.12,0.079,0.019989013671875,1.32288692662256,0.15328053773954553
1.158,0.036,0.02000284194946289,1.32288692662256,0.15328053773954553
1.085,0.115,0.020000934600830078,1.32288692662256,0.15328053773954553
1.075,0.137,0.019997358322143555,1.213988612137457,0.11221494761695103
1.141,0.049,0.020002126693725586,1.213988612137457,0.11221494761695103
1.141,0.049,0.019999980926513672,1.213988612137457,0.11221494761695103
1.141,0.049,0.01999640464782715,1.2642096841240311,0.11377764593979618
1.067,0.149,0.019996166229248047,1.2642096841240311,0.11377764593979618
1.121,0.105,0.01999974250793457,1.2642096841240311,0.11377764593979618
1.169,0.026,0.01999974250793457,1.1861424074814824,0.06795828731353339
1.108,0.124,0.020003318786621094,1.1861424074814824,0.06795828731353339
1.159,0.083,0.020000934600830078,1.1861424074814824,0.06795828731353339
1.172,0.089,0.01999831199645996,1.1196459479993235,0.11762366956974081
1.169,0.152,0.020000934600830078,1.1196459479993235,0.11762366956974081
1.179,0.092,0.020008325576782227,1.1196459479993235,0.11762366956974081
1.189,0.102,0.020008563995361328,1.1196459479993235,0.11762366956974081
1.196,0.123,0.019973039627075195,1.1237154296405911,0.11747170089535053
1.192,0.086,0.02001500129699707,1.1237154296405911,0.11747170089535053
1.192,0.086,0.020004987716674805,1.1237154296405911,0.11747170089535053
1.189,0.072,0.019996166229248047,1.0241923985889063,0.13069319282036937
1.157,0.118,0.02000117301940918,1.0241923985889063,0.13069319282036937
1.199,0.06,0.0200042724609375,1.0241923985889063,0.13069319282036937
1.167,0.114,0.01999068260192871,1.0241923985889063,0.13069319282036937
1.151,0.1,0.01999831199645996,0.9866922574337557,0.07609609234923131
1.158,0.073,0.019997358322143555,0.9866922574337557,0.07609609234923131
1.158,0.073,0.020015954971313477,0.9866922574337557,0.07609609234923131
1.158,0.073,0.020003318786621094,1.021282176212546,0.07591456905174032
1.13,0.042,0.019985675811767578,1.021282176212546,0.07591456905174032
1.118,0.043,0.020000219345092773,1.021282176212546,0.07591456905174032
1.077,0.098,0.020002126693725586,0.8474651493919269,0.02992585695096238
1.077,0.098,0.020001649856567383,0.8474651493919269,0.02992585695096238
1.061,0.042,0.01999378204345703,0.8474651493919269,0.02992585695096238
1.061,0.042,0.020003795623779297,0.8474651493919269,0.02992585695096238
1.022,0.015,0.019995689392089844,0.8071266599912571,-0.01577244435934408
1.021,-0.006,0.019997119903564453,0.8071266599912571,-0.01577244435934408
0.977,0.009,0.02001214027404785,0.8071266599912571,-0.01577244435934408
0.914,0.059,0.019992828369140625,0.8949357053775786,-0.0219996520479622
0.948,-0.028,0.020000934600830078,0.8949357053775786,-0.0219996520479622
0.905,-0.029,0.020000934600830078,0.8949357053775786,-0.0219996520479622
0.905,-0.029,0.019996166229248047,0.8949357053775786,-0.0219996520479622
0.857,-0.016,0.020006895065307617,0.8303510906001106,0.023861834573912645
0.859,-0.003,0.019980430603027344,0.8303510906001106,0.023861834573912645
0.859,-0.003,0.020020246505737305,0.8303510906001106,0.023861834573912645
0.829,0.033,0.019992351531982422,0.850331872911909,0.030770409159890866
0.829,0.021,0.02000117301940918,0.850331872911909,0.030770409159890866
0.829,0.021,0.0200042724609375,0.850331872911909,0.030770409159890866
0.829,0.021,0.019995927810668945,0.8390402205211056,0.02965698236415952
0.791,0.069,0.0200045108795166,0.8390402205211056,0.02965698236415952
0.796,0.053,0.020016908645629883,0.8390402205211056,0.02965698236415952
0.788,0.044,0.019986867904663086,0.8049461161389035,-0.021371739169121388
0.785,0.044,0.019999265670776367,0.8049461161389035,-0.021371739169121388
0.785,0.044,0.019994735717773438,0.8049461161389035,-0.021371739169121388
0.754,0.058,0.020023822784423828,0.8049461161389035,-0.021371739169121388
0.741,0.056,0.019978761672973633,0.8075627294033678,-0.02056739933207149
0.76,0.021,0.01999831199645996,0.8075627294033678,-0.02056739933207149
0.746,0.034,0.019985675811767578,0.8075627294033678,-0.02056739933207149
0.742,0.047,0.020008087158203125,0.9384214562495291,-0.023652035920367992
0.745,0.029,0.019997596740722656,0.9384214562495291,-0.023652035920367992
0.759,0.017,0.020008563995361328,0.9384214562495291,-0.023652035920367992
0.762,0.023,0.01999354362487793,0.8223281617530355,-0.021237398840835097
0.766,0.046,0.019994735717773438,0.8223281617530355,-0.021237398840835097
0.766,0.046,0.020007848739624023,0.8223281617530355,-0.021237398840835097
0.782,0.037,0.020003080368041992,0.8223281617530355,-0.021237398840835097
0.776,0.019,0.01999807357788086,0.7597414713670951,-0.01991155195180521
0.788,0.029,0.020002126693725586,0.7597414713670951,-0.01991155195180521
0.786,0.027,0.019998788833618164,0.7597414713670951,-0.01991155195180521
0.793,0.028,0.0200040340423584,0.7600834225272,-0.019571205795280565
0.793,0.028,0.020003318786621094,0.7600834225272,-0.019571205795280565
0.787,0.01,0.019993305206298828,0.7600834225272,-0.019571205795280565
0.787,-0.001,0.019996166229248047,0.7612525458731844,-0.019748391786732634
0.793,0.0,0.0199887752532959,0.7612525458731844,-0.019748391786732634
0.793,0.0,0.020017147064208984,0.7612525458731844,-0.019748391786732634
0.774,0.003,0.02000117301940918,0.7612525458731844,-0.019748391786732634
0.766,0.0,0.019989967346191406,0.7626301141071783,-0.022276169043729695
0.759,0.001,0.020036935806274414,0.7626301141071783,-0.022276169043729695
0.756,0.003,0.019975662231445312,0.7626301141071783,-0.022276169043729695
0.744,0.019,0.019994735717773438,0.7619631063190183,-0.02818031426729477
0.744,0.002,0.01999640464782715,0.7619631063190183,-0.02818031426729477
0.751,0.011,0.020001649856567383,0.7619631063190183,-0.02818031426729477
0.732,0.01,0.01999807357788086,0.7619631063190183,-0.02818031426729477
0.734,-0.002,0.020002126693725586,0.8240632998655378,-0.030919854358061563
0.73,0.0,0.020007848739624023,0.8240632998655378,-0.030919854358061563
0.73,0.018,0.020000696182250977,0.8240632998655378,-0.030919854358061563
0.734,0.006,0.020012617111206055,0.8843797778652104,-0.05563992786611022
0.734,0.006,0.019980430603027344,0.8843797778652104,-0.05563992786611022
0.74,0.0,0.020003080368041992,0.8843797778652104,-0.05563992786611022
0.76,-0.014,0.019997119903564453,0.8432034109967853,-0.05574352830887759
0.76,-0.014,0.020006179809570312,0.8432034109967853,-0.05574352830887759
0.784,-0.029,0.020000934600830078,0.8432034109967853,-0.05574352830887759
0.801,-0.054,0.019996166229248047,0.8432034109967853,-0.05574352830887759
0.821,-0.06,0.019994735717773438,1.2854755080309441,-0.009142169785991151
0.821,-0.06,0.019998788833618164,1.2854755080309441,-0.009142169785991151
0.831,-0.064,0.01999640464782715,1.2854755080309441,-0.009142169785991151
0.831,-0.064,0.020006895065307617,1.2506810554804912,-0.011069669198952877
0.837,-0.052,0.020000219345092773,1.2506810554804912,-0.011069669198952877
0.851,-0.047,0.019997596740722656,1.2506810554804912,-0.011069669198952877
0.87,-0.039,0.01999688148498535,1.280247530342702,-0.011753937029283148
0.87,-0.039,0.020003795623779297,1.280247530342702,-0.011753937029283148
0.905,-0.03,0.01999974250793457,1.280247530342702,-0.011753937029283148
0.927,-0.032,0.020007848739624023,1.2106838143942957,0.009534717130079098
0.927,-0.032,0.020000934600830078,1.2106838143942957,0.009534717130079098
0.965,-0.025,0.019991159439086914,1.2106838143942957,0.009534717130079098
0.965,-0.025,0.02000141143798828,1.2106838143942957,0.009534717130079098
1.0,-0.008,0.019997596740722656,1.1355739502340485,0.07501480982733637
1.017,-0.02,0.019993066787719727,1.1355739502340485,0.07501480982733637
1.017,-0.02,0.020011425018310547,1.1355739502340485,0.07501480982733637
1.062,0.023,0.019994735717773438,0.9146677363121721,0.08354622426362315
1.062,0.023,0.020002126693725586,0.9146677363121721,0.08354622426362315
1.082,0.032,0.020000457763671875,0.9146677363121721,0.08354622426362315
1.082,0.032,0.020000457763671875,0.9146677363121721,0.08354622426362315
1.092,0.052,0.019997596740722656,1.0232354137405055,0.09880825050396976
1.092,0.052,0.019998550415039062,1.0232354137405055,0.09880825050396976
1.096,0.081,0.020000696182250977,1.0232354137405055,0.09880825050396976
1.091,0.097,0.019990921020507812,0.9374471701031961,0.0022151505137036082
1.076,0.124,0.02001643180847168,0.9374471701031961,0.0022151505137036082
1.059,0.125,0.02000570297241211,0.9374471701031961,0.0022151505137036082
1.059,0.125,0.019999265670776367,0.9312329906838543,0.008662178661854108
1.043,0.122,0.01999831199645996,0.9312329906838543,0.008662178661854108
1.025,0.121,0.019997835159301758,0.9312329906838543,0.008662178661854108
1.025,0.121,0.01999664306640625,0.9312329906838543,0.008662178661854108
0.994,0.075,0.020014524459838867,0.763882793064202,-0.0018978131599520355
0.982,0.05,0.019985198974609375,0.763882793064202,-0.0018978131599520355
0.984,0.006,0.019997358322143555,0.763882793064202,-0.0018978131599520355
1.007,-0.093,0.0200042724609375,0.7930760769065593,0.00814991065284744
1.047,-0.178,0.019998788833618164,0.7930760769065593,0.00814991065284744
0.999,-0.16,0.020001888275146484,0.7930760769065593,0.00814991065284744
0.961,-0.137,0.019992828369140625,0.7598046356787552,0.005911113615243945
0.962,-0.187,0.02000570297241211,0.7598046356787552,0.005911113615243945
0.928,-0.171,0.019999980926513672,0.7598046356787552,0.005911113615243945
0.928,-0.171,0.01999378204345703,0.8298520253887975,-0.009231712235224825
0.914,-0.171,0.0200045108795166,0.8298520253887975,-0.009231712235224825
0.914,-0.171,0.020009756088256836,0.8298520253887975,-0.009231712235224825
0.946,0.03,0.019988298416137695,0.8298520253887975,-0.009231712235224825
0.952,0.099,0.020002126693725586,0.7914674964808494,-0.029556598094643043
0.876,0.085,0.01999688148498535,0.7914674964808494,-0.029556598094643043
0.876,0.085,0.0200040340423584,0.7914674964808494,-0.029556598094643043
0.874,0.056,0.019988536834716797,0.8216931164738203,-0.03174530933648413
0.82,0.093,0.020013809204101562,0.8216931164738203,-0.03174530933648413
0.8,0.028,0.019989013671875,0.8216931164738203,-0.03174530933648413
0.806,-0.031,0.020020723342895508,0.8216931164738203,-0.03174530933648413
0.775,-0.009,0.01999378204345703,0.8185216562015203,-0.03645725111338899
0.732,-0.001,0.01999950408935547,0.8185216562015203,-0.03645725111338899
0.732,-0.001,0.019995689392089844,0.8185216562015203,-0.03645725111338899
0.722,-0.046,0.01999688148498535,0.8346248719589151,-0.04265701560554265
0.668,-0.03,0.02000141143798828,0.8346248719589151,-0.04265701560554265
0.66,0.011,0.020000457763671875,0.8346248719589151,-0.04265701560554265
0.649,0.009,0.02002692222595215,0.9467718307996266,-0.04760312112864609
0.634,0.021,0.019958019256591797,0.9467718307996266,-0.04760312112864609
0.647,0.061,0.020010709762573242,0.9467718307996266,-0.04760312112864609
0.647,0.061,0.019997835159301758,0.9467718307996266,-0.04760312112864609
0.703,0.067,0.02000570297241211,0.940783862929226,-0.0681849661807872
0.703,0.067,0.02000141143798828,0.940783862929226,-0.0681849661807872
0.786,0.011,0.019999027252197266,0.940783862929226,-0.0681849661807872
0.847,-0.033,0.020004987716674805,0.9496505383347585,-0.069216811970352
0.882,-0.038,0.020000457763671875,0.9496505383347585,-0.069216811970352
0.882,-0.038,0.019999265670776367,0.9496505383347585,-0.069216811970352
0.902,-0.074,0.019993066787719727,0.9496505383347585,-0.069216811970352
0.894,-0.088,0.020004749298095703,0.9646552925364416,-0.06973730003798038
0.827,-0.053,0.02000284194946289,0.9646552925364416,-0.06973730003798038
0.827,-0.053,0.01998448371887207,0.9393227035997654,-0.08424795553269383
0.79,-0.01,0.02002120018005371,0.9393227035997654,-0.08424795553269383
0.839,-0.033,0.019987821578979492,0.9393227035997654,-0.08424795553269383
0.873,-0.057,0.020009279251098633,0.9393227035997654,-0.08424795553269383
0.913,-0.06,0.01999807357788086,0.9441814637769533,-0.07211985051379279
0.913,-0.06,0.019999265670776367,0.9441814637769533,-0.07211985051379279
0.935,-0.079,0.019987821578979492,0.9441814637769533,-0.07211985051379279
0.933,-0.06,0.020005464553833008,0.8053874386827461,-0.06133458633023636
0.96,-0.056,0.020005464553833008,0.8053874386827461,-0.06133458633023636
1.001,-0.048,0.019998550415039062,0.8053874386827461,-0.06133458633023636
1.001,-0.05,0.020000457763671875,0.8053874386827461,-0.06133458633023636
1.001,-0.05,0.02000284194946289,0.814108173488674,-0.07223887207508248
0.986,-0.065,0.020004749298095703,0.814108173488674,-0.07223887207508248
0.986,-0.065,0.019987106323242188,0.814108173488674,-0.07223887207508248
0.93,-0.095,0.019999265670776367,1.428157909397811,-0.1607231478448911
0.901,-0.12,0.019988298416137695,1.428157909397811,-0.1607231478448911
0.901,-0.12,0.020010709762573242,1.428157909397811,-0.1607231478448911
0.848,-0.106,0.01999831199645996,1.2411078848655777,-0.1654301220843981
0.848,-0.12,0.020000219345092773,1.2411078848655777,-0.1654301220843981
0.845,-0.112,0.02001190185546875,1.2411078848655777,-0.1654301220843981
0.874,-0.107,0.019997358322143555,1.267542523499856,-0.1677234189711584
0.954,-0.018,0.019999980926513672,1.267542523499856,-0.1677234189711584
1.037,0.056,0.01999664306640625,1.267542523499856,-0.1677234189711584
1.027,0.007,0.01999640464782715,1.267542523499856,-0.1677234189711584
1.001,-0.064,0.020018577575683594,1.2705587277538197,-0.16873228944739307
1.01,-0.1,0.01998758316040039,1.2705587277538197,-0.16873228944739307
1.01,-0.1,0.020000457763671875,1.2705587277538197,-0.16873228944739307
1.045,-0.066,0.019998788833618164,1.351820886548646,-0.17450401892750111
1.035,-0.142,0.020002365112304688,1.351820886548646,-0.17450401892750111
1.026,-0.146,0.019998550415039062,1.351820886548646,-0.17450401892750111
1.029,-0.144,0.020001888275146484,1.351820886548646,-0.17450401892750111
1.029,-0.144,0.01999974250793457,1.2618655350976762,-0.18315027125627428
0.987,-0.152,0.0200040340423584,1.2618655350976762,-0.18315027125627428
0.973,-0.135,0.019996166229248047,1.2618655350976762,-0.18315027125627428
1.007,-0.111,0.01999521255493164,1.1844472106358936,-0.18039213624535913
1.03,-0.116,0.0200347900390625,1.1844472106358936,-0.18039213624535913
1.069,-0.154,0.01997685432434082,1.1844472106358936,-0.18039213624535913
1.069,-0.154,0.01998615264892578,1.1860486470007257,-0.18055641893095542
1.121,-0.175,0.019997835159301758,1.1860486470007257,-0.18055641893095542
1.121,-0.175,0.02001214027404785,1.1860486470007257,-0.18055641893095542
1.13,-0.144,0.019988059997558594,1.1860486470007257,-0.18055641893095542
1.146,-0.156,0.019998788833618164,1.1999862191959165,-0.19741910630749326
1.167,-0.124,0.020002126693725586,1.1999862191959165,-0.19741910630749326
1.167,-0.124,0.019997835159301758,1.1999862191959165,-0.19741910630749326
1.195,-0.128,0.020006656646728516,1.2298573653415925,-0.20297036508304916
1.226,-0.117,0.019983530044555664,1.2298573653415925,-0.20297036508304916
1.248,-0.099,0.020015478134155273,1.2298573653415925,-0.20297036508304916
1.243,-0.099,0.019997119903564453,1.2468636010556313,-0.20492610267739098
1.266,-0.104,0.020003557205200195,1.2468636010556313,-0.20492610267739098
1.266,-0.104,0.020002365112304688,1.2468636010556313,-0.20492610267739098
1.308,-0.073,0.019989967346191406,1.1428316442730595,-0.22945292822892302
1.324,-0.055,0.020011425018310547,1.1428316442730595,-0.22945292822892302
1.324,-0.055,0.019993066787719727,1.1428316442730595,-0.22945292822892302
1.331,-0.059,0.020001649856567383,1.1428316442730595,-0.22945292822892302
1.34,-0.053,0.020000219345092773,1.3260450079008952,-0.2396830338005925
1.34,-0.053,0.020003318786621094,1.3260450079008952,-0.2396830338005925
1.333,-0.07,0.020003795623779297,1.3260450079008952,-0.2396830338005925
1.273,-0.157,0.019980192184448242,1.3359613633985414,-0.24680498965521197
1.273,-0.157,0.020040035247802734,1.3359613633985414,-0.24680498965521197
1.323,-0.084,0.019969940185546875,1.3359613633985414,-0.24680498965521197
1.323,-0.084,0.02000737190246582,1.225372114433746,-0.25894946651900647
1.291,-0.121,0.019993305206298828,1.225372114433746,-0.25894946651900647
1.333,-0.064,0.020000457763671875,1.225372114433746,-0.25894946651900647
1.333,-0.064,0.019999027252197266,1.225372114433746,-0.25894946651900647
1.348,-0.061,0.01999807357788086,1.2826462950228388,-0.22624286565793325
1.295,-0.153,0.020007610321044922,1.2826462950228388,-0.22624286565793325
1.295,-0.153,0.019985437393188477,1.2826462950228388,-0.22624286565793325
1.264,-0.183,0.020007610321044922,1.2004872403973468,-0.22098280706344461
1.265,-0.159,0.020000219345092773,1.2004872403973468,-0.22098280706344461
1.307,-0.114,0.020000219345092773,1.2004872403973468,-0.22098280706344461
1.259,-0.169,0.020006895065307617,1.2584096013726118,-0.20588637063760795
1.25,-0.187,0.019997835159301758,1.2584096013726118,-0.20588637063760795
1.25,-0.187,0.019997119903564453,1.2584096013726118,-0.20588637063760795
1.319,-0.114,0.020005464553833008,1.2584096013726118,-0.20588637063760795
1.279,-0.105,0.019989728927612305,1.1952620864271029,-0.1871123485330356
1.237,-0.174,0.020007610321044922,1.1952620864271029,-0.1871123485330356
1.245,-0.185,0.019994258880615234,1.1952620864271029,-0.1871123485330356
1.245,-0.185,0.020000457763671875,1.1952620864271029,-0.1871123485330356
1.231,-0.189,0.020001649856567383,1.3396248683439338,-0.18622255171626098
1.259,-0.155,0.02000570297241211,1.3396248683439338,-0.18622255171626098
1.259,-0.155,0.019998788833618164,1.3396248683439338,-0.18622255171626098
1.214,-0.165,0.020000219345092773,1.2448422684902982,-0.20913200499628853
1.236,-0.148,0.019997835159301758,1.2448422684902982,-0.20913200499628853
1.292,-0.075,0.019997358322143555,1.2448422684902982,-0.20913200499628853
1.266,-0.121,0.02001810073852539,1.1433458279779312,-0.08807783545406224
1.266,-0.121,0.019990921020507812,1.1433458279779312,-0.08807783545406224
1.242,-0.154,0.01999354362487793,1.1433458279779312,-0.08807783545406224
1.265,-0.088,0.019995927810668945,1.1122047767001955,-0.08745009095312778
1.22,-0.123,0.019999980926513672,1.1122047767001955,-0.08745009095312778
1.204,-0.124,0.020006179809570312,1.1122047767001955,-0.08745009095312778
1.233,-0.083,0.01999807357788086,1.1122047767001955,-0.08745009095312778
1.233,-0.083,0.019991159439086914,0.9398278448352523,-0.08759187715955363
1.247,-0.038,0.020008325576782227,0.9398278448352523,-0.08759187715955363
1.247,-0.038,0.01999187469482422,0.9398278448352523,-0.08759187715955363
1.218,-0.018,0.02000260353088379,0.9398278448352523,-0.08759187715955363
1.206,0.002,0.020005226135253906,0.9023003672025929,-0.0649936751055506
1.169,0.002,0.019994020462036133,0.9023003672025929,-0.0649936751055506
1.085,-0.082,0.019992351531982422,0.8017068592737312,-0.06148529187421749
1.085,-0.082,0.020038843154907227,0.8017068592737312,-0.06148529187421749
1.071,-0.034,0.019974708557128906,0.8017068592737312,-0.06148529187421749
1.047,-0.008,0.01999974250793457,0.8017068592737312,-0.06148529187421749
1.067,0.057,0.019987821578979492,0.8172859038857885,-0.044788645074733055
0.99,-0.005,0.020011186599731445,0.8172859038857885,-0.044788645074733055
0.98,0.025,0.019991397857666016,0.7718112023568091,-0.049884963808837765
0.994,0.096,0.019992351531982422,0.7718112023568091,-0.049884963808837765
0.934,0.072,0.02001047134399414,0.7718112023568091,-0.049884963808837765
0.934,0.072,0.01999950408935547,0.7718112023568091,-0.049884963808837765
0.86,0.053,0.02000117301940918,0.7718186289158756,-0.04987680176111169
0.893,0.106,0.01999974250793457,0.7718186289158756,-0.04987680176111169
0.893,0.106,0.020006895065307617,0.7718186289158756,-0.04987680176111169
0.836,0.042,0.02000737190246582,0.7718186289158756,-0.04987680176111169
0.832,0.053,0.019983291625976562,0.7665648727952502,-0.044202685973416436
0.832,0.053,0.020012855529785156,0.7665648727952502,-0.044202685973416436
0.814,0.029,0.01999807357788086,0.7665648727952502,-0.044202685973416436
0.814,0.029,0.01999664306640625,0.7635004417088189,-0.025328764618611922
0.814,0.028,0.019994497299194336,0.7635004417088189,-0.025328764618611922
0.78,-0.017,0.020013809204101562,0.7635004417088189,-0.025328764618611922
0.78,-0.017,0.019993066787719727,0.8126471510231348,-0.02588122651106152
0.746,-0.043,0.020003795623779297,0.8126471510231348,-0.02588122651106152
0.729,-0.059,0.020002126693725586,0.8126471510231348,-0.02588122651106152
0.729,-0.059,0.01999664306640625,0.8126471510231348,-0.02588122651106152
0.751,-0.029,0.02001333236694336,1.0174187103319907,-0.0935851651441708
0.752,-0.059,0.01999974250793457,1.0174187103319907,-0.0935851651441708
0.725,-0.098,0.019982576370239258,1.0174187103319907,-0.0935851651441708
0.728,-0.141,0.02001643180847168,0.7738803371068083,-0.012672225581875703
0.728,-0.141,0.019994020462036133,0.7738803371068083,-0.012672225581875703
0.72,-0.131,0.01999974250793457,0.7738803371068083,-0.012672225581875703
0.674,-0.123,0.01999211311340332,0.7569757132294602,-0.016695816326861693
0.688,-0.102,0.019994735717773438,0.7569757132294602,-0.016695816326861693
0.688,-0.102,0.020003795623779297,0.7569757132294602,-0.016695816326861693
0.71,-0.06,0.01999974250793457,0.7592761896419783,-0.01797502072388986
0.713,-0.049,0.020001649856567383,0.7592761896419783,-0.01797502072388986
0.736,-0.044,0.020002365112304688,0.7592761896419783,-0.01797502072388986
0.741,-0.027,0.019997119903564453,0.7592761896419783,-0.01797502072388986
0.741,-0.027,0.019999980926513672,0.7673488407505579,-0.030781665957489414
0.741,-0.027,0.01999950408935547,0.7673488407505579,-0.030781665957489414
0.759,-0.028,0.020005226135253906,0.7673488407505579,-0.030781665957489414
0.791,-0.016,0.019995689392089844,0.7689296916154625,-0.02886140876826789
0.794,-0.007,0.020003080368041992,0.7689296916154625,-0.02886140876826789
0.797,-0.025,0.019994258880615234,0.7689296916154625,-0.02886140876826789
0.805,-0.011,0.020000934600830078,0.7689296916154625,-0.02886140876826789
0.82,0.0,0.019985437393188477,0.7593663589964207,-0.016582799673638036
0.817,-0.007,0.020011186599731445,0.7593663589964207,-0.016582799673638036
0.817,-0.007,0.020001649856567383,0.7593663589964207,-0.016582799673638036
0.831,0.004,0.019998550415039062,0.7662627677742229,0.0010925482248917142
0.83,0.022,0.020001888275146484,0.7662627677742229,0.0010925482248917142
0.821,0.007,0.019999027252197266,0.7662627677742229,0.0010925482248917142
0.821,0.007,0.02001047134399414,0.7676987038816492,0.010840652146382582
0.79,-0.007,0.020003557205200195,0.7676987038816492,0.010840652146382582
0.793,0.002,0.019996166229248047,0.7676987038816492,0.010840652146382582
0.784,0.0,0.020000934600830078,0.7676987038816492,0.010840652146382582
0.782,0.005,0.019995450973510742,0.7625242038115312,0.004916990966876596
0.782,0.005,0.020008563995361328,0.7625242038115312,0.004916990966876596
0.769,0.0,0.019991397857666016,0.7625242038115312,0.004916990966876596
0.775,0.009,0.02000284194946289,0.7857743674560514,0.017596101841505132
0.775,0.009,0.019995689392089844,0.7857743674560514,0.017596101841505132
0.756,-0.001,0.020006418228149414,0.7857743674560514,0.017596101841505132
0.746,-0.023,0.019993305206298828,0.7618221738982223,0.014652034590341522
0.743,-0.009,0.019991636276245117,0.7618221738982223,0.014652034590341522
0.743,-0.009,0.020006418228149414,0.7618221738982223,0.014652034590341522
0.724,-0.025,0.02000284194946289,0.7618221738982223,0.014652034590341522
0.711,-0.055,0.020010948181152344,0.7907157629009411,0.02046680718914293
0.707,-0.042,0.019988059997558594,0.7907157629009411,0.02046680718914293
0.715,-0.016,0.01999831199645996,0.7907157629009411,0.02046680718914293
0.718,-0.017,0.01999688148498535,0.7609863562654696,0.020262777723479515
0.711,-0.024,0.020003795623779297,0.7609863562654696,0.020262777723479515
0.716,-0.026,0.020005226135253906,0.7609863562654696,0.020262777723479515
0.721,0.002,0.01999497413635254,0.7608905305756113,0.019798372444424294
0.715,0.0,0.020000219345092773,0.7608905305756113,0.019798372444424294
0.724,0.0,0.02000284194946289,0.7608905305756113,0.019798372444424294
0.743,0.011,0.01999497413635254,0.7608905305756113,0.019798372444424294
0.729,-0.003,0.020007610321044922,0.7814003253270905,0.029276121310832195
0.732,-0.002,0.019997119903564453,0.7814003253270905,0.029276121310832195
0.732,-0.002,0.01999664306640625,0.7814003253270905,0.029276121310832195
0.753,0.02,0.019995689392089844,0.7922182689372117,0.03523151391738765
0.753,0.02,0.020004987716674805,0.7922182689372117,0.03523151391738765
0.756,0.003,0.019992828369140625,0.7922182689372117,0.03523151391738765
0.759,0.0,0.020007610321044922,0.7986902192296732,0.03552432405315547
0.771,0.009,0.01999664306640625,0.7986902192296732,0.03552432405315547
0.77,0.024,0.020003557205200195,0.7986902192296732,0.03552432405315547
0.785,0.015,0.01999378204345703,0.8227357140121534,0.04420428333003458
0.791,0.014,0.020001649856567383,0.8227357140121534,0.04420428333003458
0.793,0.016,0.019998550415039062,0.8227357140121534,0.04420428333003458
0.791,0.031,0.019999265670776367,0.8227357140121534,0.04420428333003458
0.791,0.031,0.020003557205200195,0.839160909428094,0.052040025788229485
0.801,0.034,0.020005226135253906,0.839160909428094,0.052040025788229485
0.805,0.039,0.02001214027404785,0.839160909428094,0.052040025788229485
0.818,0.03,0.01998114585876465,0.8020415100637371,0.048377553710569704
0.812,0.045,0.0200350284576416,0.8020415100637371,0.048377553710569704
0.821,0.044,0.019966840744018555,0.8020415100637371,0.048377553710569704
0.817,0.034,0.020000457763671875,0.9759733631554414,0.06780511874940816
0.814,0.033,0.02000284194946289,0.9759733631554414,0.06780511874940816
0.804,0.037,0.02000260353088379,0.9759733631554414,0.06780511874940816
0.812,0.032,0.019999265670776367,0.9759733631554414,0.06780511874940816
0.813,0.038,0.019997358322143555,0.9161899226914898,0.07245540212517193
0.825,0.044,0.020002365112304688,0.9161899226914898,0.07245540212517193
0.825,0.044,0.01999974250793457,0.9161899226914898,0.07245540212517193
0.837,0.049,0.019994497299194336,1.1365878930353914,0.07733452973172147
0.837,0.049,0.02000141143798828,1.1365878930353914,0.07733452973172147
0.858,0.072,0.019999027252197266,1.1365878930353914,0.07733452973172147
0.872,0.068,0.020001888275146484,1.1365878930353914,0.07733452973172147
0.886,0.061,0.02000594139099121,0.9968102952753781,0.09486134063537525
0.894,0.063,0.019992351531982422,0.9968102952753781,0.09486134063537525
0.894,0.063,0.020005464553833008,0.956771602229226,0.07892718171314682
0.918,0.054,0.019991397857666016,0.956771602229226,0.07892718171314682
0.937,0.074,0.020008325576782227,0.956771602229226,0.07892718171314682
0.937,0.074,0.019989490509033203,0.956771602229226,0.07892718171314682
0.955,0.061,0.020008325576782227,0.9650071467536006,0.07952781306375319
0.955,0.061,0.020004749298095703,0.9650071467536006,0.07952781306375319
0.962,0.048,0.019994020462036133,0.9650071467536006,0.07952781306375319
0.977,0.058,0.01999688148498535,0.9949167035898084,0.11080053731509829
0.977,0.058,0.020006418228149414,0.9949167035898084,0.11080053731509829
0.99,0.055,0.01999211311340332,0.9949167035898084,0.11080053731509829
0.988,0.059,0.02000284194946289,0.9949167035898084,0.11080053731509829
0.993,0.072,0.02000117301940918,0.9080484233132173,0.14167687108467164
0.994,0.086,0.019994020462036133,0.9080484233132173,0.14167687108467164
0.994,0.086,0.0200042724609375,0.9080484233132173,0.14167687108467164
0.985,0.096,0.01999950408935547,0.9088491489251733,0.1421327682509309
0.974,0.115,0.020003318786621094,0.9088491489251733,0.1421327682509309
0.974,0.115,0.019999265670776367,0.9088491489251733,0.1421327682509309
0.948,0.148,0.019997119903564453,1.1631865549282374,0.20766985896657092
0.932,0.157,0.020000696182250977,1.1631865549282374,0.20766985896657092
0.92,0.159,0.019998550415039062,1.1631865549282374,0.20766985896657092
0.92,0.159,0.020006179809570312,1.1631865549282374,0.20766985896657092
0.923,0.159,0.02000737190246582,1.1670590969462495,0.21122996294918575
0.945,0.163,0.019992828369140625,1.1670590969462495,0.21122996294918575
0.945,0.163,0.020007610321044922,1.1670590969462495,0.21122996294918575
1.043,0.056,0.019983768463134766,1.1720421936670722,0.21140535379418335
1.068,0.044,0.02000880241394043,1.1720421936670722,0.21140535379418335
1.057,0.082,0.01999831199645996,1.1720421936670722,0.21140535379418335
1.057,0.082,0.01999664306640625,1.1342691568818213,0.22693507724237405
1.092,0.085,0.02000880241394043,1.1342691568818213,0.22693507724237405
1.083,0.085,0.019990921020507812,1.1342691568818213,0.22693507724237405
1.086,0.105,0.020007848739624023,1.1342691568818213,0.22693507724237405
1.1,0.116,0.019995927810668945,1.11794793540921,0.24109264741126568
1.106,0.118,0.01999974250793457,1.11794793540921,0.24109264741126568
1.109,0.141,0.020011186599731445,1.11794793540921,0.24109264741126568
1.109,0.141,0.01998615264892578,1.1402935601766866,0.24303334114259845
1.142,0.145,0.020013093948364258,1.1402935601766866,0.24303334114259845
1.124,0.155,0.01998758316040039,1.1402935601766866,0.24303334114259845
1.119,0.152,0.020000457763671875,0.6074709472060655,0.22879766067025895
1.14,0.135,0.020030975341796875,0.6074709472060655,0.22879766067025895
1.154,0.15,0.019969940185546875,0.6074709472060655,0.22879766067025895
1.154,0.15,0.020000934600830078,0.6212891289488903,0.20580479253432876
1.144,0.147,0.01999950408935547,0.6212891289488903,0.20580479253432876
1.193,0.11,0.02001643180847168,0.6212891289488903,0.20580479253432876
1.133,0.216,0.019979476928710938,0.6212891289488903,0.20580479253432876
1.175,0.089,0.020005464553833008,0.6167430302963943,0.20566148097937884
1.129,0.099,0.020000219345092773,0.6167430302963943,0.20566148097937884
1.1,0.149,0.01999974250793457,0.6167430302963943,0.20566148097937884
1.134,0.068,0.01999974250793457,0.5697879470210866,0.22097184616057758
1.098,0.095,0.019985198974609375,0.5697879470210866,0.22097184616057758
1.104,0.031,0.020022153854370117,0.5697879470210866,0.22097184616057758
1.064,0.069,0.02001810073852539,0.5697879470210866,0.22097184616057758
0.81,0.4,0.01997065544128418,0.5317939070177401,0.21753541227411524
0.951,0.116,0.020000219345092773,0.5317939070177401,0.21753541227411524
0.676,0.498,0.020002126693725586,0.5317939070177401,0.21753541227411524
0.593,0.556,0.020004987716674805,0.5765529014684948,0.22820918188647313
0.593,0.556,0.02000141143798828,0.5765529014684948,0.22820918188647313
0.679,0.376,0.019995689392089844,0.5765529014684948,0.22820918188647313
0.705,0.275,0.01999521255493164,0.4543438460478929,0.22242211580043741
0.707,0.225,0.020000934600830078,0.4543438460478929,0.22242211580043741
0.734,0.117,0.01999640464782715,0.4543438460478929,0.22242211580043741
0.61,0.237,0.020003080368041992,0.4543438460478929,0.22242211580043741
0.61,0.237,0.020001888275146484,0.7150841580207367,0.27094970365817966
0.519,0.292,0.020003795623779297,0.7150841580207367,0.27094970365817966
0.527,0.249,0.019992589950561523,0.7150841580207367,0.27094970365817966
0.527,0.249,0.02000737190246582,0.4898155751894857,0.25507400591427604
0.497,0.249,0.020001888275146484,0.4898155751894857,0.25507400591427604
0.497,0.249,0.019998788833618164,0.4898155751894857,0.25507400591427604
0.496,0.289,0.019991159439086914,0.3263237155940163,0.22955643521366495
0.505,0.221,0.02001190185546875,0.3263237155940163,0.22955643521366495
0.468,0.233,0.01999950408935547,0.3263237155940163,0.22955643521366495
0.45,0.16,0.019999265670776367,0.3263237155940163,0.22955643521366495
0.471,0.092,0.01999640464782715,0.35952486718241533,0.23615963880763677
0.371,0.236,0.019999027252197266,0.35952486718241533,0.23615963880763677
0.332,0.274,0.02000594139099121,0.35952486718241533,0.23615963880763677
0.395,0.167,0.019994020462036133,0.3285655555597176,0.23255900460121712
0.395,0.167,0.019996166229248047,0.3285655555597176,0.23255900460121712
0.368,0.21,0.02000141143798828,0.3285655555597176,0.23255900460121712
0.368,0.21,0.02000284194946289,0.5577415680888772,0.24435825345324508
0.305,0.268,0.020010948181152344,0.5577415680888772,0.24435825345324508
0.291,0.295,0.020006656646728516,0.5577415680888772,0.24435825345324508
0.309,0.271,0.019982099533081055,0.3228338048849771,0.22704790805813785
0.312,0.262,0.020004987716674805,0.3228338048849771,0.22704790805813785
0.333,0.25,0.019994497299194336,0.3228338048849771,0.22704790805813785
0.333,0.25,0.020000934600830078,0.3228338048849771,0.22704790805813785
0.363,0.172,0.01998591423034668,0.36137887762254484,0.22371812810722846
0.363,0.172,0.020012855529785156,0.36137887762254484,0.22371812810722846
0.286,0.31,0.019999265670776367,0.36137887762254484,0.22371812810722846
0.286,0.31,0.020002365112304688,0.38987052626218704,0.21415383022917184
0.383,0.173,0.02000260353088379,0.38987052626218704,0.21415383022917184
0.388,0.15,0.019994020462036133,0.38987052626218704,0.21415383022917184
0.331,0.245,0.02001500129699707,0.8011083569729465,0.20546065309218745
0.331,0.245,0.019975662231445312,0.8011083569729465,0.20546065309218745
0.348,0.224,0.02001953125,0.8011083569729465,0.20546065309218745
0.319,0.298,0.019980669021606445,0.8011083569729465,0.20546065309218745
0.383,0.22,0.020006656646728516,0.9414194931745845,0.1778465993748373
0.52,0.049,0.020002126693725586,0.9414194931745845,0.1778465993748373
0.52,0.049,0.01999974250793457,0.9414194931745845,0.1778465993748373
0.408,0.23,0.02001190185546875,1.0299925913521368,0.1835274405095014
0.408,0.23,0.020017385482788086,1.0299925913521368,0.1835274405095014
0.543,0.045,0.01997828483581543,1.0299925913521368,0.1835274405095014
0.478,0.195,0.02000141143798828,1.0299925913521368,0.1835274405095014
0.478,0.195,0.019996166229248047,1.2053528789475545,0.17712578994139802
0.612,0.082,0.020009279251098633,1.2053528789475545,0.17712578994139802
0.599,0.094,0.019990921020507812,1.2053528789475545,0.17712578994139802
0.573,0.151,0.019997835159301758,1.2375435022959023,0.16432324269515222
0.573,0.151,0.020003080368041992,1.2375435022959023,0.16432324269515222
0.625,0.136,0.0200045108795166,1.2375435022959023,0.16432324269515222
0.625,0.136,0.019988298416137695,1.146366684198905,0.1441174581706188
0.676,0.11,0.02002406120300293,1.146366684198905,0.1441174581706188
0.679,0.136,0.01998305320739746,1.146366684198905,0.1441174581706188
0.679,0.136,0.020000219345092773,1.146366684198905,0.1441174581706188
0.741,0.108,0.019995689392089844,1.3875681801026878,0.10072437992474711
0.741,0.108,0.020000696182250977,1.3875681801026878,0.10072437992474711
0.773,0.119,0.0200040340423584,1.3875681801026878,0.10072437992474711
0.773,0.119,0.019994020462036133,1.3431781310622442,0.10496645847012281
0.819,0.106,0.020003080368041992,1.3431781310622442,0.10496645847012281
0.819,0.106,0.020000457763671875,1.3431781310622442,0.10496645847012281
0.834,0.088,0.020000457763671875,1.3715119039668664,0.13876894050983093
0.846,0.098,0.020000696182250977,1.3715119039668664,0.13876894050983093
0.846,0.098,0.019987106323242188,1.3715119039668664,0.13876894050983093
0.881,0.078,0.02000713348388672,1.096864344526962,0.11214202248829382
0.903,0.079,0.020000219345092773,1.096864344526962,0.11214202248829382
0.922,0.082,0.02000594139099121,1.096864344526962,0.11214202248829382
0.922,0.082,0.02000737190246582,1.096864344526962,0.11214202248829382
0.973,0.102,0.01998758316040039,1.0711240595136968,0.1142142493852908
1.0,0.094,0.01999664306640625,1.0711240595136968,0.1142142493852908
1.0,0.094,0.019998550415039062,1.0711240595136968,0.1142142493852908
1.029,0.092,0.01999974250793457,0.7628381829487314,0.11280130307306144
1.055,0.098,0.0200040340423584,0.7628381829487314,0.11280130307306144
1.045,0.096,0.01999688148498535,0.7628381829487314,0.11280130307306144
1.064,0.074,0.019999265670776367,1.1341715712247336,0.11483476395891158
1.056,0.095,0.019999980926513672,1.1341715712247336,0.11483476395891158
1.053,0.072,0.019999980926513672,1.1341715712247336,0.11483476395891158
1.043,0.122,0.020000219345092773,1.1341715712247336,0.11483476395891158
1.083,0.064,0.020000457763671875,0.864504661004256,0.09693669098817576
1.063,0.116,0.019998788833618164,0.864504661004256,0.09693669098817576
1.102,0.047,0.020000219345092773,0.864504661004256,0.09693669098817576
1.102,0.047,0.020000457763671875,0.8658405449630515,0.0969076610080358
1.088,0.056,0.020002126693725586,0.8658405449630515,0.0969076610080358
1.06,0.065,0.020000457763671875,0.8658405449630515,0.0969076610080358
1.056,0.074,0.019998788833618164,0.9530674495600902,0.07997864173247277
1.039,0.065,0.01999950408935547,0.9530674495600902,0.07997864173247277
1.004,0.066,0.01999354362487793,0.9530674495600902,0.07997864173247277
1.041,-0.013,0.019991636276245117,0.858810505539473,0.06315923427892352
1.03,-0.029,0.020014286041259766,0.858810505539473,0.06315923427892352
1.03,-0.029,0.019988298416137695,0.858810505539473,0.06315923427892352
0.945,0.035,0.020010709762573242,0.858810505539473,0.06315923427892352
0.999,-0.027,0.020000457763671875,0.858803718335743,0.06315919896793412
0.924,0.034,0.020000696182250977,0.858803718335743,0.06315919896793412
0.924,0.034,0.020003318786621094,0.858803718335743,0.06315919896793412
0.924,-0.006,0.019998550415039062,0.8544694661586268,0.033736991277603004
0.858,0.09,0.019997835159301758,0.8544694661586268,0.033736991277603004
0.91,-0.015,0.019998788833618164,0.8544694661586268,0.033736991277603004
0.883,-0.006,0.019997835159301758,0.8544694661586268,0.033736991277603004
0.883,-0.006,0.020001888275146484,0.7604958137071787,0.052599109850048446
0.816,0.039,0.01999950408935547,0.7604958137071787,0.052599109850048446
0.794,0.081,0.019994020462036133,0.7604958137071787,0.052599109850048446
0.794,0.081,0.019997119903564453,0.7437529501768203,0.06636602694540776
0.814,0.026,0.020002126693725586,0.7437529501768203,0.06636602694540776
0.8,0.035,0.020008087158203125,0.7437529501768203,0.06636602694540776
0.755,0.065,0.02000117301940918,0.7704951557864422,0.050600627852842125
0.771,0.041,0.02000141143798828,0.7704951557864422,0.050600627852842125
0.793,-0.003,0.019999027252197266,0.7704951557864422,0.050600627852842125
0.793,-0.003,0.020000696182250977,0.7094419365878556,0.06260256333748333
0.742,0.044,0.019992589950561523,0.7094419365878556,0.06260256333748333
0.796,-0.027,0.01999497413635254,0.7094419365878556,0.06260256333748333
0.718,0.065,0.020012378692626953,0.7094419365878556,0.06260256333748333
0.567,0.283,0.019997596740722656,0.6599361080728144,0.06161854204883901
0.675,0.122,0.020003318786621094,0.6599361080728144,0.06161854204883901
0.695,0.07,0.019997596740722656,0.6599361080728144,0.06161854204883901
0.695,0.07,0.019997835159301758,0.7433951100279355,0.03145893648862324
0.807,-0.116,0.020000696182250977,0.7433951100279355,0.03145893648862324
0.603,0.175,0.020004749298095703,0.7433951100279355,0.03145893648862324
0.603,0.175,0.01999950408935547,0.7433951100279355,0.03145893648862324
0.758,-0.109,0.020012855529785156,0.7533061910621813,0.02857141626194206
0.73,-0.075,0.02001476287841797,0.7533061910621813,0.02857141626194206
0.671,0.029,0.0199735164642334,0.7533061910621813,0.02857141626194206
0.684,0.044,0.02000260353088379,0.7553680259408512,0.035367213607364036
0.684,0.044,0.019995450973510742,0.7553680259408512,0.035367213607364036
0.713,0.005,0.0200040340423584,0.7553680259408512,0.035367213607364036
0.701,0.048,0.01999831199645996,0.7569006991790789,0.0032027630812559715
0.698,0.05,0.019997596740722656,0.7569006991790789,0.0032027630812559715
0.727,0.026,0.02000260353088379,0.7569006991790789,0.0032027630812559715
0.726,0.034,0.019991159439086914,0.7569006991790789,0.0032027630812559715
0.725,0.045,0.02001786231994629,0.7613915537976437,0.0033127913674712186
0.725,0.045,0.019992589950561523,0.7613915537976437,0.0033127913674712186
0.757,0.014,0.019994497299194336,0.7613915537976437,0.0033127913674712186
0.76,0.017,0.01999974250793457,0.7651291117084986,-0.010388554756745555
0.76,0.017,0.020008325576782227,0.7651291117084986,-0.010388554756745555
0.769,0.014,0.019997835159301758,0.7651291117084986,-0.010388554756745555
0.765,0.013,0.020000934600830078,0.7651291117084986,-0.010388554756745555
0.765,0.013,0.01999521255493164,0.768978554123685,-0.03150987199631446
0.764,0.007,0.020001649856567383,0.768978554123685,-0.03150987199631446
0.764,0.007,0.019995927810668945,0.768978554123685,-0.03150987199631446
0.757,0.034,0.020005226135253906,0.7689785809999432,-0.031509755394656815
0.763,0.022,0.020000219345092773,0.7689785809999432,-0.031509755394656815
0.758,0.009,0.019997835159301758,0.7689785809999432,-0.031509755394656815
0.757,0.024,0.0199887752532959,0.9330677386896421,-0.037208338906088836
0.757,0.024,0.019997596740722656,0.9330677386896421,-0.037208338906088836
0.757,0.024,0.020012855529785156,0.9330677386896421,-0.037208338906088836
0.758,0.006,0.020002365112304688,0.8748476354414915,-0.041623851868892246
0.758,0.006,0.020009756088256836,0.8748476354414915,-0.041623851868892246
0.755,0.008,0.01999688148498535,0.8748476354414915,-0.041623851868892246
0.768,0.026,0.020000219345092773,0.8748476354414915,-0.041623851868892246
0.768,0.026,0.019992828369140625,0.8755194961577646,-0.041567723721550535
0.776,0.02,0.02002429962158203,0.8755194961577646,-0.041567723721550535
0.803,0.023,0.019978046417236328,0.8755194961577646,-0.041567723721550535
0.803,0.023,0.019998550415039062,0.7841379431156072,-0.04339478122427975
0.805,-0.001,0.02000141143798828,0.7841379431156072,-0.04339478122427975
0.814,-0.005,0.019999027252197266,0.7841379431156072,-0.04339478122427975
0.814,-0.005,0.020001888275146484,0.8052047510600825,-0.069129331498812
0.819,-0.013,0.019999980926513672,0.8052047510600825,-0.069129331498812
0.818,-0.023,0.019997835159301758,0.8052047510600825,-0.069129331498812
0.804,-0.009,0.02000260353088379,0.8052047510600825,-0.069129331498812
0.817,-0.031,0.020014286041259766,0.811301978997857,-0.0697137716041508
0.815,-0.026,0.019982337951660156,0.811301978997857,-0.0697137716041508
0.836,-0.033,0.019999027252197266,0.811301978997857,-0.0697137716041508
0.836,-0.033,0.02000713348388672,0.8445795018367485,-0.10176427758170918
0.82,-0.034,0.019995927810668945,0.8445795018367485,-0.10176427758170918
0.82,-0.034,0.0200042724609375,0.8445795018367485,-0.10176427758170918
0.826,-0.049,0.020014286041259766,0.7915115543695419,-0.10251239367117143
0.827,-0.059,0.019985437393188477,0.7915115543695419,-0.10251239367117143
0.833,-0.062,0.019999027252197266,0.7915115543695419,-0.10251239367117143
0.821,-0.086,0.019998550415039062,0.7915115543695419,-0.10251239367117143
0.818,-0.079,0.019990921020507812,0.8578926191430636,-0.11327412063539935
0.818,-0.079,0.020005226135253906,0.8578926191430636,-0.11327412063539935
0.801,-0.085,0.0200045108795166,0.8578926191430636,-0.11327412063539935
0.8,-0.095,0.020002365112304688,0.9152077287501983,-0.16478430938333904
0.804,-0.1,0.01999354362487793,0.9152077287501983,-0.16478430938333904
0.804,-0.1,0.0200045108795166,0.9152077287501983,-0.16478430938333904
0.836,-0.12,0.01999211311340332,0.7605475375903172,-0.10115634508799129
0.845,-0.116,0.020008325576782227,0.7605475375903172,-0.10115634508799129
0.866,-0.14,0.01999211311340332,0.7605475375903172,-0.10115634508799129
0.863,-0.127,0.01999378204345703,0.7605475375903172,-0.10115634508799129
0.862,-0.137,0.020009279251098633,0.66305558495192,-0.08563274194055169
0.848,-0.122,0.020000696182250977,0.66305558495192,-0.08563274194055169
0.848,-0.122,0.020000219345092773,0.66305558495192,-0.08563274194055169
0.802,-0.092,0.0200042724609375,0.7660632518599385,-0.16591653546362173
0.802,-0.092,0.02000737190246582,0.7660632518599385,-0.16591653546362173
0.763,-0.071,0.020012855529785156,0.7660632518599385,-0.16591653546362173
0.753,-0.078,0.019975900650024414,0.5808856065322684,-0.16615974218986565
0.753,-0.078,0.019997596740722656,0.5808856065322684,-0.16615974218986565
0.744,-0.097,0.020003080368041992,0.5808856065322684,-0.16615974218986565
0.742,-0.109,0.01999950408935547,0.5808856065322684,-0.16615974218986565
0.742,-0.109,0.01999831199645996,0.5808858986716207,-0.16615985867519167
0.732,-0.128,0.020000457763671875,0.5808858986716207,-0.16615985867519167
0.732,-0.128,0.01999950408935547,0.5808858986716207,-0.16615985867519167
0.712,-0.155,0.01999831199645996,0.31297362719955274,-0.16519796600768524
0.683,-0.164,0.019999265670776367,0.31297362719955274,-0.16519796600768524
0.662,-0.184,0.020011186599731445,0.31297362719955274,-0.16519796600768524
0.659,-0.169,0.01999211311340332,0.23314491905132353,-0.164186563314067
0.712,-0.049,0.020006179809570312,0.23314491905132353,-0.164186563314067
0.759,0.068,0.019991636276245117,0.23314491905132353,-0.164186563314067
0.765,0.115,0.02000737190246582,0.23314491905132353,-0.164186563314067
0.595,-0.089,0.0199887752532959,0.23320058369047322,-0.16422318798013727
0.595,-0.089,0.0200040340423584,0.23320058369047322,-0.16422318798013727
0.387,-0.301,0.02000141143798828,0.23320058369047322,-0.16422318798013727
0.425,-0.175,0.020005464553833008,0.31915999539677825,-0.23391554616630342
0.351,-0.246,0.01999640464782715,0.31915999539677825,-0.23391554616630342
0.432,-0.07,0.01999354362487793,0.31915999539677825,-0.23391554616630342
0.432,-0.07,0.0200040340423584,0.20921833589413008,-0.285616903783531
0.366,-0.156,0.019998550415039062,0.20921833589413008,-0.285616903783531
0.268,-0.291,0.0200045108795166,0.20921833589413008,-0.285616903783531
0.25,-0.317,0.020021677017211914,0.20921833589413008,-0.285616903783531
0.25,-0.317,0.01997232437133789,0.20920081225898363,-0.285601816435839
0.272,-0.269,0.020006656646728516,0.20920081225898363,-0.285601816435839
0.262,-0.272,0.01999640464782715,0.20920081225898363,-0.285601816435839
0.233,-0.304,0.020003795623779297,0.20651339299174487,-0.31053192328285545
0.218,-0.305,0.01999640464782715,0.20651339299174487,-0.31053192328285545
0.218,-0.305,0.01999974250793457,0.20651339299174487,-0.31053192328285545
0.198,-0.297,0.020009756088256836,0.07899393689944074,-0.055968996295426406
0.198,-0.297,0.019995689392089844,0.07899393689944074,-0.055968996295426406
0.157,-0.237,0.019994497299194336,0.07899393689944074,-0.055968996295426406
0.157,-0.237,0.0200350284576416,0.07899393689944074,-0.055968996295426406
0.132,-0.204,0.019964933395385742,0.07899388915715219,-0.055968958187549614
0.103,-0.17,0.019998788833618164,0.07899388915715219,-0.055968958187549614
0.091,-0.148,0.019995689392089844,0.07899388915715219,-0.055968958187549614
0.091,-0.148,0.020009279251098633,-0.1994025856792852,-0.1196344534315123
0.082,-0.117,0.020000934600830078,-0.1994025856792852,-0.1196344534315123
0.061,-0.111,0.019991159439086914,-0.1994025856792852,-0.1196344534315123
0.061,-0.111,0.0200040340423584,-0.5890454895861492,-0.12868991236022131
0.061,-0.111,0.020015954971313477,-0.5890454895861492,-0.12868991236022131
-0.07,-0.113,0.02001333236694336,-0.05,-0.05
-0.106,-0.144,0.019996166229248047,-0.05,-0.05
-0.106,-0.144,0.01998758316040039,-0.05,-0.05
-0.132,-0.112,0.0200040340423584,-0.05,-0.05
-0.132,-0.112,0.019983768463134766,-0.05,-0.05
-0.113,-0.072,0.019983768463134766,-0.05,-0.05
-0.113,-0.072,0.020035505294799805,-0.05,-0.05
-0.095,-0.059,0.02002096176147461,-0.05,-0.05
-0.11,-0.048,0.01997852325439453,-0.5314269957902195,-0.1096559849793625
-0.101,-0.055,0.01998448371887207,-0.5314269957902195,-0.1096559849793625
-0.085,-0.066,0.02001357078552246,-0.5314269957902195,-0.1096559849793625
-0.079,-0.071,0.01999950408935547,-0.15343302544630313,-0.10831626724064722
-0.079,-0.071,0.020003557205200195,-0.15343302544630313,-0.10831626724064722
-0.079,-0.071,0.020006179809570312,-0.15343302544630313,-0.10831626724064722
-0.091,-0.084,0.019994258880615234,-0.15343302544630313,-0.10831626724064722
-0.085,-0.092,0.01999831199645996,-0.1535173028078582,-0.10837700626325826
-0.107,-0.073,0.020001649856567383,-0.1535173028078582,-0.10837700626325826
-0.121,-0.081,0.01999950408935547,-0.1535173028078582,-0.10837700626325826
-0.114,-0.089,0.02000117301940918,-0.47744467634212306,-0.10258899666808322
-0.114,-0.092,0.020003318786621094,-0.47744467634212306,-0.10258899666808322
-0.117,-0.089,0.01999664306640625,-0.47744467634212306,-0.10258899666808322
-0.143,-0.096,0.019999980926513672,-0.6980012749484813,-0.09809743344369179
-0.209,-0.029,0.019997119903564453,-0.6980012749484813,-0.09809743344369179
-0.176,-0.115,0.020015478134155273,-0.6980012749484813,-0.09809743344369179
-0.214,-0.092,0.019992351531982422,-0.6980012749484813,-0.09809743344369179
-0.214,-0.092,0.020000457763671875,-0.698001257938001,-0.09809743865656059
-0.206,-0.151,0.01999521255493164,-0.698001257938001,-0.09809743865656059
-0.249,-0.113,0.020003318786621094,-0.698001257938001,-0.09809743865656059
-0.317,-0.06,0.019994020462036133,-0.7163297794518878,-0.09261879892291511
-0.35,-0.071,0.019994258880615234,-0.7163297794518878,-0.09261879892291511
-0.366,-0.104,0.020002126693725586,-0.7163297794518878,-0.09261879892291511
-0.387,-0.128,0.020004749298095703,-0.570204347979325,-0.08541456305974415
-0.412,-0.092,0.020002126693725586,-0.570204347979325,-0.08541456305974415
-0.412,-0.092,0.019998550415039062,-0.570204347979325,-0.08541456305974415
-0.412,-0.092,0.020003080368041992,-0.570204347979325,-0.08541456305974415
-0.479,-0.105,0.019992828369140625,-0.570204347979325,-0.08541456305974415
-0.497,-0.103,0.020003318786621094,-0.570204347979325,-0.08541456305974415
-0.521,-0.088,0.020000457763671875,-0.570204347979325,-0.08541456305974415
-0.551,-0.086,0.019996166229248047,-0.6833900042018902,-0.08917789949300212
-0.551,-0.086,0.020006656646728516,-0.6833900042018902,-0.08917789949300212
-0.585,-0.076,0.02000284194946289,-0.6833900042018902,-0.08917789949300212
-0.606,-0.089,0.019994258880615234,-0.7761007620527846,-0.09563040096246192
-0.606,-0.089,0.01999950408935547,-0.7761007620527846,-0.09563040096246192
-0.605,-0.058,0.01999950408935547,-0.7761007620527846,-0.09563040096246192
-0.636,-0.056,0.019989967346191406,-0.7761007620527846,-0.09563040096246192
-0.688,-0.052,0.020007610321044922,-0.7761007710407516,-0.09563040286898197
-0.695,-0.067,0.01999974250793457,-0.7761007710407516,-0.09563040286898197
-0.73,-0.032,0.02000117301940918,-0.7761007710407516,-0.09563040286898197
-0.757,-0.042,0.020003318786621094,-0.6509372075153577,-0.08797031601398703
-0.749,-0.059,0.01999187469482422,-0.6509372075153577,-0.08797031601398703
-0.749,-0.059,0.01999950408935547,-0.6509372075153577,-0.08797031601398703
-0.799,-0.042,0.01999974250793457,-0.34186709417353217,-0.0804977464305189
-0.8,-0.034,0.020011425018310547,-0.34186709417353217,-0.0804977464305189
-0.8,-0.034,0.019995689392089844,-0.34186709417353217,-0.0804977464305189
-0.8,-0.034,0.020000457763671875,-0.34186709417353217,-0.0804977464305189
-0.804,-0.028,0.019997119903564453,-0.3418699860152144,-0.08049906024974683
-0.821,0.023,0.02000594139099121,-0.3418699860152144,-0.08049906024974683
-0.687,-0.18,0.01999807357788086,-0.3418699860152144,-0.08049906024974683
-0.687,-0.18,0.01999497413635254,0.2262215697085904,-0.16261534514064854
-0.854,0.114,0.02000904083251953,0.2262215697085904,-0.16261534514064854
-0.662,-0.133,0.019990205764770508,0.2262215697085904,-0.16261534514064854
-0.662,-0.133,0.020008325576782227,0.16471428120895779,-0.11187300329618997
-0.507,-0.312,0.019993066787719727,0.16471428120895779,-0.11187300329618997
-0.642,-0.047,0.019998788833618164,0.16471428120895779,-0.11187300329618997
-0.682,0.039,0.02001023292541504,0.16471428120895779,-0.11187300329618997
-0.558,-0.095,0.01999497413635254,0.1646660225582793,-0.1118573125456114
-0.558,-0.095,0.019999265670776367,0.1646660225582793,-0.1118573125456114
-0.408,-0.232,0.019997358322143555,0.1646660225582793,-0.1118573125456114
-0.405,-0.196,0.019995927810668945,0.22772994246217582,-0.16175532007589158
-0.448,-0.085,0.020000696182250977,0.22772994246217582,-0.16175532007589158
-0.448,-0.085,0.019997835159301758,0.22772994246217582,-0.16175532007589158
-0.472,0.002,0.020003557205200195,0.22772993613631298,-0.16175531648401514
-0.371,-0.104,0.020000696182250977,0.22772993613631298,-0.16175531648401514
-0.371,-0.104,0.01998734474182129,0.22772993613631298,-0.16175531648401514
-0.371,-0.104,0.020011425018310547,0.22772993613631298,-0.16175531648401514
-0.314,-0.132,0.020005226135253906,0.26074618101933483,-0.1898370402311843
-0.34,-0.059,0.020000696182250977,0.26074618101933483,-0.1898370402311843
-0.249,-0.143,0.020007848739624023,0.26074618101933483,-0.1898370402311843
-0.249,-0.143,0.019991636276245117,0.6774222663850019,-0.06571926595079852
-0.223,-0.165,0.02000284194946289,0.6774222663850019,-0.06571926595079852
-0.215,-0.168,0.01999688148498535,0.6774222663850019,-0.06571926595079852
-0.199,-0.17,0.019997835159301758,0.6774222663850019,-0.06571926595079852
-0.199,-0.17,0.020000934600830078,0.6872600224870925,-0.07518430253340518
-0.178,-0.18,0.020003557205200195,0.6872600224870925,-0.07518430253340518
-0.163,-0.16,0.019995927810668945,0.6872600224870925,-0.07518430253340518
-0.163,-0.16,0.01998424530029297,0.6872600224870925,-0.07518430253340518
-0.118,-0.104,0.02001500129699707,0.6872600224870925,-0.07518430253340518
-0.107,-0.095,0.020000219345092773,0.6872600224870925,-0.07518430253340518
-0.089,-0.081,0.019995450973510742,0.6197901936157283,-0.09183752317023759
-0.063,-0.076,0.020006179809570312,0.6197901936157283,-0.09183752317023759
0.088,-0.058,0.01999950408935547,0.6988808180986977,0.03143374133455984
0.088,-0.058,0.0200040340423584,0.6988808180986977,0.03143374133455984
0.118,-0.063,0.019986629486083984,0.6988808180986977,0.03143374133455984
0.118,-0.063,0.01999044418334961,0.7037646090971356,0.07580013475245809
0.213,0.055,0.020034074783325195,0.7037646090971356,0.07580013475245809
0.198,-0.001,0.01999807357788086,0.7037646090971356,0.07580013475245809
0.237,0.036,0.019973278045654297,0.7037646090971356,0.07580013475245809
0.23,-0.003,0.020007610321044922,0.7037248728330318,0.07579525271889098
0.242,0.005,0.01999211311340332,0.7037248728330318,0.07579525271889098
0.266,0.016,0.020007610321044922,0.7037248728330318,0.07579525271889098
0.287,0.026,0.01999688148498535,0.6859429221831533,0.018436662484774328
0.305,0.019,0.0200042724609375,0.6859429221831533,0.018436662484774328
0.305,0.019,0.019999027252197266,0.6859429221831533,0.018436662484774328
0.348,0.004,0.019995450973510742,1.1402180863369744,0.14252014713952324
0.371,0.012,0.02000737190246582,1.1402180863369744,0.14252014713952324
0.386,0.023,0.0200042724609375,1.1402180863369744,0.14252014713952324
0.406,0.047,0.020018339157104492,1.1402180863369744,0.14252014713952324
0.406,0.047,0.019977331161499023,1.1441649276207893,0.14240342135289266
0.426,0.05,0.019999980926513672,1.1441649276207893,0.14240342135289266
0.459,0.072,0.019998788833618164,1.1441649276207893,0.14240342135289266
0.486,0.103,0.020002365112304688,1.2004827524815642,0.10760704320489577
0.498,0.118,0.01999807357788086,1.2004827524815642,0.10760704320489577
0.52,0.129,0.019993305206298828,1.2004827524815642,0.10760704320489577
0.545,0.122,0.01999831199645996,1.1190816012312546,0.10034704061765537
0.56,0.115,0.020006656646728516,1.1190816012312546,0.10034704061765537
0.577,0.105,0.01999497413635254,1.1190816012312546,0.10034704061765537
0.577,0.105,0.01999044418334961,1.1190816012312546,0.10034704061765537
0.592,0.11,0.02000880241394043,1.0384314829038783,0.08913140078264611
0.606,0.11,0.020005226135253906,1.0384314829038783,0.08913140078264611
0.621,0.102,0.02000117301940918,1.0384314829038783,0.08913140078264611
0.647,0.097,0.020006656646728516,0.9582284610424745,0.09478676502670666
0.659,0.078,0.019988536834716797,0.9582284610424745,0.09478676502670666
0.659,0.078,0.019992828369140625,0.9582284610424745,0.09478676502670666
0.694,0.069,0.020011186599731445,0.96398844575518,0.08178559480582587
0.725,0.046,0.019997119903564453,0.96398844575518,0.08178559480582587
0.745,0.055,0.020002365112304688,0.96398844575518,0.08178559480582587
0.768,0.044,0.020003080368041992,0.96398844575518,0.08178559480582587
0.802,0.036,0.020002126693725586,0.9639884784008039,0.08178559651693272
0.802,0.036,0.020015239715576172,0.9639884784008039,0.08178559651693272
0.802,0.036,0.019986391067504883,0.9639884784008039,0.08178559651693272
0.861,0.04,0.01999521255493164,0.8928428160566458,0.10283943317917342
0.891,0.049,0.0200040340423584,0.8928428160566458,0.10283943317917342
0.907,0.043,0.020000457763671875,0.8928428160566458,0.10283943317917342
0.924,0.05,0.019992828369140625,0.8606945664418344,0.09305911226942651
0.921,0.054,0.02001047134399414,0.8606945664418344,0.09305911226942651
0.936,0.068,0.019982576370239258,0.8606945664418344,0.09305911226942651
0.915,0.075,0.02001643180847168,0.8606945664418344,0.09305911226942651
0.924,0.086,0.019992828369140625,0.8606852046261667,0.09305895166688201
0.909,0.106,0.01999950408935547,0.8606852046261667,0.09305895166688201
0.909,0.106,0.019997596740722656,0.8606852046261667,0.09305895166688201
0.89,0.125,0.01999950408935547,0.7377659657152813,0.16587947423010455
0.882,0.12,0.019999265670776367,0.7377659657152813,0.16587947423010455
0.882,0.12,0.02001190185546875,0.7377659657152813,0.16587947423010455
0.87,0.133,0.01999950408935547,0.7893596829234658,0.17207010919158153
0.87,0.133,0.01999354362487793,0.7893596829234658,0.17207010919158153
0.843,0.15,0.019999027252197266,0.7893596829234658,0.17207010919158153
0.829,0.141,0.02000117301940918,0.7893596829234658,0.17207010919158153
0.863,0.093,0.019998550415039062,0.919356074779236,0.14925188906384
0.947,-0.057,0.020000457763671875,0.919356074779236,0.14925188906384
0.947,-0.057,0.01999974250793457,0.919356074779236,0.14925188906384
0.943,-0.045,0.019993305206298828,0.7990930549019261,0.14586248395611576
0.894,0.01,0.020011186599731445,0.7990930549019261,0.14586248395611576
0.905,-0.005,0.01999640464782715,0.7990930549019261,0.14586248395611576
0.896,0.004,0.019999027252197266,0.05,0.049999999999999996
0.871,0.028,0.019994497299194336,0.05,0.049999999999999996
0.849,0.058,0.019998788833618164,0.05,0.049999999999999996
0.821,0.059,0.020000696182250977,0.05,0.049999999999999996
0.821,0.059,0.020003080368041992,0.05,0.05
0.83,-0.003,0.020001888275146484,0.05,0.05
0.83,-0.003,0.020001888275146484,0.05,0.05
0.665,0.148,0.019991159439086914,0.049999999999999996,0.05
0.553,0.242,0.020007848739624023,0.049999999999999996,0.05
0.497,0.265,0.020004749298095703,0.049999999999999996,0.05
0.651,-0.001,0.01999831199645996,0.049999999999999996,0.05
0.608,0.026,0.02000260353088379,0.05,0.05
0.608,0.026,0.019994497299194336,0.05,0.05
0.451,0.176,0.01999807357788086,0.05,0.05
0.696,-0.228,0.020009517669677734,0.05,0.049999999999999996
0.696,-0.228,0.01999497413635254,0.05,0.049999999999999996
0.696,-0.228,0.02000117301940918,0.05,0.049999999999999996
0.347,0.224,0.020002365112304688,0.05,0.049999999999999996
0.461,-0.004,0.019998788833618164,0.05,0.049355855283585284
0.326,0.147,0.019997835159301758,0.05,0.049355855283585284
0.356,0.048,0.02000260353088379,0.05,0.049355855283585284
0.359,0.0,0.019997835159301758,0.05,0.05
0.282,0.063,0.020003557205200195,0.05,0.05
0.282,0.063,0.019995689392089844,0.05,0.05
0.234,0.069,0.020001888275146484,0.05,0.04087865168002544
0.207,0.068,0.01999974250793457,0.05,0.04087865168002544
0.179,0.077,0.01999831199645996,0.05,0.04087865168002544
0.148,0.077,0.019999980926513672,0.05,0.042252050990730455
0.148,0.077,0.020001649856567383,0.05,0.042252050990730455
0.105,0.041,0.01999974250793457,0.05,0.042252050990730455
0.105,0.041,0.020003080368041992,0.05,0.042252050990730455
0.058,-0.007,0.019999027252197266,0.05,-0.03326788393901848
0.053,-0.012,0.0200040340423584,0.05,-0.04826182143342336
0.053,-0.012,0.019985437393188477,0.05,-0.04826182143342336
0.068,-0.044,0.020017385482788086,0.0,0.0
