# v_mps,w_radps,dt_s,cmd_v,cmd_w
0.059,-0.011,0.020000219345092773,0.12682406268708543,-0.010815129779067638
0.076,-0.001,0.020009994506835938,0.12682406268708543,-0.010815129779067638
0.085,0.005,0.01999688148498535,0.12682406268708543,-0.010815129779067638
0.093,0.007,0.019997119903564453,0.12682406268708543,-0.010815129779067638
0.101,0.009,0.01999688148498535,0.12682406268708543,-0.010815129779067638
0.106,0.008,0.02000880241394043,0.20539891381147374,-0.011476241736725828
0.106,0.008,0.019992589950561523,0.20539891381147374,-0.011476241736725828
0.114,-0.001,0.019998550415039062,0.20539891381147374,-0.011476241736725828
0.122,-0.002,0.019999027252197266,0.20539891381147374,-0.011476241736725828
0.137,-0.009,0.020003318786621094,0.20539891381147374,-0.011476241736725828
0.137,-0.009,0.02001333236694336,0.2323386855552388,-0.00784991497927771
0.144,0.006,0.019991159439086914,0.2323386855552388,-0.00784991497927771
0.183,-0.007,0.01999521255493164,0.2323386855552388,-0.00784991497927771
0.196,0.0,0.020001649856567383,0.2323386855552388,-0.00784991497927771
0.203,-0.001,0.02000117301940918,0.2323386855552388,-0.00784991497927771
0.211,0.0,0.019999027252197266,0.28501499109084666,-0.008173945368023513
0.219,-0.004,0.019995927810668945,0.28501499109084666,-0.008173945368023513
0.219,-0.004,0.02000737190246582,0.28501499109084666,-0.008173945368023513
0.224,-0.01,0.020000696182250977,0.28501499109084666,-0.008173945368023513
0.237,-0.014,0.01999068260192871,0.28501499109084666,-0.008173945368023513
0.247,-0.014,0.020009756088256836,0.31579627498950225,-0.009871507453992104
0.266,-0.012,0.01999378204345703,0.31579627498950225,-0.009871507453992104
0.266,-0.012,0.019998550415039062,0.31579627498950225,-0.009871507453992104
0.285,-0.013,0.019995927810668945,0.31579627498950225,-0.009871507453992104
0.285,-0.013,0.020003080368041992,0.31579627498950225,-0.009871507453992104
0.302,-0.013,0.02000117301940918,0.3738649318637581,-0.009404664705782752
0.31,-0.009,0.020003318786621094,0.3738649318637581,-0.009404664705782752
0.315,-0.01,0.019995450973510742,0.3738649318637581,-0.009404664705782752
0.327,-0.009,0.020000219345092773,0.3738649318637581,-0.009404664705782752
0.336,-0.009,0.019999027252197266,0.3738649318637581,-0.009404664705782752
0.342,-0.005,0.020008563995361328,0.4028429474407572,-0.003369181714147582
0.35,-0.001,0.019991159439086914,0.4028429474407572,-0.003369181714147582
0.352,-0.003,0.020008563995361328,0.4028429474407572,-0.003369181714147582
0.368,-0.006,0.019993066787719727,0.4028429474407572,-0.003369181714147582
0.375,-0.014,0.02000141143798828,0.4028429474407572,-0.003369181714147582
0.383,-0.012,0.01999640464782715,0.4337667735126889,-0.002826923449791096
0.391,-0.003,0.020003318786621094,0.4337667735126889,-0.002826923449791096
0.391,-0.003,0.019998550415039062,0.4337667735126889,-0.002826923449791096
0.386,0.002,0.02000141143798828,0.4337667735126889,-0.002826923449791096
0.391,0.009,0.020004749298095703,0.4337667735126889,-0.002826923449791096
0.396,0.008,0.020001888275146484,0.46305197952716737,-0.006985539438855886
0.404,0.0,0.01999211311340332,0.46305197952716737,-0.006985539438855886
0.404,0.0,0.020000457763671875,0.46305197952716737,-0.006985539438855886
0.416,0.0,0.02000570297241211,0.46305197952716737,-0.006985539438855886
0.422,0.003,0.019990921020507812,0.46305197952716737,-0.006985539438855886
0.422,0.003,0.020008563995361328,0.48080659624568645,-0.002380610279563821
0.431,0.003,0.019994258880615234,0.48080659624568645,-0.002380610279563821
0.436,0.004,0.019999980926513672,0.48080659624568645,-0.002380610279563821
0.448,0.009,0.020000219345092773,0.48080659624568645,-0.002380610279563821
0.454,0.009,0.019997835159301758,0.48080659624568645,-0.002380610279563821
0.458,0.014,0.01999950408935547,0.5102516381421585,0.0016111974543009987
0.467,0.004,0.01999950408935547,0.5102516381421585,0.0016111974543009987
0.48,0.002,0.020011425018310547,0.5102516381421585,0.0016111974543009987
0.492,-0.009,0.019994258880615234,0.5102516381421585,0.0016111974543009987
0.495,-0.005,0.019998788833618164,0.5102516381421585,0.0016111974543009987
0.494,0.001,0.01999974250793457,0.556272485264857,-0.003986855915199057
0.5,0.003,0.01999950408935547,0.556272485264857,-0.003986855915199057
0.515,0.0,0.019997358322143555,0.556272485264857,-0.003986855915199057
0.515,0.0,0.02000737190246582,0.556272485264857,-0.003986855915199057
0.529,-0.006,0.019999265670776367,0.556272485264857,-0.003986855915199057
0.541,-0.004,0.020000934600830078,0.5813861541761113,0.006972156014140695
0.541,-0.004,0.019997835159301758,0.5813861541761113,0.006972156014140695
0.552,-0.008,0.019998788833618164,0.5813861541761113,0.006972156014140695
0.564,-0.005,0.020003318786621094,0.5813861541761113,0.006972156014140695
0.565,0.0,0.020003557205200195,0.5813861541761113,0.006972156014140695
0.565,-0.003,0.019994020462036133,0.6114916129782649,0.0023286886606101575
0.568,0.006,0.019995689392089844,0.6114916129782649,0.0023286886606101575
0.573,0.003,0.02000594139099121,0.6114916129782649,0.0023286886606101575
0.586,-0.004,0.020002126693725586,0.6114916129782649,0.0023286886606101575
0.588,-0.004,0.020018577575683594,0.6114916129782649,0.0023286886606101575
0.588,0.0,0.019975900650024414,0.6409184060604337,0.004413844460019794
0.593,0.002,0.020001649856567383,0.6409184060604337,0.004413844460019794
0.593,0.002,0.01999974250793457,0.6409184060604337,0.004413844460019794
0.601,-0.002,0.019997358322143555,0.6409184060604337,0.004413844460019794
0.611,0.0,0.020000696182250977,0.6409184060604337,0.004413844460019794
0.614,0.001,0.02000141143798828,0.6437744229793024,-0.004968473519563181
0.62,-0.005,0.020005464553833008,0.6437744229793024,-0.004968473519563181
0.625,0.006,0.020007848739624023,0.6437744229793024,-0.004968473519563181
0.625,0.006,0.01999044418334961,0.6437744229793024,-0.004968473519563181
0.625,0.006,0.019997119903564453,0.6437744229793024,-0.004968473519563181
0.63,0.0,0.019998788833618164,0.6729273840693979,-0.0003410543628927005
0.635,-0.008,0.020033597946166992,0.6729273840693979,-0.0003410543628927005
0.631,-0.008,0.01997661590576172,0.6729273840693979,-0.0003410543628927005
0.635,0.0,0.020002126693725586,0.6729273840693979,-0.0003410543628927005
0.643,0.006,0.019991159439086914,0.6729273840693979,-0.0003410543628927005
0.647,-0.004,0.019998788833618164,0.6821004252111372,0.0007332026045982302
0.649,-0.003,0.019994735717773438,0.6821004252111372,0.0007332026045982302
0.652,0.005,0.020006179809570312,0.6821004252111372,0.0007332026045982302
0.667,0.006,0.019992589950561523,0.6821004252111372,0.0007332026045982302
0.669,-0.001,0.020003080368041992,0.6821004252111372,0.0007332026045982302
0.668,0.004,0.020006895065307617,0.696639924588474,0.0007442179312323837
0.673,0.001,0.019991397857666016,0.696639924588474,0.0007442179312323837
0.675,-0.012,0.020007848739624023,0.696639924588474,0.0007442179312323837
0.681,-0.004,0.01999950408935547,0.696639924588474,0.0007442179312323837
0.675,0.009,0.02000570297241211,0.696639924588474,0.0007442179312323837
0.679,0.003,0.019989728927612305,0.7196306344120885,0.008566127083737019
0.688,-0.002,0.01999664306640625,0.7196306344120885,0.008566127083737019
0.691,0.0,0.019999027252197266,0.7196306344120885,0.008566127083737019
0.697,0.008,0.020006895065307617,0.7196306344120885,0.008566127083737019
0.697,0.008,0.020007848739624023,0.7196306344120885,0.008566127083737019
0.697,0.008,0.019991636276245117,0.7392269283195341,0.012038203344582003
0.701,-0.001,0.019997835159301758,0.7392269283195341,0.012038203344582003
0.701,0.01,0.02000713348388672,0.7392269283195341,0.012038203344582003
0.7,0.009,0.019999980926513672,0.7392269283195341,0.012038203344582003
0.7,0.009,0.019988536834716797,0.7392269283195341,0.012038203344582003
0.713,0.01,0.020005226135253906,0.741434543331612,0.009178293065308976
0.716,0.016,0.020007848739624023,0.741434543331612,0.009178293065308976
0.725,0.013,0.019995450973510742,0.741434543331612,0.009178293065308976
0.735,0.008,0.019994735717773438,0.741434543331612,0.009178293065308976
0.728,0.015,0.019996166229248047,0.741434543331612,0.009178293065308976
0.728,0.009,0.02000570297241211,0.7563993293106763,0.014377211811621056
0.74,0.0,0.0200042724609375,0.7563993293106763,0.014377211811621056
0.734,0.006,0.019994735717773438,0.7563993293106763,0.014377211811621056
0.74,0.009,0.020003557205200195,0.7563993293106763,0.014377211811621056
0.745,0.0,0.020002126693725586,0.7563993293106763,0.014377211811621056
0.745,0.0,0.01999354362487793,0.7745787178136461,0.010072359043736441
0.745,0.01,0.01999688148498535,0.7745787178136461,0.010072359043736441
0.754,0.002,0.01999831199645996,0.7745787178136461,0.010072359043736441
0.759,-0.001,0.02000141143798828,0.7745787178136461,0.010072359043736441
0.755,0.011,0.02000570297241211,0.7745787178136461,0.010072359043736441
0.755,0.011,0.02000570297241211,0.7877133152761093,0.012044106656665474
0.76,0.006,0.019992828369140625,0.7877133152761093,0.012044106656665474
0.766,-0.004,0.02001476287841797,0.7877133152761093,0.012044106656665474
0.774,-0.001,0.019990205764770508,0.7877133152761093,0.012044106656665474
0.771,0.005,0.01999664306640625,0.7877133152761093,0.012044106656665474
0.776,0.002,0.02000141143798828,0.7926665042525076,0.013072215596149232
0.774,0.008,0.01999521255493164,0.7926665042525076,0.013072215596149232
0.772,0.013,0.020009994506835938,0.7926665042525076,0.013072215596149232
0.777,0.003,0.020000219345092773,0.7926665042525076,0.013072215596149232
0.776,0.001,0.019989728927612305,0.7926665042525076,0.013072215596149232
0.773,0.017,0.019998788833618164,0.8081402593595048,0.014792304207754865
0.773,0.017,0.01999950408935547,0.8081402593595048,0.014792304207754865
0.785,0.0,0.020009279251098633,0.8081402593595048,0.014792304207754865
0.785,0.0,0.01999354362487793,0.8081402593595048,0.014792304207754865
0.783,0.007,0.019998550415039062,0.8081402593595048,0.014792304207754865
0.787,0.009,0.020006179809570312,0.8154886716815408,0.016739196863029104
0.789,0.009,0.01999831199645996,0.8154886716815408,0.016739196863029104
0.794,0.01,0.019999980926513672,0.8154886716815408,0.016739196863029104
0.801,0.0,0.01999831199645996,0.8154886716815408,0.016739196863029104
0.801,0.017,0.01999974250793457,0.8154886716815408,0.016739196863029104
0.801,0.017,0.020003080368041992,0.8183126814889636,0.01636229156895365
0.801,0.017,0.01999497413635254,0.8183126814889636,0.01636229156895365
0.807,0.009,0.019997835159301758,0.8183126814889636,0.01636229156895365
0.805,0.006,0.020000219345092773,0.8183126814889636,0.01636229156895365
0.806,0.013,0.02060532569885254,0.8183126814889636,0.01636229156895365
0.812,-0.003,0.019396305084228516,0.8328151738985594,0.01660752266431419
0.81,0.005,0.01999688148498535,0.8328151738985594,0.01660752266431419
0.812,0.006,0.020007848739624023,0.8328151738985594,0.01660752266431419
0.812,0.006,0.020120620727539062,0.8328151738985594,0.01660752266431419
0.819,0.01,0.019878625869750977,0.8328151738985594,0.01660752266431419
0.827,0.013,0.019997119903564453,0.8397493495719058,0.02012894930710483
0.822,0.007,0.019995689392089844,0.8397493495719058,0.02012894930710483
0.822,0.007,0.0200045108795166,0.8397493495719058,0.02012894930710483
0.825,0.01,0.019999265670776367,0.8397493495719058,0.02012894930710483
0.827,0.011,0.020000219345092773,0.8397493495719058,0.02012894930710483
0.827,0.011,0.01999664306640625,0.8504342847713037,0.024234495528631696
0.831,0.013,0.02000594139099121,0.8504342847713037,0.024234495528631696
0.828,0.013,0.020002365112304688,0.8504342847713037,0.024234495528631696
0.833,0.011,0.01999950408935547,0.8504342847713037,0.024234495528631696
0.829,0.013,0.01999640464782715,0.8504342847713037,0.024234495528631696
0.829,0.013,0.019999980926513672,0.859702205146427,0.022513067899689536
0.829,0.013,0.019999027252197266,0.859702205146427,0.022513067899689536
0.838,0.013,0.01999831199645996,0.859702205146427,0.022513067899689536
0.838,0.013,0.02000141143798828,0.859702205146427,0.022513067899689536
0.842,0.012,0.0200042724609375,0.859702205146427,0.022513067899689536
0.842,0.012,0.01999807357788086,0.8614872467325628,0.018070066246311904
0.843,0.016,0.02014470100402832,0.8614872467325628,0.018070066246311904
0.848,0.014,0.01985907554626465,0.8614872467325628,0.018070066246311904
0.846,0.01,0.019999265670776367,0.8614872467325628,0.018070066246311904
0.846,0.01,0.019997358322143555,0.8614872467325628,0.018070066246311904
0.849,0.009,0.020006179809570312,0.8667064430331017,0.020367866704612974
0.848,0.005,0.01999211311340332,0.8667064430331017,0.020367866704612974
0.847,0.009,0.02001166343688965,0.8667064430331017,0.020367866704612974
0.85,0.008,0.01999044418334961,0.8667064430331017,0.020367866704612974
0.853,0.013,0.019997596740722656,0.8667064430331017,0.020367866704612974
0.851,0.015,0.01999688148498535,0.8751934329323161,0.02303039292379242
0.856,0.01,0.02000594139099121,0.8751934329323161,0.02303039292379242
0.852,0.013,0.01999497413635254,0.8751934329323161,0.02303039292379242
0.864,0.02,0.02000737190246582,0.8751934329323161,0.02303039292379242
0.862,0.013,0.01999640464782715,0.8751934329323161,0.02303039292379242
0.864,0.022,0.020003080368041992,0.8760425591352975,0.020923539599886562
0.87,0.02,0.019994258880615234,0.8760425591352975,0.020923539599886562
0.87,0.02,0.02000141143798828,0.8760425591352975,0.020923539599886562
0.869,0.023,0.0200042724609375,0.8760425591352975,0.020923539599886562
0.869,0.024,0.020003080368041992,0.8760425591352975,0.020923539599886562
0.872,0.014,0.01998424530029297,0.8905457158335461,0.019582855868223496
0.875,0.025,0.020010948181152344,0.8905457158335461,0.019582855868223496
0.875,0.017,0.02000713348388672,0.8905457158335461,0.019582855868223496
0.879,0.021,0.020000219345092773,0.8905457158335461,0.019582855868223496
0.876,0.014,0.01999187469482422,0.8905457158335461,0.019582855868223496
0.879,0.02,0.019997596740722656,0.8957094338098641,0.018461953298388577
0.878,0.006,0.020003557205200195,0.8957094338098641,0.018461953298388577
0.884,0.019,0.02001190185546875,0.8957094338098641,0.018461953298388577
0.884,0.019,0.019991397857666016,0.8957094338098641,0.018461953298388577
0.886,0.016,0.01999497413635254,0.8957094338098641,0.018461953298388577
0.88,0.019,0.01999831199645996,0.9038250237558714,0.01897457840768409
0.897,0.036,0.02000713348388672,0.9038250237558714,0.01897457840768409
0.889,0.023,0.019991636276245117,0.9038250237558714,0.01897457840768409
0.889,0.023,0.01999831199645996,0.9038250237558714,0.01897457840768409
0.89,0.018,0.02000713348388672,0.9038250237558714,0.01897457840768409
0.889,0.012,0.020000696182250977,0.9075242516351223,0.01714390372921508
0.903,0.0,0.019995689392089844,0.9075242516351223,0.01714390372921508
0.903,0.0,0.02000737190246582,0.9075242516351223,0.01714390372921508
0.897,0.01,0.019990205764770508,0.9075242516351223,0.01714390372921508
0.897,0.01,0.0200045108795166,0.9075242516351223,0.01714390372921508
0.868,0.016,0.019996166229248047,0.9197785442191041,0.015975315279782253
0.892,0.012,0.020003080368041992,0.9197785442191041,0.015975315279782253
0.892,0.012,0.020018577575683594,0.9197785442191041,0.015975315279782253
0.9,0.017,0.01999044418334961,0.9197785442191041,0.015975315279782253
0.903,0.013,0.020003557205200195,0.9197785442191041,0.015975315279782253
0.906,0.012,0.019985198974609375,0.910480503516489,0.016751814874304743
0.906,0.012,0.01999950408935547,0.910480503516489,0.016751814874304743
0.91,0.013,0.02000284194946289,0.910480503516489,0.016751814874304743
0.91,0.019,0.019998788833618164,0.910480503516489,0.016751814874304743
0.91,0.019,0.02000904083251953,0.910480503516489,0.016751814874304743
0.911,0.023,0.01999211311340332,0.9272951879540149,0.01834807625633213
0.908,0.019,0.02000570297241211,0.9272951879540149,0.01834807625633213
0.908,0.019,0.019999027252197266,0.9272951879540149,0.01834807625633213
0.907,0.024,0.01999187469482422,0.9272951879540149,0.01834807625633213
0.903,0.017,0.019999265670776367,0.9272951879540149,0.01834807625633213
0.918,0.024,0.02000713348388672,0.9240821443298075,0.014400569519933744
0.913,0.019,0.01999211311340332,0.9240821443298075,0.014400569519933744
0.917,0.022,0.02000880241394043,0.9240821443298075,0.014400569519933744
0.917,0.022,0.019992828369140625,0.9240821443298075,0.014400569519933744
0.912,0.016,0.020212888717651367,0.9240821443298075,0.014400569519933744
0.919,0.019,0.01978921890258789,0.9396383098395876,0.02618105851688636
0.917,0.009,0.02000284194946289,0.9396383098395876,0.02618105851688636
0.915,0.017,0.019995450973510742,0.9396383098395876,0.02618105851688636
0.922,0.015,0.020000457763671875,0.9396383098395876,0.02618105851688636
0.92,0.013,0.02000141143798828,0.9396383098395876,0.02618105851688636
0.922,0.016,0.01999831199645996,0.9377736516967706,0.018049383574906812
0.922,0.016,0.019999265670776367,0.9377736516967706,0.018049383574906812
0.923,0.017,0.020001888275146484,0.9377736516967706,0.018049383574906812
0.924,0.022,0.020003557205200195,0.9377736516967706,0.018049383574906812
0.924,0.013,0.019993305206298828,0.9377736516967706,0.018049383574906812
0.929,0.018,0.019999265670776367,0.940789328930809,0.02020457231280246
0.927,0.015,0.020009517669677734,0.940789328930809,0.02020457231280246
0.931,0.018,0.020009994506835938,0.940789328930809,0.02020457231280246
0.928,0.017,0.0199892520904541,0.940789328930809,0.02020457231280246
0.928,0.014,0.01999211311340332,0.940789328930809,0.02020457231280246
0.928,0.014,0.019997835159301758,0.9427550582990315,0.018431433642403898
0.927,0.015,0.02000117301940918,0.9427550582990315,0.018431433642403898
0.933,0.023,0.020010948181152344,0.9427550582990315,0.018431433642403898
0.933,0.023,0.019991636276245117,0.9427550582990315,0.018431433642403898
0.928,0.013,0.01999807357788086,0.9427550582990315,0.018431433642403898
0.933,0.026,0.02000594139099121,0.9484728758852028,0.01767834653235849
0.928,0.014,0.019982099533081055,0.9484728758852028,0.01767834653235849
0.928,0.011,0.02001667022705078,0.9484728758852028,0.01767834653235849
0.928,0.011,0.019999265670776367,0.9484728758852028,0.01767834653235849
0.932,0.014,0.02001190185546875,0.9484728758852028,0.01767834653235849
0.939,0.015,0.0200040340423584,0.9460943855136227,0.020922436862725314
0.939,0.015,0.019984960556030273,0.9460943855136227,0.020922436862725314
0.946,0.019,0.020008325576782227,0.9460943855136227,0.020922436862725314
0.942,0.014,0.019989967346191406,0.9460943855136227,0.020922436862725314
0.943,0.011,0.020452499389648438,0.9460943855136227,0.020922436862725314
0.941,0.012,0.019545555114746094,0.9557740985798749,0.020616746612024953
0.941,0.007,0.020006418228149414,0.9557740985798749,0.020616746612024953
0.942,0.012,0.019995927810668945,0.9557740985798749,0.020616746612024953
0.939,0.013,0.020005464553833008,0.9557740985798749,0.020616746612024953
0.947,0.009,0.019995927810668945,0.9557740985798749,0.020616746612024953
0.941,0.014,0.019994020462036133,0.9545735742223342,0.0182509879417054
0.943,0.015,0.020000696182250977,0.9545735742223342,0.0182509879417054
0.944,0.014,0.020000696182250977,0.9545735742223342,0.0182509879417054
0.943,0.007,0.020003795623779297,0.9545735742223342,0.0182509879417054
0.943,0.007,0.020000219345092773,0.9545735742223342,0.0182509879417054
0.946,0.023,0.01999497413635254,0.9589275989854104,0.01661199475487836
0.948,0.013,0.020009279251098633,0.9589275989854104,0.01661199475487836
0.948,0.024,0.02003645896911621,0.9589275989854104,0.01661199475487836
0.948,0.024,0.019955873489379883,0.9589275989854104,0.01661199475487836
0.945,0.007,0.019998550415039062,0.9589275989854104,0.01661199475487836
0.95,0.021,0.02000570297241211,0.96373771899004,0.01904047295030969
0.948,0.02,0.020005464553833008,0.96373771899004,0.01904047295030969
0.948,0.019,0.020002365112304688,0.96373771899004,0.01904047295030969
0.954,0.016,0.019994735717773438,0.96373771899004,0.01904047295030969
0.951,0.019,0.019996166229248047,0.96373771899004,0.01904047295030969
0.954,0.018,0.019998550415039062,0.9682355602937651,0.016816289821058754
0.953,0.011,0.02003169059753418,0.9682355602937651,0.016816289821058754
0.964,0.019,0.01997542381286621,0.9682355602937651,0.016816289821058754
0.957,0.016,0.019994020462036133,0.9682355602937651,0.016816289821058754
0.96,0.015,0.02000713348388672,0.9682355602937651,0.016816289821058754
0.96,0.015,0.02000284194946289,0.9762902903824514,0.014974518485657659
0.959,0.011,0.01999187469482422,0.9762902903824514,0.014974518485657659
0.962,0.014,0.020000934600830078,0.9762902903824514,0.014974518485657659
0.964,0.007,0.02000117301940918,0.9762902903824514,0.014974518485657659
0.964,0.007,0.020000696182250977,0.9762902903824514,0.014974518485657659
0.963,0.009,0.019997119903564453,0.9717718499470062,0.013909589982563099
0.968,0.0,0.019997119903564453,0.9717718499470062,0.013909589982563099
0.968,0.0,0.020003080368041992,0.9717718499470062,0.013909589982563099
0.975,0.009,0.019997119903564453,0.9717718499470062,0.013909589982563099
0.964,0.004,0.020013809204101562,0.9717718499470062,0.013909589982563099
0.969,0.015,0.0199892520904541,0.9877597608964022,0.016840269156736486
0.961,0.009,0.019997358322143555,0.9877597608964022,0.016840269156736486
0.962,0.007,0.020016193389892578,0.9877597608964022,0.016840269156736486
0.97,0.009,0.019985437393188477,0.9877597608964022,0.016840269156736486
0.97,0.009,0.02000737190246582,0.9877597608964022,0.016840269156736486
0.972,0.017,0.019989013671875,0.9773268177084471,0.01708878490255312
0.973,0.012,0.020001888275146484,0.9773268177084471,0.01708878490255312
0.975,0.019,0.020002365112304688,0.9773268177084471,0.01708878490255312
0.973,0.014,0.020006179809570312,0.9773268177084471,0.01708878490255312
0.975,0.012,0.01999211311340332,0.9773268177084471,0.01708878490255312
0.977,0.02,0.019999027252197266,0.9877009316732726,0.013870294271335296
0.967,0.011,0.01999831199645996,0.9877009316732726,0.013870294271335296
0.971,0.019,0.020007848739624023,0.9877009316732726,0.013870294271335296
0.97,0.011,0.01999688148498535,0.9877009316732726,0.013870294271335296
0.965,0.01,0.020003557205200195,0.9877009316732726,0.013870294271335296
0.965,0.01,0.019994497299194336,0.9845053025897047,0.015631793726230574
0.965,0.01,0.019999980926513672,0.9845053025897047,0.015631793726230574
0.97,0.012,0.020005226135253906,0.9845053025897047,0.015631793726230574
0.97,0.012,0.02000737190246582,0.9845053025897047,0.015631793726230574
0.976,0.012,0.019984960556030273,0.9845053025897047,0.015631793726230574
0.976,0.012,0.01999807357788086,0.9833505804835548,0.01250976100160725
0.976,0.016,0.0200045108795166,0.9833505804835548,0.01250976100160725
0.976,0.016,0.020020484924316406,0.9833505804835548,0.01250976100160725
0.974,0.013,0.019988059997558594,0.9833505804835548,0.01250976100160725
0.975,0.003,0.01999187469482422,0.9833505804835548,0.01250976100160725
0.97,0.002,0.01999664306640625,0.9880897817384199,0.011164107164819715
0.98,0.006,0.02000904083251953,0.9880897817384199,0.011164107164819715
0.975,0.009,0.019999027252197266,0.9880897817384199,0.011164107164819715
0.982,0.013,0.01999187469482422,0.9880897817384199,0.011164107164819715
0.98,0.015,0.020000219345092773,0.9880897817384199,0.011164107164819715
0.977,0.006,0.020001888275146484,0.9937087594319736,0.011646606438497867
0.983,0.016,0.019997835159301758,0.9937087594319736,0.011646606438497867
0.978,0.008,0.020009279251098633,0.9937087594319736,0.011646606438497867
0.985,0.021,0.019992828369140625,0.9937087594319736,0.011646606438497867
0.979,0.014,0.020000219345092773,0.9937087594319736,0.011646606438497867
0.978,0.006,0.019999265670776367,0.9910862687365042,0.01038084150282196
0.978,0.006,0.02000117301940918,0.9910862687365042,0.01038084150282196
0.991,0.013,0.020000457763671875,0.9910862687365042,0.01038084150282196
0.988,0.003,0.02000141143798828,0.9910862687365042,0.01038084150282196
0.991,0.01,0.01999688148498535,0.9910862687365042,0.01038084150282196
0.988,0.017,0.020004749298095703,1.0,0.009073415102395567
0.982,0.002,0.020007610321044922,1.0,0.009073415102395567
0.99,0.016,0.019992828369140625,1.0,0.009073415102395567
0.99,0.016,0.019998788833618164,1.0,0.009073415102395567
0.984,0.013,0.01999521255493164,1.0,0.009073415102395567
0.984,0.003,0.020003795623779297,1.0,0.009225906362116001
0.982,-0.005,0.02001476287841797,1.0,0.009225906362116001
0.982,-0.005,0.01999640464782715,1.0,0.009225906362116001
0.983,0.0,0.01998758316040039,1.0,0.009225906362116001
0.988,0.002,0.01999974250793457,1.0,0.009225906362116001
0.99,0.009,0.02000904083251953,0.9932981843376538,0.005960456544161918
0.984,0.001,0.01999211311340332,0.9932981843376538,0.005960456544161918
0.995,0.011,0.01999640464782715,0.9932981843376538,0.005960456544161918
0.989,0.003,0.020006656646728516,0.9932981843376538,0.005960456544161918
0.989,0.011,0.02000141143798828,0.9932981843376538,0.005960456544161918
0.989,0.01,0.019990921020507812,0.9979254865623468,0.007716917021197118
0.989,0.01,0.02000570297241211,0.9979254865623468,0.007716917021197118
0.985,-0.001,0.019995927810668945,0.9979254865623468,0.007716917021197118
0.995,0.009,0.020008563995361328,0.9979254865623468,0.007716917021197118
0.987,0.007,0.019994497299194336,0.9979254865623468,0.007716917021197118
0.996,0.006,0.01999640464782715,1.0,0.006414921784057541
0.996,0.006,0.020006895065307617,1.0,0.006414921784057541
0.987,0.009,0.020013093948364258,1.0,0.006414921784057541
0.995,0.014,0.020862102508544922,1.0,0.006414921784057541
0.985,0.004,0.019118785858154297,1.0,0.006414921784057541
0.982,0.01,0.019997596740722656,0.9993971841449418,0.004830304070949124
0.981,0.006,0.020105361938476562,0.9993971841449418,0.004830304070949124
0.983,0.002,0.019903898239135742,0.9993971841449418,0.004830304070949124
0.988,0.004,0.020003080368041992,0.9993971841449418,0.004830304070949124
0.986,0.001,0.019991159439086914,0.9993971841449418,0.004830304070949124
0.986,0.001,0.019998550415039062,0.9942639226439232,0.00394221135544589
0.99,0.005,0.020003318786621094,0.9942639226439232,0.00394221135544589
0.987,-0.001,0.020015716552734375,0.9942639226439232,0.00394221135544589
0.988,0.002,0.01998734474182129,0.9942639226439232,0.00394221135544589
0.988,0.002,0.01999187469482422,0.9942639226439232,0.00394221135544589
0.98,-0.003,0.0200040340423584,1.0,0.0036223024586307453
0.98,-0.003,0.020008325576782227,1.0,0.0036223024586307453
0.98,-0.003,0.01999974250793457,1.0,0.0036223024586307453
0.984,-0.002,0.019995450973510742,1.0,0.0036223024586307453
0.993,0.002,0.01999640464782715,1.0,0.0036223024586307453
0.988,0.0,0.020007610321044922,0.993815309774427,0.0036427585714350627
0.99,0.0,0.01999211311340332,0.993815309774427,0.0036427585714350627
0.992,0.005,0.0200040340423584,0.993815309774427,0.0036427585714350627
0.992,0.005,0.019995450973510742,0.993815309774427,0.0036427585714350627
0.997,0.007,0.020198345184326172,0.993815309774427,0.0036427585714350627
0.992,0.001,0.019798755645751953,1.0,0.0016900381792321105
0.988,0.009,0.019998788833618164,1.0,0.0016900381792321105
0.988,0.009,0.020004987716674805,1.0,0.0016900381792321105
0.989,0.0,0.02001643180847168,1.0,0.0016900381792321105
0.999,0.014,0.01998162269592285,1.0,0.0016900381792321105
0.99,0.003,0.019995927810668945,1.0,0.0005181188607945527
0.99,0.003,0.020000219345092773,1.0,0.0005181188607945527
0.997,0.02,0.020003557205200195,1.0,0.0005181188607945527
0.99,0.0,0.02000260353088379,1.0,0.0005181188607945527
0.995,0.009,0.01999640464782715,1.0,0.0005181188607945527
0.985,-0.002,0.01999831199645996,1.0,-0.0022067144261293564
0.984,0.0,0.02000117301940918,1.0,-0.0022067144261293564
0.984,0.0,0.02004218101501465,1.0,-0.0022067144261293564
0.986,-0.001,0.01996779441833496,1.0,-0.0022067144261293564
0.987,-0.004,0.019991397857666016,1.0,-0.0022067144261293564
0.99,0.0,0.019999027252197266,0.9954008104514089,-0.001959988597089585
0.983,-0.006,0.020003318786621094,0.9954008104514089,-0.001959988597089585
0.983,-0.013,0.020005226135253906,0.9954008104514089,-0.001959988597089585
0.986,0.002,0.0200042724609375,0.9954008104514089,-0.001959988597089585
0.983,-0.006,0.01999807357788086,0.9954008104514089,-0.001959988597089585
0.987,0.0,0.019992828369140625,0.9964595473123541,-0.003632888507961646
0.987,-0.004,0.02001214027404785,0.9964595473123541,-0.003632888507961646
0.979,-0.002,0.01999187469482422,0.9964595473123541,-0.003632888507961646
0.979,-0.002,0.019993066787719727,0.9964595473123541,-0.003632888507961646
0.989,0.0,0.02000260353088379,0.9964595473123541,-0.003632888507961646
0.991,-0.002,0.02001214027404785,0.9903251512845758,-0.004286645911886444
0.985,0.001,0.019991636276245117,0.9903251512845758,-0.004286645911886444
0.985,0.001,0.020002126693725586,0.9903251512845758,-0.004286645911886444
0.99,0.009,0.019991397857666016,0.9903251512845758,-0.004286645911886444
0.986,-0.001,0.02001476287841797,0.9903251512845758,-0.004286645911886444
0.991,0.004,0.019984006881713867,0.9957958576137023,-0.006309473926881849
0.988,-0.005,0.019999027252197266,0.9957958576137023,-0.006309473926881849
0.988,-0.005,0.020008325576782227,0.9957958576137023,-0.006309473926881849
0.986,-0.001,0.0200042724609375,0.9957958576137023,-0.006309473926881849
0.986,-0.001,0.01999640464782715,0.9957958576137023,-0.006309473926881849
0.988,-0.003,0.01999354362487793,0.9950075340236679,-0.007524447640289346
0.993,-0.002,0.019998788833618164,0.9950075340236679,-0.007524447640289346
0.993,-0.002,0.02001214027404785,0.9950075340236679,-0.007524447640289346
0.986,-0.006,0.019990205764770508,0.9950075340236679,-0.007524447640289346
0.989,0.003,0.01999640464782715,0.9950075340236679,-0.007524447640289346
0.989,0.003,0.020000696182250977,1.0,-0.00938569395506008
0.993,0.001,0.02000117301940918,1.0,-0.00938569395506008
0.988,-0.004,0.020006895065307617,1.0,-0.00938569395506008
0.983,-0.01,0.019998550415039062,1.0,-0.00938569395506008
0.985,-0.013,0.019992828369140625,1.0,-0.00938569395506008
0.984,-0.011,0.01999950408935547,0.9919253896347333,-0.011018368580179981
0.995,-0.003,0.0202789306640625,0.9919253896347333,-0.011018368580179981
0.988,-0.007,0.01973414421081543,0.9919253896347333,-0.011018368580179981
0.989,-0.007,0.019990205764770508,0.9919253896347333,-0.011018368580179981
0.994,0.0,0.020001888275146484,0.9919253896347333,-0.011018368580179981
0.991,-0.004,0.019997835159301758,0.9954996034932174,-0.013015951333598244
0.993,0.002,0.020000219345092773,0.9954996034932174,-0.013015951333598244
0.993,0.002,0.020004749298095703,0.9954996034932174,-0.013015951333598244
0.989,-0.006,0.020006895065307617,0.9954996034932174,-0.013015951333598244
0.989,-0.006,0.019993305206298828,0.9954996034932174,-0.013015951333598244
0.996,-0.005,0.02000284194946289,0.994866436295027,-0.01635901630151356
0.987,-0.008,0.019991636276245117,0.994866436295027,-0.01635901630151356
1.007,0.007,0.020000696182250977,0.994866436295027,-0.01635901630151356
0.994,-0.002,0.019999265670776367,0.994866436295027,-0.01635901630151356
0.991,-0.006,0.020000934600830078,0.994866436295027,-0.01635901630151356
1.003,0.012,0.01999688148498535,0.999467923174548,-0.01633636553755152
0.99,-0.008,0.020010948181152344,0.999467923174548,-0.01633636553755152
0.993,-0.002,0.019994497299194336,0.999467923174548,-0.01633636553755152
0.991,-0.016,0.01999974250793457,0.999467923174548,-0.01633636553755152
0.991,-0.016,0.020007848739624023,0.999467923174548,-0.01633636553755152
0.991,-0.022,0.019995927810668945,0.9981715455117174,-0.017147422746796353
0.991,-0.022,0.019997358322143555,0.9981715455117174,-0.017147422746796353
0.993,-0.016,0.019998788833618164,0.9981715455117174,-0.017147422746796353
0.985,-0.016,0.020000696182250977,0.9981715455117174,-0.017147422746796353
0.985,-0.016,0.020003318786621094,0.9981715455117174,-0.017147422746796353
0.988,-0.016,0.019992589950561523,0.9974017322572974,-0.01905199410252679
0.983,-0.026,0.020002365112304688,0.9974017322572974,-0.01905199410252679
0.985,-0.015,0.019986391067504883,0.9974017322572974,-0.01905199410252679
0.985,-0.015,0.020023584365844727,0.9974017322572974,-0.01905199410252679
0.985,-0.015,0.019989728927612305,0.9974017322572974,-0.01905199410252679
0.981,-0.024,0.01999831199645996,0.9898926441432053,-0.020551985530112903
0.988,-0.019,0.020008563995361328,0.9898926441432053,-0.020551985530112903
0.988,-0.019,0.019997596740722656,0.9898926441432053,-0.020551985530112903
0.991,-0.013,0.019994258880615234,0.9898926441432053,-0.020551985530112903
0.98,-0.013,0.020003080368041992,0.9898926441432053,-0.020551985530112903
0.981,-0.013,0.020000696182250977,0.9913075535784545,-0.023231829557959043
0.981,-0.013,0.019995450973510742,0.9913075535784545,-0.023231829557959043
0.977,-0.016,0.020017623901367188,0.9913075535784545,-0.023231829557959043
0.977,-0.016,0.019994258880615234,0.9913075535784545,-0.023231829557959043
0.987,-0.017,0.019989967346191406,0.9913075535784545,-0.023231829557959043
0.981,-0.012,0.01999688148498535,0.9849567641168713,-0.024073148437525768
0.984,-0.023,0.02000880241394043,0.9849567641168713,-0.024073148437525768
0.975,-0.027,0.020002365112304688,0.9849567641168713,-0.024073148437525768
0.977,-0.021,0.019994735717773438,0.9849567641168713,-0.024073148437525768
0.977,-0.025,0.02000570297241211,0.9849567641168713,-0.024073148437525768
0.972,-0.023,0.019991636276245117,0.9805376606504606,-0.026040182395762224
0.976,-0.011,0.020000696182250977,0.9805376606504606,-0.026040182395762224
0.979,-0.016,0.020000696182250977,0.9805376606504606,-0.026040182395762224
0.966,-0.018,0.019997835159301758,0.9805376606504606,-0.026040182395762224
0.966,-0.018,0.019997358322143555,0.9805376606504606,-0.026040182395762224
0.967,-0.013,0.020002126693725586,0.9813013171641564,-0.028580138802583935
0.969,-0.025,0.020003080368041992,0.9813013171641564,-0.028580138802583935
0.969,-0.025,0.020011425018310547,0.9813013171641564,-0.028580138802583935
0.964,-0.019,0.019988059997558594,0.9813013171641564,-0.028580138802583935
0.969,-0.013,0.020002126693725586,0.9813013171641564,-0.028580138802583935
0.977,-0.008,0.019999980926513672,0.9723808249353262,-0.02905904140786823
0.97,-0.015,0.020004987716674805,0.9723808249353262,-0.02905904140786823
0.977,-0.009,0.020006656646728516,0.9723808249353262,-0.02905904140786823
0.978,-0.006,0.019983768463134766,0.9723808249353262,-0.02905904140786823
0.971,-0.012,0.02000284194946289,0.9723808249353262,-0.02905904140786823
0.982,-0.015,0.020010709762573242,0.9787086050462088,-0.03303970204360257
0.98,0.004,0.019991636276245117,0.9787086050462088,-0.03303970204360257
0.977,-0.016,0.01999950408935547,0.9787086050462088,-0.03303970204360257
0.988,0.0,0.020006656646728516,0.9787086050462088,-0.03303970204360257
0.988,0.0,0.019992828369140625,0.9787086050462088,-0.03303970204360257
0.994,-0.001,0.019998788833618164,0.9777611568715999,-0.033226116344601236
0.994,-0.001,0.020001649856567383,0.9777611568715999,-0.033226116344601236
0.986,-0.007,0.01999831199645996,0.9777611568715999,-0.033226116344601236
0.996,0.0,0.019999027252197266,0.9777611568715999,-0.033226116344601236
0.976,-0.026,0.019999027252197266,0.9777611568715999,-0.033226116344601236
0.976,-0.026,0.020000934600830078,0.9922732984147317,-0.03332292946165504
0.976,-0.026,0.019997358322143555,0.9922732984147317,-0.03332292946165504
0.971,-0.021,0.02001214027404785,0.9922732984147317,-0.03332292946165504
0.977,-0.028,0.01999044418334961,0.9922732984147317,-0.03332292946165504
0.981,-0.018,0.02000737190246582,0.9922732984147317,-0.03332292946165504
0.981,-0.018,0.019989013671875,0.9766922102388548,-0.03534017037520049
0.984,-0.015,0.020008563995361328,0.9766922102388548,-0.03534017037520049
0.973,-0.017,0.01999807357788086,0.9766922102388548,-0.03534017037520049
0.967,-0.027,0.019997596740722656,0.9766922102388548,-0.03534017037520049
0.967,-0.027,0.019994258880615234,0.9766922102388548,-0.03534017037520049
0.971,-0.016,0.02000737190246582,0.9732310046447684,-0.03512267359508708
0.985,-0.018,0.01999354362487793,0.9732310046447684,-0.03512267359508708
0.977,-0.016,0.020006179809570312,0.9732310046447684,-0.03512267359508708
0.979,-0.031,0.019993305206298828,0.9732310046447684,-0.03512267359508708
0.986,0.0,0.02001190185546875,0.9732310046447684,-0.03512267359508708
0.986,0.0,0.019993305206298828,0.9835432173241039,-0.03507994155906771
0.987,-0.016,0.02000713348388672,0.9835432173241039,-0.03507994155906771
0.976,-0.013,0.020000457763671875,0.9835432173241039,-0.03507994155906771
0.98,-0.017,0.01999807357788086,0.9835432173241039,-0.03507994155906771
0.98,-0.017,0.019997596740722656,0.9835432173241039,-0.03507994155906771
0.983,-0.013,0.020006656646728516,0.9789142134117361,-0.03596190881626972
0.98,-0.02,0.019989728927612305,0.9789142134117361,-0.03596190881626972
0.98,-0.02,0.020000457763671875,0.9789142134117361,-0.03596190881626972
0.974,-0.018,0.02000284194946289,0.9789142134117361,-0.03596190881626972
0.981,-0.019,0.019996166229248047,0.9789142134117361,-0.03596190881626972
0.979,-0.009,0.01999807357788086,0.9789122809844635,-0.0352316339480446
0.975,-0.022,0.020000219345092773,0.9789122809844635,-0.0352316339480446
0.975,-0.022,0.020003318786621094,0.9789122809844635,-0.0352316339480446
0.967,-0.017,0.020013093948364258,0.9789122809844635,-0.0352316339480446
0.971,-0.022,0.019992589950561523,0.9789122809844635,-0.0352316339480446
0.986,-0.009,0.01999521255493164,0.9747467947431891,-0.034017346670777465
0.979,-0.019,0.01999688148498535,0.9747467947431891,-0.034017346670777465
0.975,-0.028,0.020014286041259766,0.9747467947431891,-0.034017346670777465
0.968,-0.02,0.019985198974609375,0.9747467947431891,-0.034017346670777465
0.973,-0.033,0.01999974250793457,0.9747467947431891,-0.034017346670777465
0.963,-0.022,0.020000934600830078,0.9684543035833926,-0.03455440951649414
0.963,-0.022,0.020003557205200195,0.9684543035833926,-0.03455440951649414
0.968,-0.027,0.020016193389892578,0.9684543035833926,-0.03455440951649414
0.975,-0.012,0.01998305320739746,0.9684543035833926,-0.03455440951649414
0.963,-0.033,0.019998788833618164,0.9684543035833926,-0.03455440951649414
0.975,-0.018,0.02000880241394043,0.9688756501052291,-0.03261347972812164
0.975,-0.018,0.019989728927612305,0.9688756501052291,-0.03261347972812164
0.971,-0.021,0.020014524459838867,0.9688756501052291,-0.03261347972812164
0.976,-0.022,0.01998424530029297,0.9688756501052291,-0.03261347972812164
0.976,-0.006,0.020014524459838867,0.9688756501052291,-0.03261347972812164
0.968,-0.025,0.019986391067504883,0.9752532097755794,-0.03130995429718425
0.973,-0.009,0.01999950408935547,0.9752532097755794,-0.03130995429718425
0.969,-0.02,0.020000219345092773,0.9752532097755794,-0.03130995429718425
0.979,-0.015,0.020009279251098633,0.9752532097755794,-0.03130995429718425
0.971,-0.009,0.020000934600830078,0.9752532097755794,-0.03130995429718425
0.977,-0.021,0.01999044418334961,0.9790028361325026,-0.030025053965261804
0.983,-0.012,0.019997835159301758,0.9790028361325026,-0.030025053965261804
0.985,-0.012,0.020009756088256836,0.9790028361325026,-0.030025053965261804
0.976,-0.02,0.019999027252197266,0.9790028361325026,-0.030025053965261804
0.976,-0.02,0.019994258880615234,0.9790028361325026,-0.030025053965261804
0.973,-0.021,0.01999521255493164,0.9843187661686525,-0.0299998725473473
0.942,-0.05,0.020000219345092773,0.9843187661686525,-0.0299998725473473
0.963,-0.031,0.020012378692626953,0.9843187661686525,-0.0299998725473473
0.957,-0.043,0.019989967346191406,0.9843187661686525,-0.0299998725473473
0.968,-0.017,0.01999664306640625,0.9843187661686525,-0.0299998725473473
0.968,-0.017,0.020000457763671875,0.9599833554504488,-0.028554192891362462
0.962,-0.036,0.0200040340423584,0.9599833554504488,-0.028554192891362462
0.962,-0.036,0.020002126693725586,0.9599833554504488,-0.028554192891362462
0.962,-0.029,0.01999688148498535,0.9599833554504488,-0.028554192891362462
0.975,-0.014,0.019997119903564453,0.9599833554504488,-0.028554192891362462
0.941,-0.041,0.0200045108795166,0.9647855492959726,-0.026489776894682678
0.941,-0.041,0.020001888275146484,0.9647855492959726,-0.026489776894682678
0.953,-0.009,0.020003080368041992,0.9647855492959726,-0.026489776894682678
0.953,-0.009,0.019999980926513672,0.9647855492959726,-0.026489776894682678
0.94,-0.061,0.01999378204345703,0.9647855492959726,-0.026489776894682678
0.94,-0.061,0.019997596740722656,0.957417518406951,-0.023597463611059417
0.938,-0.046,0.020009279251098633,0.957417518406951,-0.023597463611059417
0.933,-0.066,0.01999497413635254,0.957417518406951,-0.023597463611059417
0.97,0.008,0.020002126693725586,0.957417518406951,-0.023597463611059417
0.943,-0.041,0.020001888275146484,0.957417518406951,-0.023597463611059417
0.93,-0.037,0.01999211311340332,0.9726681608105202,-0.021738611242331923
0.93,-0.037,0.01999831199645996,0.9726681608105202,-0.021738611242331923
0.937,-0.015,0.020014286041259766,0.9726681608105202,-0.021738611242331923
0.95,0.0,0.019999027252197266,0.9726681608105202,-0.021738611242331923
0.916,-0.06,0.01999497413635254,0.9726681608105202,-0.021738611242331923
0.976,0.044,0.019995927810668945,0.955734370474253,-0.017434544285051767
0.935,-0.032,0.020000219345092773,0.955734370474253,-0.017434544285051767
0.935,-0.032,0.020014524459838867,0.955734370474253,-0.017434544285051767
0.935,-0.032,0.019985437393188477,0.955734370474253,-0.017434544285051767
0.959,0.017,0.019989967346191406,0.955734370474253,-0.017434544285051767
0.959,0.017,0.02001333236694336,0.9427341442456263,-0.015803994741150764
0.936,-0.023,0.020000934600830078,0.9427341442456263,-0.015803994741150764
0.956,-0.009,0.020005226135253906,0.9427341442456263,-0.015803994741150764
0.929,-0.054,0.019997596740722656,0.9427341442456263,-0.015803994741150764
0.929,-0.054,0.019999980926513672,0.9427341442456263,-0.015803994741150764
0.95,-0.012,0.02000880241394043,0.9378597242999258,-0.012947651133862679
0.934,-0.045,0.019989967346191406,0.9378597242999258,-0.012947651133862679
0.948,-0.032,0.01999831199645996,0.9378597242999258,-0.012947651133862679
0.979,0.03,0.0200045108795166,0.9378597242999258,-0.012947651133862679
0.922,-0.06,0.020101308822631836,0.9378597242999258,-0.012947651133862679
0.955,0.0,0.019889354705810547,0.9821315388191749,-0.008776329966682204
0.926,-0.04,0.02000570297241211,0.9821315388191749,-0.008776329966682204
0.948,0.008,0.020000457763671875,0.9821315388191749,-0.008776329966682204
0.949,-0.018,0.02058267593383789,0.9821315388191749,-0.008776329966682204
0.956,0.014,0.01941704750061035,0.9821315388191749,-0.008776329966682204
0.938,-0.023,0.02028036117553711,0.9549931920106599,-0.007528314529325521
0.95,-0.01,0.019716739654541016,0.9549931920106599,-0.007528314529325521
0.962,0.006,0.0200192928314209,0.9549931920106599,-0.007528314529325521
0.962,0.006,0.01998615264892578,0.9549931920106599,-0.007528314529325521
0.962,0.006,0.019994258880615234,0.9549931920106599,-0.007528314529325521
0.982,0.04,0.019998550415039062,0.9570307399062072,-0.0049511313510584775
0.922,-0.05,0.020002365112304688,0.9570307399062072,-0.0049511313510584775
0.942,-0.029,0.020014524459838867,0.9570307399062072,-0.0049511313510584775
0.932,-0.014,0.0199892520904541,0.9570307399062072,-0.0049511313510584775
0.932,-0.014,0.019990921020507812,0.9570307399062072,-0.0049511313510584775
0.923,-0.033,0.02000594139099121,0.9414686212834071,-0.002848492659973724
0.937,-0.007,0.020003080368041992,0.9414686212834071,-0.002848492659973724
0.953,0.011,0.019993305206298828,0.9414686212834071,-0.002848492659973724
0.912,-0.022,0.01999664306640625,0.9414686212834071,-0.002848492659973724
0.912,-0.022,0.020020246505737305,0.9414686212834071,-0.002848492659973724
0.953,0.017,0.019983530044555664,0.95999674606509,-0.0012099458631147275
0.909,-0.033,0.02000713348388672,0.95999674606509,-0.0012099458631147275
0.937,-0.015,0.019994020462036133,0.95999674606509,-0.0012099458631147275
0.954,0.014,0.020003318786621094,0.95999674606509,-0.0012099458631147275
0.943,0.006,0.020009517669677734,0.95999674606509,-0.0012099458631147275
0.937,-0.013,0.019992351531982422,0.9612865011234801,0.003925202207467611
0.928,-0.007,0.019995689392089844,0.9612865011234801,0.003925202207467611
0.946,0.004,0.020010709762573242,0.9612865011234801,0.003925202207467611
0.94,-0.006,0.019990205764770508,0.9612865011234801,0.003925202207467611
0.94,-0.006,0.020003557205200195,0.9612865011234801,0.003925202207467611
0.94,-0.006,0.019993305206298828,0.9541132409204225,0.0031971328753008913
0.963,0.003,0.02000284194946289,0.9541132409204225,0.0031971328753008913
0.941,-0.027,0.01999688148498535,0.9541132409204225,0.0031971328753008913
0.941,-0.027,0.020013809204101562,0.9541132409204225,0.0031971328753008913
0.963,0.015,0.019986867904663086,0.9541132409204225,0.0031971328753008913
0.952,0.02,0.019997835159301758,0.9498738944162357,0.005178390144755302
0.952,0.02,0.02000117301940918,0.9498738944162357,0.005178390144755302
0.939,0.0,0.02000284194946289,0.9498738944162357,0.005178390144755302
0.948,0.008,0.01999497413635254,0.9498738944162357,0.005178390144755302
0.948,0.008,0.01999974250793457,0.9498738944162357,0.005178390144755302
0.943,0.003,0.02001023292541504,0.9560910169660128,0.006903410603948113
0.95,0.002,0.019995689392089844,0.9560910169660128,0.006903410603948113
0.944,-0.011,0.019998788833618164,0.9560910169660128,0.006903410603948113
0.944,-0.011,0.01999521255493164,0.9560910169660128,0.006903410603948113
0.961,0.007,0.01999974250793457,0.9560910169660128,0.006903410603948113
0.968,0.04,0.020000696182250977,0.9526575010559714,0.008276053355833085
0.918,-0.049,0.020007848739624023,0.9526575010559714,0.008276053355833085
0.949,-0.003,0.019998550415039062,0.9526575010559714,0.008276053355833085
0.952,0.022,0.01999521255493164,0.9526575010559714,0.008276053355833085
0.952,0.022,0.020009994506835938,0.9526575010559714,0.008276053355833085
0.924,-0.036,0.019990921020507812,0.9598859246646317,0.010464392943425336
0.933,-0.009,0.020007848739624023,0.9598859246646317,0.010464392943425336
0.96,0.016,0.019994735717773438,0.9598859246646317,0.010464392943425336
0.921,-0.036,0.020011425018310547,0.9598859246646317,0.010464392943425336
0.95,0.0,0.020009279251098633,0.9598859246646317,0.010464392943425336
0.958,0.019,0.01997852325439453,0.9327778853901053,0.011778989410784913
0.97,0.03,0.01999640464782715,0.9327778853901053,0.011778989410784913
0.97,0.03,0.020022869110107422,0.9327778853901053,0.011778989410784913
0.941,-0.011,0.01998281478881836,0.9327778853901053,0.011778989410784913
0.961,0.035,0.020006656646728516,0.9327778853901053,0.011778989410784913
0.901,-0.049,0.019988059997558594,0.9758353216990755,0.013314531418984109
0.901,-0.049,0.02000570297241211,0.9758353216990755,0.013314531418984109
0.933,0.0,0.01999378204345703,0.9758353216990755,0.013314531418984109
0.92,-0.041,0.019997119903564453,0.9758353216990755,0.013314531418984109
0.965,0.027,0.020006179809570312,0.9758353216990755,0.013314531418984109
0.965,0.027,0.019997835159301758,0.9318099860095513,0.013904046695336014
0.955,-0.006,0.02001166343688965,0.9318099860095513,0.013904046695336014
0.927,-0.029,0.0200045108795166,0.9318099860095513,0.013904046695336014
0.948,0.021,0.019949913024902344,0.9318099860095513,0.013904046695336014
0.952,0.017,0.020032644271850586,0.9318099860095513,0.013904046695336014
0.952,0.017,0.019999027252197266,0.9566560451908134,0.016059908986480104
0.906,-0.024,0.020007848739624023,0.9566560451908134,0.016059908986480104
0.944,0.023,0.020006179809570312,0.9566560451908134,0.016059908986480104
0.924,0.004,0.02000117301940918,0.9566560451908134,0.016059908986480104
0.903,-0.034,0.02000141143798828,0.9566560451908134,0.016059908986480104
0.903,-0.034,0.019994735717773438,0.9530414111970775,0.014344358969067226
0.933,0.014,0.01999044418334961,0.9530414111970775,0.014344358969067226
0.945,0.014,0.020015954971313477,0.9530414111970775,0.014344358969067226
0.921,-0.035,0.01998615264892578,0.9530414111970775,0.014344358969067226
0.957,0.035,0.020005464553833008,0.9530414111970775,0.014344358969067226
0.932,-0.015,0.019990921020507812,0.9330879926734834,0.01580434923309374
0.935,-0.005,0.01999831199645996,0.9330879926734834,0.01580434923309374
0.945,0.016,0.020012855529785156,0.9330879926734834,0.01580434923309374
0.971,0.043,0.019992589950561523,0.9330879926734834,0.01580434923309374
0.932,-0.003,0.01999831199645996,0.9330879926734834,0.01580434923309374
0.94,-0.006,0.02000570297241211,0.9770936743618012,0.017188461440277494
0.977,0.054,0.020007848739624023,0.9770936743618012,0.017188461440277494
0.967,0.041,0.019989490509033203,0.9770936743618012,0.017188461440277494
0.967,0.041,0.020001649856567383,0.9770936743618012,0.017188461440277494
0.967,0.046,0.01999831199645996,0.9770936743618012,0.017188461440277494
0.967,0.046,0.019997835159301758,0.9738374959522511,0.016328732228677326
0.957,0.024,0.020006418228149414,0.9738374959522511,0.016328732228677326
0.948,-0.001,0.019996166229248047,0.9738374959522511,0.016328732228677326
0.95,-0.004,0.020004987716674805,0.9738374959522511,0.016328732228677326
0.966,0.025,0.019993305206298828,0.9738374959522511,0.016328732228677326
0.966,0.025,0.020006895065307617,0.957366431773029,0.017413110382333917
0.948,0.0,0.019992828369140625,0.957366431773029,0.017413110382333917
0.948,0.0,0.020013809204101562,0.957366431773029,0.017413110382333917
0.973,0.046,0.01998305320739746,0.957366431773029,0.017413110382333917
0.973,0.046,0.020007848739624023,0.957366431773029,0.017413110382333917
0.953,0.007,0.019994735717773438,0.9796074275008416,0.01920066043173029
0.971,0.047,0.02000260353088379,0.9796074275008416,0.01920066043173029
0.92,-0.025,0.0200042724609375,0.9796074275008416,0.01920066043173029
0.95,0.012,0.019991397857666016,0.9796074275008416,0.01920066043173029
0.95,0.007,0.01999807357788086,0.9796074275008416,0.01920066043173029
0.933,-0.04,0.019999265670776367,0.9332082231033587,0.017504902110999664
0.954,0.0,0.020000696182250977,0.9332082231033587,0.017504902110999664
0.983,0.026,0.020001649856567383,0.9332082231033587,0.017504902110999664
0.984,0.053,0.020001649856567383,0.9332082231033587,0.017504902110999664
0.984,0.053,0.020004749298095703,0.9332082231033587,0.017504902110999664
0.954,0.015,0.01999521255493164,0.9894209345532868,0.01917655724182348
0.954,0.015,0.02000141143798828,0.9894209345532868,0.01917655724182348
0.95,0.022,0.02000737190246582,0.9894209345532868,0.01917655724182348
0.93,-0.003,0.019958972930908203,0.9894209345532868,0.01917655724182348
0.935,-0.002,0.02003192901611328,0.9894209345532868,0.01917655724182348
0.965,0.036,0.020011425018310547,0.94233760484759,0.01962524497969138
0.946,0.0,0.02000260353088379,0.94233760484759,0.01962524497969138
0.938,-0.012,0.019991636276245117,0.94233760484759,0.01962524497969138
0.959,0.018,0.019997119903564453,0.94233760484759,0.01962524497969138
0.975,0.056,0.019997596740722656,0.94233760484759,0.01962524497969138
0.942,0.007,0.020005226135253906,0.9495765153978841,0.018399596226972258
0.919,-0.021,0.02000117301940918,0.9495765153978841,0.018399596226972258
0.956,0.042,0.020003795623779297,0.9495765153978841,0.018399596226972258
0.931,0.005,0.01999044418334961,0.9495765153978841,0.018399596226972258
0.921,0.0,0.02000737190246582,0.9495765153978841,0.018399596226972258
0.955,0.036,0.01999497413635254,0.9655361278527579,0.020164688687617296
0.955,0.036,0.01999974250793457,0.9655361278527579,0.020164688687617296
0.92,-0.028,0.020007610321044922,0.9655361278527579,0.020164688687617296
0.92,-0.028,0.01999378204345703,0.9655361278527579,0.020164688687617296
0.953,0.012,0.019992589950561523,0.9655361278527579,0.020164688687617296
0.944,0.007,0.01999950408935547,0.9342123442221553,0.020443324812329376
0.91,-0.063,0.01999974250793457,0.9342123442221553,0.020443324812329376
0.91,-0.063,0.02001667022705078,0.9342123442221553,0.020443324812329376
0.952,0.02,0.01999378204345703,0.9342123442221553,0.020443324812329376
0.942,0.018,0.0200045108795166,0.9342123442221553,0.020443324812329376
0.91,-0.033,0.020000696182250977,0.9260488818470836,0.021497995237658187
0.97,0.07,0.019987821578979492,0.9260488818470836,0.021497995237658187
0.918,-0.003,0.02001643180847168,0.9260488818470836,0.021497995237658187
0.915,-0.001,0.01999068260192871,0.9260488818470836,0.021497995237658187
0.952,0.057,0.019991397857666016,0.9260488818470836,0.021497995237658187
0.938,0.05,0.019999265670776367,0.9791656885094537,0.022603182198186376
0.938,0.05,0.020021677017211914,0.9791656885094537,0.022603182198186376
0.918,0.046,0.01998424530029297,0.9791656885094537,0.022603182198186376
0.946,0.053,0.020000219345092773,0.9791656885094537,0.022603182198186376
0.946,0.053,0.01999831199645996,0.9791656885094537,0.022603182198186376
0.933,0.01,0.019994020462036133,0.9580314504952644,0.019988563613516957
0.956,0.029,0.020000457763671875,0.9580314504952644,0.019988563613516957
0.935,-0.019,0.02000141143798828,0.9580314504952644,0.019988563613516957
0.947,0.003,0.020000934600830078,0.9580314504952644,0.019988563613516957
0.965,0.029,0.020000934600830078,0.9580314504952644,0.019988563613516957
0.963,0.041,0.020000934600830078,0.948600585303106,0.020845328418679844
0.963,0.041,0.01999807357788086,0.948600585303106,0.020845328418679844
0.972,0.046,0.020004987716674805,0.948600585303106,0.020845328418679844
0.972,0.046,0.019997119903564453,0.948600585303106,0.020845328418679844
0.962,0.044,0.019999027252197266,0.948600585303106,0.020845328418679844
0.962,0.044,0.01999950408935547,0.9736326961544381,0.02125679595428217
0.944,0.022,0.020000457763671875,0.9736326961544381,0.02125679595428217
0.957,0.033,0.02001333236694336,0.9736326961544381,0.02125679595428217
0.936,-0.002,0.01999044418334961,0.9736326961544381,0.02125679595428217
0.938,-0.006,0.019994258880615234,0.9736326961544381,0.02125679595428217
0.938,-0.006,0.020000457763671875,0.9499701433958575,0.02137737254218669
0.973,0.044,0.02000594139099121,0.9499701433958575,0.02137737254218669
0.932,-0.021,0.01999974250793457,0.9499701433958575,0.02137737254218669
0.958,0.025,0.019995927810668945,0.9499701433958575,0.02137737254218669
0.969,0.045,0.01999950408935547,0.9499701433958575,0.02137737254218669
0.927,-0.012,0.020001649856567383,0.9468937638248577,0.021525082073226467
0.951,0.028,0.020006656646728516,0.9468937638248577,0.021525082073226467
0.963,0.049,0.02000260353088379,0.9468937638248577,0.021525082073226467
0.929,-0.006,0.019989728927612305,0.9468937638248577,0.021525082073226467
0.959,0.046,0.02000713348388672,0.9468937638248577,0.021525082073226467
0.962,0.045,0.019992828369140625,0.9638311077505769,0.021257234137006715
0.972,0.068,0.019997835159301758,0.9638311077505769,0.021257234137006715
0.972,0.068,0.020007610321044922,0.9638311077505769,0.021257234137006715
0.972,0.068,0.020003795623779297,0.9638311077505769,0.021257234137006715
0.954,0.03,0.019999027252197266,0.9638311077505769,0.021257234137006715
0.981,0.066,0.019992351531982422,0.9825758065555202,0.021033721631402665
0.932,-0.015,0.019999265670776367,0.9825758065555202,0.021033721631402665
0.932,-0.015,0.020004749298095703,0.9825758065555202,0.021033721631402665
0.98,0.06,0.019998788833618164,0.9825758065555202,0.021033721631402665
0.942,-0.01,0.020005464553833008,0.9825758065555202,0.021033721631402665
0.963,0.021,0.019990921020507812,0.9479885545552134,0.022712339792024923
0.983,0.042,0.019998550415039062,0.9479885545552134,0.022712339792024923
0.979,0.031,0.020015239715576172,0.9479885545552134,0.022712339792024923
0.932,-0.027,0.019987821578979492,0.9479885545552134,0.022712339792024923
0.946,0.005,0.01999521255493164,0.9479885545552134,0.022712339792024923
0.946,0.005,0.02000904083251953,0.948144283202556,0.021797784770886
0.917,-0.03,0.019995450973510742,0.948144283202556,0.021797784770886
0.946,0.024,0.02000737190246582,0.948144283202556,0.021797784770886
0.977,0.064,0.019990921020507812,0.948144283202556,0.021797784770886
0.977,0.064,0.020006895065307617,0.948144283202556,0.021797784770886
0.951,0.023,0.01999640464782715,0.960743061251039,0.021575530813737295
0.965,0.051,0.019994497299194336,0.960743061251039,0.021575530813737295
0.967,0.043,0.020004987716674805,0.960743061251039,0.021575530813737295
0.967,0.043,0.020000457763671875,0.960743061251039,0.021575530813737295
0.933,-0.006,0.019999265670776367,0.960743061251039,0.021575530813737295
0.952,0.013,0.020001649856567383,0.979119265384148,0.020466063922759944
0.977,0.053,0.01999354362487793,0.979119265384148,0.020466063922759944
0.944,-0.003,0.02000713348388672,0.979119265384148,0.020466063922759944
0.953,0.0,0.020006179809570312,0.979119265384148,0.020466063922759944
0.98,0.043,0.019994497299194336,0.979119265384148,0.020466063922759944
0.98,0.043,0.019997835159301758,0.9673987275738913,0.022284591599219555
0.961,0.0,0.01999688148498535,0.9673987275738913,0.022284591599219555
0.987,0.037,0.020009517669677734,0.9673987275738913,0.022284591599219555
0.987,0.037,0.020003080368041992,0.9673987275738913,0.022284591599219555
0.961,0.002,0.01998734474182129,0.9673987275738913,0.022284591599219555
0.951,0.0,0.019999027252197266,0.997498937968725,0.02353245525060378
0.969,0.035,0.020000457763671875,0.997498937968725,0.02353245525060378
0.939,-0.004,0.02000284194946289,0.997498937968725,0.02353245525060378
0.939,-0.004,0.020000934600830078,0.997498937968725,0.02353245525060378
0.978,0.038,0.01999688148498535,0.997498937968725,0.02353245525060378
0.945,-0.031,0.020003080368041992,0.9551869352221931,0.02106710696703603
0.96,-0.006,0.020384550094604492,0.9551869352221931,0.02106710696703603
0.96,-0.006,0.019620895385742188,0.9551869352221931,0.02106710696703603
0.974,0.011,0.020003557205200195,0.9551869352221931,0.02106710696703603
0.974,0.011,0.01996469497680664,0.9551869352221931,0.02106710696703603
0.958,0.0,0.020020723342895508,0.986007261766235,0.018849730139907192
0.951,0.001,0.01999974250793457,0.986007261766235,0.018849730139907192
0.951,0.001,0.020005226135253906,0.986007261766235,0.018849730139907192
0.952,0.018,0.019996166229248047,0.986007261766235,0.018849730139907192
0.96,0.019,0.02067852020263672,0.986007261766235,0.018849730139907192
0.96,0.019,0.019321680068969727,0.9661362137738622,0.018959710561467346
0.933,-0.034,0.019998550415039062,0.9661362137738622,0.018959710561467346
0.965,0.012,0.02000594139099121,0.9661362137738622,0.018959710561467346
0.965,0.012,0.020003080368041992,0.9661362137738622,0.018959710561467346
0.942,-0.017,0.019998550415039062,0.9661362137738622,0.018959710561467346
0.973,0.027,0.019995450973510742,0.9782689730938975,0.018709719592996072
0.939,-0.017,0.019998788833618164,0.9782689730938975,0.018709719592996072
0.939,-0.017,0.02001500129699707,0.9782689730938975,0.018709719592996072
0.982,0.035,0.019984722137451172,0.9782689730938975,0.018709719592996072
0.943,-0.015,0.01999974250793457,0.9782689730938975,0.018709719592996072
0.985,0.033,0.019998550415039062,0.9932103990339245,0.01849337697011166
0.977,0.022,0.019999980926513672,0.9932103990339245,0.01849337697011166
0.931,-0.036,0.02000141143798828,0.9932103990339245,0.01849337697011166
0.993,0.038,0.0200045108795166,0.9932103990339245,0.01849337697011166
0.993,0.038,0.019993305206298828,0.9932103990339245,0.01849337697011166
0.983,0.018,0.020003318786621094,0.9486964259803808,0.016638272343640834
0.987,0.017,0.020008563995361328,0.9486964259803808,0.016638272343640834
0.987,0.017,0.02000141143798828,0.9486964259803808,0.016638272343640834
0.983,0.003,0.01999354362487793,0.9486964259803808,0.016638272343640834
0.967,0.006,0.019997119903564453,0.9486964259803808,0.016638272343640834
0.931,-0.031,0.02000117301940918,0.9975941775582771,0.016327171911710504
0.935,-0.005,0.01999831199645996,0.9975941775582771,0.016327171911710504
0.935,-0.005,0.020006179809570312,0.9975941775582771,0.016327171911710504
0.932,-0.025,0.019995689392089844,0.9975941775582771,0.016327171911710504
0.974,0.037,0.019999027252197266,0.9975941775582771,0.016327171911710504
1.003,0.065,0.02001643180847168,0.9496639372452719,0.014228724199007512
0.953,-0.016,0.019997358322143555,0.9496639372452719,0.014228724199007512
0.966,-0.007,0.019994020462036133,0.9496639372452719,0.014228724199007512
0.991,0.041,0.01999640464782715,0.9496639372452719,0.014228724199007512
0.96,0.0,0.020012378692626953,0.9496639372452719,0.014228724199007512
0.958,0.011,0.019980669021606445,0.9794893827721649,0.014077699980338445
0.979,0.046,0.020010709762573242,0.9794893827721649,0.014077699980338445
0.949,0.015,0.019992828369140625,0.9794893827721649,0.014077699980338445
0.949,0.015,0.02001667022705078,0.9794893827721649,0.014077699980338445
0.97,0.032,0.019990921020507812,0.9794893827721649,0.014077699980338445
0.97,0.032,0.019993066787719727,0.9644582343965229,0.011197003303499922
0.986,0.048,0.01999688148498535,0.9644582343965229,0.011197003303499922
0.986,0.048,0.02000880241394043,0.9644582343965229,0.011197003303499922
0.974,0.018,0.019994497299194336,0.9644582343965229,0.011197003303499922
0.987,0.043,0.020003318786621094,0.9644582343965229,0.011197003303499922
0.95,-0.01,0.019993305206298828,0.9865981192070996,0.012584484329064019
0.965,0.009,0.020004987716674805,0.9865981192070996,0.012584484329064019
0.98,0.039,0.019999265670776367,0.9865981192070996,0.012584484329064019
0.98,0.039,0.020000696182250977,0.9865981192070996,0.012584484329064019
0.962,0.0,0.019995689392089844,0.9865981192070996,0.012584484329064019
0.971,0.01,0.02000904083251953,0.9921201826350328,0.011647204839228282
0.983,0.031,0.019993066787719727,0.9921201826350328,0.011647204839228282
0.935,-0.047,0.0200045108795166,0.9921201826350328,0.011647204839228282
0.973,0.0,0.01999497413635254,0.9921201826350328,0.011647204839228282
0.973,0.0,0.020000696182250977,0.9921201826350328,0.011647204839228282
0.964,-0.012,0.020002365112304688,0.98509263331576,0.008756525474966269
0.985,0.003,0.019996166229248047,0.98509263331576,0.008756525474966269
0.994,0.02,0.02000117301940918,0.98509263331576,0.008756525474966269
0.994,0.02,0.020001649856567383,0.98509263331576,0.008756525474966269
1.005,0.05,0.020009994506835938,0.98509263331576,0.008756525474966269
0.952,-0.044,0.020000696182250977,1.0,0.0077107112639286934
0.952,-0.044,0.019987106323242188,1.0,0.0077107112639286934
1.004,0.05,0.020013809204101562,1.0,0.0077107112639286934
1.004,0.05,0.01999664306640625,1.0,0.0077107112639286934
0.977,0.007,0.01999044418334961,1.0,0.0077107112639286934
0.977,0.007,0.01999807357788086,1.0,0.007559386061026312
0.965,-0.021,0.020006895065307617,1.0,0.007559386061026312
0.993,0.01,0.019997835159301758,1.0,0.007559386061026312
1.009,0.039,0.01999831199645996,1.0,0.007559386061026312
0.967,-0.034,0.01999521255493164,1.0,0.007559386061026312
1.003,0.022,0.020000457763671875,1.0,0.008274176156292983
1.001,0.02,0.020004987716674805,1.0,0.008274176156292983
1.001,0.02,0.020022153854370117,1.0,0.008274176156292983
0.961,-0.039,0.019984960556030273,1.0,0.008274176156292983
0.988,0.006,0.019993066787719727,1.0,0.008274176156292983
0.988,0.006,0.01999640464782715,0.9750743826379848,0.006792293292602174
0.961,-0.031,0.020009279251098633,0.9750743826379848,0.006792293292602174
0.983,-0.005,0.020003557205200195,0.9750743826379848,0.006792293292602174
0.995,0.026,0.019963741302490234,0.9750743826379848,0.006792293292602174
0.971,-0.016,0.020020723342895508,0.9750743826379848,0.006792293292602174
0.984,0.019,0.020011425018310547,0.9940836467973679,0.0034956976477330368
0.984,0.019,0.020000219345092773,0.9940836467973679,0.0034956976477330368
0.984,0.019,0.019999265670776367,0.9940836467973679,0.0034956976477330368
1.001,0.037,0.019953012466430664,0.9940836467973679,0.0034956976477330368
0.958,-0.031,0.02003788948059082,0.9940836467973679,0.0034956976477330368
0.977,0.0,0.019997119903564453,0.9950337210698126,0.002700677264359877
0.977,0.0,0.019999027252197266,0.9950337210698126,0.002700677264359877
0.959,-0.036,0.020003557205200195,0.9950337210698126,0.002700677264359877
0.959,-0.036,0.020013093948364258,0.9950337210698126,0.002700677264359877
1.01,0.037,0.019988536834716797,0.9950337210698126,0.002700677264359877
0.977,-0.024,0.01999640464782715,0.9728380896120067,0.004056224664821817
0.981,-0.009,0.019998550415039062,0.9728380896120067,0.004056224664821817
0.981,-0.009,0.020006895065307617,0.9728380896120067,0.004056224664821817
0.98,-0.002,0.020006656646728516,0.9728380896120067,0.004056224664821817
0.95,-0.039,0.020013093948364258,0.9728380896120067,0.004056224664821817
0.978,0.017,0.019978046417236328,0.9917122252461232,0.001361452805721682
0.978,0.017,0.019999980926513672,0.9917122252461232,0.001361452805721682
0.937,-0.04,0.020022153854370117,0.9917122252461232,0.001361452805721682
0.982,0.01,0.019977807998657227,0.9917122252461232,0.001361452805721682
0.988,0.025,0.019999027252197266,0.9917122252461232,0.001361452805721682
0.962,-0.03,0.019998788833618164,0.9891882425471071,0.0001567454520786942
0.962,-0.03,0.020008325576782227,0.9891882425471071,0.0001567454520786942
0.965,-0.029,0.019999980926513672,0.9891882425471071,0.0001567454520786942
0.965,-0.029,0.019991636276245117,0.9891882425471071,0.0001567454520786942
0.999,0.025,0.020009756088256836,0.9891882425471071,0.0001567454520786942
0.999,0.025,0.020000219345092773,0.9779726533364439,0.002337317329468143
0.967,-0.008,0.02001023292541504,0.9779726533364439,0.002337317329468143
0.998,0.029,0.019986867904663086,0.9779726533364439,0.002337317329468143
0.946,-0.043,0.019991159439086914,0.9779726533364439,0.002337317329468143
0.946,-0.043,0.02000260353088379,0.9779726533364439,0.002337317329468143
0.99,0.025,0.019999980926513672,1.0,-0.0011225324124860072
0.99,0.025,0.020013809204101562,1.0,-0.0011225324124860072
0.97,-0.008,0.0199887752532959,1.0,-0.0011225324124860072
0.97,-0.008,0.0200045108795166,1.0,-0.0011225324124860072
0.967,-0.016,0.019999265670776367,1.0,-0.0011225324124860072
0.96,-0.043,0.019991636276245117,0.9987601772625885,-0.002047531915738073
0.975,-0.011,0.019998788833618164,0.9987601772625885,-0.002047531915738073
0.975,-0.011,0.02001047134399414,0.9987601772625885,-0.002047531915738073
0.99,-0.002,0.01999521255493164,0.9987601772625885,-0.002047531915738073
0.989,0.0,0.019999980926513672,0.9987601772625885,-0.002047531915738073
1.011,0.038,0.019995927810668945,0.9982781364695312,-0.004514438816580548
1.011,0.038,0.01999831199645996,0.9982781364695312,-0.004514438816580548
1.009,0.028,0.0200042724609375,0.9982781364695312,-0.004514438816580548
1.009,0.028,0.02000713348388672,0.9982781364695312,-0.004514438816580548
1.003,0.024,0.019992351531982422,0.9982781364695312,-0.004514438816580548
1.009,0.034,0.019997119903564453,1.0,-0.004692175659097768
0.971,-0.027,0.019999980926513672,1.0,-0.004692175659097768
0.977,-0.014,0.020012855529785156,1.0,-0.004692175659097768
1.006,0.026,0.019995689392089844,1.0,-0.004692175659097768
0.955,-0.054,0.01999211311340332,1.0,-0.004692175659097768
0.989,-0.002,0.019999265670776367,0.9804618680347722,-0.008733224075549146
0.989,-0.002,0.02000141143798828,0.9804618680347722,-0.008733224075549146
0.96,-0.041,0.02000880241394043,0.9804618680347722,-0.008733224075549146
0.985,0.0,0.019997119903564453,0.9804618680347722,-0.008733224075549146
0.977,-0.01,0.019994020462036133,0.9804618680347722,-0.008733224075549146
1.001,0.03,0.02000570297241211,0.9928649141012925,-0.00904686889156129
1.001,0.03,0.02000260353088379,0.9928649141012925,-0.00904686889156129
0.976,0.003,0.019997835159301758,0.9928649141012925,-0.00904686889156129
1.01,0.04,0.01999640464782715,0.9928649141012925,-0.00904686889156129
0.969,-0.03,0.02000117301940918,0.9928649141012925,-0.00904686889156129
0.98,-0.013,0.020007610321044922,0.9844669951208214,-0.01050273443985006
0.98,-0.013,0.019990921020507812,0.9844669951208214,-0.01050273443985006
0.948,-0.065,0.020002365112304688,0.9844669951208214,-0.01050273443985006
0.948,-0.065,0.02000594139099121,0.9844669951208214,-0.01050273443985006
0.991,0.01,0.019990205764770508,0.9844669951208214,-0.01050273443985006
1.004,0.027,0.01999807357788086,0.9873650710239036,-0.012682431614597079
0.991,0.013,0.020003557205200195,0.9873650710239036,-0.012682431614597079
0.957,-0.043,0.019999027252197266,0.9873650710239036,-0.012682431614597079
0.957,-0.043,0.02000284194946289,0.9873650710239036,-0.012682431614597079
0.999,0.025,0.020006895065307617,0.9873650710239036,-0.012682431614597079
0.954,-0.052,0.019996166229248047,0.9657469850888439,-0.01675144761204946
0.967,-0.022,0.019992589950561523,0.9657469850888439,-0.01675144761204946
0.993,0.028,0.0200042724609375,0.9657469850888439,-0.01675144761204946
0.946,-0.047,0.020005464553833008,0.9657469850888439,-0.01675144761204946
0.946,-0.047,0.019992589950561523,0.9657469850888439,-0.01675144761204946
0.989,0.025,0.02001047134399414,0.9969639250732639,-0.01753357315996199
0.977,0.011,0.019998550415039062,0.9969639250732639,-0.01753357315996199
0.949,-0.036,0.02000260353088379,0.9969639250732639,-0.01753357315996199
0.953,-0.03,0.01999211311340332,0.9969639250732639,-0.01753357315996199
0.953,-0.03,0.01999354362487793,0.9969639250732639,-0.01753357315996199
0.958,-0.043,0.01999950408935547,0.9818698119051552,-0.02107014780441541
0.965,-0.033,0.020013093948364258,0.9818698119051552,-0.02107014780441541
0.965,-0.033,0.019995927810668945,0.9818698119051552,-0.02107014780441541
0.951,-0.063,0.020000219345092773,0.9818698119051552,-0.02107014780441541
0.951,-0.063,0.019993305206298828,0.9818698119051552,-0.02107014780441541
0.967,-0.024,0.020000696182250977,0.9585358867098649,-0.022316482481502038
0.969,-0.019,0.019998788833618164,0.9585358867098649,-0.022316482481502038
0.969,-0.019,0.020013809204101562,0.9585358867098649,-0.022316482481502038
0.958,-0.027,0.019987106323242188,0.9585358867098649,-0.022316482481502038
0.954,-0.023,0.020005464553833008,0.9585358867098649,-0.022316482481502038
0.971,0.004,0.019997835159301758,0.9733723729477156,-0.02586505614872549
0.971,0.004,0.019994258880615234,0.9733723729477156,-0.02586505614872549
0.955,-0.013,0.020021915435791016,0.9733723729477156,-0.02586505614872549
0.99,0.028,0.019983530044555664,0.9733723729477156,-0.02586505614872549
0.952,-0.025,0.01999950408935547,0.9733723729477156,-0.02586505614872549
0.958,-0.008,0.019995927810668945,0.9732182910165632,-0.031238232590464057
0.971,0.002,0.019997835159301758,0.9732182910165632,-0.031238232590464057
0.972,0.011,0.020004987716674805,0.9732182910165632,-0.031238232590464057
0.946,-0.039,0.02000594139099121,0.9732182910165632,-0.031238232590464057
0.966,-0.006,0.019993066787719727,0.9732182910165632,-0.031238232590464057
0.973,0.0,0.019997119903564453,0.9507639236311239,-0.03237423080792297
0.955,-0.033,0.019999027252197266,0.9507639236311239,-0.03237423080792297
0.955,-0.033,0.02000904083251953,0.9507639236311239,-0.03237423080792297
0.955,-0.033,0.019997358322143555,0.9507639236311239,-0.03237423080792297
0.954,-0.019,0.020002365112304688,0.9507639236311239,-0.03237423080792297
0.927,-0.054,0.01999187469482422,0.9578851823033405,-0.034361962276394625
0.935,-0.026,0.020005226135253906,0.9578851823033405,-0.034361962276394625
0.928,-0.057,0.020002126693725586,0.9578851823033405,-0.034361962276394625
0.928,-0.057,0.019995689392089844,0.9578851823033405,-0.034361962276394625
0.943,-0.016,0.01999831199645996,0.9578851823033405,-0.034361962276394625
0.936,-0.037,0.019999265670776367,0.9392118983080664,-0.03768481676343442
0.936,-0.037,0.020008087158203125,0.9392118983080664,-0.03768481676343442
0.972,0.017,0.019990921020507812,0.9392118983080664,-0.03768481676343442
0.972,0.017,0.020006179809570312,0.9392118983080664,-0.03768481676343442
0.95,-0.015,0.020000457763671875,0.9392118983080664,-0.03768481676343442
0.965,0.012,0.020005226135253906,0.9722777401934866,-0.03489755390745361
0.933,-0.045,0.02001643180847168,0.9722777401934866,-0.03489755390745361
0.94,-0.032,0.019977092742919922,0.9722777401934866,-0.03489755390745361
0.942,-0.023,0.01999950408935547,0.9722777401934866,-0.03489755390745361
0.952,-0.002,0.01999688148498535,0.9722777401934866,-0.03489755390745361
0.952,-0.002,0.019999980926513672,0.9445894651348119,-0.03323600938162278
0.959,0.001,0.020006418228149414,0.9445894651348119,-0.03323600938162278
0.95,-0.007,0.019992589950561523,0.9445894651348119,-0.03323600938162278
0.937,-0.026,0.020002126693725586,0.9445894651348119,-0.03323600938162278
0.94,-0.015,0.020008563995361328,0.9445894651348119,-0.03323600938162278
0.94,-0.015,0.01999044418334961,0.9667790392522939,-0.014928516299957261
0.944,-0.003,0.020000696182250977,0.9667790392522939,-0.014928516299957261
0.924,-0.045,0.020009756088256836,0.9667790392522939,-0.014928516299957261
0.924,-0.045,0.02000260353088379,0.9667790392522939,-0.014928516299957261
0.944,-0.027,0.019995927810668945,0.9667790392522939,-0.014928516299957261
0.962,0.02,0.019994735717773438,0.936424333493346,-0.01284235676516877
0.92,-0.062,0.020000219345092773,0.936424333493346,-0.01284235676516877
0.952,-0.016,0.020015478134155273,0.936424333493346,-0.01284235676516877
0.951,0.013,0.01999187469482422,0.936424333493346,-0.01284235676516877
0.951,0.013,0.019989013671875,0.936424333493346,-0.01284235676516877
0.936,-0.014,0.019999265670776367,0.9610972341024703,-0.011636716117460097
0.961,0.0,0.020002126693725586,0.9610972341024703,-0.011636716117460097
0.92,-0.046,0.020015954971313477,0.9610972341024703,-0.011636716117460097
0.929,-0.036,0.020008325576782227,0.9610972341024703,-0.011636716117460097
0.929,-0.036,0.019974231719970703,0.9610972341024703,-0.011636716117460097
0.976,0.03,0.020001649856567383,0.9689129435511034,-0.010619460983265886
0.929,-0.048,0.020003795623779297,0.9689129435511034,-0.010619460983265886
0.958,-0.019,0.02000141143798828,0.9689129435511034,-0.010619460983265886
0.958,-0.019,0.019995927810668945,0.9689129435511034,-0.010619460983265886
0.929,-0.056,0.019997119903564453,0.9689129435511034,-0.010619460983265886
0.955,-0.009,0.020447969436645508,0.9662291618995237,-0.010157189618147005
0.955,-0.009,0.019556522369384766,0.9662291618995237,-0.010157189618147005
0.987,0.03,0.019998550415039062,0.9662291618995237,-0.010157189618147005
0.924,-0.065,0.01999974250793457,0.9662291618995237,-0.010157189618147005
0.96,-0.005,0.020002126693725586,0.9662291618995237,-0.010157189618147005
0.952,-0.023,0.02000594139099121,0.9916035638575544,-0.009412308923678498
0.957,-0.009,0.019990205764770508,0.9916035638575544,-0.009412308923678498
0.971,0.021,0.019999027252197266,0.9916035638575544,-0.009412308923678498
0.934,-0.058,0.020003557205200195,0.9916035638575544,-0.009412308923678498
0.974,0.01,0.02001047134399414,0.9916035638575544,-0.009412308923678498
0.974,0.0,0.019986867904663086,0.9451478844400371,-0.008441401571573429
0.94,-0.045,0.019999980926513672,0.9451478844400371,-0.008441401571573429
0.965,-0.016,0.020003318786621094,0.9451478844400371,-0.008441401571573429
0.965,-0.016,0.019998550415039062,0.9451478844400371,-0.008441401571573429
0.964,-0.001,0.020005464553833008,0.9451478844400371,-0.008441401571573429
0.952,-0.027,0.019988298416137695,0.9721378973052329,-0.008611715522619575
0.952,-0.035,0.020009517669677734,0.9721378973052329,-0.008611715522619575
0.952,-0.035,0.020003557205200195,0.9721378973052329,-0.008611715522619575
0.935,-0.039,0.01999950408935547,0.9721378973052329,-0.008611715522619575
0.937,-0.046,0.019997835159301758,0.9721378973052329,-0.008611715522619575
0.981,0.019,0.01999354362487793,0.9426415289639294,-0.021006366048298725
0.981,0.019,0.02000141143798828,0.9426415289639294,-0.021006366048298725
0.956,-0.026,0.020009756088256836,0.9426415289639294,-0.021006366048298725
0.943,-0.019,0.019992351531982422,0.9426415289639294,-0.021006366048298725
0.973,0.018,0.019994258880615234,0.9426415289639294,-0.021006366048298725
0.958,0.001,0.02000284194946289,0.9522413013206025,-0.008498559721473616
0.956,0.001,0.020000457763671875,0.9522413013206025,-0.008498559721473616
0.916,-0.058,0.02001214027404785,0.9522413013206025,-0.008498559721473616
0.963,0.025,0.01999211311340332,0.9522413013206025,-0.008498559721473616
0.929,-0.016,0.020003318786621094,0.9522413013206025,-0.008498559721473616
0.903,-0.046,0.019995689392089844,0.9282625300585103,-0.008294178177405279
0.903,-0.046,0.019993066787719727,0.9282625300585103,-0.008294178177405279
0.932,-0.013,0.020006179809570312,0.9282625300585103,-0.008294178177405279
0.893,-0.038,0.019997596740722656,0.9282625300585103,-0.008294178177405279
0.893,-0.038,0.020000934600830078,0.9282625300585103,-0.008294178177405279
0.933,0.004,0.020008087158203125,0.9421878669956297,-0.0076520127640152934
0.912,-0.008,0.019989013671875,0.9421878669956297,-0.0076520127640152934
0.904,-0.039,0.020004749298095703,0.9421878669956297,-0.0076520127640152934
0.928,0.008,0.01999354362487793,0.9421878669956297,-0.0076520127640152934
0.928,0.008,0.0200042724609375,0.9421878669956297,-0.0076520127640152934
0.933,0.015,0.01999664306640625,0.938484380279684,-0.007657693602904627
0.933,0.015,0.020002365112304688,0.938484380279684,-0.007657693602904627
0.918,-0.011,0.019998550415039062,0.938484380279684,-0.007657693602904627
0.927,0.014,0.020640134811401367,0.938484380279684,-0.007657693602904627
0.891,-0.071,0.019359111785888672,0.938484380279684,-0.007657693602904627
0.954,0.038,0.019999265670776367,0.9297503045086494,-0.00653869860416311
0.942,0.003,0.02000594139099121,0.9297503045086494,-0.00653869860416311
0.907,-0.034,0.020009994506835938,0.9297503045086494,-0.00653869860416311
0.907,-0.034,0.019997835159301758,0.9297503045086494,-0.00653869860416311
0.952,0.014,0.019990921020507812,0.9297503045086494,-0.00653869860416311
0.911,-0.029,0.020001649856567383,0.9200702472380244,-0.0060034669315648615
0.911,-0.029,0.02001214027404785,0.9200702472380244,-0.0060034669315648615
0.945,0.016,0.01999640464782715,0.9200702472380244,-0.0060034669315648615
0.909,-0.033,0.019988536834716797,0.9200702472380244,-0.0060034669315648615
0.909,-0.033,0.02000737190246582,0.9200702472380244,-0.0060034669315648615
0.95,0.032,0.020006656646728516,0.921917306736719,-0.004669450715381532
0.948,0.033,0.01999521255493164,0.921917306736719,-0.004669450715381532
0.91,-0.037,0.019998550415039062,0.921917306736719,-0.004669450715381532
0.925,0.0,0.019999980926513672,0.921917306736719,-0.004669450715381532
0.925,0.0,0.02000260353088379,0.921917306736719,-0.004669450715381532
0.906,-0.026,0.01999187469482422,0.9226840175277397,-0.004756792274903107
0.93,0.024,0.020002126693725586,0.9226840175277397,-0.004756792274903107
0.93,0.024,0.020002126693725586,0.9226840175277397,-0.004756792274903107
0.927,0.027,0.020006656646728516,0.9226840175277397,-0.004756792274903107
0.894,-0.03,0.019993305206298828,0.9226840175277397,-0.004756792274903107
0.912,0.008,0.01999187469482422,0.9377330733640312,-0.0036829887975255607
0.912,0.008,0.020001649856567383,0.9377330733640312,-0.0036829887975255607
0.91,0.017,0.020009517669677734,0.9377330733640312,-0.0036829887975255607
0.889,-0.025,0.020006656646728516,0.9377330733640312,-0.0036829887975255607
0.904,-0.009,0.01999044418334961,0.9377330733640312,-0.0036829887975255607
0.903,-0.008,0.019993305206298828,0.904333263279359,-0.0036162105211441625
0.885,-0.046,0.01999640464782715,0.904333263279359,-0.0036162105211441625
0.911,0.002,0.020004749298095703,0.904333263279359,-0.0036162105211441625
0.912,0.003,0.020008087158203125,0.904333263279359,-0.0036162105211441625
0.883,-0.036,0.019989728927612305,0.904333263279359,-0.0036162105211441625
0.942,0.051,0.02000260353088379,0.9236968606141933,-0.0027127386418330014
0.942,0.051,0.01999664306640625,0.9236968606141933,-0.0027127386418330014
0.93,0.029,0.02001953125,0.9236968606141933,-0.0027127386418330014
0.904,-0.009,0.019984006881713867,0.9236968606141933,-0.0027127386418330014
0.904,-0.009,0.02041912078857422,0.9236968606141933,-0.0027127386418330014
0.908,-0.029,0.0195772647857666,0.91809034568171,-0.00016547387822451911
0.919,-0.004,0.020008563995361328,0.91809034568171,-0.00016547387822451911
0.95,0.031,0.019994258880615234,0.91809034568171,-0.00016547387822451911
0.95,0.031,0.01999950408935547,0.91809034568171,-0.00016547387822451911
0.95,0.031,0.01999831199645996,0.91809034568171,-0.00016547387822451911
0.92,0.005,0.020003318786621094,0.9588308653692627,0.0014151096913745662
0.925,0.016,0.0200045108795166,0.9588308653692627,0.0014151096913745662
0.889,-0.029,0.019990205764770508,0.9588308653692627,0.0014151096913745662
0.886,-0.036,0.020006179809570312,0.9588308653692627,0.0014151096913745662
0.914,-0.009,0.019994258880615234,0.9588308653692627,0.0014151096913745662
0.931,0.02,0.019997835159301758,0.9055357986310553,0.0023467260826590414
0.91,-0.029,0.02000260353088379,0.9055357986310553,0.0023467260826590414
0.919,-0.016,0.020010948181152344,0.9055357986310553,0.0023467260826590414
0.935,0.03,0.020000219345092773,0.9055357986310553,0.0023467260826590414
0.887,-0.06,0.01999068260192871,0.9055357986310553,0.0023467260826590414
0.887,-0.06,0.019997119903564453,0.9319191378761569,0.0033450645472603855
0.914,0.0,0.0200045108795166,0.9319191378761569,0.0033450645472603855
0.888,-0.034,0.020862102508544922,0.9319191378761569,0.0033450645472603855
0.87,-0.053,0.019141197204589844,0.9319191378761569,0.0033450645472603855
0.933,0.033,0.019994735717773438,0.9319191378761569,0.0033450645472603855
0.901,-0.029,0.019997358322143555,0.8894612193568278,0.005910249751334455
0.931,0.016,0.02000904083251953,0.8894612193568278,0.005910249751334455
0.924,0.008,0.01999807357788086,0.8894612193568278,0.005910249751334455
0.924,0.008,0.01999521255493164,0.8894612193568278,0.005910249751334455
0.905,-0.019,0.020000219345092773,0.8894612193568278,0.005910249751334455
0.915,0.01,0.020006179809570312,0.9371531970762215,0.007955906383540785
0.915,0.01,0.020004749298095703,0.9371531970762215,0.007955906383540785
0.882,-0.02,0.019998550415039062,0.9371531970762215,0.007955906383540785
0.912,0.004,0.020000457763671875,0.9371531970762215,0.007955906383540785
0.903,-0.009,0.019996166229248047,0.9371531970762215,0.007955906383540785
0.924,0.017,0.01999640464782715,0.9294171027435768,0.008759295830806426
0.892,-0.035,0.02001023292541504,0.9294171027435768,0.008759295830806426
0.907,-0.022,0.020004749298095703,0.9294171027435768,0.008759295830806426
0.907,-0.022,0.019986391067504883,0.9294171027435768,0.008759295830806426
0.897,-0.029,0.019998550415039062,0.9294171027435768,0.008759295830806426
0.913,-0.013,0.020008087158203125,0.9227524279232364,0.01003558801200054
0.913,-0.013,0.019990205764770508,0.9227524279232364,0.01003558801200054
0.923,0.009,0.02000570297241211,0.9227524279232364,0.01003558801200054
0.898,-0.013,0.020006418228149414,0.9227524279232364,0.01003558801200054
0.918,0.009,0.019994258880615234,0.9227524279232364,0.01003558801200054
0.918,0.009,0.01999211311340332,0.9371425412314667,0.01192974964515052
0.892,-0.031,0.020006895065307617,0.9371425412314667,0.01192974964515052
0.916,0.009,0.019993066787719727,0.9371425412314667,0.01192974964515052
0.913,0.004,0.020008325576782227,0.9371425412314667,0.01192974964515052
0.913,0.004,0.01999211311340332,0.9371425412314667,0.01192974964515052
0.896,-0.027,0.0200040340423584,0.910216965499373,0.011848473356404965
0.912,-0.005,0.020009279251098633,0.910216965499373,0.011848473356404965
0.912,-0.005,0.019991397857666016,0.910216965499373,0.011848473356404965
0.895,-0.027,0.01999521255493164,0.910216965499373,0.011848473356404965
0.908,-0.004,0.019998550415039062,0.910216965499373,0.011848473356404965
0.912,0.013,0.02000141143798828,0.9132566393229894,0.012771950954441143
0.93,0.038,0.020006179809570312,0.9132566393229894,0.012771950954441143
0.93,0.038,0.02000260353088379,0.9132566393229894,0.012771950954441143
0.909,0.007,0.019991397857666016,0.9132566393229894,0.012771950954441143
0.932,0.04,0.01999950408935547,0.9132566393229894,0.012771950954441143
0.889,-0.016,0.020005226135253906,0.9441167659441663,0.013467396012398266
0.91,0.01,0.020004987716674805,0.9441167659441663,0.013467396012398266
0.91,0.01,0.019992589950561523,0.9441167659441663,0.013467396012398266
0.894,-0.016,0.020001649856567383,0.9441167659441663,0.013467396012398266
0.917,0.015,0.020003080368041992,0.9441167659441663,0.013467396012398266
0.911,-0.005,0.019993066787719727,0.9266044118670911,0.013526632407356933
0.911,-0.005,0.020003318786621094,0.9266044118670911,0.013526632407356933
0.893,-0.035,0.020006895065307617,0.9266044118670911,0.013526632407356933
0.895,-0.018,0.019993305206298828,0.9266044118670911,0.013526632407356933
0.895,-0.018,0.020008563995361328,0.9266044118670911,0.013526632407356933
0.922,0.027,0.019974231719970703,0.9133962407963728,0.012702759684339768
0.896,-0.019,0.020015716552734375,0.9133962407963728,0.012702759684339768
0.895,-0.003,0.020015716552734375,0.9133962407963728,0.012702759684339768
0.92,0.023,0.019989967346191406,0.9133962407963728,0.012702759684339768
0.88,-0.031,0.020004987716674805,0.9133962407963728,0.012702759684339768
0.907,0.013,0.019995689392089844,0.914021156439821,0.014570602984362385
0.907,0.013,0.019994020462036133,0.914021156439821,0.014570602984362385
0.895,0.001,0.020006418228149414,0.914021156439821,0.014570602984362385
0.88,-0.015,0.020000219345092773,0.914021156439821,0.014570602984362385
0.94,0.065,0.019991636276245117,0.914021156439821,0.014570602984362385
0.87,-0.033,0.01999831199645996,0.9244958984725512,0.014006876595870759
0.87,-0.033,0.01999974250793457,0.9244958984725512,0.014006876595870759
0.882,-0.015,0.02001023292541504,0.9244958984725512,0.014006876595870759
0.881,-0.021,0.019994020462036133,0.9244958984725512,0.014006876595870759
0.903,0.0,0.020002126693725586,0.9244958984725512,0.014006876595870759
0.922,0.028,0.019994735717773438,0.9038602598940239,0.017272100708368206
0.922,0.028,0.01999950408935547,0.9038602598940239,0.017272100708368206
0.906,0.0,0.020007610321044922,0.9038602598940239,0.017272100708368206
0.906,0.0,0.019992828369140625,0.9038602598940239,0.017272100708368206
0.916,0.025,0.01999950408935547,0.9038602598940239,0.017272100708368206
0.916,0.025,0.02001500129699707,0.9262972877253934,0.018093403159250045
0.895,-0.003,0.020000696182250977,0.9262972877253934,0.018093403159250045
0.882,-0.023,0.01999640464782715,0.9262972877253934,0.018093403159250045
0.882,-0.023,0.020009756088256836,0.9262972877253934,0.018093403159250045
0.895,-0.01,0.019979476928710938,0.9262972877253934,0.018093403159250045
0.895,-0.01,0.0204164981842041,0.9163138559475925,0.01669214709921401
0.887,-0.025,0.019558429718017578,0.9163138559475925,0.01669214709921401
0.888,-0.025,0.02002692222595215,0.9163138559475925,0.01669214709921401
0.914,0.003,0.01999807357788086,0.9163138559475925,0.01669214709921401
0.945,0.065,0.02071094512939453,0.9163138559475925,0.01669214709921401
0.945,0.065,0.019303321838378906,0.9335127304090991,0.01792678167046945
0.922,0.028,0.020000219345092773,0.9335127304090991,0.01792678167046945
0.908,0.006,0.019994020462036133,0.9335127304090991,0.01792678167046945
0.894,-0.029,0.019993305206298828,0.9335127304090991,0.01792678167046945
0.894,-0.029,0.020002126693725586,0.9335127304090991,0.01792678167046945
0.941,0.035,0.019994497299194336,0.928458879407859,0.01755973340832667
0.941,0.035,0.020017147064208984,0.928458879407859,0.01755973340832667
0.929,0.014,0.019994258880615234,0.928458879407859,0.01755973340832667
0.906,-0.006,0.01999354362487793,0.928458879407859,0.01755973340832667
0.933,0.033,0.020000934600830078,0.928458879407859,0.01755973340832667
0.896,-0.017,0.019994020462036133,0.9576217397904216,0.017628992678406737
0.896,-0.017,0.02000117301940918,0.9576217397904216,0.017628992678406737
0.91,0.0,0.02001357078552246,0.9576217397904216,0.017628992678406737
0.943,0.035,0.019996166229248047,0.9576217397904216,0.017628992678406737
0.907,-0.02,0.019989728927612305,0.9576217397904216,0.017628992678406737
0.924,0.0,0.019998788833618164,0.9593037590465266,0.01609853703525674
0.924,0.0,0.020006895065307617,0.9593037590465266,0.01609853703525674
0.921,-0.015,0.0200045108795166,0.9593037590465266,0.01609853703525674
0.917,-0.029,0.01999497413635254,0.9593037590465266,0.01609853703525674
0.917,-0.029,0.019994258880615234,0.9593037590465266,0.01609853703525674
0.942,0.005,0.02001190185546875,0.9404009314809533,0.0160495593819035
0.927,-0.012,0.0199887752532959,0.9404009314809533,0.0160495593819035
0.933,0.0,0.020000696182250977,0.9404009314809533,0.0160495593819035
0.957,0.041,0.019998788833618164,0.9404009314809533,0.0160495593819035
0.925,-0.003,0.02000141143798828,0.9404009314809533,0.0160495593819035
0.933,0.016,0.019997358322143555,0.944808162801829,0.013840099590881226
0.933,0.016,0.020000457763671875,0.944808162801829,0.013840099590881226
0.922,-0.004,0.020000934600830078,0.944808162801829,0.013840099590881226
0.901,-0.019,0.01999950408935547,0.944808162801829,0.013840099590881226
0.901,-0.019,0.020007610321044922,0.944808162801829,0.013840099590881226
0.938,0.009,0.019999265670776367,0.922473858382499,0.014255784216576566
0.938,0.009,0.019995689392089844,0.922473858382499,0.014255784216576566
0.927,0.008,0.02000594139099121,0.922473858382499,0.014255784216576566
0.92,-0.005,0.01999950408935547,0.922473858382499,0.014255784216576566
0.92,-0.005,0.019999027252197266,0.922473858382499,0.014255784216576566
0.935,0.027,0.019994735717773438,0.9445615745996019,0.01193630948704408
0.889,-0.027,0.020002126693725586,0.9445615745996019,0.01193630948704408
0.889,-0.027,0.020014286041259766,0.9445615745996019,0.01193630948704408
0.928,0.018,0.019996166229248047,0.9445615745996019,0.01193630948704408
0.901,-0.012,0.019988536834716797,0.9445615745996019,0.01193630948704408
0.929,0.017,0.020002126693725586,0.9113609038304218,0.012265041364763364
0.931,0.019,0.019997119903564453,0.9113609038304218,0.012265041364763364
0.911,-0.013,0.020019054412841797,0.9113609038304218,0.012265041364763364
0.914,-0.003,0.019991159439086914,0.9113609038304218,0.012265041364763364
0.914,-0.003,0.019995450973510742,0.9113609038304218,0.012265041364763364
0.875,-0.03,0.019995450973510742,0.9323555601983589,0.009570177355133583
0.914,0.024,0.02000284194946289,0.9323555601983589,0.009570177355133583
0.886,-0.01,0.01999688148498535,0.9323555601983589,0.009570177355133583
0.917,0.025,0.019997596740722656,0.9323555601983589,0.009570177355133583
0.917,0.013,0.02000284194946289,0.9323555601983589,0.009570177355133583
0.937,0.04,0.020000696182250977,0.9078631079606303,0.008525779699949205
0.898,-0.033,0.020000219345092773,0.9078631079606303,0.008525779699949205
0.898,-0.033,0.020000696182250977,0.9078631079606303,0.008525779699949205
0.922,-0.006,0.019998550415039062,0.9078631079606303,0.008525779699949205
0.936,0.039,0.020006179809570312,0.9078631079606303,0.008525779699949205
0.897,-0.018,0.019994020462036133,0.9386069985584564,0.007038564657765266
0.924,0.019,0.020000934600830078,0.9386069985584564,0.007038564657765266
0.913,0.023,0.020011186599731445,0.9386069985584564,0.007038564657765266
0.909,0.003,0.019999027252197266,0.9386069985584564,0.007038564657765266
0.92,0.012,0.019987821578979492,0.9386069985584564,0.007038564657765266
0.907,-0.009,0.02036571502685547,0.9302731854064041,0.004819401533998398
0.945,0.041,0.019636869430541992,0.9302731854064041,0.004819401533998398
0.897,-0.044,0.020006656646728516,0.9302731854064041,0.004819401533998398
0.914,-0.017,0.020002365112304688,0.9302731854064041,0.004819401533998398
0.945,0.023,0.019994020462036133,0.9302731854064041,0.004819401533998398
0.945,0.023,0.019954442977905273,0.9309547993332826,0.0037365215852258097
0.927,-0.001,0.02003622055053711,0.9309547993332826,0.0037365215852258097
0.921,-0.016,0.020007848739624023,0.9309547993332826,0.0037365215852258097
0.896,-0.046,0.019994735717773438,0.9309547993332826,0.0037365215852258097
0.939,0.006,0.020004749298095703,0.9309547993332826,0.0037365215852258097
0.933,0.009,0.019994258880615234,0.9153896305880509,0.003909918157612448
0.919,-0.023,0.020003557205200195,0.9153896305880509,0.003909918157612448
0.919,-0.023,0.01999831199645996,0.9153896305880509,0.003909918157612448
0.919,-0.023,0.019999980926513672,0.9153896305880509,0.003909918157612448
0.92,-0.003,0.01999974250793457,0.9153896305880509,0.003909918157612448
0.927,0.014,0.01999950408935547,0.9354183564934829,0.003168537208130801
0.896,-0.026,0.020000219345092773,0.9354183564934829,0.003168537208130801
0.923,0.01,0.020005464553833008,0.9354183564934829,0.003168537208130801
0.946,0.036,0.01999664306640625,0.9354183564934829,0.003168537208130801
0.946,0.036,0.02001357078552246,0.9354183564934829,0.003168537208130801
0.954,0.046,0.019987821578979492,0.938572236805828,0.0013335307876490457
0.931,0.002,0.01999640464782715,0.938572236805828,0.0013335307876490457
0.902,-0.03,0.020017147064208984,0.938572236805828,0.0013335307876490457
0.92,0.001,0.019991636276245117,0.938572236805828,0.0013335307876490457
0.92,0.001,0.0200040340423584,0.938572236805828,0.0013335307876490457
0.896,-0.04,0.019989728927612305,0.9359534298890145,0.001352462868848087
0.931,0.009,0.019998788833618164,0.9359534298890145,0.001352462868848087
0.918,-0.01,0.020015239715576172,0.9359534298890145,0.001352462868848087
0.918,-0.01,0.01999187469482422,0.9359534298890145,0.001352462868848087
0.952,0.03,0.019993305206298828,0.9359534298890145,0.001352462868848087
0.914,-0.017,0.019999027252197266,0.9342683673815121,0.00048774587563555797
0.914,-0.017,0.020009756088256836,0.9342683673815121,0.00048774587563555797
0.935,0.009,0.01999378204345703,0.9342683673815121,0.00048774587563555797
0.935,0.009,0.020000696182250977,0.9342683673815121,0.00048774587563555797
0.936,0.014,0.020011425018310547,0.9342683673815121,0.00048774587563555797
0.921,-0.008,0.019997119903564453,0.9493643342160311,0.000850745051333213
0.931,0.0,0.019992589950561523,0.9493643342160311,0.000850745051333213
0.931,0.0,0.019997358322143555,0.9493643342160311,0.000850745051333213
0.916,-0.018,0.019997596740722656,0.9493643342160311,0.000850745051333213
0.934,-0.004,0.020011425018310547,0.9493643342160311,0.000850745051333213
0.934,-0.004,0.020002365112304688,0.9328796188119861,0.0007167797832150248
0.933,-0.01,0.019985437393188477,0.9328796188119861,0.0007167797832150248
0.918,-0.036,0.020000934600830078,0.9328796188119861,0.0007167797832150248
0.918,-0.036,0.020003557205200195,0.9328796188119861,0.0007167797832150248
0.963,0.037,0.020007848739624023,0.9328796188119861,0.0007167797832150248
0.919,-0.031,0.019989490509033203,0.9344921594554197,0.00028852560370379283
0.945,0.013,0.01999664306640625,0.9344921594554197,0.00028852560370379283
0.955,0.041,0.02000284194946289,0.9344921594554197,0.00028852560370379283
0.928,-0.016,0.02000737190246582,0.9344921594554197,0.00028852560370379283
0.943,0.01,0.020001649856567383,0.9344921594554197,0.00028852560370379283
0.949,0.026,0.01999378204345703,0.9432524430712907,0.00017097485531596232
0.925,-0.007,0.01999497413635254,0.9432524430712907,0.00017097485531596232
0.911,-0.033,0.02001023292541504,0.9432524430712907,0.00017097485531596232
0.911,-0.033,0.02000737190246582,0.9432524430712907,0.00017097485531596232
0.931,0.005,0.01998615264892578,0.9432524430712907,0.00017097485531596232
0.959,0.046,0.019995450973510742,0.9287079202418186,0.0010552153192678094
0.901,-0.039,0.0200042724609375,0.9287079202418186,0.0010552153192678094
0.901,-0.039,0.02001953125,0.9287079202418186,0.0010552153192678094
0.943,0.028,0.01998734474182129,0.9287079202418186,0.0010552153192678094
0.891,-0.047,0.019997119903564453,0.9287079202418186,0.0010552153192678094
0.914,-0.009,0.019994258880615234,0.9200203503377089,0.0007070590434288506
0.914,-0.009,0.02000737190246582,0.9200203503377089,0.0007070590434288506
0.879,-0.055,0.019991397857666016,0.9200203503377089,0.0007070590434288506
0.879,-0.055,0.02000594139099121,0.9200203503377089,0.0007070590434288506
0.908,-0.001,0.019998550415039062,0.9200203503377089,0.0007070590434288506
0.921,0.016,0.019997596740722656,0.9032523488321238,0.008219135706399339
0.896,-0.026,0.020014524459838867,0.9032523488321238,0.008219135706399339
0.902,-0.009,0.019985198974609375,0.9032523488321238,0.008219135706399339
0.928,0.033,0.019998550415039062,0.9032523488321238,0.008219135706399339
0.876,-0.044,0.020002365112304688,0.9032523488321238,0.008219135706399339
0.876,-0.044,0.02000260353088379,0.9487288363758203,0.01454858233869001
0.92,0.039,0.019994020462036133,0.9487288363758203,0.01454858233869001
0.889,-0.006,0.020000219345092773,0.9487288363758203,0.01454858233869001
0.889,-0.006,0.02000570297241211,0.9487288363758203,0.01454858233869001
0.889,-0.006,0.020006179809570312,0.9487288363758203,0.01454858233869001
0.912,0.011,0.01998734474182129,0.9124912343558348,0.008628231667960833
0.912,0.011,0.019997596740722656,0.9124912343558348,0.008628231667960833
0.901,-0.021,0.020010948181152344,0.9124912343558348,0.008628231667960833
0.909,-0.007,0.020010948181152344,0.9124912343558348,0.008628231667960833
0.903,0.003,0.019987106323242188,0.9124912343558348,0.008628231667960833
0.89,-0.019,0.01999640464782715,0.9298015902404811,0.0007713043731588114
0.897,0.004,0.020000219345092773,0.9298015902404811,0.0007713043731588114
0.913,0.022,0.020005464553833008,0.9298015902404811,0.0007713043731588114
0.901,-0.013,0.019996166229248047,0.9298015902404811,0.0007713043731588114
0.885,-0.023,0.019995450973510742,0.9298015902404811,0.0007713043731588114
0.905,0.0,0.01999807357788086,0.9195381549824624,-0.0015808663133783918
0.935,0.036,0.020000219345092773,0.9195381549824624,-0.0015808663133783918
0.886,-0.035,0.02000570297241211,0.9195381549824624,-0.0015808663133783918
0.912,-0.002,0.020003557205200195,0.9195381549824624,-0.0015808663133783918
0.943,0.037,0.019991636276245117,0.9195381549824624,-0.0015808663133783918
0.879,-0.039,0.019997835159301758,0.9072094615926806,0.00039511388176857065
0.92,0.003,0.020008087158203125,0.9072094615926806,0.00039511388176857065
0.916,0.007,0.020006895065307617,0.9072094615926806,0.00039511388176857065
0.907,-0.006,0.019995927810668945,0.9072094615926806,0.00039511388176857065
0.907,-0.006,0.019994497299194336,0.9072094615926806,0.00039511388176857065
0.907,-0.006,0.019996166229248047,0.9393761923289573,0.006362065342992417
0.922,0.026,0.01999831199645996,0.9393761923289573,0.006362065342992417
0.927,0.026,0.0200197696685791,0.9393761923289573,0.006362065342992417
0.906,-0.011,0.019992589950561523,0.9393761923289573,0.006362065342992417
0.917,0.007,0.019990921020507812,0.9393761923289573,0.006362065342992417
0.917,0.007,0.019998788833618164,0.9226415811735339,-0.005001470683270883
0.912,-0.021,0.020001649856567383,0.9226415811735339,-0.005001470683270883
0.92,-0.003,0.020006418228149414,0.9226415811735339,-0.005001470683270883
0.94,0.025,0.019998550415039062,0.9226415811735339,-0.005001470683270883
0.914,-0.003,0.01999664306640625,0.9226415811735339,-0.005001470683270883
0.902,-0.028,0.01999974250793457,0.9334745816554907,-0.008768536094114926
0.902,-0.028,0.019999980926513672,0.9334745816554907,-0.008768536094114926
0.924,0.012,0.02001047134399414,0.9334745816554907,-0.008768536094114926
0.916,-0.011,0.019989013671875,0.9334745816554907,-0.008768536094114926
0.916,-0.011,0.019999027252197266,0.9334745816554907,-0.008768536094114926
0.933,0.012,0.02000737190246582,0.9174451012084427,-0.009515644910597034
0.933,0.012,0.019997596740722656,0.9174451012084427,-0.009515644910597034
0.892,-0.057,0.020007610321044922,0.9174451012084427,-0.009515644910597034
0.948,0.038,0.019990921020507812,0.9174451012084427,-0.009515644910597034
0.902,-0.028,0.019998788833618164,0.9174451012084427,-0.009515644910597034
0.902,-0.028,0.019995927810668945,0.9571011180670818,-0.01163205166245546
0.879,-0.045,0.019999980926513672,0.9571011180670818,-0.01163205166245546
0.913,-0.009,0.0200040340423584,0.9571011180670818,-0.01163205166245546
0.934,0.034,0.020007610321044922,0.9571011180670818,-0.01163205166245546
0.882,-0.062,0.019977331161499023,0.9571011180670818,-0.01163205166245546
0.882,-0.062,0.02001643180847168,0.9264488776187401,-0.011389270331968588
0.943,0.026,0.01999640464782715,0.9264488776187401,-0.011389270331968588
0.941,0.009,0.020004749298095703,0.9264488776187401,-0.011389270331968588
0.941,0.009,0.020005226135253906,0.9264488776187401,-0.011389270331968588
0.949,0.02,0.019991636276245117,0.9264488776187401,-0.011389270331968588
0.949,0.02,0.020000219345092773,0.952820495744947,-0.011824450355046926
0.908,-0.031,0.020000457763671875,0.952820495744947,-0.011824450355046926
0.917,-0.007,0.02001166343688965,0.952820495744947,-0.011824450355046926
0.958,0.025,0.019994020462036133,0.952820495744947,-0.011824450355046926
0.916,-0.026,0.01999044418334961,0.952820495744947,-0.011824450355046926
0.927,-0.021,0.020015954971313477,0.966306272321398,-0.010450033846632387
0.966,0.031,0.01999211311340332,0.966306272321398,-0.010450033846632387
0.966,0.031,0.01999807357788086,0.966306272321398,-0.010450033846632387
0.934,-0.011,0.019999027252197266,0.966306272321398,-0.010450033846632387
0.953,0.019,0.020000219345092773,0.966306272321398,-0.010450033846632387
0.91,-0.046,0.01999807357788086,0.9730410960451763,-0.010895420687470892
0.91,-0.046,0.020003795623779297,0.9730410960451763,-0.010895420687470892
0.941,-0.014,0.02002239227294922,0.9730410960451763,-0.010895420687470892
0.937,-0.016,0.019971609115600586,0.9730410960451763,-0.010895420687470892
0.937,-0.016,0.020001649856567383,0.9730410960451763,-0.010895420687470892
0.948,-0.017,0.01999950408935547,0.9242710396829599,-0.010234430684288394
0.951,-0.008,0.01999807357788086,0.9242710396829599,-0.010234430684288394
0.984,0.014,0.0200040340423584,0.9242710396829599,-0.010234430684288394
0.916,-0.053,0.01999640464782715,0.9242710396829599,-0.010234430684288394
0.916,-0.053,0.020001888275146484,0.9242710396829599,-0.010234430684288394
0.941,-0.015,0.019998550415039062,0.9291460296957201,-0.011010134435874272
0.931,-0.013,0.01999807357788086,0.9291460296957201,-0.011010134435874272
0.949,0.012,0.020009279251098633,0.9291460296957201,-0.011010134435874272
0.926,-0.017,0.019994735717773438,0.9291460296957201,-0.011010134435874272
0.914,-0.03,0.019999265670776367,0.9291460296957201,-0.011010134435874272
0.952,0.028,0.019999027252197266,0.9581428932853323,-0.010071969582590748
0.921,-0.012,0.01999831199645996,0.9581428932853323,-0.010071969582590748
0.908,-0.037,0.0200042724609375,0.9581428932853323,-0.010071969582590748
0.951,0.023,0.019998550415039062,0.9581428932853323,-0.010071969582590748
0.913,-0.028,0.020008087158203125,0.9581428932853323,-0.010071969582590748
0.942,0.016,0.01999044418334961,0.9333562306415683,-0.010281657574656912
0.942,0.016,0.01999974250793457,0.9333562306415683,-0.010281657574656912
0.953,0.03,0.020011186599731445,0.9333562306415683,-0.010281657574656912
0.933,-0.005,0.019994735717773438,0.9333562306415683,-0.010281657574656912
0.924,-0.013,0.019996166229248047,0.9333562306415683,-0.010281657574656912
0.929,-0.008,0.019998550415039062,0.9440596355178236,-0.009272985088928761
0.933,-0.001,0.020003318786621094,0.9440596355178236,-0.009272985088928761
0.915,-0.023,0.020003795623779297,0.9440596355178236,-0.009272985088928761
0.915,-0.023,0.019995927810668945,0.9440596355178236,-0.009272985088928761
0.937,0.013,0.019997358322143555,0.9440596355178236,-0.009272985088928761
0.912,-0.01,0.02000141143798828,0.9279784041657302,-0.010379877529277954
0.912,-0.022,0.01999688148498535,0.9279784041657302,-0.010379877529277954
0.939,0.016,0.020003318786621094,0.9279784041657302,-0.010379877529277954
0.939,0.016,0.02000594139099121,0.9279784041657302,-0.010379877529277954
0.905,-0.035,0.020016193389892578,0.9279784041657302,-0.010379877529277954
0.935,0.023,0.019982337951660156,0.9249661681489858,-0.011319947450853556
0.918,0.008,0.019991636276245117,0.9249661681489858,-0.011319947450853556
0.907,-0.029,0.020010948181152344,0.9249661681489858,-0.011319947450853556
0.924,0.008,0.019996166229248047,0.9249661681489858,-0.011319947450853556
0.924,0.009,0.019995927810668945,0.9249661681489858,-0.011319947450853556
0.917,-0.016,0.019997596740722656,0.9355313114700632,-0.01057676287591042
0.921,0.003,0.020005226135253906,0.9355313114700632,-0.01057676287591042
0.921,0.003,0.019996166229248047,0.9355313114700632,-0.01057676287591042
0.929,0.003,0.020010709762573242,0.9355313114700632,-0.01057676287591042
0.948,0.035,0.019990205764770508,0.9355313114700632,-0.01057676287591042
0.948,0.035,0.019997596740722656,0.9328034325902226,-0.010680489418869232
0.921,-0.019,0.020000457763671875,0.9328034325902226,-0.010680489418869232
0.951,0.028,0.020014524459838867,0.9328034325902226,-0.010680489418869232
0.901,-0.043,0.020002126693725586,0.9328034325902226,-0.010680489418869232
0.932,-0.013,0.01998734474182129,0.9328034325902226,-0.010680489418869232
0.961,0.039,0.020000457763671875,0.9563792321533001,-0.0204994016607232
0.912,-0.044,0.02000260353088379,0.9563792321533001,-0.0204994016607232
0.935,0.0,0.0200045108795166,0.9563792321533001,-0.0204994016607232
0.951,0.023,0.019992828369140625,0.9563792321533001,-0.0204994016607232
0.939,0.0,0.01999640464782715,0.9563792321533001,-0.0204994016607232
0.909,-0.027,0.020007610321044922,0.9562601259678686,-0.02078630255343912
0.918,-0.02,0.0200045108795166,0.9562601259678686,-0.02078630255343912
0.918,-0.02,0.02000880241394043,0.9562601259678686,-0.02078630255343912
0.917,-0.033,0.01997971534729004,0.9562601259678686,-0.02078630255343912
0.933,-0.017,0.020000934600830078,0.9562601259678686,-0.02078630255343912
0.954,0.013,0.01999807357788086,0.9282488719651942,-0.016686985209074585
0.931,-0.011,0.02000284194946289,0.9282488719651942,-0.016686985209074585
0.931,-0.011,0.01999950408935547,0.9282488719651942,-0.016686985209074585
0.929,-0.033,0.020001649856567383,0.9282488719651942,-0.016686985209074585
0.956,0.028,0.01999521255493164,0.9282488719651942,-0.016686985209074585
0.956,0.014,0.01999974250793457,0.9399003833385637,-0.015342608050087678
0.916,-0.034,0.01999950408935547,0.9399003833385637,-0.015342608050087678
0.943,0.008,0.020004749298095703,0.9399003833385637,-0.015342608050087678
0.945,0.0,0.01999497413635254,0.9399003833385637,-0.015342608050087678
0.945,0.0,0.020014524459838867,0.9399003833385637,-0.015342608050087678
0.902,-0.067,0.019985675811767578,0.952424120575037,-0.014221500506380165
0.902,-0.067,0.02001047134399414,0.952424120575037,-0.014221500506380165
0.932,-0.016,0.019990921020507812,0.952424120575037,-0.014221500506380165
0.915,-0.049,0.020002365112304688,0.952424120575037,-0.014221500506380165
0.915,-0.049,0.019995450973510742,0.952424120575037,-0.014221500506380165
0.907,-0.051,0.02000284194946289,0.9414690331911685,-0.011687824649422692
0.945,-0.005,0.02000713348388672,0.9414690331911685,-0.011687824649422692
0.913,-0.03,0.020009279251098633,0.9414690331911685,-0.011687824649422692
0.933,-0.004,0.01998114585876465,0.9414690331911685,-0.011687824649422692
0.927,-0.022,0.020001649856567383,0.9414690331911685,-0.011687824649422692
0.91,-0.034,0.01999950408935547,0.9252016965739914,-0.009390596406546414
0.91,-0.034,0.02000284194946289,0.9252016965739914,-0.009390596406546414
0.924,-0.007,0.019999027252197266,0.9252016965739914,-0.009390596406546414
0.924,-0.007,0.019997119903564453,0.9252016965739914,-0.009390596406546414
0.904,-0.031,0.02002120018005371,0.9252016965739914,-0.009390596406546414
0.931,0.001,0.019981861114501953,0.935084126910486,-0.007723239696700291
0.931,0.022,0.019997596740722656,0.935084126910486,-0.007723239696700291
0.915,-0.005,0.020000696182250977,0.935084126910486,-0.007723239696700291
0.901,-0.046,0.02001047134399414,0.935084126910486,-0.007723239696700291
0.935,0.018,0.01999497413635254,0.935084126910486,-0.007723239696700291
0.933,0.004,0.019992828369140625,0.9274968980975615,-0.005983543141086313
0.933,0.004,0.01999950408935547,0.9274968980975615,-0.005983543141086313
0.932,0.013,0.020005464553833008,0.9274968980975615,-0.005983543141086313
0.932,0.013,0.02001047134399414,0.9274968980975615,-0.005983543141086313
0.897,-0.037,0.019997119903564453,0.9274968980975615,-0.005983543141086313
0.897,-0.037,0.019992589950561523,0.9437200207939658,-0.003301510868136769
0.925,0.0,0.01999378204345703,0.9437200207939658,-0.003301510868136769
0.929,0.019,0.020025253295898438,0.9437200207939658,-0.003301510868136769
0.929,0.019,0.019982337951660156,0.9437200207939658,-0.003301510868136769
0.957,0.053,0.02000570297241211,0.9437200207939658,-0.003301510868136769
0.912,-0.027,0.019990921020507812,0.9406267112253571,-0.001160216860608373
0.934,-0.01,0.020002126693725586,0.9406267112253571,-0.001160216860608373
0.94,0.017,0.020014047622680664,0.9406267112253571,-0.001160216860608373
0.935,-0.01,0.019985198974609375,0.9406267112253571,-0.001160216860608373
0.935,-0.01,0.019995689392089844,0.9406267112253571,-0.001160216860608373
0.924,-0.019,0.019999980926513672,0.9506349134644803,0.00040773333041580064
0.924,-0.019,0.02000260353088379,0.9506349134644803,0.00040773333041580064
0.961,0.035,0.020015239715576172,0.9506349134644803,0.00040773333041580064
0.961,0.035,0.01998305320739746,0.9506349134644803,0.00040773333041580064
0.937,0.003,0.020000219345092773,0.9506349134644803,0.00040773333041580064
0.951,0.019,0.02000260353088379,0.9368669834793052,0.0018674087529937473
0.899,-0.041,0.020011425018310547,0.9368669834793052,0.0018674087529937473
0.93,-0.014,0.019995927810668945,0.9368669834793052,0.0018674087529937473
0.937,0.019,0.019993066787719727,0.9368669834793052,0.0018674087529937473
0.937,0.019,0.020003557205200195,0.9368669834793052,0.0018674087529937473
0.927,-0.005,0.02001214027404785,0.9477449259882061,0.0006285856946414193
0.947,0.027,0.01998138427734375,0.9477449259882061,0.0006285856946414193
0.966,0.047,0.020002126693725586,0.9477449259882061,0.0006285856946414193
0.966,0.047,0.02000904083251953,0.9477449259882061,0.0006285856946414193
0.935,0.003,0.019990921020507812,0.9477449259882061,0.0006285856946414193
0.962,0.024,0.019995927810668945,0.9735890352625576,0.003173866889263523
0.962,0.024,0.02000117301940918,0.9735890352625576,0.003173866889263523
0.936,0.005,0.020012617111206055,0.9735890352625576,0.003173866889263523
0.977,0.03,0.019991159439086914,0.9735890352625576,0.003173866889263523
0.977,0.03,0.019995927810668945,0.9735890352625576,0.003173866889263523
0.917,-0.043,0.020000457763671875,0.9696090233594321,0.001790190155513302
0.917,-0.043,0.020006179809570312,0.9696090233594321,0.001790190155513302
0.962,0.017,0.020006418228149414,0.9696090233594321,0.001790190155513302
0.965,0.018,0.02000284194946289,0.9696090233594321,0.001790190155513302
0.935,-0.037,0.019985198974609375,0.9696090233594321,0.001790190155513302
0.935,-0.037,0.01999950408935547,0.9726406938191784,0.003658923300754708
0.971,0.021,0.01996755599975586,0.9726406938191784,0.003658923300754708
0.937,-0.039,0.020045995712280273,0.9726406938191784,0.003658923300754708
0.962,-0.003,0.019999980926513672,0.9726406938191784,0.003658923300754708
0.981,0.027,0.01998758316040039,0.9726406938191784,0.003658923300754708
0.941,-0.029,0.01999950408935547,0.9476471960315076,0.0027136531576575037
0.964,-0.005,0.019999980926513672,0.9476471960315076,0.0027136531576575037
0.993,0.035,0.020012617111206055,0.9476471960315076,0.0027136531576575037
0.993,0.035,0.019990205764770508,0.9476471960315076,0.0027136531576575037
0.953,-0.015,0.019995450973510742,0.9476471960315076,0.0027136531576575037
0.95,-0.01,0.02000260353088379,0.9969515248139712,0.0036408049975443666
0.95,-0.01,0.020002126693725586,0.9969515248139712,0.0036408049975443666
0.953,0.006,0.0200040340423584,0.9969515248139712,0.0036408049975443666
0.978,0.033,0.019994020462036133,0.9969515248139712,0.0036408049975443666
0.946,-0.021,0.020009994506835938,0.9969515248139712,0.0036408049975443666
0.946,-0.021,0.020000934600830078,0.9616173090143638,0.003177267738647994
0.948,-0.031,0.019986867904663086,0.9616173090143638,0.003177267738647994
0.948,-0.031,0.020001888275146484,0.9616173090143638,0.003177267738647994
0.978,0.023,0.020006656646728516,0.9616173090143638,0.003177267738647994
0.967,0.012,0.01999378204345703,0.9616173090143638,0.003177267738647994
0.941,-0.03,0.01999807357788086,0.9839425285414357,0.004457190858076487
0.941,-0.03,0.020005464553833008,0.9839425285414357,0.004457190858076487
0.969,0.022,0.02001023292541504,0.9839425285414357,0.004457190858076487
0.957,-0.023,0.01999354362487793,0.9839425285414357,0.004457190858076487
0.957,-0.023,0.019995927810668945,0.9839425285414357,0.004457190858076487
0.99,0.031,0.019998788833618164,0.9658550986034657,0.005874530419167945
0.958,-0.038,0.019999980926513672,0.9658550986034657,0.005874530419167945
0.975,0.006,0.020009517669677734,0.9658550986034657,0.005874530419167945
0.996,0.025,0.019997835159301758,0.9658550986034657,0.005874530419167945
0.981,0.014,0.019993305206298828,0.9658550986034657,0.005874530419167945
0.963,-0.013,0.019997596740722656,0.9994620489204565,0.004301332044695318
0.963,-0.013,0.020001649856567383,0.9994620489204565,0.004301332044695318
0.984,0.03,0.020001649856567383,0.9994620489204565,0.004301332044695318
0.965,-0.017,0.019995450973510742,0.9994620489204565,0.004301332044695318
0.958,-0.021,0.020017623901367188,0.9994620489204565,0.004301332044695318
0.958,-0.021,0.019985675811767578,0.9891792608968956,0.0055898619683819595
0.98,0.025,0.019994735717773438,0.9891792608968956,0.0055898619683819595
0.98,0.025,0.020003318786621094,0.9891792608968956,0.0055898619683819595
0.958,-0.017,0.020003080368041992,0.9891792608968956,0.0055898619683819595
0.994,0.029,0.019995927810668945,0.9891792608968956,0.0055898619683819595
0.986,0.025,0.019997835159301758,0.9661326741026984,0.003788592630969952
0.957,-0.014,0.020000696182250977,0.9661326741026984,0.003788592630969952
0.978,0.003,0.020011186599731445,0.9661326741026984,0.003788592630969952
0.978,0.02,0.019990921020507812,0.9661326741026984,0.003788592630969952
0.978,0.02,0.020000219345092773,0.9661326741026984,0.003788592630969952
0.964,-0.006,0.019997596740722656,0.9832647859038853,0.00298145173649734
0.971,0.029,0.020003795623779297,0.9832647859038853,0.00298145173649734
0.952,-0.026,0.02001357078552246,0.9832647859038853,0.00298145173649734
0.967,0.0,0.019988536834716797,0.9832647859038853,0.00298145173649734
0.985,0.021,0.019995927810668945,0.9832647859038853,0.00298145173649734
0.985,0.021,0.020003080368041992,0.9737712829967708,0.0035741625057327253
0.954,-0.028,0.01999664306640625,0.9737712829967708,0.0035741625057327253
0.954,-0.028,0.02001047134399414,0.9737712829967708,0.0035741625057327253
0.987,0.011,0.01999378204345703,0.9737712829967708,0.0035741625057327253
0.987,0.011,0.020000934600830078,0.9737712829967708,0.0035741625057327253
0.971,0.003,0.020008087158203125,0.9915933083912517,0.00491486785311588
0.971,0.003,0.01998591423034668,0.9915933083912517,0.00491486785311588
0.98,0.018,0.020003557205200195,0.9915933083912517,0.00491486785311588
0.961,-0.02,0.01999664306640625,0.9915933083912517,0.00491486785311588
0.961,-0.02,0.020005226135253906,0.9915933083912517,0.00491486785311588
0.982,0.01,0.01996779441833496,0.9850681371826931,0.003912980688960021
1.007,0.031,0.020028352737426758,0.9850681371826931,0.003912980688960021
0.959,-0.044,0.02001476287841797,0.9850681371826931,0.003912980688960021
0.974,-0.009,0.019987106323242188,0.9850681371826931,0.003912980688960021
0.992,0.019,0.01999831199645996,0.9850681371826931,0.003912980688960021
0.957,-0.02,0.019998550415039062,0.9665535839135039,0.003947124607242765
0.98,0.006,0.02000904083251953,0.9665535839135039,0.003947124607242765
0.987,0.023,0.02001357078552246,0.9665535839135039,0.003947124607242765
0.959,-0.015,0.019990921020507812,0.9665535839135039,0.003947124607242765
0.959,-0.015,0.01999211311340332,0.9665535839135039,0.003947124607242765
0.968,0.013,0.01999664306640625,0.9665976638620519,0.003852685626628568
0.983,0.028,0.020001649856567383,0.9665976638620519,0.003852685626628568
0.935,-0.036,0.019998550415039062,0.9665976638620519,0.003852685626628568
0.963,0.006,0.01999664306640625,0.9665976638620519,0.003852685626628568
0.987,0.035,0.020005464553833008,0.9665976638620519,0.003852685626628568
0.987,0.035,0.01999974250793457,0.9453641402466981,0.0028679469905967766
0.968,0.009,0.019994735717773438,0.9453641402466981,0.0028679469905967766
0.968,0.009,0.020000934600830078,0.9453641402466981,0.0028679469905967766
0.981,0.029,0.020004749298095703,0.9453641402466981,0.0028679469905967766
0.946,-0.013,0.020013093948364258,0.9453641402466981,0.0028679469905967766
0.957,-0.011,0.01998114585876465,0.9744785398344905,0.0038890018224218797
0.969,0.028,0.020000457763671875,0.9744785398344905,0.0038890018224218797
0.98,0.037,0.020018339157104492,0.9744785398344905,0.0038890018224218797
0.933,-0.033,0.019993305206298828,0.9744785398344905,0.0038890018224218797
0.952,-0.004,0.020001649856567383,0.9744785398344905,0.0038890018224218797
0.975,0.033,0.019989490509033203,0.9437394267217767,0.0036040493037953277
0.975,0.033,0.020009279251098633,0.9437394267217767,0.0036040493037953277
0.95,-0.005,0.019999265670776367,0.9437394267217767,0.0036040493037953277
0.95,-0.005,0.01999044418334961,0.9437394267217767,0.0036040493037953277
0.902,-0.045,0.019999265670776367,0.9437394267217767,0.0036040493037953277
0.902,-0.045,0.020008563995361328,0.9587474759509091,0.004239804731476859
0.942,0.025,0.02000284194946289,0.9587474759509091,0.004239804731476859
0.942,0.025,0.019989728927612305,0.9587474759509091,0.004239804731476859
0.916,-0.026,0.019997119903564453,0.9587474759509091,0.004239804731476859
0.928,-0.001,0.020000457763671875,0.9587474759509091,0.004239804731476859
0.959,0.032,0.020003318786621094,0.9517074035809037,0.00407832426285501
0.959,0.032,0.01999640464782715,0.9517074035809037,0.00407832426285501
0.944,0.014,0.019995689392089844,0.9517074035809037,0.00407832426285501
0.944,0.014,0.02000570297241211,0.9517074035809037,0.00407832426285501
0.954,0.026,0.020005226135253906,0.9517074035809037,0.00407832426285501
0.916,-0.029,0.019992589950561523,0.9534982612574057,0.004496479144561328
0.93,-0.008,0.020000934600830078,0.9534982612574057,0.004496479144561328
0.964,0.025,0.01999974250793457,0.9534982612574057,0.004496479144561328
0.964,0.025,0.020000457763671875,0.9534982612574057,0.004496479144561328
0.943,-0.007,0.020002126693725586,0.9534982612574057,0.004496479144561328
0.943,-0.007,0.01999974250793457,0.9710939694007306,0.004616596463790781
0.942,0.0,0.019999027252197266,0.9710939694007306,0.004616596463790781
0.953,0.008,0.020000219345092773,0.9710939694007306,0.004616596463790781
0.931,-0.024,0.020009756088256836,0.9710939694007306,0.004616596463790781
0.95,-0.005,0.01996612548828125,0.9710939694007306,0.004616596463790781
0.975,0.021,0.02002120018005371,0.9520724110517298,0.006014860884421705
0.922,-0.043,0.02000117301940918,0.9520724110517298,0.006014860884421705
0.949,-0.012,0.020015478134155273,0.9520724110517298,0.006014860884421705
0.948,-0.007,0.01999068260192871,0.9520724110517298,0.006014860884421705
0.971,0.02,0.01999664306640625,0.9520724110517298,0.006014860884421705
0.954,-0.001,0.02000117301940918,0.9572759308501972,0.006285137271254545
0.956,0.0,0.02054619789123535,0.9572759308501972,0.006285137271254545
0.969,0.025,0.019467830657958984,0.9572759308501972,0.006285137271254545
0.969,0.025,0.019995689392089844,0.9572759308501972,0.006285137271254545
0.939,-0.005,0.019991397857666016,0.9572759308501972,0.006285137271254545
0.937,-0.005,0.019999027252197266,0.9758724011453331,0.007400716951094362
0.937,-0.005,0.019999265670776367,0.9758724011453331,0.007400716951094362
0.934,-0.02,0.020001888275146484,0.9758724011453331,0.007400716951094362
0.951,-0.002,0.019998788833618164,0.9758724011453331,0.007400716951094362
0.951,-0.003,0.020003080368041992,0.9758724011453331,0.007400716951094362
0.954,0.004,0.020001888275146484,0.9481227984226882,0.007875916419907458
0.954,0.004,0.019994735717773438,0.9481227984226882,0.007875916419907458
0.978,0.029,0.020002365112304688,0.9481227984226882,0.007875916419907458
0.963,0.022,0.020001649856567383,0.9481227984226882,0.007875916419907458
0.937,-0.011,0.019999265670776367,0.9481227984226882,0.007875916419907458
0.937,-0.011,0.019997835159301758,0.9710500864864406,0.008178759662071168
0.97,0.04,0.01999831199645996,0.9710500864864406,0.008178759662071168
0.97,0.04,0.020015716552734375,0.9710500864864406,0.008178759662071168
0.951,-0.005,0.019995927810668945,0.9710500864864406,0.008178759662071168
0.948,-0.007,0.019988536834716797,0.9710500864864406,0.008178759662071168
0.968,0.032,0.019999027252197266,0.9775329331999887,0.00947888252485656
0.944,-0.02,0.020009517669677734,0.9775329331999887,0.00947888252485656
0.956,-0.003,0.02001333236694336,0.9775329331999887,0.00947888252485656
0.956,-0.003,0.01998114585876465,0.9775329331999887,0.00947888252485656
0.977,0.018,0.019995689392089844,0.9775329331999887,0.00947888252485656
0.956,-0.021,0.02000284194946289,0.9654910928577716,0.010391028917071953
0.961,-0.001,0.0200042724609375,0.9654910928577716,0.010391028917071953
0.975,0.013,0.019998788833618164,0.9654910928577716,0.010391028917071953
0.944,-0.021,0.019995450973510742,0.9654910928577716,0.010391028917071953
0.953,-0.009,0.020001649856567383,0.9654910928577716,0.010391028917071953
0.957,0.0,0.0200042724609375,0.9551676984791834,0.010412430738947027
0.963,0.024,0.01999521255493164,0.9551676984791834,0.010412430738947027
0.944,-0.009,0.020000457763671875,0.9551676984791834,0.010412430738947027
0.956,0.006,0.01999807357788086,0.9551676984791834,0.010412430738947027
0.966,0.021,0.020000696182250977,0.9551676984791834,0.010412430738947027
0.952,0.0,0.019996166229248047,0.9554990094252441,0.011289025517790739
0.958,0.027,0.01999974250793457,0.9554990094252441,0.011289025517790739
0.956,0.01,0.020003318786621094,0.9554990094252441,0.011289025517790739
0.936,-0.012,0.02001047134399414,0.9554990094252441,0.011289025517790739
0.936,-0.012,0.01998758316040039,0.9554990094252441,0.011289025517790739
0.905,-0.038,0.01999807357788086,0.9489434034838129,0.013077058785622014
0.979,0.051,0.01999974250793457,0.9489434034838129,0.013077058785622014
0.979,0.051,0.020010709762573242,0.9489434034838129,0.013077058785622014
0.96,0.013,0.020013809204101562,0.9489434034838129,0.013077058785622014
0.96,0.013,0.01999187469482422,0.9489434034838129,0.013077058785622014
0.936,0.0,0.0199887752532959,0.9874397653415132,0.015222948258375469
0.92,-0.029,0.019998788833618164,0.9874397653415132,0.015222948258375469
0.946,0.004,0.020012378692626953,0.9874397653415132,0.015222948258375469
0.939,0.003,0.019985675811767578,0.9874397653415132,0.015222948258375469
0.916,-0.036,0.01999807357788086,0.9874397653415132,0.015222948258375469
0.96,0.021,0.020002365112304688,0.9528952633019874,0.016274948733976054
0.986,0.049,0.019998550415039062,0.9528952633019874,0.016274948733976054
0.937,-0.032,0.020002126693725586,0.9528952633019874,0.016274948733976054
0.936,-0.015,0.02000117301940918,0.9528952633019874,0.016274948733976054
0.973,0.034,0.020009279251098633,0.9528952633019874,0.016274948733976054
0.946,-0.002,0.019994258880615234,0.9502107021298809,0.01641663256203477
0.937,-0.003,0.019992828369140625,0.9502107021298809,0.01641663256203477
0.959,0.029,0.020003795623779297,0.9502107021298809,0.01641663256203477
0.929,-0.007,0.01999807357788086,0.9502107021298809,0.01641663256203477
0.945,0.006,0.02000737190246582,0.9502107021298809,0.01641663256203477
0.966,0.044,0.019992589950561523,0.970985291133212,0.017600251277616788
0.96,0.035,0.01999807357788086,0.970985291133212,0.017600251277616788
0.96,0.035,0.020006895065307617,0.970985291133212,0.017600251277616788
0.95,0.011,0.01999354362487793,0.970985291133212,0.017600251277616788
0.95,0.011,0.019999980926513672,0.970985291133212,0.017600251277616788
0.954,0.019,0.020000219345092773,0.9628596671381834,0.016257687682335906
0.954,0.019,0.019998788833618164,0.9628596671381834,0.016257687682335906
0.95,0.001,0.020003080368041992,0.9628596671381834,0.016257687682335906
0.96,0.018,0.020003557205200195,0.9628596671381834,0.016257687682335906
0.952,0.0,0.019994020462036133,0.9628596671381834,0.016257687682335906
0.95,0.007,0.020001649856567383,0.9726211606650145,0.017721865189661897
0.969,0.024,0.020000934600830078,0.9726211606650145,0.017721865189661897
0.978,0.052,0.020015239715576172,0.9726211606650145,0.017721865189661897
0.935,-0.026,0.01999664306640625,0.9726211606650145,0.017721865189661897
0.95,0.005,0.019987821578979492,0.9726211606650145,0.017721865189661897
0.974,0.036,0.019997835159301758,0.9879426443854199,0.016360767430981877
0.974,0.036,0.0200045108795166,0.9879426443854199,0.016360767430981877
0.958,0.001,0.020005226135253906,0.9879426443854199,0.016360767430981877
0.972,0.025,0.019999265670776367,0.9879426443854199,0.016360767430981877
0.965,0.006,0.01999497413635254,0.9879426443854199,0.016360767430981877
0.965,0.008,0.019999980926513672,0.9712249836329704,0.017759920887282468
0.978,0.016,0.019999027252197266,0.9712249836329704,0.017759920887282468
0.991,0.047,0.02000284194946289,0.9712249836329704,0.017759920887282468
0.928,-0.048,0.01999640464782715,0.9712249836329704,0.017759920887282468
0.928,-0.048,0.019999027252197266,0.9712249836329704,0.017759920887282468
