# v_mps,w_radps,dt_s,cmd_v,cmd_w
-0.061,0.075,0.020007848739624023,-0.402124412500608,0.2216213615173332
-0.08,0.09,0.019994735717773438,-0.4087899725439075,0.21226386210638307
-0.115,0.112,0.020004749298095703,-0.4087899725439075,0.21226386210638307
-0.115,0.112,0.020000219345092773,-0.4087899725439075,0.21226386210638307
-0.153,0.139,0.020000934600830078,-0.4087899725439075,0.21226386210638307
-0.204,0.138,0.02000141143798828,-0.3922102600664664,0.2137192298664755
-0.207,0.185,0.019999265670776367,-0.3922102600664664,0.2137192298664755
-0.232,0.211,0.01999950408935547,-0.3922102600664664,0.2137192298664755
-0.304,0.159,0.01999688148498535,-0.3922102600664664,0.2137192298664755
-0.325,0.17,0.0200192928314209,-0.4541624233268737,0.20691131951921177
-0.325,0.17,0.01999044418334961,-0.4541624233268737,0.20691131951921177
-0.363,0.221,0.01998615264892578,-0.4541624233268737,0.20691131951921177
-0.376,0.207,0.020003080368041992,-0.4040445733610023,0.21409467366030405
-0.404,0.162,0.019995689392089844,-0.4040445733610023,0.21409467366030405
-0.404,0.162,0.020011186599731445,-0.4040445733610023,0.21409467366030405
-0.432,0.188,0.019997835159301758,-0.35244881471116163,0.2504799284571646
-0.44,0.155,0.01999497413635254,-0.35244881471116163,0.2504799284571646
-0.463,0.13,0.0200042724609375,-0.35244881471116163,0.2504799284571646
-0.423,0.218,0.020000457763671875,-0.35244881471116163,0.2504799284571646
-0.357,0.262,0.02000904083251953,-0.3318896838322929,0.20236408084619517
-0.34,0.293,0.01997661590576172,-0.3318896838322929,0.20236408084619517
-0.398,0.22,0.02000904083251953,-0.3318896838322929,0.20236408084619517
-0.404,0.222,0.019997358322143555,-0.2772146104447729,0.19627602292900834
-0.365,0.27,0.020000934600830078,-0.2772146104447729,0.19627602292900834
-0.365,0.27,0.020012855529785156,-0.2772146104447729,0.19627602292900834
-0.33,0.291,0.019990205764770508,-0.2820278915648043,0.199602235227143
-0.33,0.291,0.0200045108795166,-0.2820278915648043,0.199602235227143
-0.317,0.251,0.02000117301940918,-0.2820278915648043,0.199602235227143
-0.317,0.251,0.019979000091552734,-0.2820278915648043,0.199602235227143
-0.279,0.241,0.020007610321044922,-0.26202742313514266,0.18619996781879183
-0.275,0.223,0.020013093948364258,-0.26202742313514266,0.18619996781879183
-0.267,0.203,0.01999831199645996,-0.26202742313514266,0.18619996781879183
-0.261,0.187,0.019983768463134766,-0.24395840420006845,0.17382722820429583
-0.248,0.192,0.020003795623779297,-0.24395840420006845,0.17382722820429583
-0.24,0.183,0.020000457763671875,-0.27097538691351547,0.19014127814852516
-0.229,0.172,0.020000934600830078,-0.27097538691351547,0.19014127814852516
-0.226,0.169,0.019999265670776367,-0.27097538691351547,0.19014127814852516
-0.27,0.126,0.019992351531982422,-0.27097538691351547,0.19014127814852516
-0.27,0.126,0.020025253295898438,-0.19758182995217474,0.14068606627903296
-0.234,0.189,0.020008087158203125,-0.19758182995217474,0.14068606627903296
-0.237,0.182,0.019989967346191406,-0.19758182995217474,0.14068606627903296
-0.237,0.182,0.019984722137451172,-0.19758182995217474,0.14068606627903296
-0.229,0.203,0.020011425018310547,-0.21381402207230277,0.15165408354081003
-0.245,0.164,0.02000141143798828,-0.21381402207230277,0.15165408354081003
-0.283,0.09,0.020002365112304688,-0.21381402207230277,0.15165408354081003
-0.283,0.09,0.01999640464782715,-0.20854275278906761,0.1480966721967646
-0.283,0.09,0.020002365112304688,-0.20854275278906761,0.1480966721967646
-0.214,0.165,0.019987106323242188,-0.20854275278906761,0.1480966721967646
-0.175,0.212,0.019999980926513672,-0.20854275278906761,0.1480966721967646
-0.186,0.193,0.019998550415039062,0.5554336450438064,0.2277819441360325
-0.212,0.146,0.020006418228149414,0.5554336450438064,0.2277819441360325
-0.192,0.16,0.02000141143798828,0.5554336450438064,0.2277819441360325
-0.192,0.16,0.019998788833618164,1.0379738420080502,0.2340894949853464
-0.179,0.175,0.019996166229248047,1.0379738420080502,0.2340894949853464
-0.179,0.175,0.02000594139099121,1.0379738420080502,0.2340894949853464
-0.16,0.198,0.019994020462036133,1.1206252735664182,0.24675976399509192
-0.138,0.209,0.0200040340423584,1.1206252735664182,0.24675976399509192
-0.122,0.205,0.01999950408935547,1.1206252735664182,0.24675976399509192
-0.097,0.223,0.020004987716674805,1.0785696713939703,0.2385278742029104
-0.086,0.222,0.020008325576782227,1.0785696713939703,0.2385278742029104
-0.069,0.219,0.019986867904663086,1.0785696713939703,0.2385278742029104
0.059,0.232,0.020006895065307617,1.3003545051711092,0.22356618776537426
0.082,0.233,0.019998550415039062,1.3902477205428665,0.2277229527752945
0.103,0.228,0.02000284194946289,1.3902477205428665,0.2277229527752945
0.103,0.228,0.020003080368041992,1.3902477205428665,0.2277229527752945
0.135,0.212,0.019995927810668945,1.3902477205428665,0.2277229527752945
0.157,0.226,0.02000141143798828,1.073006917883123,0.18429570996415753
0.172,0.218,0.019995450973510742,1.073006917883123,0.18429570996415753
0.198,0.212,0.020005226135253906,1.073006917883123,0.18429570996415753
0.198,0.212,0.019982099533081055,1.3460406064763148,0.19387850173329477
0.262,0.163,0.020014047622680664,1.3460406064763148,0.19387850173329477
0.262,0.163,0.020001888275146484,1.3460406064763148,0.19387850173329477
0.315,0.131,0.019984960556030273,1.3897879305942897,0.17177317069721243
0.334,0.14,0.02001786231994629,1.3897879305942897,0.17177317069721243
0.334,0.14,0.019992589950561523,1.3897879305942897,0.17177317069721243
0.284,0.237,0.019997119903564453,1.250740214065726,0.13664347717194658
0.425,0.063,0.02003788948059082,1.250740214065726,0.13664347717194658
0.412,0.123,0.019972801208496094,1.250740214065726,0.13664347717194658
0.398,0.167,0.019995927810668945,1.250740214065726,0.13664347717194658
0.473,0.078,0.019995450973510742,1.0577972054562708,0.13630214279595113
0.473,0.078,0.020005226135253906,1.0577972054562708,0.13630214279595113
0.473,0.078,0.020001888275146484,1.0577972054562708,0.13630214279595113
0.482,0.099,0.019997358322143555,1.000320724243048,0.11193845318803002
0.482,0.099,0.020000457763671875,1.000320724243048,0.11193845318803002
0.518,0.082,0.020000219345092773,1.000320724243048,0.11193845318803002
0.552,0.075,0.020000696182250977,1.145037705653467,0.11888577418753783
0.569,0.07,0.019999265670776367,1.145037705653467,0.11888577418753783
0.586,0.083,0.019964933395385742,1.145037705653467,0.11888577418753783
0.618,0.09,0.020049571990966797,1.145037705653467,0.11888577418753783
0.618,0.09,0.019983768463134766,1.1868620927024922,0.12132480291640967
0.668,0.08,0.020005464553833008,1.1868620927024922,0.12132480291640967
0.677,0.082,0.019995689392089844,1.1868620927024922,0.12132480291640967
0.677,0.082,0.019995927810668945,1.1518702879736207,0.1164165681964607
0.71,0.068,0.01999950408935547,1.1518702879736207,0.1164165681964607
0.723,0.073,0.02000260353088379,1.1518702879736207,0.1164165681964607
0.642,0.205,0.019997596740722656,1.0940527357642644,0.10645857754284678
0.799,0.036,0.019999027252197266,1.0940527357642644,0.10645857754284678
0.754,0.109,0.0200040340423584,1.0940527357642644,0.10645857754284678
0.775,0.119,0.020002365112304688,1.0940527357642644,0.10645857754284678
0.806,0.086,0.02000594139099121,1.0995195687918655,0.10639785127676353
0.806,0.086,0.020017623901367188,1.0995195687918655,0.10639785127676353
0.851,0.074,0.019973278045654297,1.0995195687918655,0.10639785127676353
0.841,0.113,0.02000117301940918,0.9205129486273594,0.08717690181560861
0.875,0.093,0.02000904083251953,0.9205129486273594,0.08717690181560861
0.887,0.076,0.019995689392089844,0.9205129486273594,0.08717690181560861
0.874,0.108,0.01999211311340332,0.8978487498040847,0.0826087486871507
0.909,0.069,0.01999831199645996,0.8978487498040847,0.0826087486871507
0.921,0.039,0.020006895065307617,0.8978487498040847,0.0826087486871507
0.899,0.108,0.01999640464782715,0.8978487498040847,0.0826087486871507
0.922,0.09,0.01999354362487793,1.4442664084572823,0.08226643101986744
0.946,0.046,0.020010709762573242,1.4442664084572823,0.08226643101986744
0.953,0.052,0.019986867904663086,1.4442664084572823,0.08226643101986744
0.963,0.042,0.020009279251098633,1.4442664084572823,0.08226643101986744
0.943,0.096,0.020006895065307617,1.3669002793982454,0.07425219211056161
0.978,0.019,0.019994258880615234,1.3669002793982454,0.07425219211056161
0.97,0.05,0.01999807357788086,1.3669002793982454,0.07425219211056161
0.943,0.107,0.019997358322143555,1.311181212013676,0.07072051493014189
0.98,0.052,0.020001649856567383,1.311181212013676,0.07072051493014189
0.973,0.089,0.0200042724609375,1.311181212013676,0.07072051493014189
0.968,0.105,0.01999664306640625,1.3664261774074105,0.06336494200115833
1.016,0.048,0.020000934600830078,1.3664261774074105,0.06336494200115833
1.016,0.048,0.0200045108795166,1.3664261774074105,0.06336494200115833
1.025,0.066,0.019993305206298828,1.3664261774074105,0.06336494200115833
1.018,0.071,0.020009279251098633,1.1291724134141423,0.07165785130769207
1.027,0.099,0.019977807998657227,1.1291724134141423,0.07165785130769207
1.042,0.108,0.02001190185546875,1.0160353481357898,0.06291181637569801
1.067,0.064,0.019999265670776367,1.0160353481357898,0.06291181637569801
1.085,0.101,0.02000141143798828,1.0160353481357898,0.06291181637569801
1.085,0.107,0.020014286041259766,1.0160353481357898,0.06291181637569801
1.092,0.089,0.01998424530029297,0.9301028723106047,0.06252678196148585
1.111,0.062,0.019997596740722656,0.9301028723106047,0.06252678196148585
1.111,0.053,0.01999640464782715,0.9301028723106047,0.06252678196148585
1.102,0.048,0.019991636276245117,0.9301028723106047,0.06252678196148585
1.102,0.048,0.020018339157104492,1.1817259226470826,0.052489827484005734
1.078,0.033,0.019993305206298828,1.1817259226470826,0.052489827484005734
1.078,0.012,0.020003795623779297,1.1166193760945473,0.02773012851640809
1.032,0.067,0.019994020462036133,1.1166193760945473,0.02773012851640809
1.075,-0.009,0.0200040340423584,1.1166193760945473,0.02773012851640809
1.048,-0.002,0.01999187469482422,1.1166193760945473,0.02773012851640809
1.048,-0.002,0.020014286041259766,1.0842739481007824,0.031358606270537305
1.043,0.017,0.019997596740722656,1.0842739481007824,0.031358606270537305
1.043,0.017,0.02000880241394043,1.0842739481007824,0.031358606270537305
0.992,0.081,0.019989967346191406,0.7654884708080641,0.005212594303677492
1.056,-0.014,0.0199887752532959,0.7654884708080641,0.005212594303677492
0.975,0.109,0.02001357078552246,0.7654884708080641,0.005212594303677492
0.997,0.082,0.019985198974609375,0.7634264014356699,0.00426257226752791
0.997,0.082,0.020010948181152344,0.7634264014356699,0.00426257226752791
0.964,0.092,0.020003557205200195,0.7634264014356699,0.00426257226752791
0.956,0.062,0.02004265785217285,0.7634264014356699,0.00426257226752791
0.956,0.062,0.019954681396484375,1.2385598444680843,-0.0525726879491139
0.93,0.069,0.02000594139099121,1.2385598444680843,-0.0525726879491139
0.93,0.069,0.01999688148498535,1.2385598444680843,-0.0525726879491139
0.946,0.019,0.019999980926513672,1.104366904415396,-0.012579691301603383
0.954,0.002,0.020004987716674805,1.104366904415396,-0.012579691301603383
0.954,0.002,0.019987106323242188,1.104366904415396,-0.012579691301603383
0.94,0.002,0.020001888275146484,1.104366904415396,-0.012579691301603383
0.945,0.002,0.02000117301940918,0.7647743213791623,-0.026438271973870105
0.938,0.039,0.020008325576782227,0.7647743213791623,-0.026438271973870105
0.929,0.044,0.020004749298095703,0.7647743213791623,-0.026438271973870105
0.948,0.021,0.019994735717773438,0.7650625452677268,-0.028224070573338682
0.936,0.019,0.019989967346191406,0.7650625452677268,-0.028224070573338682
0.93,0.036,0.020001649856567383,0.7650625452677268,-0.028224070573338682
0.93,0.036,0.019986629486083984,0.7650625452677268,-0.028224070573338682
0.929,0.014,0.020014524459838867,0.7571775173548618,-0.04296630536458529
0.924,-0.003,0.020025014877319336,0.7571775173548618,-0.04296630536458529
0.915,-0.008,0.019976377487182617,0.7571775173548618,-0.04296630536458529
0.891,-0.014,0.019999980926513672,0.7589781690572234,-0.04331661049176272
0.886,-0.031,0.019994020462036133,0.7589781690572234,-0.04331661049176272
0.85,-0.032,0.020012617111206055,0.7589781690572234,-0.04331661049176272
0.823,-0.026,0.01999640464782715,0.7591256998662632,-0.045224306824171424
0.813,-0.046,0.019995450973510742,0.7591256998662632,-0.045224306824171424
0.771,-0.024,0.019995927810668945,0.7591256998662632,-0.045224306824171424
0.765,-0.03,0.019992351531982422,0.910109709700383,-0.07261790929358804
0.763,-0.044,0.02001500129699707,0.910109709700383,-0.07261790929358804
0.747,-0.029,0.01999497413635254,0.910109709700383,-0.07261790929358804
0.73,-0.013,0.019992351531982422,0.910109709700383,-0.07261790929358804
0.736,-0.014,0.020021677017211914,0.9116876619496032,-0.06615246551400326
0.746,-0.018,0.019996166229248047,0.9116876619496032,-0.06615246551400326
0.73,0.035,0.020002365112304688,0.9116876619496032,-0.06615246551400326
0.753,0.019,0.019992589950561523,0.979945434846209,-0.09528178988029579
0.77,0.025,0.020004749298095703,0.979945434846209,-0.09528178988029579
0.77,0.025,0.019999265670776367,0.979945434846209,-0.09528178988029579
0.778,0.019,0.019991636276245117,1.0328481921562682,-0.12334964202548518
0.778,0.019,0.02000284194946289,1.0328481921562682,-0.12334964202548518
0.778,0.019,0.0200042724609375,1.0328481921562682,-0.12334964202548518
0.823,-0.021,0.01999211311340332,1.0328481921562682,-0.12334964202548518
0.85,-0.066,0.020003557205200195,0.9797764243849838,-0.11593747485225595
0.887,-0.115,0.020003557205200195,0.9797764243849838,-0.11593747485225595
0.914,-0.149,0.020006418228149414,0.9797764243849838,-0.11593747485225595
0.919,-0.17,0.019988059997558594,0.9642211220179154,-0.13509670170519955
0.919,-0.115,0.020004987716674805,0.9642211220179154,-0.13509670170519955
0.919,-0.115,0.020001649856567383,0.9642211220179154,-0.13509670170519955
0.922,-0.092,0.01999211311340332,1.006504463691526,-0.14562500358545719
0.926,-0.079,0.020010948181152344,1.006504463691526,-0.14562500358545719
0.927,-0.06,0.01999187469482422,1.006504463691526,-0.14562500358545719
0.956,-0.071,0.01999044418334961,1.006504463691526,-0.14562500358545719
0.956,-0.071,0.020009994506835938,1.2206069070373862,-0.202974663365078
0.994,-0.071,0.020006656646728516,1.2206069070373862,-0.202974663365078
1.011,-0.08,0.01999354362487793,1.2206069070373862,-0.202974663365078
1.011,-0.08,0.01999950408935547,1.3439264396146389,-0.2150312475369395
1.044,-0.09,0.0200040340423584,1.3439264396146389,-0.2150312475369395
1.062,-0.108,0.019999980926513672,1.3439264396146389,-0.2150312475369395
1.062,-0.108,0.019987106323242188,1.3745723020282015,-0.2657262488029591
1.069,-0.135,0.020014524459838867,1.3745723020282015,-0.2657262488029591
1.084,-0.149,0.019999265670776367,1.3745723020282015,-0.2657262488029591
1.084,-0.149,0.020000219345092773,1.3745723020282015,-0.2657262488029591
1.106,-0.187,0.02000284194946289,1.1828774343237103,-0.26639027939121357
1.108,-0.2,0.01999688148498535,1.1828774343237103,-0.26639027939121357
1.129,-0.215,0.019994020462036133,1.1828774343237103,-0.26639027939121357
1.129,-0.215,0.019995689392089844,1.2590562318619587,-0.29523973996029224
1.152,-0.218,0.019998788833618164,1.2590562318619587,-0.29523973996029224
1.156,-0.221,0.020008325576782227,1.2590562318619587,-0.29523973996029224
1.167,-0.231,0.01999950408935547,1.210500408852701,-0.3248122777662818
1.199,-0.228,0.02001023292541504,1.210500408852701,-0.3248122777662818
1.254,-0.19,0.019987821578979492,1.210500408852701,-0.3248122777662818
1.315,-0.108,0.0200040340423584,1.0423100148542708,-0.34500312549301665
1.355,-0.074,0.01999974250793457,1.0423100148542708,-0.34500312549301665
1.357,-0.059,0.020002126693725586,1.0423100148542708,-0.34500312549301665
1.357,-0.059,0.0200042724609375,1.0423100148542708,-0.34500312549301665
1.394,-0.033,0.019995450973510742,1.1890159880885818,-0.3516909484954874
1.359,-0.099,0.020003080368041992,1.1890159880885818,-0.3516909484954874
1.3,-0.208,0.020000457763671875,1.1890159880885818,-0.3516909484954874
1.3,-0.208,0.02000260353088379,1.2696027956554474,-0.3227927838012263
1.324,-0.096,0.019984960556030273,1.2696027956554474,-0.3227927838012263
1.324,-0.096,0.02001023292541504,1.2696027956554474,-0.3227927838012263
1.332,-0.056,0.019997835159301758,1.2457268837787803,-0.3002478053314468
1.293,-0.179,0.02000284194946289,1.2457268837787803,-0.3002478053314468
1.277,-0.176,0.019984006881713867,1.2457268837787803,-0.3002478053314468
1.373,-0.05,0.020015478134155273,1.2457268837787803,-0.3002478053314468
1.291,-0.207,0.01999187469482422,1.3490616733296794,-0.316871685584404
1.301,-0.17,0.020004987716674805,1.3490616733296794,-0.316871685584404
1.329,-0.092,0.0200045108795166,1.3490616733296794,-0.316871685584404
1.329,-0.092,0.01999950408935547,1.3112862819242694,-0.33342951310455976
1.28,-0.158,0.02000141143798828,1.3112862819242694,-0.33342951310455976
1.32,-0.104,0.019991636276245117,1.3112862819242694,-0.33342951310455976
1.314,-0.137,0.02000594139099121,1.080099334053788,-0.3351889656974737
1.258,-0.204,0.020004749298095703,1.080099334053788,-0.3351889656974737
1.305,-0.169,0.019998788833618164,1.080099334053788,-0.3351889656974737
1.326,-0.148,0.019997119903564453,1.080099334053788,-0.3351889656974737
1.263,-0.211,0.01999831199645996,1.297886375597134,-0.3440444674047594
1.289,-0.192,0.020000219345092773,1.297886375597134,-0.3440444674047594
1.314,-0.118,0.019995450973510742,1.297886375597134,-0.3440444674047594
1.275,-0.25,0.020003080368041992,1.297886375597134,-0.3440444674047594
1.275,-0.25,0.02000904083251953,1.0508930179595775,-0.3342056561200636
1.28,-0.219,0.019987821578979492,1.0508930179595775,-0.3342056561200636
1.28,-0.219,0.020008563995361328,1.2293087901858528,-0.31564753253196387
1.337,-0.141,0.020001649856567383,1.2293087901858528,-0.31564753253196387
1.268,-0.178,0.02017951011657715,1.2293087901858528,-0.31564753253196387
1.29,-0.164,0.019808292388916016,1.2293087901858528,-0.31564753253196387
1.319,-0.119,0.01999688148498535,1.296728757492327,-0.2736161371692932
1.319,-0.119,0.019986629486083984,1.296728757492327,-0.2736161371692932
1.297,-0.204,0.02000594139099121,1.296728757492327,-0.2736161371692932
1.333,-0.145,0.020014047622680664,1.3444544428485323,-0.30973556137072306
1.3,-0.205,0.02000713348388672,1.3444544428485323,-0.30973556137072306
1.282,-0.179,0.019997358322143555,1.3444544428485323,-0.30973556137072306
1.345,-0.115,0.019989967346191406,1.069799825429853,-0.3185989776445052
1.328,-0.111,0.02000141143798828,1.069799825429853,-0.3185989776445052
1.304,-0.183,0.0200040340423584,1.069799825429853,-0.3185989776445052
1.304,-0.183,0.020000934600830078,1.069799825429853,-0.3185989776445052
1.306,-0.141,0.01999187469482422,1.0729562687693743,-0.29944551925891777
1.282,-0.205,0.02001023292541504,1.0729562687693743,-0.29944551925891777
1.269,-0.183,0.019999027252197266,1.0729562687693743,-0.29944551925891777
1.327,-0.124,0.019999027252197266,1.1253028995227154,-0.2915376989082316
1.267,-0.195,0.020011186599731445,1.1253028995227154,-0.2915376989082316
1.279,-0.202,0.019992828369140625,1.1253028995227154,-0.2915376989082316
1.279,-0.202,0.019983768463134766,1.1096967259138943,-0.29755948812009936
1.279,-0.202,0.020010709762573242,1.1096967259138943,-0.29755948812009936
1.317,-0.067,0.02000141143798828,1.1096967259138943,-0.29755948812009936
1.317,-0.067,0.019987106323242188,1.1096967259138943,-0.29755948812009936
1.246,-0.142,0.02001476287841797,0.4517309891275363,-0.3197192719380373
1.294,-0.083,0.019992828369140625,0.4517309891275363,-0.3197192719380373
1.228,-0.145,0.020000457763671875,0.4517309891275363,-0.3197192719380373
1.236,-0.139,0.020011425018310547,0.5057645566943572,-0.23982275216761612
1.278,-0.029,0.01999187469482422,0.5057645566943572,-0.23982275216761612
1.212,-0.152,0.020002365112304688,0.5057645566943572,-0.23982275216761612
1.212,-0.152,0.019991159439086914,0.5057645566943572,-0.23982275216761612
1.255,-0.026,0.02001357078552246,0.41830024754636,-0.23163014933169973
1.255,-0.026,0.01999664306640625,0.41830024754636,-0.23163014933169973
1.218,0.012,0.019985198974609375,0.41830024754636,-0.23163014933169973
1.125,-0.035,0.020011186599731445,0.4390401452518628,-0.23531645179946137
1.145,0.035,0.020000934600830078,0.4390401452518628,-0.23531645179946137
0.927,-0.225,0.020004749298095703,0.4390401452518628,-0.23531645179946137
0.927,-0.225,0.019992351531982422,0.41172647723936595,-0.2652068517456321
0.687,-0.495,0.01999640464782715,0.41172647723936595,-0.2652068517456321
0.611,-0.543,0.019999980926513672,0.41172647723936595,-0.2652068517456321
0.611,-0.543,0.01999950408935547,0.39845292557367296,-0.2191334164470937
0.736,-0.307,0.02000117301940918,0.39845292557367296,-0.2191334164470937
0.622,-0.436,0.020009279251098633,0.39845292557367296,-0.2191334164470937
0.622,-0.436,0.01999950408935547,0.39845292557367296,-0.2191334164470937
0.732,-0.16,0.019997358322143555,0.39885901772699434,-0.21914395074973428
0.64,-0.227,0.019994497299194336,0.39885901772699434,-0.21914395074973428
0.571,-0.268,0.020006895065307617,0.39885901772699434,-0.21914395074973428
0.571,-0.268,0.020000457763671875,0.42196520785529557,-0.30088778090047247
0.518,-0.288,0.020023584365844727,0.42196520785529557,-0.30088778090047247
0.597,-0.115,0.019993305206298828,0.42196520785529557,-0.30088778090047247
0.538,-0.18,0.019983768463134766,0.5150296560665663,-0.22274220904693284
0.423,-0.324,0.019999980926513672,0.5150296560665663,-0.22274220904693284
0.325,-0.455,0.019998550415039062,0.5150296560665663,-0.22274220904693284
0.325,-0.455,0.020006418228149414,0.5150296560665663,-0.22274220904693284
0.362,-0.381,0.019986867904663086,0.5057092793740116,-0.2226214384117799
0.362,-0.381,0.02000260353088379,0.5057092793740116,-0.2226214384117799
0.54,-0.04,0.0200040340423584,0.5057092793740116,-0.2226214384117799
0.519,-0.019,0.01995682716369629,0.5057092793740116,-0.2226214384117799
0.398,-0.179,0.02004218101501465,0.4442584958451278,-0.22468966830358902
0.336,-0.261,0.01998591423034668,0.4442584958451278,-0.22468966830358902
0.399,-0.189,0.020008563995361328,0.47466963859596073,-0.23577717360338166
0.399,-0.189,0.020000934600830078,0.47466963859596073,-0.23577717360338166
0.592,0.071,0.0200042724609375,0.47466963859596073,-0.23577717360338166
0.598,-0.006,0.020002365112304688,0.47466963859596073,-0.23577717360338166
0.598,-0.006,0.019994020462036133,0.5117682831513892,-0.24400129923991085
0.437,-0.242,0.020001888275146484,0.5117682831513892,-0.24400129923991085
0.388,-0.338,0.0199887752532959,0.5117682831513892,-0.24400129923991085
0.53,-0.138,0.02001023292541504,0.5927690326852718,-0.21116007709282966
0.492,-0.222,0.019997835159301758,0.5927690326852718,-0.21116007709282966
0.492,-0.222,0.019999980926513672,0.5927690326852718,-0.21116007709282966
0.628,0.002,0.01999521255493164,0.800364322221641,-0.21193362155723788
0.467,-0.281,0.0200042724609375,0.800364322221641,-0.21193362155723788
0.482,-0.294,0.020008563995361328,0.800364322221641,-0.21193362155723788
0.473,-0.306,0.02000117301940918,0.800364322221641,-0.21193362155723788
0.6,-0.149,0.02000594139099121,0.8054637327097492,-0.2133843459505734
0.6,-0.149,0.01999211311340332,0.8054637327097492,-0.2133843459505734
0.63,-0.141,0.020003557205200195,0.8054637327097492,-0.2133843459505734
0.553,-0.306,0.01999211311340332,0.8054637327097492,-0.2133843459505734
0.758,-0.028,0.020031213760375977,0.8610719514831173,-0.19183943152281863
0.758,-0.028,0.019962549209594727,0.8610719514831173,-0.19183943152281863
0.636,-0.242,0.020014524459838867,1.1879849176931996,-0.236220497439194
0.771,-0.096,0.019990921020507812,1.1879849176931996,-0.236220497439194
0.771,-0.096,0.02000904083251953,1.1879849176931996,-0.236220497439194
0.771,-0.096,0.020003795623779297,1.1879849176931996,-0.236220497439194
0.843,-0.026,0.019987821578979492,1.2673810445096552,-0.2507045771417361
0.802,-0.151,0.01999807357788086,1.2673810445096552,-0.2507045771417361
0.786,-0.176,0.020005226135253906,1.2673810445096552,-0.2507045771417361
0.845,-0.118,0.019992351531982422,1.287279723800241,-0.26199366878853
0.895,-0.125,0.02000737190246582,1.287279723800241,-0.26199366878853
0.895,-0.125,0.01999807357788086,1.287279723800241,-0.26199366878853
0.911,-0.186,0.019995689392089844,1.2981307523490304,-0.25905962556859663
0.954,-0.118,0.020005226135253906,1.2981307523490304,-0.25905962556859663
0.911,-0.229,0.019999265670776367,1.2981307523490304,-0.25905962556859663
1.012,-0.164,0.020000219345092773,1.2981307523490304,-0.25905962556859663
1.012,-0.164,0.019994497299194336,1.3704679652061467,-0.25985844737568947
0.998,-0.203,0.020005464553833008,1.3704679652061467,-0.25985844737568947
0.994,-0.229,0.01999807357788086,1.3704679652061467,-0.25985844737568947
1.084,-0.162,0.019995927810668945,1.125763346192542,-0.21715071851036313
1.078,-0.154,0.020003795623779297,1.125763346192542,-0.21715071851036313
1.071,-0.244,0.01999378204345703,1.125763346192542,-0.21715071851036313
1.114,-0.175,0.020008087158203125,1.1592150052671055,-0.18519379429859065
1.114,-0.175,0.020001649856567383,1.1592150052671055,-0.18519379429859065
1.114,-0.175,0.02000141143798828,1.1592150052671055,-0.18519379429859065
1.085,-0.237,0.020002126693725586,1.1592150052671055,-0.18519379429859065
1.155,-0.164,0.019999027252197266,1.1290225774583877,-0.19988448939005718
1.18,-0.117,0.019997835159301758,1.1290225774583877,-0.19988448939005718
1.197,-0.116,0.02000713348388672,1.1290225774583877,-0.19988448939005718
1.107,-0.258,0.019997119903564453,1.1290225774583877,-0.19988448939005718
1.188,-0.147,0.020000696182250977,1.1070990562407745,-0.1834038923586324
1.183,-0.162,0.01999640464782715,1.1070990562407745,-0.1834038923586324
1.168,-0.231,0.019999027252197266,1.1070990562407745,-0.1834038923586324
1.161,-0.16,0.020003795623779297,0.9213218072789392,-0.14040579829114502
1.198,-0.115,0.019994497299194336,0.9213218072789392,-0.14040579829114502
1.171,-0.155,0.020013093948364258,0.9213218072789392,-0.14040579829114502
1.175,-0.141,0.019992828369140625,1.0277156367795046,-0.16110798635261647
1.201,-0.051,0.019995689392089844,1.0277156367795046,-0.16110798635261647
1.19,-0.043,0.020002126693725586,1.0277156367795046,-0.16110798635261647
1.19,-0.043,0.019997119903564453,0.9042545945540451,-0.12740446519206344
1.127,-0.087,0.020006895065307617,0.9042545945540451,-0.12740446519206344
1.136,-0.041,0.020015954971313477,0.9042545945540451,-0.12740446519206344
1.136,-0.041,0.019974708557128906,0.8082759758914633,-0.11183343398367736
1.122,-0.031,0.019999980926513672,0.8082759758914633,-0.11183343398367736
1.079,-0.065,0.019997119903564453,0.8082759758914633,-0.11183343398367736
1.079,-0.065,0.02000713348388672,0.8082759758914633,-0.11183343398367736
1.05,-0.044,0.019956350326538086,1.3159343752733765,-0.14506342866550065
1.041,-0.037,0.0200350284576416,1.3159343752733765,-0.14506342866550065
1.08,0.059,0.020003795623779297,1.3159343752733765,-0.14506342866550065
1.012,-0.006,0.01999664306640625,1.4328488788510145,-0.06540187796057917
1.012,-0.006,0.020006418228149414,1.4328488788510145,-0.06540187796057917
0.991,-0.006,0.020012617111206055,1.4328488788510145,-0.06540187796057917
0.964,-0.04,0.019989728927612305,1.4328488788510145,-0.06540187796057917
0.964,-0.04,0.019997358322143555,1.451972874003496,-0.05701853228196943
0.972,-0.001,0.020000219345092773,1.451972874003496,-0.05701853228196943
0.918,-0.089,0.019996166229248047,1.451972874003496,-0.05701853228196943
0.96,-0.018,0.019995689392089844,0.9302249124318354,-0.03192655975116944
0.96,-0.018,0.020005226135253906,0.9302249124318354,-0.03192655975116944
0.986,0.015,0.020003795623779297,0.9302249124318354,-0.03192655975116944
0.949,-0.03,0.0199887752532959,1.1692186693053022,-0.049752346310543545
0.902,-0.101,0.02000904083251953,1.1692186693053022,-0.049752346310543545
0.93,-0.029,0.020005464553833008,1.1692186693053022,-0.049752346310543545
0.957,-0.013,0.020000219345092773,1.135725039910689,-0.0738679262139008
0.912,-0.086,0.019996166229248047,1.135725039910689,-0.0738679262139008
0.912,-0.086,0.0200040340423584,1.135725039910689,-0.0738679262139008
0.912,-0.086,0.019993066787719727,1.135725039910689,-0.0738679262139008
0.977,-0.015,0.019955873489379883,1.1333957591335284,-0.07346439111696912
0.945,-0.092,0.02004265785217285,1.1333957591335284,-0.07346439111696912
0.977,-0.071,0.01999354362487793,1.1333957591335284,-0.07346439111696912
1.012,-0.036,0.020011186599731445,0.8815944081086483,-0.02294665426459084
1.02,-0.054,0.019998550415039062,0.8815944081086483,-0.02294665426459084
1.05,-0.047,0.01999664306640625,0.8815944081086483,-0.02294665426459084
1.037,-0.068,0.019997835159301758,0.8082558988558931,-0.012122381493723869
1.044,-0.068,0.020002365112304688,0.8082558988558931,-0.012122381493723869
1.047,-0.037,0.020006895065307617,0.8082558988558931,-0.012122381493723869
1.054,-0.033,0.020004987716674805,0.8082558988558931,-0.012122381493723869
1.062,-0.001,0.02000880241394043,0.9262516044096121,-0.08746116671826423
1.055,-0.01,0.01999497413635254,0.9262516044096121,-0.08746116671826423
1.023,-0.058,0.019983291625976562,0.9262516044096121,-0.08746116671826423
1.023,-0.058,0.020003557205200195,0.8561331427107256,-0.07544951757741412
1.003,-0.063,0.01999664306640625,0.8561331427107256,-0.07544951757741412
1.015,-0.005,0.01999664306640625,0.8561331427107256,-0.07544951757741412
0.981,-0.039,0.020023584365844727,0.7836410488130179,-0.06212686622010224
0.976,-0.015,0.01997852325439453,0.7836410488130179,-0.06212686622010224
0.999,0.04,0.019999027252197266,0.7836410488130179,-0.06212686622010224
0.926,-0.024,0.020006656646728516,0.7836410488130179,-0.06212686622010224
0.926,-0.024,0.01999640464782715,0.7836410438413034,-0.062126865214924755
0.928,0.023,0.019998550415039062,0.7836410438413034,-0.062126865214924755
0.929,0.069,0.019994497299194336,0.7836410438413034,-0.062126865214924755
0.865,0.012,0.020011186599731445,0.8065488921495885,0.020237134526883877
0.876,0.059,0.020003795623779297,0.8065488921495885,0.020237134526883877
0.842,0.021,0.019985198974609375,0.8065488921495885,0.020237134526883877
0.842,0.029,0.019998788833618164,0.8011160029450285,0.020416733252471703
0.828,0.022,0.020016193389892578,0.8011160029450285,0.020416733252471703
0.764,-0.058,0.020002365112304688,0.8011160029450285,0.020416733252471703
0.764,-0.058,0.01999950408935547,0.8011160029450285,0.020416733252471703
0.777,-0.019,0.019992351531982422,0.9015264621632917,0.02308007574858651
0.774,-0.021,0.020005226135253906,0.9015264621632917,0.02308007574858651
0.774,-0.021,0.019999980926513672,0.9015264621632917,0.02308007574858651
0.732,-0.075,0.019985198974609375,0.8409401591999509,0.021680440312628186
0.732,-0.075,0.0200197696685791,0.8409401591999509,0.021680440312628186
0.755,-0.069,0.01999521255493164,0.8409401591999509,0.021680440312628186
0.755,-0.069,0.019989013671875,0.8545576013062117,-0.022816882253199985
0.75,-0.077,0.020003080368041992,0.8545576013062117,-0.022816882253199985
0.742,-0.086,0.019999027252197266,0.8545576013062117,-0.022816882253199985
0.721,-0.089,0.019997596740722656,0.8545576013062117,-0.022816882253199985
0.721,-0.089,0.02001047134399414,0.8492759421887148,-0.02346516090593655
0.705,-0.094,0.01999354362487793,0.8492759421887148,-0.02346516090593655
0.723,-0.069,0.019998788833618164,0.8492759421887148,-0.02346516090593655
0.723,-0.069,0.019998550415039062,0.93011416651899,0.022243911288064466
0.737,-0.054,0.01999974250793457,0.93011416651899,0.022243911288064466
0.765,-0.051,0.020003080368041992,0.93011416651899,0.022243911288064466
0.791,-0.002,0.01999974250793457,0.93011416651899,0.022243911288064466
0.813,0.007,0.019999027252197266,0.9122264205222469,0.023797973343941584
0.813,0.007,0.020005226135253906,0.9122264205222469,0.023797973343941584
0.861,0.02,0.0200042724609375,0.9122264205222469,0.023797973343941584
0.877,0.022,0.019995927810668945,0.9281609361865236,0.024348744830091175
0.895,0.009,0.02000117301940918,0.9281609361865236,0.024348744830091175
0.899,0.018,0.019989490509033203,0.9281609361865236,0.024348744830091175
0.911,0.004,0.019997596740722656,0.8833292060745631,0.024255701417888693
0.923,0.0,0.020018577575683594,0.8833292060745631,0.024255701417888693
0.922,-0.001,0.019979476928710938,0.8833292060745631,0.024255701417888693
0.922,-0.001,0.020021438598632812,1.1009434379065195,-0.009337067471515333
0.918,-0.013,0.0199887752532959,1.1009434379065195,-0.009337067471515333
0.919,-0.02,0.019997596740722656,1.1009434379065195,-0.009337067471515333
0.919,-0.02,0.020008087158203125,1.1009434379065195,-0.009337067471515333
0.923,-0.035,0.019989967346191406,1.108576966215052,0.030332415833937625
0.923,-0.035,0.019999027252197266,1.108576966215052,0.030332415833937625
0.931,-0.023,0.020007610321044922,1.108576966215052,0.030332415833937625
0.94,-0.02,0.019990205764770508,0.7609726106934288,0.021800612709572037
0.948,0.0,0.020009756088256836,0.7609726106934288,0.021800612709572037
0.958,0.0,0.0200040340423584,0.7609726106934288,0.021800612709572037
0.96,0.013,0.019997119903564453,0.7638008854218434,0.02825274400763306
0.952,0.02,0.019997835159301758,0.7638008854218434,0.02825274400763306
0.952,0.02,0.0200040340423584,0.7638008854218434,0.02825274400763306
0.93,0.019,0.01999974250793457,0.7638008854218434,0.02825274400763306
0.91,0.006,0.01999640464782715,0.7638009101059278,0.028252754672797024
0.91,0.006,0.020003318786621094,0.7638009101059278,0.028252754672797024
0.872,0.026,0.02003645896911621,0.7638009101059278,0.028252754672797024
0.842,0.032,0.019942760467529297,0.7651901103084356,0.03586708481192433
0.842,0.032,0.020014286041259766,0.7651901103084356,0.03586708481192433
0.816,0.057,0.02001166343688965,0.7651901103084356,0.03586708481192433
0.808,0.079,0.01999640464782715,0.7684512176826364,0.03184040984757323
0.808,0.079,0.019997835159301758,0.7684512176826364,0.03184040984757323
0.814,0.109,0.01999974250793457,0.7684512176826364,0.03184040984757323
0.797,0.079,0.0200040340423584,0.7684512176826364,0.03184040984757323
0.797,0.079,0.01998281478881836,0.8699113255347544,0.03555420207096952
0.783,0.056,0.020026206970214844,0.8699113255347544,0.03555420207096952
0.783,0.056,0.019982576370239258,0.8699113255347544,0.03555420207096952
0.782,0.055,0.02000713348388672,1.0050863182108791,-0.10180245059925819
0.782,0.055,0.01999950408935547,1.0050863182108791,-0.10180245059925819
0.777,0.036,0.01999974250793457,1.0050863182108791,-0.10180245059925819
0.777,0.036,0.019997835159301758,1.0990882960254744,-0.09020946485818974
0.775,-0.004,0.02000141143798828,1.0990882960254744,-0.09020946485818974
0.785,-0.062,0.020002126693725586,1.0990882960254744,-0.09020946485818974
0.785,-0.062,0.019998788833618164,1.0990882960254744,-0.09020946485818974
0.837,-0.101,0.019994020462036133,1.1052695043671443,-0.09025816038029966
0.84,-0.13,0.02000260353088379,1.1052695043671443,-0.09025816038029966
0.84,-0.13,0.019997596740722656,1.1052695043671443,-0.09025816038029966
0.879,-0.144,0.019998550415039062,1.028108842324511,0.0644207466424804
0.914,-0.134,0.020034313201904297,1.028108842324511,0.0644207466424804
0.929,-0.116,0.019971370697021484,1.028108842324511,0.0644207466424804
0.929,-0.116,0.020003557205200195,1.028108842324511,0.0644207466424804
0.911,0.01,0.01999521255493164,1.1370860081559018,0.037144845496920646
0.903,0.07,0.020002365112304688,1.1370860081559018,0.037144845496920646
0.946,0.089,0.020011425018310547,1.1370860081559018,0.037144845496920646
0.97,0.059,0.019988059997558594,1.1506384433013583,0.03614988468152815
0.97,0.059,0.01999950408935547,1.1506384433013583,0.03614988468152815
0.97,0.059,0.019998550415039062,1.1506384433013583,0.03614988468152815
1.003,0.02,0.019998550415039062,1.0286582796070576,-0.04015001663789391
1.028,-0.006,0.020019054412841797,1.0286582796070576,-0.04015001663789391
1.028,-0.006,0.019979476928710938,1.0286582796070576,-0.04015001663789391
1.077,-0.012,0.02001166343688965,1.0286582796070576,-0.04015001663789391
1.095,-0.012,0.0199887752532959,0.8479610605964397,-0.04805262162652651
1.1,-0.026,0.01999831199645996,0.8479610605964397,-0.04805262162652651
1.1,-0.026,0.020009517669677734,0.8479610605964397,-0.04805262162652651
1.106,-0.059,0.01998138427734375,0.813781371493293,-0.029377621530809066
1.107,-0.069,0.020007848739624023,0.813781371493293,-0.029377621530809066
1.083,-0.085,0.020009994506835938,0.813781371493293,-0.029377621530809066
1.083,-0.085,0.019988536834716797,1.4905062688202502,0.013230779523860212
1.041,-0.079,0.020037174224853516,1.4905062688202502,0.013230779523860212
1.041,-0.079,0.019962787628173828,1.4905062688202502,0.013230779523860212
0.962,-0.073,0.020002365112304688,1.422560102043952,0.02908711099024972
0.934,-0.038,0.019999265670776367,1.422560102043952,0.02908711099024972
0.925,-0.012,0.020028114318847656,1.422560102043952,0.02908711099024972
0.977,0.098,0.019976139068603516,1.422560102043952,0.02908711099024972
0.977,0.098,0.01999521255493164,1.4354588816401606,0.0280997277919921
1.009,0.102,0.020005464553833008,1.4354588816401606,0.0280997277919921
1.01,0.075,0.01999640464782715,1.4354588816401606,0.0280997277919921
1.01,0.075,0.01999640464782715,0.9963549747931133,0.04935142849967465
1.01,0.075,0.0200192928314209,0.9963549747931133,0.04935142849967465
1.09,0.076,0.019985437393188477,0.9963549747931133,0.04935142849967465
1.09,0.076,0.020005464553833008,0.9963549747931133,0.04935142849967465
1.06,-0.005,0.020002365112304688,1.1310695810864662,0.11688435069918672
1.049,0.014,0.019997596740722656,1.1310695810864662,0.11688435069918672
1.039,0.016,0.020001888275146484,1.1310695810864662,0.11688435069918672
1.018,0.005,0.019986867904663086,1.1456790809270267,0.11344645356068243
1.031,0.021,0.020011425018310547,1.1456790809270267,0.11344645356068243
1.006,0.019,0.020000696182250977,1.1456790809270267,0.11344645356068243
0.99,0.023,0.020006179809570312,1.0273210745358208,0.11773352340625703
0.99,0.037,0.019993305206298828,1.0273210745358208,0.11773352340625703
0.99,0.037,0.019992589950561523,1.0273210745358208,0.11773352340625703
0.988,0.066,0.02001023292541504,1.2443660180651699,0.18225164278368328
0.988,0.066,0.01999211311340332,1.2443660180651699,0.18225164278368328
1.001,0.099,0.02000284194946289,1.2443660180651699,0.18225164278368328
1.001,0.099,0.01999497413635254,1.2443660180651699,0.18225164278368328
1.043,0.175,0.02000141143798828,1.2483197910820956,0.1832461951455014
1.064,0.173,0.01999664306640625,1.2483197910820956,0.1832461951455014
1.074,0.157,0.019997835159301758,1.2483197910820956,0.1832461951455014
1.074,0.157,0.020022869110107422,1.1380011039316005,0.1452163931579726
1.076,0.114,0.01999688148498535,1.1380011039316005,0.1452163931579726
1.076,0.114,0.01998162269592285,1.1380011039316005,0.1452163931579726
1.099,0.096,0.020007848739624023,1.0914066590722389,0.17176030731713646
1.098,0.089,0.019984960556030273,1.0914066590722389,0.17176030731713646
1.109,0.092,0.020005226135253906,1.0914066590722389,0.17176030731713646
1.096,0.098,0.01999950408935547,1.0957101294070075,0.17225741434721917
1.095,0.118,0.019998788833618164,1.0957101294070075,0.17225741434721917
1.075,0.122,0.019999265670776367,1.0957101294070075,0.17225741434721917
1.075,0.119,0.019997119903564453,1.0957101294070075,0.17225741434721917
1.075,0.119,0.020007848739624023,1.040318888842818,0.17873485938335107
1.071,0.136,0.019997835159301758,1.040318888842818,0.17873485938335107
1.081,0.149,0.020000696182250977,1.040318888842818,0.17873485938335107
1.081,0.149,0.02001166343688965,1.040318888842818,0.17873485938335107
1.084,0.175,0.0199892520904541,1.1118997597649813,0.18621616377754804
1.087,0.188,0.020008325576782227,1.1118997597649813,0.18621616377754804
1.087,0.188,0.019979238510131836,1.1118997597649813,0.18621616377754804
1.124,0.15,0.020000934600830078,1.2509117425711291,0.2189253523986837
1.197,0.068,0.020014047622680664,1.2509117425711291,0.2189253523986837
1.218,0.025,0.020003795623779297,1.2509117425711291,0.2189253523986837
1.203,0.07,0.01998758316040039,1.2247532087997224,0.23254177568151976
1.203,0.07,0.01999688148498535,1.2247532087997224,0.23254177568151976
1.203,0.07,0.01999664306640625,1.2247532087997224,0.23254177568151976
1.251,0.035,0.02001023292541504,1.1658994558804598,0.233516196201393
1.248,0.038,0.02000713348388672,1.1658994558804598,0.233516196201393
1.248,0.066,0.019999265670776367,1.1658994558804598,0.233516196201393
1.21,0.13,0.019994497299194336,1.1665535343171003,0.23358462545323727
1.247,0.089,0.020006418228149414,1.1665535343171003,0.23358462545323727
1.199,0.148,0.020014286041259766,1.1665535343171003,0.23358462545323727
1.212,0.137,0.019987821578979492,1.1665535343171003,0.23358462545323727
1.253,0.066,0.01999521255493164,1.2981040659989656,0.257584094513374
1.207,0.136,0.020009517669677734,1.2981040659989656,0.257584094513374
1.183,0.179,0.01999974250793457,1.2981040659989656,0.257584094513374
1.183,0.179,0.019994258880615234,1.2981040659989656,0.257584094513374
1.202,0.116,0.02000141143798828,1.3311474004576533,0.266245752564961
1.145,0.256,0.0200045108795166,1.3311474004576533,0.266245752564961
1.244,0.136,0.01999688148498535,1.3311474004576533,0.266245752564961
1.251,0.14,0.019993305206298828,1.280101822824073,0.2742295352172057
1.228,0.202,0.019999980926513672,1.280101822824073,0.2742295352172057
1.251,0.185,0.0200045108795166,1.280101822824073,0.2742295352172057
1.234,0.193,0.0199887752532959,1.2969438110500293,0.2732546098122072
1.286,0.129,0.020016908645629883,1.2969438110500293,0.2732546098122072
1.286,0.129,0.020002365112304688,1.2969438110500293,0.2732546098122072
1.236,0.215,0.019980430603027344,1.0989740491799007,0.26155249653321955
1.211,0.281,0.020006895065307617,1.0989740491799007,0.26155249653321955
1.284,0.128,0.019995927810668945,1.0989740491799007,0.26155249653321955
1.228,0.199,0.019995927810668945,1.2563522920953056,0.2734229545496561
1.227,0.233,0.020003795623779297,1.2563522920953056,0.2734229545496561
1.227,0.233,0.01999950408935547,1.2563522920953056,0.2734229545496561
1.26,0.226,0.020009279251098633,1.2563522920953056,0.2734229545496561
1.286,0.203,0.01999521255493164,1.3133724775007223,0.244645497545105
1.261,0.255,0.020003795623779297,1.3133724775007223,0.244645497545105
1.313,0.153,0.019983291625976562,1.3133724775007223,0.244645497545105
1.294,0.195,0.020003318786621094,1.191602951385109,0.2377658835899567
1.27,0.235,0.02000880241394043,1.191602951385109,0.2377658835899567
1.281,0.203,0.020002126693725586,1.191602951385109,0.2377658835899567
1.292,0.188,0.01999807357788086,1.191602951385109,0.2377658835899567
1.281,0.222,0.02000284194946289,1.1578254025268866,0.2333967542484024
1.261,0.248,0.019998550415039062,1.1578254025268866,0.2333967542484024
1.261,0.248,0.0200042724609375,1.1578254025268866,0.2333967542484024
1.253,0.237,0.019988059997558594,1.3117740331631325,0.2378032054109019
1.274,0.185,0.020003557205200195,1.3117740331631325,0.2378032054109019
1.274,0.185,0.02000117301940918,1.3117740331631325,0.2378032054109019
1.22,0.234,0.020006179809570312,1.2697334638571363,0.21069210457223933
1.283,0.168,0.020000219345092773,1.2697334638571363,0.21069210457223933
1.278,0.152,0.01999974250793457,1.2697334638571363,0.21069210457223933
1.322,0.099,0.019991159439086914,1.2697334638571363,0.21069210457223933
1.322,0.099,0.02000904083251953,1.269387995071054,0.21200176236500254
1.297,0.112,0.019997835159301758,1.269387995071054,0.21200176236500254
1.242,0.19,0.019999027252197266,1.269387995071054,0.21200176236500254
1.246,0.172,0.020003080368041992,1.3165651265992726,0.19491751569414886
1.246,0.172,0.01999950408935547,1.3165651265992726,0.19491751569414886
1.246,0.172,0.019998550415039062,1.3165651265992726,0.19491751569414886
1.255,0.191,0.020000219345092773,1.0768763928996028,0.17469135985279732
1.297,0.226,0.01999831199645996,1.0768763928996028,0.17469135985279732
1.295,0.166,0.020002126693725586,1.0768763928996028,0.17469135985279732
1.258,0.172,0.020005226135253906,1.0768763928996028,0.17469135985279732
1.269,0.18,0.019995927810668945,1.1342200157636053,0.17512637381189786
1.269,0.18,0.0200045108795166,1.1342200157636053,0.17512637381189786
1.263,0.14,0.020000219345092773,1.1342200157636053,0.17512637381189786
1.261,0.132,0.019996166229248047,1.1342200157636053,0.17512637381189786
1.249,0.155,0.02001476287841797,0.9888457783403498,0.17142814155478975
1.214,0.166,0.019984006881713867,0.9888457783403498,0.17142814155478975
1.214,0.166,0.020027637481689453,1.0286968751108065,0.14954360093427757
1.168,0.262,0.01997232437133789,1.0286968751108065,0.14954360093427757
1.232,0.13,0.019999265670776367,1.0286968751108065,0.14954360093427757
1.223,0.092,0.01999068260192871,1.0286968751108065,0.14954360093427757
1.112,0.214,0.020009279251098633,1.0357242697020226,0.14673197640371965
1.189,0.069,0.020000219345092773,1.0357242697020226,0.14673197640371965
1.164,0.066,0.01999950408935547,1.0357242697020226,0.14673197640371965
1.101,0.122,0.019981861114501953,1.0357242697020226,0.14673197640371965
1.115,0.061,0.020031452178955078,1.0422146304318014,0.13779671455176365
1.129,0.022,0.019994497299194336,1.0422146304318014,0.13779671455176365
1.108,0.044,0.019994735717773438,1.1462426004570825,0.13280768831650316
1.054,0.109,0.019999980926513672,1.1462426004570825,0.13280768831650316
1.061,0.087,0.02000880241394043,1.1462426004570825,0.13280768831650316
1.077,0.067,0.020001888275146484,1.1462426004570825,0.13280768831650316
1.052,0.092,0.019998788833618164,1.1618326909172785,0.13305722117470986
1.061,0.078,0.019995450973510742,1.1618326909172785,0.13305722117470986
1.043,0.096,0.019993066787719727,1.1618326909172785,0.13305722117470986
1.047,0.1,0.019999027252197266,0.9652973833607057,0.117810673205085
1.047,0.1,0.02001953125,0.9652973833607057,0.117810673205085
1.073,0.074,0.02000260353088379,0.9652973833607057,0.117810673205085
1.073,0.074,0.01998138427734375,0.9652973833607057,0.117810673205085
1.083,0.074,0.019997358322143555,0.8636478896612512,0.11864293528940065
1.075,0.108,0.02000284194946289,0.8636478896612512,0.11864293528940065
1.084,0.092,0.01999664306640625,0.8636478896612512,0.11864293528940065
1.063,0.088,0.020001888275146484,0.8759706159273158,0.11527311290134616
1.028,0.165,0.019994497299194336,0.8759706159273158,0.11527311290134616
1.076,0.06,0.01999497413635254,0.8759706159273158,0.11527311290134616
1.048,0.078,0.02001047134399414,0.8501709714707824,0.11326614205356954
0.978,0.171,0.020010709762573242,0.8501709714707824,0.11326614205356954
1.041,0.053,0.01998734474182129,0.8501709714707824,0.11326614205356954
1.029,0.022,0.020002126693725586,0.8501709714707824,0.11326614205356954
0.969,0.072,0.0200045108795166,0.8967743659529405,0.09361008552237741
0.935,0.103,0.019997358322143555,0.8967743659529405,0.09361008552237741
1.0,-0.026,0.020023107528686523,0.8967743659529405,0.09361008552237741
0.962,0.003,0.01998734474182129,0.8295892737760238,0.09382233013004107
0.915,0.06,0.019982099533081055,0.8295892737760238,0.09382233013004107
0.931,0.019,0.020005226135253906,0.8295892737760238,0.09382233013004107
0.935,-0.006,0.019995927810668945,0.8295892737760238,0.09382233013004107
0.884,0.046,0.02000880241394043,0.6766234751150201,0.09711607599876991
0.884,0.046,0.019990205764770508,0.6766234751150201,0.09711607599876991
0.888,-0.012,0.020014047622680664,0.6766234751150201,0.09711607599876991
0.888,-0.012,0.02001190185546875,0.7354269769495829,0.07822149601993698
0.841,0.037,0.019978046417236328,0.7354269769495829,0.07822149601993698
0.841,0.037,0.019997596740722656,0.7354269769495829,0.07822149601993698
0.804,0.032,0.01999807357788086,0.7227478145896562,0.08239249345903107
0.794,0.014,0.02000117301940918,0.7227478145896562,0.08239249345903107
0.775,0.034,0.02002406120300293,0.7227478145896562,0.08239249345903107
0.775,0.034,0.01997208595275879,0.7227478145896562,0.08239249345903107
0.74,0.054,0.02002882957458496,0.9006490950711369,0.083084691220364
0.545,0.319,0.019978761672973633,0.9006490950711369,0.083084691220364
0.681,0.117,0.019993305206298828,0.9006490950711369,0.083084691220364
0.731,0.042,0.020014047622680664,0.8858432698875522,0.08347213328792388
0.732,0.046,0.019990205764770508,0.8858432698875522,0.08347213328792388
0.696,0.1,0.020000457763671875,0.8858432698875522,0.08347213328792388
0.751,0.022,0.019994735717773438,1.0201188025585939,0.07858933302139051
0.724,0.046,0.020006179809570312,1.0201188025585939,0.07858933302139051
0.724,0.072,0.01999950408935547,1.0201188025585939,0.07858933302139051
0.724,0.072,0.02002573013305664,1.0459438236584544,0.07416540452488223
0.75,0.082,0.0199739933013916,1.0459438236584544,0.07416540452488223
0.802,0.112,0.02000141143798828,1.0459438236584544,0.07416540452488223
0.803,0.125,0.019995927810668945,1.0459438236584544,0.07416540452488223
0.803,0.125,0.020002126693725586,1.0000108957654537,0.06490315291979044
0.84,0.119,0.020010709762573242,1.0000108957654537,0.06490315291979044
0.845,0.132,0.020008325576782227,1.0000108957654537,0.06490315291979044
0.888,0.129,0.019991159439086914,0.9984884572065216,0.06508623818462275
0.903,0.111,0.019989490509033203,0.9984884572065216,0.06508623818462275
0.937,0.097,0.020004987716674805,0.9984884572065216,0.06508623818462275
0.944,0.089,0.020002126693725586,0.9984884572065216,0.06508623818462275
0.966,0.1,0.020002365112304688,1.102184813933015,0.035629054433887246
0.973,0.073,0.02000117301940918,1.102184813933015,0.035629054433887246
0.986,0.07,0.019986391067504883,1.0405345435432265,-0.02020018028778813
1.006,0.069,0.0200040340423584,1.0405345435432265,-0.02020018028778813
1.024,0.05,0.020006179809570312,1.0405345435432265,-0.02020018028778813
1.044,0.046,0.020007610321044922,1.0405345435432265,-0.02020018028778813
1.045,0.023,0.019983291625976562,1.3505256205746845,-0.042783591266105106
1.067,0.024,0.019989490509033203,1.3505256205746845,-0.042783591266105106
1.08,0.005,0.02001214027404785,1.3505256205746845,-0.042783591266105106
1.078,0.01,0.01999211311340332,1.3505256205746845,-0.042783591266105106
1.078,0.01,0.02002239227294922,1.4297336660116224,-0.1408150153191289
1.095,0.006,0.019983768463134766,1.4297336660116224,-0.1408150153191289
1.095,0.006,0.020006418228149414,1.4377847015875207,-0.1376365418293017
1.115,-0.005,0.019997119903564453,1.4377847015875207,-0.1376365418293017
1.115,-0.005,0.019999980926513672,1.4377847015875207,-0.1376365418293017
1.115,-0.005,0.020021438598632812,1.4377847015875207,-0.1376365418293017
1.104,-0.009,0.019975662231445312,1.4128894733641746,-0.1333479560376764
1.13,-0.033,0.019997596740722656,1.4128894733641746,-0.1333479560376764
1.153,-0.057,0.02000737190246582,1.4128894733641746,-0.1333479560376764
1.17,-0.079,0.01998114585876465,1.469983494578187,-0.0148473705263412
1.193,-0.098,0.020008563995361328,1.469983494578187,-0.0148473705263412
1.225,-0.119,0.020000457763671875,1.469983494578187,-0.0148473705263412
1.225,-0.119,0.020003080368041992,1.5,0.009022330339234602
1.25,-0.124,0.02000260353088379,1.5,0.009022330339234602
1.276,-0.098,0.020000696182250977,1.5,0.009022330339234602
1.291,-0.08,0.02000594139099121,1.5,0.009022330339234602
1.302,-0.078,0.019995927810668945,0.8388324826442418,0.05409323056615173
1.315,-0.069,0.019997119903564453,0.8388324826442418,0.05409323056615173
1.337,-0.06,0.020018577575683594,0.8388324826442418,0.05409323056615173
1.324,-0.023,0.019991159439086914,0.8388324826442418,0.05409323056615173
1.318,0.013,0.01999831199645996,1.5,-0.24001852735098653
1.317,0.025,0.020000219345092773,1.5,-0.24001852735098653
1.335,0.033,0.020020484924316406,1.5,-0.24001852735098653
1.335,0.033,0.01996922492980957,1.4531950735784112,-0.20183417610528928
1.35,0.062,0.020004749298095703,1.4531950735784112,-0.20183417610528928
1.35,0.062,0.020002126693725586,1.4531950735784112,-0.20183417610528928
1.377,0.03,0.01999688148498535,1.456963315586818,-0.20251575781630507
1.377,0.03,0.019997835159301758,1.456963315586818,-0.20251575781630507
1.417,-0.038,0.019999265670776367,1.456963315586818,-0.20251575781630507
1.424,-0.059,0.020008325576782227,1.3830144046975728,-0.2494580203180408
1.451,-0.076,0.01999807357788086,1.3830144046975728,-0.2494580203180408
1.453,-0.087,0.019997835159301758,1.3830144046975728,-0.2494580203180408
1.442,-0.092,0.020000457763671875,1.3541377681396882,-0.27805278541946027
1.442,-0.092,0.019997596740722656,1.3541377681396882,-0.27805278541946027
1.42,-0.132,0.020002365112304688,1.3541377681396882,-0.27805278541946027
1.401,-0.179,0.020003557205200195,1.3541377681396882,-0.27805278541946027
1.401,-0.179,0.01999664306640625,1.3786876759978426,-0.2741606253162607
1.354,-0.223,0.02000141143798828,1.3786876759978426,-0.2741606253162607
1.354,-0.223,0.019999265670776367,1.3786876759978426,-0.2741606253162607
1.352,-0.271,0.02000594139099121,1.3416554879326354,-0.2773150787098338
1.356,-0.266,0.01999378204345703,1.3416554879326354,-0.2773150787098338
1.356,-0.266,0.020004749298095703,1.3416554879326354,-0.2773150787098338
1.389,-0.224,0.01999068260192871,1.360407698790333,-0.2728134189938687
1.476,-0.104,0.020009756088256836,1.360407698790333,-0.2728134189938687
1.545,0.032,0.01998424530029297,1.360407698790333,-0.2728134189938687
1.545,0.032,0.02001023292541504,1.360407698790333,-0.2728134189938687
1.49,-0.048,0.019997119903564453,1.3957687567832209,-0.2877652852889689
1.481,-0.074,0.020030975341796875,1.3957687567832209,-0.2877652852889689
1.481,-0.074,0.019977807998657227,1.3957687567832209,-0.2877652852889689
1.524,-0.019,0.019992589950561523,1.3957687567832209,-0.2877652852889689
1.523,-0.035,0.020009517669677734,1.3805717453478934,-0.2323806126307895
1.447,-0.104,0.019994258880615234,1.3805717453478934,-0.2323806126307895
1.515,-0.039,0.01999688148498535,1.3076646583506264,-0.2856179481453899
1.356,-0.228,0.020000457763671875,1.3076646583506264,-0.2856179481453899
1.467,-0.057,0.0200045108795166,1.3076646583506264,-0.2856179481453899
1.424,-0.174,0.01999640464782715,1.3076646583506264,-0.2856179481453899
1.337,-0.255,0.0200042724609375,1.2450481549848573,-0.21423248192792532
1.396,-0.157,0.019999980926513672,1.2450481549848573,-0.21423248192792532
1.407,-0.145,0.02000117301940918,1.2450481549848573,-0.21423248192792532
1.407,-0.145,0.01999688148498535,1.2088231957398503,-0.1983144762886425
1.375,-0.152,0.01999974250793457,1.2088231957398503,-0.1983144762886425
1.395,-0.056,0.01999831199645996,1.2088231957398503,-0.1983144762886425
1.328,-0.116,0.019992351531982422,1.2088231957398503,-0.1983144762886425
1.328,-0.116,0.02000260353088379,1.1031181147788145,-0.1661258545819876
1.288,-0.152,0.02001643180847168,1.1031181147788145,-0.1661258545819876
1.289,-0.104,0.01998448371887207,1.1031181147788145,-0.1661258545819876
1.333,-0.025,0.020008087158203125,0.9342989406111329,-0.1434515989918654
1.333,-0.025,0.019999027252197266,0.9342989406111329,-0.1434515989918654
1.264,-0.085,0.0200040340423584,0.9342989406111329,-0.1434515989918654
1.278,-0.001,0.019992351531982422,1.16438053508963,-0.22319140116898267
1.198,-0.072,0.019994497299194336,1.16438053508963,-0.22319140116898267
1.175,-0.066,0.020002365112304688,1.16438053508963,-0.22319140116898267
1.24,0.034,0.0200042724609375,0.9948199070769936,-0.2599520465738143
1.124,-0.089,0.019997358322143555,0.9948199070769936,-0.2599520465738143
1.149,-0.087,0.020015954971313477,0.9948199070769936,-0.2599520465738143
1.174,-0.021,0.01998615264892578,0.9948199070769936,-0.2599520465738143
1.145,-0.054,0.02001643180847168,1.015962368877937,-0.2593944246984285
1.069,-0.154,0.01997828483581543,1.015962368877937,-0.2593944246984285
1.109,-0.08,0.020002126693725586,1.015962368877937,-0.2593944246984285
1.135,-0.033,0.01999807357788086,1.1219350397952952,-0.17597024930637087
1.056,-0.135,0.020006656646728516,1.1219350397952952,-0.17597024930637087
1.08,-0.071,0.020000696182250977,1.1219350397952952,-0.17597024930637087
1.08,-0.071,0.01999068260192871,1.0232743037956895,-0.13553351478027992
1.071,-0.104,0.02000713348388672,1.0232743037956895,-0.13553351478027992
1.064,-0.095,0.020001649856567383,1.0232743037956895,-0.13553351478027992
1.064,-0.095,0.01999211311340332,1.0232743037956895,-0.13553351478027992
1.056,-0.086,0.019998550415039062,1.025487754430924,-0.1363278798676297
1.056,-0.086,0.020004749298095703,1.025487754430924,-0.1363278798676297
1.001,-0.173,0.020000457763671875,1.025487754430924,-0.1363278798676297
1.021,-0.137,0.01999807357788086,1.031204382433371,-0.1591788949642088
1.021,-0.137,0.02000260353088379,1.031204382433371,-0.1591788949642088
1.032,-0.093,0.01999831199645996,1.031204382433371,-0.1591788949642088
1.056,-0.087,0.020004749298095703,1.3739414263611391,-0.25299235124582437
1.073,-0.04,0.020006179809570312,1.3739414263611391,-0.25299235124582437
1.045,-0.078,0.019994258880615234,1.3739414263611391,-0.25299235124582437
1.066,-0.113,0.020000457763671875,1.3739414263611391,-0.25299235124582437
1.09,-0.07,0.01999044418334961,1.3138129109013665,-0.2664520626251582
1.098,-0.088,0.0200040340423584,1.3138129109013665,-0.2664520626251582
1.043,-0.193,0.019995450973510742,1.3138129109013665,-0.2664520626251582
1.099,-0.159,0.02000117301940918,1.3290287182730565,-0.21875836128539278
1.099,-0.159,0.0200045108795166,1.3290287182730565,-0.21875836128539278
1.124,-0.143,0.019993066787719727,1.3290287182730565,-0.21875836128539278
1.124,-0.143,0.019995450973510742,1.3813511022168945,-0.20279032108156206
1.143,-0.172,0.020007848739624023,1.3813511022168945,-0.20279032108156206
1.199,-0.118,0.0200045108795166,1.3813511022168945,-0.20279032108156206
1.193,-0.22,0.020002365112304688,1.3813511022168945,-0.20279032108156206
1.207,-0.18,0.019993305206298828,1.2308168091156186,-0.21223276881112219
1.207,-0.18,0.020002126693725586,1.2308168091156186,-0.21223276881112219
1.23,-0.129,0.019997358322143555,1.2308168091156186,-0.21223276881112219
1.23,-0.129,0.02000141143798828,1.151498728891299,-0.21587674300420007
1.194,-0.171,0.02000594139099121,1.151498728891299,-0.21587674300420007
1.194,-0.171,0.019992828369140625,1.151498728891299,-0.21587674300420007
1.234,-0.142,0.020003080368041992,1.120973758715262,-0.2036362616732163
1.2,-0.244,0.01999974250793457,1.120973758715262,-0.2036362616732163
1.273,-0.117,0.02000141143798828,1.120973758715262,-0.2036362616732163
1.259,-0.108,0.019995450973510742,1.120973758715262,-0.2036362616732163
1.259,-0.108,0.02000594139099121,1.1266620529712343,-0.20437797820065348
1.288,-0.075,0.01999521255493164,1.1266620529712343,-0.20437797820065348
1.274,-0.063,0.02000117301940918,1.1266620529712343,-0.20437797820065348
1.2,-0.176,0.01998758316040039,0.9920695321130476,-0.09249651061450957
1.193,-0.162,0.020010948181152344,0.9920695321130476,-0.09249651061450957
1.26,-0.055,0.020000457763671875,0.9920695321130476,-0.09249651061450957
1.228,-0.063,0.020003318786621094,0.9147767002196339,-0.08034876436479349
1.148,-0.146,0.019997835159301758,0.9147767002196339,-0.08034876436479349
1.231,0.003,0.02000141143798828,0.9147767002196339,-0.08034876436479349
1.177,-0.02,0.01999640464782715,0.9147767002196339,-0.08034876436479349
1.094,-0.122,0.019992828369140625,0.9146286664082752,-0.08033914239318604
1.094,-0.122,0.020014047622680664,0.9146286664082752,-0.08033914239318604
1.094,-0.122,0.01999688148498535,0.9146286664082752,-0.08033914239318604
1.118,0.008,0.019997358322143555,1.3424502288687834,-0.22944080303000247
1.073,-0.004,0.020013093948364258,1.3424502288687834,-0.22944080303000247
1.04,0.007,0.020019054412841797,1.3424502288687834,-0.22944080303000247
1.04,0.007,0.019974231719970703,1.3902439054326754,-0.1388585922379292
1.05,0.051,0.01999950408935547,1.3902439054326754,-0.1388585922379292
0.961,-0.124,0.019994735717773438,1.3902439054326754,-0.1388585922379292
1.059,0.031,0.01999211311340332,1.3902439054326754,-0.1388585922379292
1.006,-0.061,0.01999664306640625,1.440258649473063,-0.13127983077881128
0.977,-0.126,0.02001023292541504,1.440258649473063,-0.13127983077881128
1.037,-0.021,0.020000696182250977,1.440258649473063,-0.13127983077881128
1.033,-0.036,0.020000934600830078,0.9899452286778857,-0.07409718779162362
0.945,-0.139,0.02001357078552246,0.9899452286778857,-0.07409718779162362
1.016,-0.047,0.019994020462036133,0.9899452286778857,-0.07409718779162362
0.979,-0.081,0.01999807357788086,0.8961604394707258,-0.08658889241447515
0.975,-0.093,0.020003318786621094,0.8961604394707258,-0.08658889241447515
0.975,-0.093,0.019993066787719727,0.8961604394707258,-0.08658889241447515
0.996,-0.069,0.020004987716674805,0.8961604394707258,-0.08658889241447515
1.003,-0.072,0.01999974250793457,0.896997223560146,-0.08665406220863657
1.005,-0.05,0.0199887752532959,0.896997223560146,-0.08665406220863657
1.005,-0.05,0.020012855529785156,0.896997223560146,-0.08665406220863657
1.005,-0.05,0.01999640464782715,1.1466275074859413,0.09947824592024679
0.935,-0.154,0.020000934600830078,1.1466275074859413,0.09947824592024679
1.015,-0.007,0.019999027252197266,1.1466275074859413,0.09947824592024679
0.986,-0.039,0.0200045108795166,1.1466275074859413,0.09947824592024679
0.983,-0.03,0.019989013671875,1.1466275074859413,0.09947824592024679
0.973,-0.038,0.019995689392089844,-0.5987771017043978,-0.15408169553690457
0.982,0.002,0.020081281661987305,-0.5987771017043978,-0.15408169553690457
0.982,0.002,0.01992344856262207,-0.5987771017043978,-0.15408169553690457
0.998,0.055,0.020002365112304688,-0.40168120904070864,-0.06787521093977558
0.931,-0.031,0.02000260353088379,-0.40168120904070864,-0.06787521093977558
0.916,-0.042,0.019989490509033203,-0.40168120904070864,-0.06787521093977558
0.916,-0.042,0.020001649856567383,0.8808760474418195,-0.013800909974158443
0.944,0.031,0.019995927810668945,0.8808760474418195,-0.013800909974158443
0.898,-0.007,0.020007610321044922,0.7636828221733866,-0.0022780104456201614
0.898,-0.007,0.019998788833618164,0.7636828221733866,-0.0022780104456201614
0.846,-0.018,0.020003557205200195,0.7636828221733866,-0.0022780104456201614
0.846,-0.018,0.01999664306640625,0.7636828221733866,-0.0022780104456201614
0.8,-0.026,0.01999378204345703,0.7636828221733866,-0.0022780104456201614
0.791,-0.016,0.020006895065307617,0.7636828221733866,-0.0022780104456201614
0.817,0.048,0.0200040340423584,0.7636828221733866,-0.0022780104456201614
0.817,0.048,0.01998448371887207,0.7662480290554662,-0.021088660041776855
0.771,-0.006,0.020009994506835938,0.7662480290554662,-0.021088660041776855
0.76,-0.002,0.02001023292541504,0.7662480290554662,-0.021088660041776855
0.741,-0.032,0.01999211311340332,0.512964456711572,-0.13682252735774456
0.757,-0.001,0.0200040340423584,0.512964456711572,-0.13682252735774456
0.768,0.026,0.019999265670776367,0.512964456711572,-0.13682252735774456
0.768,0.026,0.020020723342895508,0.512964456711572,-0.13682252735774456
0.624,-0.192,0.019994497299194336,0.7447118114157583,-0.17373294676767304
0.624,-0.192,0.019984722137451172,0.7447118114157583,-0.17373294676767304
0.539,-0.272,0.019999980926513672,0.7447118114157583,-0.17373294676767304
0.688,-0.07,0.020002365112304688,1.0169804642638929,-0.14927832908370592
0.708,-0.033,0.020004749298095703,1.0169804642638929,-0.14927832908370592
0.668,-0.094,0.019998550415039062,1.0169804642638929,-0.14927832908370592
0.706,-0.047,0.019991636276245117,0.9951401002426593,-0.14894961746939164
0.7,-0.061,0.02000570297241211,0.9951401002426593,-0.14894961746939164
0.727,-0.046,0.019997596740722656,0.9951401002426593,-0.14894961746939164
0.751,-0.061,0.01999807357788086,0.9951401002426593,-0.14894961746939164
0.73,-0.117,0.020001888275146484,1.0090744658821895,-0.14710427130624854
0.748,-0.159,0.020000219345092773,1.0090744658821895,-0.14710427130624854
0.748,-0.159,0.019997596740722656,1.0090744658821895,-0.14710427130624854
0.748,-0.159,0.020008563995361328,0.9203517687939221,-0.12572556632380882
0.826,-0.146,0.019994258880615234,0.9203517687939221,-0.12572556632380882
0.826,-0.146,0.020001649856567383,0.9203517687939221,-0.12572556632380882
0.861,-0.126,0.019999265670776367,1.3984240502309337,-0.15006242026148378
0.883,-0.1,0.02000570297241211,1.3984240502309337,-0.15006242026148378
0.914,-0.117,0.019988298416137695,1.3984240502309337,-0.15006242026148378
0.914,-0.117,0.020010709762573242,1.3984240502309337,-0.15006242026148378
0.946,-0.097,0.019994258880615234,1.2213998741753225,-0.14687320787755673
0.946,-0.097,0.02000880241394043,1.2213998741753225,-0.14687320787755673
0.989,-0.09,0.020032644271850586,1.2213998741753225,-0.14687320787755673
1.01,-0.119,0.019941329956054688,1.199841791236665,-0.13510418382662864
1.01,-0.119,0.020011186599731445,1.199841791236665,-0.13510418382662864
1.058,-0.082,0.02001214027404785,1.199841791236665,-0.13510418382662864
1.058,-0.082,0.020000219345092773,1.1210490495830832,-0.11120115781254206
1.091,-0.072,0.019994497299194336,1.1210490495830832,-0.11120115781254206
1.122,-0.073,0.01999950408935547,1.1210490495830832,-0.11120115781254206
1.138,-0.076,0.019999265670776367,1.1210490495830832,-0.11120115781254206
1.138,-0.078,0.019991397857666016,1.0085687879624423,-0.11956085592405649
1.138,-0.078,0.020006656646728516,1.0085687879624423,-0.11956085592405649
1.169,-0.051,0.019998788833618164,1.0085687879624423,-0.11956085592405649
1.09,-0.147,0.019999980926513672,0.9267400719893415,-0.10803028833542239
1.09,-0.147,0.020009517669677734,0.9267400719893415,-0.10803028833542239
1.161,-0.038,0.01999211311340332,0.9267400719893415,-0.10803028833542239
1.161,-0.038,0.01999378204345703,0.8584329167350775,-0.10722597945284704
1.09,-0.142,0.019998788833618164,0.8584329167350775,-0.10722597945284704
1.117,-0.056,0.02000141143798828,0.8584329167350775,-0.10722597945284704
1.117,-0.056,0.02000260353088379,0.8584329167350775,-0.10722597945284704
1.068,-0.056,0.019997596740722656,1.4487314791131107,-0.12136084705624037
1.039,-0.033,0.020003795623779297,1.4487314791131107,-0.12136084705624037
1.081,0.075,0.020000934600830078,1.4487314791131107,-0.12136084705624037
1.081,0.075,0.020006895065307617,1.4487314791131107,-0.12136084705624037
1.021,0.026,0.01999974250793457,1.309040963071909,-0.0008268250382690917
1.021,0.058,0.019997835159301758,1.309040963071909,-0.0008268250382690917
0.972,-0.033,0.019989967346191406,1.4515211805282378,0.03937815711412239
0.947,-0.07,0.020002365112304688,1.4515211805282378,0.03937815711412239
0.947,-0.07,0.020003080368041992,1.4515211805282378,0.03937815711412239
0.981,-0.013,0.020000457763671875,1.4515211805282378,0.03937815711412239
1.002,0.014,0.01999521255493164,1.3410542794553366,0.03643510143856179
1.002,0.014,0.020003080368041992,1.3410542794553366,0.03643510143856179
0.939,-0.06,0.020000934600830078,1.3410542794553366,0.03643510143856179
0.956,-0.012,0.019991636276245117,1.3410542794553366,0.03643510143856179
0.956,-0.012,0.020010948181152344,1.4223059764328199,0.0931715786477092
0.921,-0.077,0.019998788833618164,1.4223059764328199,0.0931715786477092
0.931,-0.079,0.02000260353088379,1.4223059764328199,0.0931715786477092
0.941,-0.083,0.020002365112304688,1.350829308327944,0.11745744475074879
0.958,-0.056,0.019993305206298828,1.350829308327944,0.11745744475074879
0.977,-0.08,0.020006179809570312,1.350829308327944,0.11745744475074879
1.002,-0.041,0.020001888275146484,1.3963056482516893,0.11989257353301601
1.061,0.01,0.02000260353088379,1.3963056482516893,0.11989257353301601
1.061,0.01,0.01999807357788086,1.3963056482516893,0.11989257353301601
1.162,0.083,0.019999027252197266,0.805300443770648,0.08633210145076234
1.202,0.122,0.020015716552734375,0.805300443770648,0.08633210145076234
1.233,0.138,0.01997089385986328,0.805300443770648,0.08633210145076234
1.243,0.125,0.019994258880615234,0.8926783916217621,0.07360487091597515
1.251,0.11,0.020026206970214844,0.8926783916217621,0.07360487091597515
1.239,0.08,0.019988298416137695,0.8926783916217621,0.07360487091597515
1.238,0.036,0.020001888275146484,0.8926783916217621,0.07360487091597515
1.221,0.021,0.020003080368041992,0.9327662931405911,0.07385222919341923
1.209,0.019,0.01996469497680664,0.9327662931405911,0.07385222919341923
1.19,0.007,0.020030975341796875,0.9327662931405911,0.07385222919341923
1.19,0.007,0.019999980926513672,0.9327662931405911,0.07385222919341923
1.172,0.003,0.020003080368041992,1.1237946898785696,0.12201173306505667
1.172,0.003,0.019989728927612305,1.1237946898785696,0.12201173306505667
1.134,-0.006,0.019988536834716797,0.9927778473049182,0.09615065718933592
1.134,-0.006,0.020011186599731445,0.9927778473049182,0.09615065718933592
1.094,0.036,0.020003080368041992,0.9927778473049182,0.09615065718933592
1.053,0.059,0.020034313201904297,0.9927778473049182,0.09615065718933592
1.031,0.079,0.019958972930908203,1.001245477163162,0.09058721780416266
1.017,0.085,0.020009517669677734,1.001245477163162,0.09058721780416266
1.005,0.096,0.01999807357788086,1.001245477163162,0.09058721780416266
1.001,0.092,0.020012855529785156,1.001245477163162,0.09058721780416266
1.005,0.089,0.019999027252197266,0.9541266490671451,0.09987108146741691
1.03,0.055,0.019994497299194336,0.9541266490671451,0.09987108146741691
1.085,-0.001,0.019994735717773438,0.9541266490671451,0.09987108146741691
1.106,-0.024,0.020002126693725586,0.8093356352753841,0.03621223739489343
1.094,-0.004,0.020001649856567383,0.8093356352753841,0.03621223739489343
1.094,-0.004,0.0200040340423584,0.8093356352753841,0.03621223739489343
1.051,0.012,0.020001888275146484,0.8538840887889941,0.04670746034746395
1.062,-0.024,0.01999950408935547,0.8538840887889941,0.04670746034746395
1.037,-0.025,0.020012617111206055,0.8538840887889941,0.04670746034746395
0.993,-0.009,0.01998162269592285,0.8538840887889941,0.04670746034746395
0.957,0.036,0.020007610321044922,0.9804864103031633,0.08546385682892857
0.957,0.036,0.01999068260192871,0.9804864103031633,0.08546385682892857
0.957,0.036,0.020004987716674805,0.9804864103031633,0.08546385682892857
0.9,0.064,0.019997358322143555,0.773977402387916,0.056678085961991385
0.945,-0.003,0.020000934600830078,0.773977402387916,0.056678085961991385
0.915,0.01,0.020002126693725586,0.773977402387916,0.056678085961991385
0.852,0.028,0.019995927810668945,1.0919861031928646,0.07545244753745665
0.852,0.028,0.0200042724609375,1.0919861031928646,0.07545244753745665
0.843,-0.031,0.019994020462036133,1.0919861031928646,0.07545244753745665
0.843,-0.031,0.019994497299194336,1.0919861031928646,0.07545244753745665
0.807,0.016,0.020033597946166992,1.1040262505452583,0.11903687180760397
0.779,0.04,0.019960403442382812,1.1040262505452583,0.11903687180760397
0.779,0.04,0.02001190185546875,1.1040262505452583,0.11903687180760397
0.759,0.119,0.020004987716674805,0.9932925712352045,0.09113292702930144
0.806,0.09,0.019994020462036133,0.9932925712352045,0.09113292702930144
0.826,0.127,0.019991397857666016,0.9932925712352045,0.09113292702930144
0.823,0.194,0.020005226135253906,0.9944802160939556,0.09120578421112631
0.823,0.194,0.02000570297241211,0.9944802160939556,0.09120578421112631
0.815,0.261,0.019997358322143555,0.9944802160939556,0.09120578421112631
0.827,0.213,0.019994735717773438,0.9944802160939556,0.09120578421112631
0.827,0.213,0.0200040340423584,0.9933325682308968,0.11646572463317963
0.855,0.099,0.020000457763671875,0.9933325682308968,0.11646572463317963
0.855,0.099,0.019994497299194336,0.9933325682308968,0.11646572463317963
0.855,0.099,0.02000117301940918,0.9911152832115462,0.13214332476512994
0.916,0.053,0.020003318786621094,0.9911152832115462,0.13214332476512994
0.922,0.034,0.01999688148498535,0.9911152832115462,0.13214332476512994
0.922,0.034,0.01999950408935547,0.9813355481001144,0.1304805245260096
0.955,0.063,0.020003557205200195,0.9813355481001144,0.1304805245260096
0.955,0.063,0.02000117301940918,0.9813355481001144,0.1304805245260096
0.966,0.094,0.020000696182250977,0.9813355481001144,0.1304805245260096
0.966,0.094,0.019999265670776367,0.920420785334552,0.1194595581069013
0.962,0.103,0.01999807357788086,0.920420785334552,0.1194595581069013
0.971,0.123,0.01999640464782715,1.1792174698321938,0.15967471191407825
0.956,0.107,0.020001649856567383,1.1792174698321938,0.15967471191407825
0.956,0.107,0.020005464553833008,1.1792174698321938,0.15967471191407825
0.958,0.139,0.019988298416137695,1.1792174698321938,0.15967471191407825
0.96,0.161,0.020011186599731445,1.2611917219028548,0.1649090905445924
0.96,0.161,0.01999640464782715,1.2611917219028548,0.1649090905445924
0.993,0.191,0.020001888275146484,1.2611917219028548,0.1649090905445924
1.023,0.171,0.019991636276245117,1.2611917219028548,0.1649090905445924
1.072,0.122,0.019995450973510742,1.1429249225733402,0.15220870060532662
1.151,0.024,0.020010709762573242,1.1429249225733402,0.15220870060532662
1.151,0.024,0.020021438598632812,1.1429249225733402,0.15220870060532662
1.151,0.024,0.019980669021606445,1.1717064645794144,0.2284446414439368
1.134,0.08,0.020009279251098633,1.1717064645794144,0.2284446414439368
1.134,0.08,0.020000457763671875,1.1717064645794144,0.2284446414439368
1.175,0.036,0.01999521255493164,1.219524597483139,0.21164941416186
1.185,0.068,0.019991159439086914,1.219524597483139,0.21164941416186
1.175,0.08,0.020005226135253906,1.219524597483139,0.21164941416186
1.217,0.059,0.019994735717773438,1.150385530958303,0.2058871589146591
1.205,0.086,0.020009994506835938,1.150385530958303,0.2058871589146591
1.212,0.098,0.01999378204345703,1.150385530958303,0.2058871589146591
1.218,0.097,0.020011186599731445,1.150385530958303,0.2058871589146591
1.223,0.076,0.020003795623779297,1.12328532488392,0.23169190550859847
1.223,0.076,0.019985675811767578,1.12328532488392,0.23169190550859847
1.247,0.083,0.020001649856567383,1.12328532488392,0.23169190550859847
1.242,0.089,0.019992828369140625,1.12328532488392,0.23169190550859847
1.242,0.089,0.02000570297241211,1.1922712038439027,0.22812929684953492
1.238,0.1,0.020003080368041992,1.1922712038439027,0.22812929684953492
1.238,0.089,0.019991636276245117,1.1922712038439027,0.22812929684953492
1.21,0.119,0.019994497299194336,1.0948076260903978,0.21600581201470886
1.162,0.219,0.02000713348388672,1.0948076260903978,0.21600581201470886
1.214,0.153,0.01999831199645996,1.0948076260903978,0.21600581201470886
1.214,0.153,0.019995689392089844,0.9559085487908053,0.17583071837915873
1.198,0.13,0.02000594139099121,0.9559085487908053,0.17583071837915873
1.165,0.181,0.01999974250793457,0.9559085487908053,0.17583071837915873
1.165,0.181,0.02000117301940918,1.2359736925113634,0.18844731346541416
1.194,0.134,0.019999265670776367,1.2359736925113634,0.18844731346541416
1.115,0.187,0.020006179809570312,1.2359736925113634,0.18844731346541416
1.195,0.073,0.020000696182250977,1.2643037083356081,0.22721419021536185
1.188,0.053,0.019982576370239258,1.2643037083356081,0.22721419021536185
1.141,0.134,0.02003002166748047,1.2643037083356081,0.22721419021536185
1.111,0.175,0.019971132278442383,1.2643037083356081,0.22721419021536185
1.166,0.085,0.02000904083251953,1.3476083188529133,0.23365213606311952
1.117,0.141,0.020020246505737305,1.3476083188529133,0.23365213606311952
1.117,0.141,0.019988298416137695,1.3476083188529133,0.23365213606311952
1.131,0.12,0.020004987716674805,1.2461621830325653,0.23234985459985957
1.124,0.182,0.01999187469482422,1.2461621830325653,0.23234985459985957
1.207,0.053,0.02000260353088379,1.2461621830325653,0.23234985459985957
1.148,0.163,0.01999807357788086,1.2461621830325653,0.23234985459985957
1.146,0.201,0.0200042724609375,1.298842766852846,0.22673378308824885
1.206,0.189,0.019992589950561523,1.298842766852846,0.22673378308824885
1.204,0.204,0.0200040340423584,1.298842766852846,0.22673378308824885
1.233,0.141,0.019985437393188477,0.5879257181688334,0.23329160179956332
1.233,0.141,0.02000880241394043,0.5879257181688334,0.23329160179956332
1.216,0.245,0.02000141143798828,0.5879257181688334,0.23329160179956332
1.219,0.228,0.01999807357788086,0.5494632218221274,0.23061433720795052
1.219,0.228,0.0200040340423584,0.5494632218221274,0.23061433720795052
1.238,0.176,0.020003795623779297,0.5494632218221274,0.23061433720795052
1.283,0.134,0.019988536834716797,0.5494632218221274,0.23061433720795052
1.283,0.134,0.0200042724609375,0.39449701593487574,0.2225943419286975
1.261,0.181,0.019996166229248047,0.39449701593487574,0.2225943419286975
1.204,0.241,0.02000284194946289,1.302894557039162,0.2478580116325927
1.24,0.159,0.020003557205200195,1.302894557039162,0.2478580116325927
1.24,0.159,0.019997119903564453,1.302894557039162,0.2478580116325927
1.237,0.112,0.02000141143798828,1.302894557039162,0.2478580116325927
1.237,0.112,0.019999980926513672,0.7598979798518043,0.19491511301391148
1.163,0.221,0.02000713348388672,0.7598979798518043,0.19491511301391148
1.163,0.221,0.01999831199645996,0.7598979798518043,0.19491511301391148
1.194,0.151,0.019994258880615234,0.7598979798518043,0.19491511301391148
1.177,0.154,0.01999497413635254,0.4546462488672309,0.20105927960036815
1.177,0.154,0.020011186599731445,0.4546462488672309,0.20105927960036815
1.177,0.105,0.01998734474182129,0.4546462488672309,0.20105927960036815
1.177,0.105,0.020006179809570312,0.3017920960059023,0.21713667856892893
1.177,0.105,0.020001888275146484,0.3017920960059023,0.21713667856892893
1.115,0.119,0.02001214027404785,0.3017920960059023,0.21713667856892893
1.115,0.119,0.019983530044555664,0.32678604066204564,0.22039841678913136
1.108,0.092,0.020003795623779297,0.32678604066204564,0.22039841678913136
1.063,0.086,0.019995450973510742,0.32678604066204564,0.22039841678913136
1.073,0.079,0.020000934600830078,0.32678604066204564,0.22039841678913136
1.051,0.048,0.019992589950561523,0.2926959770597711,0.2098876594363011
0.893,0.211,0.020009756088256836,0.2926959770597711,0.2098876594363011
0.692,0.497,0.01999807357788086,0.2926959770597711,0.2098876594363011
0.6,0.545,0.020001888275146484,0.3200596222643918,0.232332120019007
0.802,0.192,0.020005226135253906,0.3200596222643918,0.232332120019007
0.802,0.192,0.020009517669677734,0.3200596222643918,0.232332120019007
0.723,0.227,0.019995450973510742,0.3200596222643918,0.232332120019007
0.696,0.226,0.019993305206298828,0.32736242171564783,0.23628871001286947
0.701,0.177,0.019996166229248047,0.32736242171564783,0.23628871001286947
0.701,0.177,0.020003318786621094,0.32736242171564783,0.23628871001286947
0.555,0.322,0.019988536834716797,0.3637141197725006,0.2853537963361162
0.555,0.322,0.020015478134155273,0.3637141197725006,0.2853537963361162
0.441,0.403,0.01999521255493164,0.3637141197725006,0.2853537963361162
0.544,0.205,0.019995689392089844,0.35942167498245564,0.2882118176782119
0.544,0.205,0.02000117301940918,0.35942167498245564,0.2882118176782119
0.544,0.205,0.020006895065307617,0.35942167498245564,0.2882118176782119
0.426,0.301,0.01999211311340332,0.3615030304992744,0.2963610178240238
0.426,0.301,0.020003795623779297,0.3615030304992744,0.2963610178240238
0.387,0.309,0.02000260353088379,0.3615030304992744,0.2963610178240238
0.373,0.277,0.019994258880615234,0.3615030304992744,0.2963610178240238
0.334,0.289,0.019997835159301758,0.34061269868258154,0.28170067252236375
0.334,0.289,0.020007848739624023,0.34061269868258154,0.28170067252236375
0.274,0.33,0.020003080368041992,0.34061269868258154,0.28170067252236375
0.276,0.3,0.019992828369140625,0.3404169352758485,0.2863799494653731
0.266,0.318,0.020001649856567383,0.3404169352758485,0.2863799494653731
0.266,0.303,0.02001643180847168,0.3404169352758485,0.2863799494653731
0.294,0.269,0.01997828483581543,0.3404169352758485,0.2863799494653731
0.307,0.268,0.020002126693725586,0.3389231584495121,0.2810472375137196
0.315,0.279,0.02000737190246582,0.3389231584495121,0.2810472375137196
0.32,0.281,0.019995927810668945,0.3389231584495121,0.2810472375137196
0.32,0.281,0.019993066787719727,0.23717479175185377,0.3587782863838093
0.385,0.179,0.0200197696685791,0.23717479175185377,0.3587782863838093
0.338,0.242,0.019986629486083984,0.23717479175185377,0.3587782863838093
0.326,0.259,0.019997596740722656,0.31689399432587795,0.27914894717006083
0.299,0.305,0.02000737190246582,0.31689399432587795,0.27914894717006083
0.275,0.331,0.02000117301940918,0.31689399432587795,0.27914894717006083
0.275,0.331,0.019994258880615234,0.32582843558031616,0.27187861385137513
0.248,0.38,0.020006895065307617,0.32582843558031616,0.27187861385137513
0.275,0.355,0.020009756088256836,0.32582843558031616,0.27187861385137513
0.275,0.355,0.019992589950561523,0.32582843558031616,0.27187861385137513
0.281,0.323,0.019993066787719727,0.30054692825707957,0.24141561935049616
0.283,0.317,0.020002126693725586,0.30054692825707957,0.24141561935049616
0.283,0.317,0.01998591423034668,0.30054692825707957,0.24141561935049616
0.308,0.262,0.020005464553833008,0.24990596346392618,0.17981740189018577
0.308,0.262,0.020000219345092773,0.24990596346392618,0.17981740189018577
0.315,0.239,0.020004987716674805,0.24990596346392618,0.17981740189018577
0.315,0.239,0.01999354362487793,0.31509540968718647,0.16515234905006035
0.288,0.194,0.020008087158203125,0.31509540968718647,0.16515234905006035
0.263,0.229,0.019997119903564453,0.31509540968718647,0.16515234905006035
0.268,0.21,0.020003080368041992,0.31509540968718647,0.16515234905006035
0.273,0.191,0.019993066787719727,1.4710266447652431,-0.18450789911800855
0.273,0.191,0.01999974250793457,1.4710266447652431,-0.18450789911800855
0.277,0.169,0.02000880241394043,1.4710266447652431,-0.18450789911800855
0.27,0.171,0.019993066787719727,1.5,-0.27404565675740394
0.33,0.073,0.0200045108795166,1.5,-0.27404565675740394
0.394,-0.025,0.019999980926513672,1.5,-0.27404565675740394
0.394,-0.025,0.019993305206298828,1.5,-0.27404565675740394
0.36,0.01,0.020004749298095703,1.4963947237137767,-0.2593151991978071
0.36,0.01,0.01999640464782715,1.4963947237137767,-0.2593151991978071
0.405,-0.075,0.019999265670776367,1.4963947237137767,-0.2593151991978071
0.415,-0.079,0.01999044418334961,1.4421916023037273,-0.30547740689175296
0.402,-0.033,0.020015716552734375,1.4421916023037273,-0.30547740689175296
0.406,-0.033,0.019999265670776367,1.4421916023037273,-0.30547740689175296
0.437,-0.078,0.02000904083251953,1.5,-0.262920623444538
0.476,-0.127,0.01999664306640625,1.5,-0.262920623444538
0.527,-0.178,0.020003795623779297,1.5,-0.262920623444538
0.556,-0.202,0.019990921020507812,1.5,-0.31041171283916413
0.556,-0.202,0.0200042724609375,1.5,-0.31041171283916413
0.604,-0.24,0.019990205764770508,1.5,-0.31041171283916413
0.616,-0.263,0.019992351531982422,1.5,-0.31041171283916413
0.616,-0.263,0.020015478134155273,1.4148380729012524,-0.30258115418230286
0.63,-0.276,0.020000457763671875,1.4148380729012524,-0.30258115418230286
0.597,-0.219,0.019991159439086914,1.4148380729012524,-0.30258115418230286
0.597,-0.219,0.020012378692626953,1.3333404784459388,-0.3269180771245158
0.615,-0.171,0.019994735717773438,1.3333404784459388,-0.3269180771245158
0.615,-0.171,0.020006179809570312,1.3333404784459388,-0.3269180771245158
0.695,-0.222,0.019989967346191406,1.4118542800043372,-0.328929983305833
0.695,-0.222,0.02000594139099121,1.4118542800043372,-0.328929983305833
0.73,-0.245,0.02000570297241211,1.4118542800043372,-0.328929983305833
0.759,-0.266,0.019999265670776367,1.4118542800043372,-0.328929983305833
0.795,-0.292,0.019988536834716797,1.3905137212002057,-0.34152380211928507
0.795,-0.292,0.020012855529785156,1.3905137212002057,-0.34152380211928507
0.831,-0.302,0.020002365112304688,1.3905137212002057,-0.34152380211928507
0.85,-0.297,0.019984006881713867,1.3564160389820308,-0.32076027940515606
0.889,-0.335,0.020002126693725586,1.3564160389820308,-0.32076027940515606
0.882,-0.301,0.02001047134399414,1.3564160389820308,-0.32076027940515606
0.924,-0.327,0.019989967346191406,1.2651717874182056,-0.3244301814472785
0.941,-0.307,0.020003795623779297,1.2651717874182056,-0.3244301814472785
0.965,-0.307,0.020006418228149414,1.2651717874182056,-0.3244301814472785
0.98,-0.304,0.019997358322143555,1.2651717874182056,-0.3244301814472785
1.027,-0.331,0.019999265670776367,1.3560847943589385,-0.31224020629643173
1.027,-0.331,0.01999807357788086,1.3560847943589385,-0.31224020629643173
1.05,-0.268,0.019994497299194336,1.3560847943589385,-0.31224020629643173
1.05,-0.268,0.02000117301940918,1.265708794439557,-0.3313086289420089
1.122,-0.182,0.019962549209594727,1.265708794439557,-0.3313086289420089
1.203,-0.069,0.020038843154907227,1.265708794439557,-0.3313086289420089
1.203,-0.069,0.019995450973510742,1.263054113100393,-0.3333115682172637
1.203,-0.069,0.020002126693725586,1.263054113100393,-0.3333115682172637
1.236,-0.125,0.020000457763671875,1.263054113100393,-0.3333115682172637
1.282,-0.115,0.02000713348388672,1.263054113100393,-0.3333115682172637
1.278,-0.089,0.01998162269592285,1.3070892212799754,-0.2898273746921685
1.3,-0.106,0.020014047622680664,1.3070892212799754,-0.2898273746921685
1.299,-0.072,0.01998758316040039,1.3070892212799754,-0.2898273746921685
1.323,-0.085,0.020012378692626953,1.2226725058113868,-0.32140672037893964
1.286,-0.14,0.019999265670776367,1.2226725058113868,-0.32140672037893964
1.353,-0.076,0.02000117301940918,1.2226725058113868,-0.32140672037893964
1.302,-0.14,0.019993066787719727,1.2226725058113868,-0.32140672037893964
1.239,-0.237,0.0200045108795166,1.2743418299705096,-0.3421918714850172
1.303,-0.179,0.02001190185546875,1.2743418299705096,-0.3421918714850172
1.303,-0.179,0.019982099533081055,1.2743418299705096,-0.3421918714850172
1.323,-0.182,0.02001166343688965,1.1218170154676,-0.3069309552773722
1.317,-0.212,0.020000934600830078,1.1218170154676,-0.3069309552773722
1.346,-0.151,0.019988536834716797,0.6010579523815416,-0.2055410490690867
1.346,-0.151,0.020003557205200195,0.6010579523815416,-0.2055410490690867
1.297,-0.189,0.020005226135253906,0.6010579523815416,-0.2055410490690867
1.297,-0.189,0.020000219345092773,0.6010579523815416,-0.2055410490690867
1.306,-0.17,0.019992828369140625,0.47304107535553613,-0.1965071784628007
1.217,-0.25,0.020001888275146484,0.47304107535553613,-0.1965071784628007
1.217,-0.25,0.020007848739624023,0.47304107535553613,-0.1965071784628007
1.265,-0.122,0.019992351531982422,0.47304107535553613,-0.1965071784628007
1.295,-0.033,0.019995689392089844,0.48453794713909626,-0.13327957219784636
1.197,-0.153,0.020006656646728516,0.48453794713909626,-0.13327957219784636
1.217,-0.067,0.019997596740722656,0.48453794713909626,-0.13327957219784636
1.228,0.0,0.019997596740722656,-0.2889521097679739,-0.20785759880202923
1.16,-0.046,0.01997852325439453,-0.2889521097679739,-0.20785759880202923
1.135,-0.011,0.020021915435791016,-0.2889521097679739,-0.20785759880202923
1.135,-0.011,0.019996166229248047,-0.3406782499161703,-0.24201617020811056
1.109,0.024,0.02000260353088379,-0.3406782499161703,-0.24201617020811056
1.026,-0.042,0.0200045108795166,-0.3406782499161703,-0.24201617020811056
0.809,-0.317,0.0200040340423584,-0.3406782499161703,-0.24201617020811056
0.545,-0.657,0.019991397857666016,-0.4188927674035783,-0.2573086220218705
0.607,-0.523,0.020003318786621094,-0.4188927674035783,-0.2573086220218705
0.941,0.019,0.019999265670776367,-0.4188927674035783,-0.2573086220218705
0.712,-0.303,0.020008325576782227,-0.3211792109356381,-0.23038726227143558
0.712,-0.303,0.01999640464782715,-0.3211792109356381,-0.23038726227143558
0.74,-0.204,0.02000141143798828,-0.3211792109356381,-0.23038726227143558
0.737,-0.145,0.019991636276245117,-0.3313308884131112,-0.23726589072471707
0.563,-0.363,0.019993305206298828,-0.3313308884131112,-0.23726589072471707
0.563,-0.363,0.020011425018310547,-0.3313308884131112,-0.23726589072471707
0.563,-0.363,0.020000696182250977,-0.3313308884131112,-0.23726589072471707
0.491,-0.389,0.01999664306640625,-0.39489077775872544,-0.27943477696827485
0.573,-0.198,0.0200040340423584,-0.39489077775872544,-0.27943477696827485
0.455,-0.335,0.020009517669677734,-0.39489077775872544,-0.27943477696827485
0.455,-0.335,0.019997358322143555,-0.4409088388182864,-0.2738417339957464
0.482,-0.241,0.019996166229248047,-0.4409088388182864,-0.2738417339957464
0.395,-0.33,0.019999265670776367,-0.4409088388182864,-0.2738417339957464
0.342,-0.342,0.019989013671875,-0.45761294563056204,-0.27156452296022726
0.387,-0.206,0.020015954971313477,-0.45761294563056204,-0.27156452296022726
0.296,-0.276,0.01999831199645996,-0.45761294563056204,-0.27156452296022726
0.296,-0.276,0.019991159439086914,-0.45761294563056204,-0.27156452296022726
0.239,-0.281,0.019996166229248047,-0.49054856331987307,-0.24936768902607065
0.223,-0.279,0.020002126693725586,-0.49054856331987307,-0.24936768902607065
0.214,-0.268,0.01999354362487793,-0.49054856331987307,-0.24936768902607065
0.189,-0.271,0.020000219345092773,-0.448398255604382,-0.2300097474859614
0.189,-0.271,0.0200040340423584,-0.448398255604382,-0.2300097474859614
0.161,-0.251,0.020000457763671875,-0.448398255604382,-0.2300097474859614
0.139,-0.24,0.020006418228149414,-0.5111800405803074,-0.23461749961752768
0.118,-0.231,0.01999950408935547,-0.5111800405803074,-0.23461749961752768
0.093,-0.233,0.020011425018310547,-0.5111800405803074,-0.23461749961752768
0.093,-0.233,0.019988298416137695,-0.5111800405803074,-0.23461749961752768
0.073,-0.238,0.019996166229248047,-0.4618504725459396,-0.24903194788076888
0.073,-0.238,0.019999980926513672,-0.4618504725459396,-0.24903194788076888
-0.067,-0.22,0.020021438598632812,-0.4826757072507509,-0.2359636389302558
-0.097,-0.221,0.020001649856567383,-0.49663745934532505,-0.24027039898833993
-0.133,-0.228,0.0199887752532959,-0.49663745934532505,-0.24027039898833993
-0.161,-0.231,0.019997358322143555,-0.49663745934532505,-0.24027039898833993
-0.194,-0.249,0.019967079162597656,-0.49663745934532505,-0.24027039898833993
-0.224,-0.221,0.020033597946166992,-0.4951078889878658,-0.22865891591671372
-0.237,-0.217,0.019999265670776367,-0.4951078889878658,-0.22865891591671372
-0.318,-0.158,0.020002126693725586,-0.4951078889878658,-0.22865891591671372
-0.288,-0.267,0.019997119903564453,-0.5095386080309996,-0.21608627944277722
-0.327,-0.274,0.020003318786621094,-0.5095386080309996,-0.21608627944277722
-0.392,-0.196,0.020001649856567383,-0.5095386080309996,-0.21608627944277722
-0.392,-0.196,0.019991159439086914,-0.5990436483068542,-0.24505574629271215
-0.417,-0.206,0.02000284194946289,-0.5990436483068542,-0.24505574629271215
-0.421,-0.241,0.019998788833618164,-0.5990436483068542,-0.24505574629271215
-0.449,-0.241,0.020014524459838867,-0.5990436483068542,-0.24505574629271215
-0.449,-0.241,0.019986391067504883,-0.8185211455735958,-0.08977856689454525
-0.449,-0.241,0.02000284194946289,-0.8185211455735958,-0.08977856689454525
-0.529,-0.224,0.019995927810668945,-0.8185211455735958,-0.08977856689454525
-0.55,-0.21,0.020010948181152344,-0.6443197462738129,-0.197282813877034
-0.592,-0.211,0.019997119903564453,-0.6443197462738129,-0.197282813877034
-0.598,-0.177,0.0200042724609375,-0.6443197462738129,-0.197282813877034
-0.618,-0.176,0.01999521255493164,-0.6443197462738129,-0.197282813877034
-0.618,-0.176,0.019992351531982422,-0.5343629774171975,-0.2052743121224661
-0.654,-0.135,0.020003557205200195,-0.5343629774171975,-0.2052743121224661
-0.698,-0.114,0.020007848739624023,-0.5343629774171975,-0.2052743121224661
-0.686,-0.103,0.019975900650024414,-0.5343629774171975,-0.2052743121224661
-0.617,-0.229,0.01999974250793457,-0.5670905862664611,-0.13300290645559393
-0.617,-0.229,0.020011425018310547,-0.5670905862664611,-0.13300290645559393
-0.795,0.048,0.019998788833618164,-0.5703300039729202,-0.08692045326029765
-0.634,-0.172,0.019994735717773438,-0.5703300039729202,-0.08692045326029765
-0.477,-0.384,0.020016908645629883,-0.5703300039729202,-0.08692045326029765
-0.477,-0.384,0.020007610321044922,-0.5388288824945296,-0.08758334323641592
-0.655,-0.1,0.019991397857666016,-0.5388288824945296,-0.08758334323641592
-0.573,-0.211,0.020003080368041992,-0.5388288824945296,-0.08758334323641592
-0.588,-0.12,0.019996166229248047,-0.5388288824945296,-0.08758334323641592
-0.588,-0.12,0.019997596740722656,-0.5388288824945296,-0.08758334323641592
-0.554,-0.159,0.020005464553833008,-0.5852889704988067,-0.02024339253291512
-0.461,-0.278,0.01999187469482422,-0.5852889704988067,-0.02024339253291512
-0.664,0.083,0.020008325576782227,-0.453960876089353,0.09265220038940108
-0.573,-0.037,0.01998281478881836,-0.453960876089353,0.09265220038940108
-0.566,-0.025,0.02001333236694336,-0.453960876089353,0.09265220038940108
-0.478,-0.142,0.020000219345092773,-0.1989631857969952,0.1405803873191006
-0.544,0.013,0.02000141143798828,-0.1989631857969952,0.1405803873191006
-0.554,0.056,0.019997119903564453,-0.1989631857969952,0.1405803873191006
-0.441,-0.087,0.020006179809570312,-0.1989631857969952,0.1405803873191006
-0.61,0.181,0.01999807357788086,-0.7037482443649188,0.07406805153492152
-0.445,-0.039,0.01999497413635254,-0.7037482443649188,0.07406805153492152
-0.501,0.082,0.020003080368041992,-0.7037482443649188,0.07406805153492152
-0.48,0.075,0.019997358322143555,-0.6702716567719271,0.06457714380033774
-0.446,-0.006,0.0200040340423584,-0.6702716567719271,0.06457714380033774
-0.437,-0.048,0.020000696182250977,-0.6702716567719271,0.06457714380033774
-0.482,-0.016,0.019993066787719727,-0.6702716567719271,0.06457714380033774
-0.505,0.014,0.019997596740722656,0.37736315629034783,-0.2832792653996323
-0.505,0.014,0.02000117301940918,0.37736315629034783,-0.2832792653996323
-0.54,0.033,0.019998788833618164,0.5298096549825754,-0.35980740887570306
-0.554,0.022,0.02000737190246582,0.5298096549825754,-0.35980740887570306
-0.554,0.022,0.020004749298095703,0.5298096549825754,-0.35980740887570306
-0.558,0.019,0.019992351531982422,0.5298096549825754,-0.35980740887570306
-0.558,0.019,0.02000570297241211,0.6307961805513312,-0.3528820063909143
-0.547,-0.026,0.020000457763671875,0.6307961805513312,-0.3528820063909143
-0.531,-0.08,0.02001786231994629,0.6307961805513312,-0.3528820063909143
-0.511,-0.135,0.019969940185546875,0.6307961805513312,-0.3528820063909143
-0.511,-0.135,0.020004987716674805,0.8706853783250204,-0.22952274139427992
-0.548,-0.099,0.019994020462036133,0.8706853783250204,-0.22952274139427992
-0.618,-0.021,0.019998550415039062,0.7253865212229568,-0.2856626036611234
-0.618,-0.021,0.020001649856567383,0.7253865212229568,-0.2856626036611234
-0.533,-0.165,0.020000934600830078,0.7253865212229568,-0.2856626036611234
-0.521,-0.137,0.01999068260192871,0.7253865212229568,-0.2856626036611234
-0.521,-0.137,0.020013809204101562,0.6892773087735936,-0.2791299514770092
-0.449,-0.224,0.020006418228149414,0.6892773087735936,-0.2791299514770092
-0.449,-0.224,0.020003080368041992,0.6892773087735936,-0.2791299514770092
-0.28,-0.392,0.0199892520904541,0.7590819320446011,-0.2974164493072842
-0.28,-0.38,0.020018577575683594,0.7590819320446011,-0.2974164493072842
-0.277,-0.351,0.01998734474182129,0.7590819320446011,-0.2974164493072842
-0.257,-0.338,0.01999497413635254,0.7590819320446011,-0.2974164493072842
-0.242,-0.294,0.020001888275146484,0.8528931208957803,-0.27378039239227536
-0.242,-0.294,0.019989967346191406,0.8528931208957803,-0.27378039239227536
-0.219,-0.291,0.01999354362487793,0.8528931208957803,-0.27378039239227536
-0.197,-0.289,0.020013093948364258,1.0796902472139944,-0.270679448368779
-0.174,-0.272,0.02000570297241211,1.0796902472139944,-0.270679448368779
-0.174,-0.272,0.02000117301940918,1.0796902472139944,-0.270679448368779
-0.151,-0.244,0.019993066787719727,1.0343396642800984,-0.2661064762139108
-0.151,-0.244,0.020004749298095703,1.0343396642800984,-0.2661064762139108
-0.102,-0.248,0.019999980926513672,1.0343396642800984,-0.2661064762139108
-0.085,-0.241,0.0200045108795166,1.0343396642800984,-0.2661064762139108
-0.061,-0.25,0.019990205764770508,1.1324125825548232,-0.2709758309086296
0.067,-0.256,0.02000260353088379,1.0970185400893755,-0.24997958882095736
0.084,-0.262,0.020003080368041992,1.0970185400893755,-0.24997958882095736
0.104,-0.262,0.019999265670776367,1.0970185400893755,-0.24997958882095736
0.134,-0.266,0.01998758316040039,1.0095944148489389,-0.2515344685702773
0.165,-0.26,0.019997835159301758,1.0095944148489389,-0.2515344685702773
0.165,-0.26,0.020006179809570312,1.0095944148489389,-0.2515344685702773
0.165,-0.26,0.0200040340423584,0.97774509970381,-0.2757788486648193
0.17,-0.239,0.019997835159301758,0.97774509970381,-0.2757788486648193
0.191,-0.242,0.02000284194946289,0.97774509970381,-0.2757788486648193
0.216,-0.249,0.01998591423034668,1.0625485507870225,-0.2625458466321453
0.216,-0.249,0.02002429962158203,1.0625485507870225,-0.2625458466321453
0.323,-0.168,0.02000141143798828,1.0625485507870225,-0.2625458466321453
0.323,-0.168,0.019988536834716797,1.0625485507870225,-0.2625458466321453
0.267,-0.291,0.020003795623779297,1.1654996792874535,-0.2674819500891069
0.362,-0.217,0.020003318786621094,1.1654996792874535,-0.2674819500891069
0.405,-0.161,0.019999027252197266,1.1654996792874535,-0.2674819500891069
0.34,-0.291,0.01999044418334961,0.7068801864562755,-0.1932551706534394
0.371,-0.302,0.020005226135253906,0.7068801864562755,-0.1932551706534394
0.421,-0.252,0.019994735717773438,0.7068801864562755,-0.1932551706534394
0.421,-0.252,0.02001047134399414,1.0857011772219247,-0.26180865658054914
0.524,-0.155,0.019993305206298828,1.0857011772219247,-0.26180865658054914
0.45,-0.252,0.019997596740722656,1.0857011772219247,-0.26180865658054914
0.458,-0.23,0.019996166229248047,1.0857011772219247,-0.26180865658054914
0.458,-0.23,0.020009279251098633,0.8514815406766694,-0.2803370216962061
0.484,-0.245,0.01999807357788086,0.8514815406766694,-0.2803370216962061
0.484,-0.245,0.01999807357788086,1.0043488392728233,-0.2341417819820725
0.514,-0.27,0.020003080368041992,1.0043488392728233,-0.2341417819820725
0.647,-0.129,0.020000696182250977,1.0043488392728233,-0.2341417819820725
0.57,-0.252,0.02000117301940918,1.0043488392728233,-0.2341417819820725
0.57,-0.252,0.019999980926513672,1.0528362836364213,-0.2477925426565226
0.606,-0.259,0.019997835159301758,1.0528362836364213,-0.2477925426565226
0.606,-0.259,0.019996166229248047,1.0528362836364213,-0.2477925426565226
0.682,-0.267,0.020000457763671875,1.0528362836364213,-0.2477925426565226
0.653,-0.269,0.02000141143798828,1.1851304593483962,-0.2658324350238436
0.808,-0.113,0.020004749298095703,1.1851304593483962,-0.2658324350238436
0.708,-0.258,0.020009279251098633,1.1851304593483962,-0.2658324350238436
0.708,-0.258,0.019990205764770508,1.1089186275516383,-0.16737384217639203
0.728,-0.265,0.020000696182250977,1.1089186275516383,-0.16737384217639203
0.736,-0.289,0.02000570297241211,1.1089186275516383,-0.16737384217639203
0.874,-0.1,0.0199892520904541,1.1192831648069914,-0.22669054542059774
0.874,-0.1,0.01997089385986328,1.1192831648069914,-0.22669054542059774
0.885,-0.15,0.02002859115600586,1.1192831648069914,-0.22669054542059774
0.897,-0.168,0.02000260353088379,1.1192831648069914,-0.22669054542059774
0.909,-0.202,0.020000457763671875,0.7757998205595426,-0.2406608778488985
0.909,-0.202,0.019986867904663086,0.7757998205595426,-0.2406608778488985
0.962,-0.15,0.020016908645629883,0.7757998205595426,-0.2406608778488985
0.962,-0.15,0.019991159439086914,0.9029820963131809,-0.19963644323593152
0.962,-0.15,0.02000284194946289,0.9029820963131809,-0.19963644323593152
0.985,-0.146,0.019999027252197266,0.9029820963131809,-0.19963644323593152
0.992,-0.121,0.02000284194946289,0.8486446184274934,-0.21182094584639974
0.962,-0.165,0.01999664306640625,0.8486446184274934,-0.21182094584639974
0.964,-0.186,0.02001190185546875,0.8486446184274934,-0.21182094584639974
0.964,-0.186,0.019986867904663086,0.677608487532476,-0.18240634145325468
0.974,-0.127,0.01999521255493164,0.677608487532476,-0.18240634145325468
0.958,-0.132,0.020009756088256836,0.677608487532476,-0.18240634145325468
0.996,-0.037,0.019992351531982422,0.38601970023130766,-0.22728040200455094
0.874,-0.211,0.020003557205200195,0.38601970023130766,-0.22728040200455094
0.778,-0.329,0.020003795623779297,0.38601970023130766,-0.22728040200455094
0.691,-0.462,0.020000219345092773,0.38601970023130766,-0.22728040200455094
0.819,-0.207,0.019993066787719727,0.39794251197651326,-0.22689590226698678
0.774,-0.23,0.0200045108795166,0.39794251197651326,-0.22689590226698678
0.782,-0.185,0.019996166229248047,0.39794251197651326,-0.22689590226698678
0.782,-0.185,0.02000284194946289,0.39794251197651326,-0.22689590226698678
0.807,-0.07,0.01999640464782715,0.42270535269587134,-0.23270359951454703
0.615,-0.3,0.020004987716674805,0.42270535269587134,-0.23270359951454703
0.522,-0.351,0.019982576370239258,0.42270535269587134,-0.23270359951454703
0.46,-0.384,0.02001333236694336,0.29365328146466096,-0.20859270385279843
0.46,-0.384,0.020014286041259766,0.29365328146466096,-0.20859270385279843
0.461,-0.335,0.019995927810668945,0.29365328146466096,-0.20859270385279843
0.512,-0.208,0.020000696182250977,0.28286919273161826,-0.20029674822234375
0.516,-0.144,0.019997119903564453,0.28286919273161826,-0.20029674822234375
0.494,-0.135,0.019999980926513672,0.28286919273161826,-0.20029674822234375
0.449,-0.156,0.01999831199645996,0.28286919273161826,-0.20029674822234375
0.312,-0.29,0.020003080368041992,-0.39916539075592705,-0.2903868690638998
0.312,-0.29,0.01999974250793457,-0.39916539075592705,-0.2903868690638998
0.279,-0.24,0.020000696182250977,-0.39916539075592705,-0.2903868690638998
0.272,-0.227,0.019999027252197266,-0.43674649384310077,-0.3138542754851039
0.226,-0.264,0.020000934600830078,-0.43674649384310077,-0.3138542754851039
0.226,-0.264,0.019997358322143555,-0.43674649384310077,-0.3138542754851039
0.201,-0.268,0.01999974250793457,-0.42356780012227374,-0.30830532860623966
0.201,-0.268,0.019995927810668945,-0.42356780012227374,-0.30830532860623966
0.159,-0.261,0.020003318786621094,-0.42356780012227374,-0.30830532860623966
0.134,-0.276,0.020021438598632812,-0.42356780012227374,-0.30830532860623966
0.118,-0.282,0.019989013671875,-0.4314659210207538,-0.3141438221603921
0.103,-0.276,0.019978046417236328,-0.4314659210207538,-0.3141438221603921
0.061,-0.291,0.01999497413635254,-0.4314659210207538,-0.3141438221603921
-0.08,-0.321,0.020002126693725586,-0.46168018552528134,-0.33301150550069414
-0.111,-0.344,0.02000141143798828,-0.46168018552528134,-0.33301150550069414
-0.134,-0.332,0.02000284194946289,-0.4470499880908589,-0.33118815835023363
-0.134,-0.332,0.01999640464782715,-0.4470499880908589,-0.33118815835023363
-0.19,-0.32,0.020001888275146484,-0.4470499880908589,-0.33118815835023363
-0.213,-0.323,0.01999354362487793,-0.4380594942734612,-0.32144857435606367
-0.248,-0.343,0.02000260353088379,-0.4380594942734612,-0.32144857435606367
-0.277,-0.328,0.019989728927612305,-0.4380594942734612,-0.32144857435606367
-0.297,-0.33,0.020004987716674805,-0.43775435294709314,-0.3208911017715876
-0.347,-0.302,0.020006656646728516,-0.43775435294709314,-0.3208911017715876
-0.348,-0.341,0.01999664306640625,-0.43775435294709314,-0.3208911017715876
-0.361,-0.326,0.020003795623779297,-0.43775435294709314,-0.3208911017715876
-0.376,-0.344,0.020000457763671875,-0.41852419529883167,-0.3061683907903131
-0.376,-0.344,0.019995450973510742,-0.41852419529883167,-0.3061683907903131
-0.404,-0.318,0.01999640464782715,-0.41852419529883167,-0.3061683907903131
-0.409,-0.34,0.01999044418334961,-0.41024919450349767,-0.299238276833731
-0.504,-0.217,0.020018577575683594,-0.41024919450349767,-0.299238276833731
-0.504,-0.217,0.020001888275146484,-0.41024919450349767,-0.299238276833731
-0.437,-0.271,0.019982576370239258,-0.41455417122224836,-0.2975609051750197
-0.419,-0.293,0.020008325576782227,-0.41455417122224836,-0.2975609051750197
-0.447,-0.259,0.02000260353088379,-0.41455417122224836,-0.2975609051750197
-0.447,-0.259,0.0200197696685791,-0.41455417122224836,-0.2975609051750197
-0.401,-0.333,0.019980669021606445,-0.34867730169082417,-0.2547508659955506
-0.401,-0.333,0.020013093948364258,-0.34867730169082417,-0.2547508659955506
-0.435,-0.266,0.01999354362487793,-0.34867730169082417,-0.2547508659955506
-0.397,-0.338,0.019989728927612305,-0.3237136230993429,-0.23967693374640778
-0.376,-0.34,0.020000934600830078,-0.3237136230993429,-0.23967693374640778
-0.413,-0.242,0.019995927810668945,-0.3237136230993429,-0.23967693374640778
-0.395,-0.249,0.020008325576782227,-0.3192683583777568,-0.2320441237329165
-0.395,-0.249,0.020003080368041992,-0.3192683583777568,-0.2320441237329165
-0.367,-0.248,0.020001649856567383,-0.3192683583777568,-0.2320441237329165
-0.306,-0.29,0.01999688148498535,-0.3192683583777568,-0.2320441237329165
-0.306,-0.29,0.019986867904663086,-0.25317759362440845,-0.1845074996056601
-0.285,-0.285,0.020013809204101562,-0.25317759362440845,-0.1845074996056601
-0.279,-0.272,0.019995689392089844,-0.25317759362440845,-0.1845074996056601
-0.303,-0.214,0.02000284194946289,-0.22721617083704865,-0.16497499510422903
-0.319,-0.155,0.020000219345092773,-0.22721617083704865,-0.16497499510422903
-0.319,-0.155,0.020003080368041992,-0.22721617083704865,-0.16497499510422903
-0.269,-0.189,0.019989967346191406,-0.2273024930807819,-0.16503872569007622
-0.227,-0.215,0.020003557205200195,-0.2273024930807819,-0.16503872569007622
-0.226,-0.201,0.020004987716674805,-0.2273024930807819,-0.16503872569007622
-0.226,-0.201,0.01999211311340332,-0.2273024930807819,-0.16503872569007622
-0.218,-0.183,0.0200045108795166,-0.17723804345233954,-0.1282035364147872
-0.219,-0.174,0.01999640464782715,-0.17723804345233954,-0.1282035364147872
-0.218,-0.161,0.01998758316040039,0.46418528728598457,-0.3356770489563213
-0.207,-0.149,0.020010709762573242,0.46418528728598457,-0.3356770489563213
-0.201,-0.138,0.02000570297241211,0.46418528728598457,-0.3356770489563213
-0.183,-0.152,0.01999640464782715,0.46418528728598457,-0.3356770489563213
-0.183,-0.152,0.020000219345092773,0.37603386334810973,-0.29596851452070505
-0.165,-0.172,0.020000457763671875,0.37603386334810973,-0.29596851452070505
-0.165,-0.172,0.0200045108795166,0.37603386334810973,-0.29596851452070505
-0.137,-0.219,0.019988536834716797,0.37603386334810973,-0.29596851452070505
-0.124,-0.223,0.0200192928314209,0.43324026628444295,-0.31503629294971364
-0.091,-0.262,0.019993066787719727,0.43324026628444295,-0.31503629294971364
-0.091,-0.262,0.01999688148498535,0.43324026628444295,-0.31503629294971364
0.076,-0.314,0.0200042724609375,0.3969876795446237,-0.27738773942626666
0.076,-0.314,0.019989967346191406,0.3969876795446237,-0.27738773942626666
0.102,-0.297,0.02000260353088379,0.3969876795446237,-0.27738773942626666
0.102,-0.297,0.0200045108795166,0.38804708777351404,-0.2792778914454477
0.144,-0.289,0.020006179809570312,0.38804708777351404,-0.2792778914454477
0.167,-0.271,0.019991159439086914,0.38804708777351404,-0.2792778914454477
0.194,-0.282,0.0200045108795166,0.3766316822885853,-0.270514645130821
0.194,-0.282,0.020002126693725586,0.3766316822885853,-0.270514645130821
0.213,-0.272,0.020000696182250977,0.3766316822885853,-0.270514645130821
0.247,-0.272,0.020001649856567383,0.3766316822885853,-0.270514645130821
0.247,-0.272,0.019998788833618164,0.31288485701934565,-0.2408050129117719
0.359,-0.175,0.019998788833618164,0.31288485701934565,-0.2408050129117719
0.301,-0.268,0.01999664306640625,0.31288485701934565,-0.2408050129117719
0.31,-0.263,0.020005226135253906,0.41330068062028663,-0.2773237103850822
0.321,-0.293,0.019999980926513672,0.41330068062028663,-0.2773237103850822
0.329,-0.241,0.020003318786621094,0.41330068062028663,-0.2773237103850822
0.316,-0.248,0.019992589950561523,0.6222313163087958,-0.2627237623264108
0.316,-0.248,0.02000260353088379,0.6222313163087958,-0.2627237623264108
0.34,-0.232,0.020002365112304688,0.6222313163087958,-0.2627237623264108
0.34,-0.232,0.01999378204345703,1.0699521598028658,-0.2930977221958393
0.357,-0.248,0.020021438598632812,1.0699521598028658,-0.2930977221958393
0.353,-0.259,0.01998615264892578,1.0699521598028658,-0.2930977221958393
0.45,-0.152,0.01998114585876465,1.1435128117432332,-0.3101834250909943
0.415,-0.215,0.02001357078552246,1.1435128117432332,-0.3101834250909943
0.489,-0.143,0.020008087158203125,1.1435128117432332,-0.3101834250909943
0.403,-0.343,0.019998550415039062,1.1435128117432332,-0.3101834250909943
0.502,-0.195,0.019998788833618164,1.1663953387967132,-0.3074297839755803
0.429,-0.342,0.019995689392089844,1.1663953387967132,-0.3074297839755803
0.576,-0.194,0.019998788833618164,1.1663953387967132,-0.3074297839755803
0.576,-0.194,0.02000594139099121,1.172187286299595,-0.3124190042223866
0.567,-0.22,0.019990205764770508,1.172187286299595,-0.3124190042223866
0.5,-0.407,0.0200045108795166,1.172187286299595,-0.3124190042223866
0.618,-0.232,0.019990205764770508,1.172187286299595,-0.3124190042223866
0.55,-0.393,0.020011425018310547,1.2870489479577043,-0.3121013855449188
0.644,-0.226,0.019997358322143555,1.2870489479577043,-0.3121013855449188
0.58,-0.414,0.01999521255493164,1.2870489479577043,-0.3121013855449188
0.734,-0.131,0.020003080368041992,1.3517941937697893,-0.3030427444374508
0.734,-0.131,0.019999265670776367,1.3517941937697893,-0.3030427444374508
0.734,-0.131,0.020000934600830078,1.3517941937697893,-0.3030427444374508
0.652,-0.362,0.01999640464782715,1.2221796679974197,-0.27629874490449674
0.781,-0.185,0.02000904083251953,1.2221796679974197,-0.27629874490449674
0.781,-0.185,0.019997596740722656,1.2221796679974197,-0.27629874490449674
0.791,-0.249,0.02000117301940918,1.1605693415797884,-0.33951609879671063
0.778,-0.249,0.019994497299194336,1.1605693415797884,-0.33951609879671063
0.778,-0.249,0.020003318786621094,1.1605693415797884,-0.33951609879671063
0.859,-0.159,0.020000696182250977,1.1605693415797884,-0.33951609879671063
0.859,-0.159,0.019983530044555664,1.253462096398703,-0.3457788774805967
0.934,-0.209,0.020012378692626953,1.253462096398703,-0.3457788774805967
0.91,-0.273,0.020003557205200195,1.253462096398703,-0.3457788774805967
0.938,-0.285,0.01999807357788086,0.7829293144933908,-0.3081922314064554
0.938,-0.285,0.020012378692626953,0.7829293144933908,-0.3081922314064554
1.016,-0.254,0.01999044418334961,0.7829293144933908,-0.3081922314064554
1.016,-0.254,0.020014524459838867,0.7245027966476233,-0.2768050947754235
1.03,-0.219,0.019980192184448242,0.7245027966476233,-0.2768050947754235
1.03,-0.219,0.01999807357788086,0.7245027966476233,-0.2768050947754235
1.015,-0.227,0.01999974250793457,0.7245027966476233,-0.2768050947754235
0.772,-0.513,0.02000284194946289,0.7086969537599301,-0.2783851956533908
0.846,-0.4,0.020008087158203125,0.7086969537599301,-0.2783851956533908
0.846,-0.4,0.020000934600830078,0.7086969537599301,-0.2783851956533908
0.846,-0.4,0.01999688148498535,0.7086969537599301,-0.2783851956533908
0.721,-0.501,0.019996166229248047,0.49342821758227695,-0.25156398500936866
0.701,-0.54,0.02001166343688965,0.49342821758227695,-0.25156398500936866
0.962,-0.081,0.019990921020507812,0.5130967827343342,-0.2589442286816995
0.747,-0.38,0.019997596740722656,0.5130967827343342,-0.2589442286816995
0.683,-0.426,0.020003318786621094,0.5130967827343342,-0.2589442286816995
0.683,-0.426,0.020006179809570312,0.5130967827343342,-0.2589442286816995
0.543,-0.517,0.01999354362487793,0.5151939866792914,-0.2589438496889117
0.543,-0.517,0.020002365112304688,0.5151939866792914,-0.2589438496889117
0.662,-0.191,0.020006895065307617,0.5151939866792914,-0.2589438496889117
0.532,-0.344,0.019980430603027344,0.42936629783585567,-0.2426970279162521
0.463,-0.404,0.020015239715576172,0.42936629783585567,-0.2426970279162521
0.566,-0.206,0.01999521255493164,0.42936629783585567,-0.2426970279162521
0.573,-0.15,0.019994020462036133,0.35177908134817054,-0.2273969164647004
0.573,-0.15,0.02000594139099121,0.35177908134817054,-0.2273969164647004
0.488,-0.22,0.019991159439086914,0.35177908134817054,-0.2273969164647004
0.529,-0.1,0.019999027252197266,0.3584471972409475,-0.22686125485665457
0.331,-0.358,0.020004749298095703,0.3584471972409475,-0.22686125485665457
0.363,-0.251,0.020022869110107422,0.3584471972409475,-0.22686125485665457
0.363,-0.251,0.019988536834716797,0.3584471972409475,-0.22686125485665457
0.372,-0.185,0.01999378204345703,0.3584471972409475,-0.22686125485665457
0.358,-0.18,0.020002365112304688,0.3340366834846247,-0.21508254580382177
0.314,-0.23,0.020001649856567383,0.3340366834846247,-0.21508254580382177
0.292,-0.263,0.01999950408935547,0.3340366834846247,-0.21508254580382177
0.296,-0.225,0.019999027252197266,0.39824541619251363,-0.21362887906310227
0.296,-0.225,0.020007848739624023,0.39824541619251363,-0.21362887906310227
0.381,-0.088,0.020015239715576172,0.39824541619251363,-0.21362887906310227
0.356,-0.125,0.019960403442382812,0.4068878666314113,-0.21549928001544022
0.356,-0.125,0.019995689392089844,0.4068878666314113,-0.21549928001544022
0.37,-0.128,0.02001476287841797,0.4068878666314113,-0.21549928001544022
0.307,-0.259,0.019997358322143555,0.4068878666314113,-0.21549928001544022
0.307,-0.259,0.020024538040161133,0.3637976829563457,-0.21385621021573992
0.481,-0.026,0.01997518539428711,0.3637976829563457,-0.21385621021573992
0.481,-0.026,0.020006179809570312,0.3637976829563457,-0.21385621021573992
0.353,-0.264,0.019995689392089844,0.45453345151561214,-0.21794380940317062
0.346,-0.255,0.020000219345092773,0.45453345151561214,-0.21794380940317062
0.439,-0.118,0.019996166229248047,0.45453345151561214,-0.21794380940317062
0.348,-0.274,0.020002365112304688,0.4617329407040582,-0.21825277099019819
0.348,-0.274,0.019997596740722656,0.4617329407040582,-0.21825277099019819
0.476,-0.117,0.0200042724609375,0.4617329407040582,-0.21825277099019819
0.476,-0.117,0.019995450973510742,0.5517787098634318,-0.21338517181172964
0.373,-0.272,0.01999497413635254,0.5517787098634318,-0.21338517181172964
0.373,-0.272,0.020003557205200195,0.5517787098634318,-0.21338517181172964
0.463,-0.162,0.02001357078552246,0.5622304607766277,-0.20827290223716052
0.418,-0.274,0.019995689392089844,0.5622304607766277,-0.20827290223716052
0.475,-0.179,0.02000260353088379,0.5622304607766277,-0.20827290223716052
0.514,-0.119,0.020006656646728516,0.5622304607766277,-0.20827290223716052
0.473,-0.24,0.019992589950561523,0.5778323583432408,-0.22244138434935282
0.428,-0.321,0.019999265670776367,0.5778323583432408,-0.22244138434935282
0.428,-0.321,0.019993305206298828,0.5778323583432408,-0.22244138434935282
0.579,-0.149,0.020003557205200195,0.5926974283999663,-0.2146814187966765
0.498,-0.297,0.020003318786621094,0.5926974283999663,-0.2146814187966765
0.596,-0.193,0.019995689392089844,0.5926974283999663,-0.2146814187966765
0.596,-0.193,0.019995927810668945,0.60804024560647,-0.19936653264917384
0.517,-0.29,0.020041704177856445,0.60804024560647,-0.19936653264917384
0.609,-0.182,0.019961833953857422,0.60804024560647,-0.19936653264917384
0.62,-0.145,0.019992589950561523,0.60804024560647,-0.19936653264917384
0.557,-0.279,0.020012617111206055,0.6151251680724756,-0.1938148226239985
0.529,-0.312,0.01999974250793457,0.6151251680724756,-0.1938148226239985
0.651,-0.138,0.020017385482788086,0.6151251680724756,-0.1938148226239985
0.651,-0.138,0.019974470138549805,0.9235156584515705,-0.21575176059055226
0.662,-0.097,0.0200042724609375,0.9235156584515705,-0.21575176059055226
0.556,-0.295,0.019997835159301758,0.9235156584515705,-0.21575176059055226
0.66,-0.147,0.020001649856567383,0.9614223257057343,-0.20938059495357
0.672,-0.118,0.019996166229248047,0.9614223257057343,-0.20938059495357
0.56,-0.313,0.020003318786621094,0.9614223257057343,-0.20938059495357
0.678,-0.151,0.01999831199645996,0.9614223257057343,-0.20938059495357
0.713,-0.117,0.019997596740722656,1.0428590297957492,-0.2191045510918749
0.619,-0.29,0.019998550415039062,1.0428590297957492,-0.2191045510918749
0.587,-0.342,0.020021915435791016,1.0428590297957492,-0.2191045510918749
0.735,-0.137,0.01998591423034668,1.152273929865586,-0.21667249539183644
0.745,-0.146,0.020003795623779297,1.152273929865586,-0.21667249539183644
0.745,-0.146,0.01999807357788086,1.152273929865586,-0.21667249539183644
0.848,-0.044,0.01999640464782715,1.165348471499261,-0.19347293712471597
0.746,-0.283,0.020007848739624023,1.165348471499261,-0.19347293712471597
0.746,-0.283,0.020002126693725586,1.165348471499261,-0.19347293712471597
0.848,-0.162,0.01999640464782715,1.165348471499261,-0.19347293712471597
0.842,-0.169,0.019994497299194336,1.2073133712789894,-0.1972714453249038
0.903,-0.144,0.020009279251098633,1.2073133712789894,-0.1972714453249038
0.903,-0.182,0.019999980926513672,1.2073133712789894,-0.1972714453249038
0.955,-0.139,0.019993305206298828,1.155686149722652,-0.17711123317189742
0.955,-0.139,0.01999807357788086,1.155686149722652,-0.17711123317189742
0.979,-0.144,0.019999027252197266,1.155686149722652,-0.17711123317189742
0.975,-0.17,0.019999980926513672,1.125349885467936,-0.17941466900837635
1.014,-0.116,0.01999974250793457,1.125349885467936,-0.17941466900837635
1.014,-0.116,0.020006418228149414,1.125349885467936,-0.17941466900837635
1.027,-0.162,0.019982576370239258,1.125349885467936,-0.17941466900837635
1.068,-0.145,0.020048141479492188,1.1280206296320012,-0.17963330741075348
1.083,-0.107,0.019972562789916992,1.1280206296320012,-0.17963330741075348
1.083,-0.107,0.019997119903564453,1.1280206296320012,-0.17963330741075348
1.131,-0.143,0.019994020462036133,1.0164488110961047,-0.1660941173108403
1.13,-0.108,0.01999664306640625,1.0164488110961047,-0.1660941173108403
1.16,-0.099,0.020003318786621094,1.0164488110961047,-0.1660941173108403
1.116,-0.165,0.019998550415039062,1.0164488110961047,-0.1660941173108403
1.162,-0.084,0.02000737190246582,0.9615283022767441,-0.16924092473492863
1.162,-0.084,0.020003795623779297,0.9615283022767441,-0.16924092473492863
1.155,-0.126,0.01999378204345703,0.9615283022767441,-0.16924092473492863
1.141,-0.101,0.019997596740722656,1.0116685054478305,-0.17244757577573616
1.105,-0.145,0.020003080368041992,1.0116685054478305,-0.17244757577573616
1.151,-0.059,0.020003557205200195,1.0116685054478305,-0.17244757577573616
1.151,-0.059,0.01999521255493164,0.9729985373868156,-0.15173824727287807
1.127,-0.045,0.02000713348388672,0.9729985373868156,-0.15173824727287807
1.127,-0.045,0.02000260353088379,0.9729985373868156,-0.15173824727287807
1.053,-0.121,0.019985675811767578,0.9373268286604296,-0.15196217909891718
1.093,-0.036,0.019999265670776367,0.9373268286604296,-0.15196217909891718
1.099,-0.019,0.01999688148498535,0.9373268286604296,-0.15196217909891718
1.013,-0.086,0.020006656646728516,0.9373268286604296,-0.15196217909891718
1.013,-0.086,0.019992589950561523,0.9373464854612127,-0.1519650920390809
1.045,-0.01,0.020003080368041992,0.9373464854612127,-0.1519650920390809
0.985,-0.078,0.0200040340423584,0.9373464854612127,-0.1519650920390809
1.016,-0.048,0.01999640464782715,0.8957707973060253,-0.1359603718582494
1.01,-0.027,0.020010709762573242,0.8957707973060253,-0.1359603718582494
1.015,-0.014,0.019985675811767578,0.8957707973060253,-0.1359603718582494
0.924,-0.126,0.019998550415039062,1.0054897685820843,-0.15212228886566784
0.986,-0.001,0.020001888275146484,1.0054897685820843,-0.15212228886566784
0.959,-0.052,0.020003080368041992,1.0054897685820843,-0.15212228886566784
0.91,-0.109,0.019995450973510742,1.0054897685820843,-0.15212228886566784
0.989,0.014,0.020006895065307617,0.9925486222749483,-0.1510182539374798
0.938,-0.071,0.02000141143798828,0.9925486222749483,-0.1510182539374798
0.907,-0.132,0.02000284194946289,0.9925486222749483,-0.1510182539374798
0.963,-0.072,0.01999831199645996,0.9625377298457896,-0.15217553548967058
0.957,-0.064,0.0199887752532959,0.9625377298457896,-0.15217553548967058
0.957,-0.064,0.020021438598632812,0.9625377298457896,-0.15217553548967058
0.941,-0.097,0.01999044418334961,0.9303447546209025,-0.13670518999031409
0.941,-0.097,0.01999807357788086,0.9303447546209025,-0.13670518999031409
0.971,-0.066,0.020002365112304688,0.9303447546209025,-0.13670518999031409
0.968,-0.095,0.019992828369140625,0.9303452431658837,-0.1367053714498452
0.909,-0.162,0.020000934600830078,0.9303452431658837,-0.1367053714498452
0.977,-0.073,0.020001649856567383,0.9303452431658837,-0.1367053714498452
0.994,-0.064,0.019997596740722656,0.9303452431658837,-0.1367053714498452
0.925,-0.165,0.019999027252197266,0.8826635059331035,-0.13433314581008585
0.981,-0.099,0.020015716552734375,0.8826635059331035,-0.13433314581008585
0.981,-0.099,0.019985675811767578,0.8826635059331035,-0.13433314581008585
0.972,-0.101,0.02000141143798828,0.858097967989928,-0.11942702440227172
0.932,-0.126,0.02000904083251953,0.858097967989928,-0.11942702440227172
0.932,-0.126,0.01999807357788086,0.858097967989928,-0.11942702440227172
0.958,-0.048,0.020002126693725586,0.858097967989928,-0.11942702440227172
0.94,-0.094,0.019997358322143555,0.8580984651509175,-0.11942723879281168
0.986,-0.006,0.019998788833618164,0.8580984651509175,-0.11942723879281168
0.96,-0.016,0.019995927810668945,0.8580984651509175,-0.11942723879281168
0.907,-0.1,0.01999521255493164,0.9733534772392767,-0.121594355391833
0.919,-0.059,0.020003795623779297,0.9733534772392767,-0.121594355391833
0.965,-0.005,0.019995927810668945,0.9733534772392767,-0.121594355391833
0.965,-0.005,0.020017147064208984,0.9240667017415859,-0.10581889090281754
0.925,-0.053,0.019986867904663086,0.9240667017415859,-0.10581889090281754
0.889,-0.109,0.019997119903564453,0.9240667017415859,-0.10581889090281754
0.982,0.005,0.020005226135253906,0.9240711694509206,-0.1058190983775123
0.897,-0.082,0.01999807357788086,0.9240711694509206,-0.1058190983775123
0.904,-0.081,0.019998788833618164,0.9240711694509206,-0.1058190983775123
0.971,0.009,0.020001888275146484,0.9240711694509206,-0.1058190983775123
0.901,-0.087,0.020000934600830078,0.8809539828328504,-0.08514305919978177
0.901,-0.087,0.01995849609375,0.8809539828328504,-0.08514305919978177
0.928,-0.061,0.02004551887512207,0.8809539828328504,-0.08514305919978177
0.924,-0.054,0.019994020462036133,0.8248470001899729,-0.06833564759702782
0.901,-0.066,0.019998788833618164,0.8248470001899729,-0.06833564759702782
0.893,-0.072,0.01999807357788086,0.8248470001899729,-0.06833564759702782
0.902,-0.047,0.020007610321044922,0.8248618736213928,-0.06833577913143553
0.907,-0.036,0.019999980926513672,0.8248618736213928,-0.06833577913143553
0.897,-0.027,0.01998615264892578,0.8248618736213928,-0.06833577913143553
0.895,-0.019,0.020009994506835938,0.8248618736213928,-0.06833577913143553
0.895,-0.019,0.020000457763671875,0.8248062661890138,-0.0889539664785553
0.906,0.029,0.019993305206298828,0.8248062661890138,-0.0889539664785553
0.856,-0.054,0.020020723342895508,0.8248062661890138,-0.0889539664785553
0.856,-0.054,0.01998281478881836,0.5933818679111447,-0.11239774153489004
0.845,-0.038,0.0200045108795166,0.5933818679111447,-0.11239774153489004
0.845,-0.038,0.019997119903564453,0.5933818679111447,-0.11239774153489004
0.855,-0.023,0.020010948181152344,0.5933818679111447,-0.11239774153489004
0.867,0.013,0.01998615264892578,0.5933852825450802,-0.11239783358422169
0.699,-0.204,0.020003318786621094,0.5933852825450802,-0.11239783358422169
0.642,-0.282,0.020006418228149414,0.5933852825450802,-0.11239783358422169
0.706,-0.136,0.019992351531982422,0.74973510281071,-0.07833027022185964
0.647,-0.197,0.019992589950561523,0.74973510281071,-0.07833027022185964
0.557,-0.298,0.020015478134155273,0.74973510281071,-0.07833027022185964
0.557,-0.298,0.019997119903564453,0.7027574934169318,-0.005757268589980196
0.685,-0.066,0.02000284194946289,0.7027574934169318,-0.005757268589980196
0.554,-0.236,0.019999027252197266,0.7027574934169318,-0.005757268589980196
0.665,-0.033,0.019997835159301758,0.7027574934169318,-0.005757268589980196
0.677,0.021,0.0199892520904541,0.7027574934169318,-0.005757268589980196
0.697,0.056,0.020017147064208984,0.7027574934169318,-0.005757268589980196
0.614,-0.072,0.019992828369140625,0.7027574934169318,-0.005757268589980196
0.645,-0.021,0.02000117301940918,0.6901556577203952,0.001391357098398126
0.669,0.013,0.01999831199645996,0.6901556577203952,0.001391357098398126
0.669,0.013,0.020003318786621094,0.6901556577203952,0.001391357098398126
0.65,-0.033,0.019995450973510742,0.6321284411849462,-0.039296595743894776
0.65,-0.033,0.02000713348388672,0.6321284411849462,-0.039296595743894776
0.657,-0.019,0.019989967346191406,0.6321284411849462,-0.039296595743894776
0.657,-0.019,0.02001047134399414,0.6321467753978347,-0.039297509619329284
0.668,-0.018,0.019989728927612305,0.6321467753978347,-0.039297509619329284
0.689,0.003,0.020003795623779297,0.6321467753978347,-0.039297509619329284
0.663,-0.021,0.01999688148498535,0.6321467753978347,-0.039297509619329284
0.668,-0.013,0.019998550415039062,0.6338878578724908,0.027091225114256306
0.668,-0.013,0.019994497299194336,0.6338878578724908,0.027091225114256306
0.588,-0.132,0.02000594139099121,0.6338878578724908,0.027091225114256306
0.632,-0.053,0.020000457763671875,0.3610968551344079,-0.09411583591010668
0.672,0.008,0.02000284194946289,0.3610968551344079,-0.09411583591010668
0.539,-0.169,0.020002365112304688,0.3610968551344079,-0.09411583591010668
0.654,0.023,0.01999831199645996,0.3610968551344079,-0.09411583591010668
0.497,-0.189,0.019997835159301758,0.36109770748980186,-0.09411585051253933
0.622,0.0,0.02000117301940918,0.36109770748980186,-0.09411585051253933
0.618,0.023,0.020012617111206055,0.36109770748980186,-0.09411585051253933
0.443,-0.189,0.01999187469482422,0.5875779277522237,0.07651080660880578
0.458,-0.138,0.020007610321044922,0.5875779277522237,0.07651080660880578
0.458,-0.138,0.01998615264892578,0.5875779277522237,0.07651080660880578
0.552,0.008,0.019999980926513672,0.2141372297446223,0.15445078953242627
0.552,0.008,0.02000117301940918,0.2141372297446223,0.15445078953242627
0.402,-0.19,0.020000457763671875,0.2141372297446223,0.15445078953242627
0.366,-0.192,0.020009994506835938,0.2141372297446223,0.15445078953242627
0.643,0.268,0.01999831199645996,0.21714957804893298,0.1565661643954029
0.643,0.268,0.01999664306640625,0.21714957804893298,0.1565661643954029
0.339,-0.087,0.019999265670776367,0.21714957804893298,0.1565661643954029
0.542,0.246,0.020000934600830078,0.1908974486720892,0.138123010363538
0.335,-0.009,0.020000696182250977,0.1908974486720892,0.138123010363538
0.335,-0.009,0.01999688148498535,0.1908974486720892,0.138123010363538
0.41,0.181,0.019999980926513672,0.16503096424547198,0.1179624097491066
0.324,0.121,0.019999027252197266,0.16503096424547198,0.1179624097491066
0.296,0.116,0.0200040340423584,0.16503096424547198,0.1179624097491066
0.271,0.126,0.019996166229248047,0.16503096424547198,0.1179624097491066
0.271,0.126,0.020002126693725586,0.1650759947762731,0.11799472778520065
0.179,0.079,0.019998550415039062,0.1650759947762731,0.11799472778520065
0.179,0.079,0.020005226135253906,0.1650759947762731,0.11799472778520065
0.26,0.238,0.01998734474182129,0.153676864007476,0.10900741708625956
0.141,0.06,0.020003080368041992,0.153676864007476,0.10900741708625956
0.141,0.06,0.020000934600830078,0.153676864007476,0.10900741708625956
0.214,0.13,0.019998550415039062,0.11860713711263147,0.08352689128621804
0.199,0.142,0.01999807357788086,0.11860713711263147,0.08352689128621804
0.199,0.142,0.019999027252197266,0.11860713711263147,0.08352689128621804
0.217,0.113,0.02001023292541504,0.11860861119702093,0.08352793067433803
0.132,0.019,0.019984722137451172,0.11860861119702093,0.08352793067433803
0.144,0.02,0.020004749298095703,0.11860861119702093,0.08352793067433803
0.129,0.084,0.020003795623779297,0.11860861119702093,0.08352793067433803
0.063,0.012,0.02000141143798828,0.17660560093885277,0.12893254608512122
0.057,0.016,0.020004987716674805,0.17660560093885277,0.12893254608512122
0.057,0.016,0.019997119903564453,0.17660560093885277,0.12893254608512122
0.065,0.034,0.02000713348388672,0.22741984548341138,0.18128636539748869
0.086,0.058,0.019992828369140625,0.22741984548341138,0.18128636539748869
0.097,0.092,0.020000934600830078,0.22741984548341138,0.18128636539748869
0.097,0.092,0.019995450973510742,0.22741984548341138,0.18128636539748869
0.156,0.157,0.01999187469482422,0.21766428554118558,0.17564037594664608
0.156,0.157,0.020014524459838867,0.21766428554118558,0.17564037594664608
0.186,0.186,0.020003080368041992,0.21766428554118558,0.17564037594664608
0.186,0.185,0.019995450973510742,0.21399108401805983,0.1951592046064717
0.186,0.185,0.020004749298095703,0.21399108401805983,0.1951592046064717
0.188,0.171,0.01998281478881836,0.21399108401805983,0.1951592046064717
0.165,0.124,0.020003557205200195,0.18788620709750065,0.13743078810125245
0.146,0.097,0.02000117301940918,0.18788620709750065,0.13743078810125245
0.168,0.129,0.020007848739624023,0.18788620709750065,0.13743078810125245
0.168,0.129,0.020005464553833008,0.15674840055566466,0.11354960623856504
0.168,0.129,0.019992828369140625,0.15674840055566466,0.11354960623856504
0.168,0.128,0.020000934600830078,0.15674840055566466,0.11354960623856504
0.173,0.132,0.01999664306640625,0.15674840055566466,0.11354960623856504
0.166,0.128,0.019997119903564453,0.21690157353756462,0.186707554807419
0.166,0.128,0.02000737190246582,0.21690157353756462,0.186707554807419
0.169,0.111,0.01999521255493164,0.21690157353756462,0.186707554807419
0.169,0.111,0.01999950408935547,0.18044984972798875,0.1344602911925521
0.212,0.104,0.02000594139099121,0.18044984972798875,0.1344602911925521
0.212,0.104,0.01999521255493164,0.18044984972798875,0.1344602911925521
0.27,0.056,0.020000934600830078,0.18044984972798875,0.1344602911925521
0.209,0.162,0.01999640464782715,0.18047594105875248,0.13449700801040754
0.211,0.142,0.019999265670776367,0.18047594105875248,0.13449700801040754
0.191,0.163,0.020006656646728516,0.18047594105875248,0.13449700801040754
0.192,0.162,0.020040512084960938,0.11396853366407027,0.07985487596808284
0.198,0.148,0.019966840744018555,0.11396853366407027,0.07985487596808284
0.197,0.142,0.02001476287841797,0.11396853366407027,0.07985487596808284
0.166,0.125,0.01997232437133789,-0.33505334791036184,0.14545584217089483
0.146,0.112,0.0200040340423584,-0.33505334791036184,0.14545584217089483
0.136,0.104,0.01999378204345703,-0.33505334791036184,0.14545584217089483
0.136,0.104,0.020000219345092773,-0.3350535544757065,0.1454558709667678
0.117,0.112,0.020006179809570312,-0.3350535544757065,0.1454558709667678
0.086,0.119,0.019991636276245117,-0.3350535544757065,0.1454558709667678
0.076,0.126,0.019998550415039062,-0.3350535544757065,0.1454558709667678
0.076,0.126,0.020001649856567383,0.05,0.05
0.066,0.019,0.020004987716674805,0.05,-0.011823649906204933
0.059,0.009,0.020008563995361328,0.05,-0.011823649906204933
0.059,0.009,0.019996166229248047,0.05,-0.011823649906204933
0.052,0.003,0.01999831199645996,0.05,-0.01139018827960245
0.052,0.003,0.020003557205200195,0.05,-0.011356900415157578
0.058,0.01,0.020001888275146484,0.05,-0.011282203634280662
0.051,-0.003,0.01999354362487793,0.05,-0.011282203634280662
0.053,-0.007,0.019997358322143555,0.05,-0.010996850124722993
0.053,-0.007,0.019994020462036133,0.05,-0.010996850124722993
0.059,-0.011,0.019994497299194336,0.05,0.003783814874090395
0.052,-0.003,0.019997596740722656,0.05,-0.013616062620351008
0.052,-0.003,0.01999831199645996,0.05,-0.013616062620351008
0.051,-0.033,0.019999980926513672,0.05000000000000001,-0.005076041383329533
0.051,-0.005,0.0200042724609375,0.05,-0.008617286664257078
0.054,-0.005,0.020006656646728516,0.05,-0.011911473442152846
0.054,-0.005,0.020000696182250977,0.05,-0.011911473442152846
0.056,-0.023,0.020000457763671875,0.05,-0.011903633220448396
0.056,-0.023,0.01999974250793457,0.049999999999999996,-0.0035267516598270245
0.056,-0.022,0.01999807357788086,0.05,-0.016711032275156783
0.054,-0.024,0.019997835159301758,0.05,-0.03910758278301805
0.051,0.009,0.02000594139099121,0.05,-0.0012324568040698943
0.052,0.004,0.019997596740722656,0.05,0.0016672801085626345
0.052,0.004,0.020003080368041992,0.05000000000000001,0.002884166487614791
-0.088,-0.096,0.019994735717773438,-0.9062097401203824,0.02420353142200896
-0.088,-0.096,0.020025968551635742,-0.9062097401203824,0.02420353142200896
-0.129,-0.099,0.019973278045654297,-0.9062097401203824,0.02420353142200896
-0.164,-0.081,0.020000696182250977,-0.8968265903993217,0.06308868766827146
-0.194,-0.067,0.020007610321044922,-0.8968265903993217,0.06308868766827146
-0.194,-0.067,0.020000457763671875,-0.8968265903993217,0.06308868766827146
-0.243,-0.035,0.019995927810668945,-0.9101893659966763,0.08025417829014624
-0.243,-0.035,0.02001047134399414,-0.9101893659966763,0.08025417829014624
-0.275,-0.021,0.019988536834716797,-0.9101893659966763,0.08025417829014624
-0.3,0.004,0.0200042724609375,-0.9588419131769113,0.12482214896576044
-0.332,0.036,0.01999497413635254,-0.9588419131769113,0.12482214896576044
-0.332,0.036,0.02001357078552246,-0.9588419131769113,0.12482214896576044
-0.374,0.063,0.019999980926513672,-0.9588419131769113,0.12482214896576044
-0.422,0.091,0.019992828369140625,-0.9588419131769113,0.12482214896576044
-0.461,0.105,0.02000594139099121,-1.0211562381534618,0.1868592898469411
-0.461,0.105,0.019994258880615234,-1.0211562381534618,0.1868592898469411
-0.517,0.092,0.020000696182250977,-0.9551054027593471,0.1691875231672746
-0.517,0.092,0.020004749298095703,-0.9551054027593471,0.1691875231672746
-0.602,0.148,0.019997596740722656,-0.9551054027593471,0.1691875231672746
-0.61,0.102,0.019989967346191406,-0.9551054027593471,0.1691875231672746
-0.645,0.115,0.020013093948364258,-1.3678898173428946,0.24997740978732308
-0.645,0.115,0.019995689392089844,-1.3678898173428946,0.24997740978732308
-0.697,0.129,0.01999521255493164,-1.3678898173428946,0.24997740978732308
-0.727,0.151,0.020002365112304688,-1.3710232769540462,0.25809558029359314
-0.758,0.176,0.020007610321044922,-1.3710232769540462,0.25809558029359314
-0.791,0.198,0.020001888275146484,-1.3710232769540462,0.25809558029359314
-0.808,0.208,0.01999068260192871,-1.2786157807561127,0.14114527637593213
-0.808,0.208,0.020005226135253906,-1.2786157807561127,0.14114527637593213
-0.838,0.229,0.02000284194946289,-1.2786157807561127,0.14114527637593213
-0.863,0.228,0.019992828369140625,-1.2786157807561127,0.14114527637593213
-0.893,0.229,0.020005464553833008,-1.3244276341723704,0.15623622764162137
-0.932,0.228,0.020001649856567383,-1.3244276341723704,0.15623622764162137
-0.972,0.185,0.01999807357788086,-1.3244276341723704,0.15623622764162137
-0.972,0.185,0.019981861114501953,-1.4373352792679641,0.1448416366424932
-1.018,0.171,0.020004987716674805,-1.4373352792679641,0.1448416366424932
-1.062,0.148,0.020005464553833008,-1.4373352792679641,0.1448416366424932
-1.062,0.148,0.019997835159301758,-1.4024023019633243,0.1553983288920464
-1.125,0.132,0.02000117301940918,-1.4024023019633243,0.1553983288920464
-1.163,0.093,0.01999497413635254,-1.4024023019633243,0.1553983288920464
-1.221,0.065,0.0200042724609375,-1.4068736744183576,0.19173909677411327
-1.221,0.065,0.01999974250793457,-1.4068736744183576,0.19173909677411327
-1.249,0.069,0.02000117301940918,-1.4068736744183576,0.19173909677411327
-1.256,0.104,0.020002126693725586,-1.4068736744183576,0.19173909677411327
-1.295,0.082,0.019995689392089844,-1.3856038259779606,0.17944557834143673
-1.31,0.063,0.02000904083251953,-1.3856038259779606,0.17944557834143673
-1.31,0.063,0.019996166229248047,-1.3856038259779606,0.17944557834143673
-1.336,0.079,0.019997835159301758,-1.3856038259779606,0.17944557834143673
-1.336,0.079,0.019989728927612305,-1.3856038259779606,0.17944557834143673
-1.36,0.056,0.020008563995361328,-1.0815392093356218,0.4035477420880047
-1.36,0.056,0.019998550415039062,-1.0815392093356218,0.4035477420880047
-1.383,0.043,0.02000117301940918,-1.0815392093356218,0.4035477420880047
-1.403,0.047,0.020000696182250977,-1.0815392093356218,0.4035477420880047
-1.409,0.066,0.01999211311340332,-1.0815392093356218,0.4035477420880047
-1.331,0.261,0.11999821662902832,-0.9477561895236855,0.1386008481399015
-1.384,0.165,0.02000141143798828,-0.9477561895236855,0.1386008481399015
-1.373,0.158,0.02000594139099121,-0.9477561895236855,0.1386008481399015
-1.373,0.158,0.020002126693725586,-0.9477561895236855,0.1386008481399015
-1.363,0.186,0.020000457763671875,-0.9477561895236855,0.1386008481399015
-0.971,0.091,0.020001649856567383,-0.2686484323008627,-0.1605040542847861
-0.984,0.079,0.019999265670776367,-0.2686484323008627,-0.1605040542847861
-1.032,-0.009,0.01999974250793457,-0.2686484323008627,-0.1605040542847861
-0.984,0.049,0.019995689392089844,-0.2686484323008627,-0.1605040542847861
-0.952,0.075,0.020013093948364258,1.0535414138410595,-0.15642788779545047
-0.985,-0.026,0.019980669021606445,1.0535414138410595,-0.15642788779545047
-0.978,-0.044,0.02001047134399414,1.0312503227468994,-0.11322868312267682
-0.978,-0.044,0.0199887752532959,0.8415258940375344,-0.1232141441319622
-0.917,-0.026,0.020012617111206055,0.8415258940375344,-0.1232141441319622
-0.894,-0.083,0.0200042724609375,0.8415258940375344,-0.1232141441319622
-0.849,-0.072,0.01999497413635254,0.8415258940375344,-0.1232141441319622
-0.829,-0.106,0.01999950408935547,0.7254088812476158,-0.14995663058502734
-0.84,-0.145,0.02000594139099121,0.7254088812476158,-0.14995663058502734
-0.84,-0.145,0.01999497413635254,0.7254088812476158,-0.14995663058502734
-0.784,-0.097,0.019998550415039062,0.7495667693347674,-0.14838621805793098
-0.746,-0.068,0.020003080368041992,0.7495667693347674,-0.14838621805793098
-0.562,0.182,0.020004987716674805,0.7495667693347674,-0.14838621805793098
-0.562,0.182,0.019985437393188477,0.7495667693347674,-0.14838621805793098
-0.552,0.174,0.02000737190246582,0.7316179656886372,-0.11282874207593993
-0.437,0.304,0.01999068260192871,0.7316179656886372,-0.11282874207593993
-0.554,0.11,0.019999027252197266,0.9093464996482642,-0.11112287538315553
-0.554,0.11,0.02000713348388672,0.9093464996482642,-0.11112287538315553
-0.616,-0.031,0.020025253295898438,0.9093464996482642,-0.11112287538315553
-0.493,0.129,0.019983291625976562,0.9093464996482642,-0.11112287538315553
-0.432,0.175,0.0200045108795166,0.900294959848944,-0.11720864676714082
-0.575,-0.088,0.0200040340423584,0.900294959848944,-0.11720864676714082
-0.565,-0.094,0.019995927810668945,0.900294959848944,-0.11720864676714082
-0.387,0.136,0.019995450973510742,0.867031430909194,-0.13406201906108925
-0.457,-0.003,0.019995927810668945,0.867031430909194,-0.13406201906108925
-0.382,0.087,0.02000594139099121,0.867031430909194,-0.13406201906108925
-0.449,-0.04,0.020000934600830078,0.8923098011540164,-0.12367636392646958
-0.321,0.11,0.019999027252197266,0.8923098011540164,-0.12367636392646958
-0.354,0.023,0.01999974250793457,0.8923098011540164,-0.12367636392646958
-0.298,0.089,0.019995689392089844,0.9122554770853976,-0.14317897324128112
-0.298,0.089,0.019995450973510742,0.9122554770853976,-0.14317897324128112
-0.278,0.072,0.02002739906311035,0.9122554770853976,-0.14317897324128112
-0.256,0.079,0.019968271255493164,0.9122554770853976,-0.14317897324128112
-0.256,0.079,0.019996166229248047,0.8679535276792592,-0.15380425885636057
-0.223,0.086,0.02001333236694336,0.8679535276792592,-0.15380425885636057
-0.223,0.086,0.01999974250793457,0.8679535276792592,-0.15380425885636057
-0.188,0.095,0.01999211311340332,0.9367356365747094,-0.12632259068378118
-0.186,0.06,0.02001166343688965,0.9367356365747094,-0.12632259068378118
-0.198,0.01,0.019994735717773438,0.9367356365747094,-0.12632259068378118
-0.189,-0.01,0.02000570297241211,0.9367356365747094,-0.12632259068378118
-0.133,0.035,0.01999497413635254,1.1712450142769197,-0.054022055969594744
-0.103,0.048,0.0200042724609375,1.1712450142769197,-0.054022055969594744
-0.107,0.013,0.019996166229248047,1.1712450142769197,-0.054022055969594744
-0.107,0.013,0.01999831199645996,1.1236681840898748,-0.1088179213517252
-0.071,0.02,0.01999974250793457,1.1236681840898748,-0.1088179213517252
0.064,-0.008,0.02000260353088379,1.4325900192963017,0.01559766753201872
0.084,-0.018,0.0200045108795166,1.4325900192963017,0.01559766753201872
0.098,-0.03,0.01999497413635254,1.4325900192963017,0.01559766753201872
0.118,-0.028,0.019999027252197266,1.326102978054474,-0.004024021332475202
0.142,-0.018,0.02002263069152832,1.326102978054474,-0.004024021332475202
0.163,-0.011,0.019980907440185547,1.326102978054474,-0.004024021332475202
0.18,-0.018,0.020001649856567383,1.326102978054474,-0.004024021332475202
0.18,-0.018,0.019994735717773438,1.156726739987067,-0.08358332758461104
0.185,-0.036,0.019989490509033203,1.156726739987067,-0.08358332758461104
0.212,-0.026,0.02002573013305664,1.156726739987067,-0.08358332758461104
0.236,-0.031,0.019985675811767578,1.434803477647413,0.014194096052973606
0.236,-0.031,0.019998550415039062,1.434803477647413,0.014194096052973606
0.285,-0.026,0.020015954971313477,1.434803477647413,0.014194096052973606
0.303,-0.034,0.019989490509033203,1.434803477647413,0.014194096052973606
0.303,-0.034,0.01999044418334961,1.4341155188975958,0.014369196501317669
0.366,-0.009,0.019995927810668945,1.4341155188975958,0.014369196501317669
0.389,0.006,0.02002882957458496,1.4341155188975958,0.014369196501317669
0.416,0.006,0.01998424530029297,0.8875920642978652,0.02053483080746355
0.416,0.006,0.019997358322143555,0.8875920642978652,0.02053483080746355
0.442,0.008,0.01999831199645996,0.8875920642978652,0.02053483080746355
0.468,0.014,0.01999688148498535,0.8567238976187218,0.005650133377882832
0.49,0.016,0.019992351531982422,0.8567238976187218,0.005650133377882832
0.514,0.012,0.02001214027404785,0.8567238976187218,0.005650133377882832
0.536,0.019,0.02001333236694336,0.8567238976187218,0.005650133377882832
0.556,0.022,0.019995927810668945,1.4149810207291151,0.005781573407568897
0.576,0.009,0.01998591423034668,1.4149810207291151,0.005781573407568897
0.59,0.013,0.0200192928314209,1.4149810207291151,0.005781573407568897
0.607,0.01,0.019995450973510742,1.3033410557860274,0.10704200020102923
0.622,-0.003,0.019985675811767578,1.3033410557860274,0.10704200020102923
0.637,0.002,0.019985675811767578,1.3033410557860274,0.10704200020102923
0.637,0.002,0.020015478134155273,1.370582834469909,0.1007423563280964
0.658,0.015,0.020000934600830078,1.370582834469909,0.1007423563280964
0.677,0.031,0.02001214027404785,1.370582834469909,0.1007423563280964
0.689,0.042,0.01999664306640625,1.370582834469909,0.1007423563280964
0.689,0.042,0.019990921020507812,1.2586596296166208,0.11692515048262825
0.738,0.058,0.020007610321044922,1.2586596296166208,0.11692515048262825
0.755,0.059,0.020000696182250977,1.2586596296166208,0.11692515048262825
0.77,0.085,0.01999807357788086,1.4518860294625853,0.10739864852310972
0.792,0.078,0.019991397857666016,1.4518860294625853,0.10739864852310972
0.792,0.078,0.02000141143798828,1.4518860294625853,0.10739864852310972
0.819,0.088,0.01999974250793457,1.3068116343957452,0.15051861725693558
0.819,0.088,0.019999265670776367,1.3068116343957452,0.15051861725693558
0.864,0.092,0.020008325576782227,1.3068116343957452,0.15051861725693558
0.886,0.092,0.020003557205200195,1.3068116343957452,0.15051861725693558
0.886,0.092,0.019989013671875,1.2267084754202804,0.08890455420586167
0.93,0.113,0.0200045108795166,1.2267084754202804,0.08890455420586167
0.958,0.135,0.020008563995361328,1.2267084754202804,0.08890455420586167
0.973,0.112,0.02000117301940918,1.3023860442671213,0.06999658064258266
1.003,0.114,0.019994258880615234,1.3023860442671213,0.06999658064258266
1.024,0.124,0.01999640464782715,1.3023860442671213,0.06999658064258266
1.052,0.093,0.02000117301940918,1.222795878451364,0.09007052062051908
1.052,0.093,0.019998550415039062,1.222795878451364,0.09007052062051908
1.067,0.1,0.02000117301940918,1.222795878451364,0.09007052062051908
1.094,0.072,0.019995927810668945,1.222795878451364,0.09007052062051908
1.123,0.083,0.0199892520904541,1.144447085036958,0.09105868281024118
1.136,0.068,0.020006418228149414,1.144447085036958,0.09105868281024118
1.157,0.077,0.020009279251098633,1.144447085036958,0.09105868281024118
1.165,0.073,0.01999497413635254,1.4574631474529385,0.004033097874870614
1.169,0.089,0.020018339157104492,1.4574631474529385,0.004033097874870614
1.174,0.085,0.019989013671875,1.4574631474529385,0.004033097874870614
1.174,0.085,0.019997835159301758,1.4326671880144894,0.020152808269141773
1.193,0.07,0.020000696182250977,1.4326671880144894,0.020152808269141773
1.216,0.06,0.019997119903564453,1.4326671880144894,0.020152808269141773
1.216,0.06,0.020004749298095703,1.4326671880144894,0.020152808269141773
1.226,0.04,0.01998305320739746,1.3180490189228846,0.062064727336586044
1.229,0.036,0.02000284194946289,1.3180490189228846,0.062064727336586044
1.246,0.043,0.020004749298095703,1.3180490189228846,0.062064727336586044
1.266,0.027,0.020001888275146484,1.0463327133002975,-0.005032812494650919
1.259,0.035,0.020003318786621094,1.0463327133002975,-0.005032812494650919
1.259,0.035,0.019998550415039062,1.0463327133002975,-0.005032812494650919
1.289,0.045,0.020000457763671875,0.9285880639059276,-0.023556794166067176
1.289,0.045,0.019999265670776367,0.9285880639059276,-0.023556794166067176
1.281,0.046,0.02001476287841797,0.9285880639059276,-0.023556794166067176
1.281,0.046,0.01998758316040039,0.8627442684529415,-0.02208836156527773
1.263,0.029,0.0200042724609375,0.8627442684529415,-0.02208836156527773
1.249,0.027,0.019999027252197266,0.8627442684529415,-0.02208836156527773
1.222,0.017,0.01999807357788086,0.8627442684529415,-0.02208836156527773
1.196,0.022,0.020004749298095703,0.7621347169063275,-0.03153332720966552
1.196,0.022,0.019995927810668945,0.7621347169063275,-0.03153332720966552
1.177,-0.013,0.019994258880615234,0.7621347169063275,-0.03153332720966552
1.154,-0.055,0.020006895065307617,0.8218942780933095,-0.04983716397852237
1.142,-0.085,0.020000457763671875,0.8218942780933095,-0.04983716397852237
1.142,-0.085,0.020003795623779297,0.8218942780933095,-0.04983716397852237
1.081,-0.137,0.019990921020507812,0.776035318453857,-0.04468207537649319
1.044,-0.142,0.02000570297241211,0.776035318453857,-0.04468207537649319
1.044,-0.142,0.020001888275146484,0.776035318453857,-0.04468207537649319
0.993,-0.182,0.019997596740722656,0.776035318453857,-0.04468207537649319
0.98,-0.191,0.02001023292541504,0.8580208514569702,-0.051113857444486974
0.946,-0.183,0.01999664306640625,0.8580208514569702,-0.051113857444486974
0.943,-0.192,0.019993305206298828,0.8580208514569702,-0.051113857444486974
0.884,-0.011,0.019988536834716797,0.9845975410567918,-0.0993562212867942
0.98,0.065,0.020014047622680664,0.9845975410567918,-0.0993562212867942
0.98,0.065,0.0200040340423584,0.9845975410567918,-0.0993562212867942
0.98,0.065,0.019992828369140625,0.9845975410567918,-0.0993562212867942
0.923,0.032,0.01999688148498535,1.1595373326706362,-0.11183029400921536
0.909,-0.021,0.02001047134399414,1.1595373326706362,-0.11183029400921536
0.912,0.01,0.019989490509033203,1.1595373326706362,-0.11183029400921536
0.909,0.019,0.019997835159301758,1.1211727770877056,-0.100330210532194
0.847,-0.017,0.020006656646728516,1.1211727770877056,-0.100330210532194
0.807,-0.03,0.019995450973510742,1.1211727770877056,-0.100330210532194
0.824,-0.011,0.019997119903564453,0.9435472307698137,-0.0716637316421216
0.81,-0.019,0.0200192928314209,0.9435472307698137,-0.0716637316421216
0.757,-0.02,0.01998758316040039,0.9435472307698137,-0.0716637316421216
0.757,-0.02,0.019981861114501953,0.9435472307698137,-0.0716637316421216
0.745,0.009,0.020010948181152344,1.1576406424214827,-0.08216916865477321
0.778,-0.028,0.01999974250793457,1.1576406424214827,-0.08216916865477321
0.821,-0.049,0.02000713348388672,1.1576406424214827,-0.08216916865477321
0.821,-0.049,0.019992828369140625,0.9193124942627092,-0.0686968499410633
0.903,-0.082,0.019984960556030273,0.9193124942627092,-0.0686968499410633
0.935,-0.081,0.02001023292541504,0.9193124942627092,-0.0686968499410633
0.947,-0.079,0.020006418228149414,0.9078846543203279,-0.06364481910516105
0.95,-0.07,0.019998550415039062,0.9078846543203279,-0.06364481910516105
0.95,-0.07,0.020003795623779297,0.9078846543203279,-0.06364481910516105
0.928,-0.056,0.01999354362487793,0.9555385959136521,-0.06383460084779835
0.88,-0.008,0.019992351531982422,0.9555385959136521,-0.06383460084779835
0.88,-0.008,0.0200042724609375,0.9555385959136521,-0.06383460084779835
0.825,0.023,0.020009994506835938,0.9555385959136521,-0.06383460084779835
0.838,-0.002,0.019999980926513672,0.9016597299824538,-0.062303026192064466
0.838,-0.002,0.019995450973510742,0.9016597299824538,-0.062303026192064466
0.873,-0.039,0.019998550415039062,0.9016597299824538,-0.062303026192064466
0.891,-0.046,0.02004408836364746,0.8863739725837707,-0.052576196416165184
0.906,-0.069,0.019957780838012695,0.8863739725837707,-0.052576196416165184
0.912,-0.053,0.020009756088256836,0.8863739725837707,-0.052576196416165184
0.915,-0.069,0.01998114585876465,0.8965728175584481,-0.0555413400323013
0.922,-0.052,0.020010709762573242,0.8965728175584481,-0.0555413400323013
0.927,-0.051,0.019991159439086914,0.8965728175584481,-0.0555413400323013
0.942,-0.072,0.02000904083251953,0.8965728175584481,-0.0555413400323013
0.942,-0.072,0.020006895065307617,0.8815287812699506,-0.048787627893905804
0.942,-0.09,0.019991159439086914,0.8815287812699506,-0.048787627893905804
0.934,-0.086,0.0200042724609375,0.8815287812699506,-0.048787627893905804
0.918,-0.087,0.019994258880615234,0.912832594900306,-0.050057824822454064
0.913,-0.087,0.020000696182250977,0.912832594900306,-0.050057824822454064
0.901,-0.083,0.020029544830322266,0.912832594900306,-0.050057824822454064
0.901,-0.083,0.01997542381286621,0.8794568366016832,-0.05105858905696726
0.901,-0.079,0.02000284194946289,0.8794568366016832,-0.05105858905696726
0.903,-0.081,0.0199887752532959,0.8794568366016832,-0.05105858905696726
0.89,-0.057,0.020008325576782227,0.8794568366016832,-0.05105858905696726
0.895,-0.056,0.020009517669677734,0.9783220484123571,-0.042596085678835834
0.893,-0.036,0.02000570297241211,0.9783220484123571,-0.042596085678835834
0.899,-0.015,0.020022153854370117,0.9783220484123571,-0.042596085678835834
0.92,0.01,0.019968271255493164,0.9564019246356631,-0.03637748006886346
0.92,0.01,0.019994020462036133,0.9564019246356631,-0.03637748006886346
0.919,-0.017,0.01999688148498535,0.9564019246356631,-0.03637748006886346
0.919,-0.017,0.02000570297241211,0.9564019246356631,-0.03637748006886346
0.935,-0.028,0.020000457763671875,0.9683476110813093,-0.03684445908252966
0.933,-0.024,0.019997596740722656,0.9683476110813093,-0.03684445908252966
0.933,-0.024,0.020000696182250977,0.9683476110813093,-0.03684445908252966
0.936,-0.051,0.019949674606323242,0.8821216142192208,-0.038967382421522825
0.936,-0.051,0.02004718780517578,0.8821216142192208,-0.038967382421522825
0.931,-0.055,0.020004987716674805,0.8821216142192208,-0.038967382421522825
0.912,-0.028,0.019992589950561523,0.9600290186433041,-0.036573589204178296
0.912,-0.028,0.020012617111206055,0.9600290186433041,-0.036573589204178296
0.879,-0.029,0.0200042724609375,0.9600290186433041,-0.036573589204178296
0.879,-0.029,0.0199429988861084,0.9600290186433041,-0.036573589204178296
0.887,-0.018,0.02004551887512207,0.9677022880974883,-0.03652170298688497
0.887,-0.018,0.019990921020507812,0.9677022880974883,-0.03652170298688497
0.885,-0.026,0.02000737190246582,0.9677022880974883,-0.03652170298688497
0.9,-0.018,0.01999688148498535,0.9456272288062817,-0.040309656912341105
0.9,-0.018,0.02000117301940918,0.9456272288062817,-0.040309656912341105
0.929,-0.019,0.019998550415039062,0.9456272288062817,-0.040309656912341105
0.918,-0.01,0.01999831199645996,0.8643246153678289,-0.022380928016823353
0.927,-0.009,0.020001649856567383,0.8643246153678289,-0.022380928016823353
0.928,-0.019,0.020014047622680664,0.8643246153678289,-0.022380928016823353
0.922,-0.008,0.01999378204345703,0.8979765956024955,-0.02259928676869846
0.924,-0.031,0.02000117301940918,0.8979765956024955,-0.02259928676869846
0.914,-0.019,0.019997119903564453,0.8979765956024955,-0.02259928676869846
0.919,-0.036,0.020005464553833008,0.8979765956024955,-0.02259928676869846
0.914,-0.04,0.0199892520904541,1.3792169055862074,-0.03348520772323727
0.915,-0.03,0.019999980926513672,1.3792169055862074,-0.03348520772323727
0.923,-0.019,0.020002126693725586,1.3792169055862074,-0.03348520772323727
0.931,-0.025,0.020004987716674805,1.3792169055862074,-0.03348520772323727
0.939,-0.024,0.01999521255493164,1.3749049423035515,-0.0171930286085891
0.943,-0.023,0.020000934600830078,1.3749049423035515,-0.0171930286085891
0.953,-0.026,0.02000284194946289,1.3749049423035515,-0.0171930286085891
0.953,-0.026,0.019998788833618164,1.4053629390150122,-0.03205139791383841
0.966,-0.029,0.019995450973510742,1.4053629390150122,-0.03205139791383841
0.966,-0.029,0.020000457763671875,1.4053629390150122,-0.03205139791383841
0.972,-0.008,0.01999640464782715,0.9665946507332488,-0.027519005140112796
0.986,-0.02,0.020001649856567383,0.9665946507332488,-0.027519005140112796
0.994,-0.023,0.02000117301940918,0.9665946507332488,-0.027519005140112796
1.01,-0.01,0.02000117301940918,0.9665946507332488,-0.027519005140112796
1.01,-0.01,0.020000696182250977,0.7561874890667435,-0.017799760082749135
1.009,-0.01,0.02002406120300293,0.7561874890667435,-0.017799760082749135
0.999,-0.027,0.019968032836914062,0.7561874890667435,-0.017799760082749135
0.999,-0.027,0.01999950408935547,0.8068070442623351,-0.010053570853320388
0.985,0.004,0.02001190185546875,0.8068070442623351,-0.010053570853320388
0.953,-0.026,0.020003557205200195,0.8068070442623351,-0.010053570853320388
0.936,-0.01,0.019997835159301758,0.8147583378932907,0.012423347634464421
0.918,-0.024,0.019995689392089844,0.8147583378932907,0.012423347634464421
0.896,-0.009,0.019997596740722656,0.8147583378932907,0.012423347634464421
0.896,-0.009,0.02000570297241211,0.7609236004935087,-0.016363042195947083
0.887,0.016,0.019992589950561523,0.7609236004935087,-0.016363042195947083
0.859,0.048,0.019998788833618164,0.7609236004935087,-0.016363042195947083
0.859,0.048,0.020005226135253906,0.7632635869439461,-0.01019067225873518
0.848,0.076,0.019984006881713867,0.7632635869439461,-0.01019067225873518
0.852,0.105,0.020023584365844727,0.7632635869439461,-0.01019067225873518
0.834,0.102,0.019998550415039062,0.7632635869439461,-0.01019067225873518
0.834,0.102,0.01999521255493164,0.7646488226804278,-0.03032984516812451
0.814,0.075,0.019997596740722656,0.7646488226804278,-0.03032984516812451
0.778,0.037,0.019991636276245117,0.7646488226804278,-0.03032984516812451
0.81,0.069,0.020009279251098633,0.7617750865013528,-0.02743050269082781
0.81,0.069,0.020003318786621094,0.7617750865013528,-0.02743050269082781
0.79,0.044,0.02000260353088379,0.7617750865013528,-0.02743050269082781
0.773,0.008,0.019984722137451172,0.7617750865013528,-0.02743050269082781
0.773,0.008,0.0200045108795166,0.7657846336942827,-0.03461816450597244
0.763,-0.001,0.0200042724609375,0.7657846336942827,-0.03461816450597244
0.744,-0.031,0.02001643180847168,0.7657846336942827,-0.03461816450597244
0.744,-0.031,0.019986867904663086,1.4200208638211755,-0.1043246547176034
0.775,0.001,0.019983530044555664,1.4200208638211755,-0.1043246547176034
0.74,-0.065,0.020009517669677734,1.4200208638211755,-0.1043246547176034
0.763,-0.074,0.020004987716674805,1.3932509253354848,-0.10622351449359521
0.777,-0.094,0.01999974250793457,1.3932509253354848,-0.10622351449359521
0.754,-0.157,0.020001649856567383,1.3932509253354848,-0.10622351449359521
0.785,-0.168,0.019983530044555664,1.3932509253354848,-0.10622351449359521
0.785,-0.168,0.020009994506835938,1.0445932742131108,-0.07081646253030967
0.783,-0.218,0.02001667022705078,1.0445932742131108,-0.07081646253030967
0.783,-0.218,0.019997358322143555,1.0445932742131108,-0.07081646253030967
0.766,-0.158,0.01998734474182129,0.9857134550842707,-0.09116073959960262
0.757,-0.106,0.01999807357788086,0.9857134550842707,-0.09116073959960262
0.768,-0.064,0.020005226135253906,0.9857134550842707,-0.09116073959960262
0.806,-0.043,0.019995450973510742,0.9947543744353112,-0.1065844704354068
0.832,-0.059,0.01999497413635254,0.9947543744353112,-0.1065844704354068
0.877,-0.049,0.020009279251098633,0.9947543744353112,-0.1065844704354068
0.924,-0.076,0.01998615264892578,0.9947543744353112,-0.1065844704354068
0.943,-0.07,0.020016908645629883,1.1130908481327089,-0.11809654165796923
0.943,-0.07,0.01999950408935547,1.1130908481327089,-0.11809654165796923
0.996,-0.124,0.019996166229248047,1.1130908481327089,-0.11809654165796923
0.994,-0.097,0.020010948181152344,1.374220420819281,-0.176483890089075
1.016,-0.113,0.019982337951660156,1.374220420819281,-0.176483890089075
1.015,-0.089,0.02000260353088379,1.374220420819281,-0.176483890089075
1.046,-0.117,0.020003557205200195,0.7669309382745585,-0.13761265973658302
1.078,-0.134,0.020002126693725586,0.7669309382745585,-0.13761265973658302
1.106,-0.143,0.02000594139099121,0.7669309382745585,-0.13761265973658302
1.105,-0.141,0.019989490509033203,0.7669309382745585,-0.13761265973658302
1.128,-0.155,0.0200045108795166,1.305738891310438,-0.24281671341507136
1.121,-0.134,0.01999521255493164,1.305738891310438,-0.24281671341507136
1.121,-0.134,0.02000594139099121,1.305738891310438,-0.24281671341507136
1.148,-0.099,0.01998758316040039,1.4407756175721604,-0.2295324937113091
1.159,-0.085,0.020020723342895508,1.4407756175721604,-0.2295324937113091
1.159,-0.085,0.019994735717773438,1.4407756175721604,-0.2295324937113091
1.184,-0.097,0.020002126693725586,1.4053778989723535,-0.3097428066211775
1.268,0.014,0.01999831199645996,1.4053778989723535,-0.3097428066211775
1.258,-0.017,0.020001888275146484,1.4053778989723535,-0.3097428066211775
1.253,-0.046,0.020000696182250977,1.4053778989723535,-0.3097428066211775
1.253,-0.046,0.01999211311340332,1.4456146472369455,-0.28370209211913344
1.265,-0.078,0.020010709762573242,1.4456146472369455,-0.28370209211913344
1.239,-0.081,0.01999664306640625,1.4456146472369455,-0.28370209211913344
1.239,-0.081,0.019990921020507812,1.329015444284749,-0.3360104927130613
1.272,-0.097,0.020003557205200195,1.329015444284749,-0.3360104927130613
1.246,-0.198,0.019995450973510742,1.329015444284749,-0.3360104927130613
1.25,-0.177,0.020006656646728516,1.4487073951632319,-0.30919088355749225
1.303,-0.103,0.020000219345092773,1.4487073951632319,-0.30919088355749225
1.28,-0.169,0.02000141143798828,1.4487073951632319,-0.30919088355749225
1.311,-0.121,0.019987821578979492,1.3073029102651599,-0.32736012458750247
1.248,-0.185,0.02000284194946289,1.3073029102651599,-0.32736012458750247
1.272,-0.155,0.02001476287841797,1.3073029102651599,-0.32736012458750247
1.272,-0.155,0.019984722137451172,1.3073029102651599,-0.32736012458750247
1.308,-0.137,0.020011186599731445,1.4500025518809647,-0.3295050617269195
1.263,-0.162,0.01999974250793457,1.4500025518809647,-0.3295050617269195
1.273,-0.192,0.01999950408935547,1.4500025518809647,-0.3295050617269195
1.332,-0.132,0.01999831199645996,1.2847080540525608,-0.3581502347330505
1.288,-0.205,0.019999980926513672,1.2847080540525608,-0.3581502347330505
1.353,-0.064,0.020000457763671875,1.2847080540525608,-0.3581502347330505
1.252,-0.193,0.01999378204345703,1.1340838866116738,-0.35282911938010775
1.335,-0.1,0.020016908645629883,1.1340838866116738,-0.35282911938010775
1.276,-0.182,0.01999187469482422,1.1340838866116738,-0.35282911938010775
1.276,-0.182,0.019997596740722656,1.1340838866116738,-0.35282911938010775
1.271,-0.188,0.020021677017211914,1.2739320169283652,-0.4307702338056147
1.293,-0.171,0.01996135711669922,1.2739320169283652,-0.4307702338056147
1.275,-0.18,0.020005464553833008,1.2739320169283652,-0.4307702338056147
1.336,-0.12,0.02000880241394043,1.1790181391196612,-0.40527075424385717
1.336,-0.12,0.020003557205200195,1.1790181391196612,-0.40527075424385717
1.337,-0.133,0.02000260353088379,1.1790181391196612,-0.40527075424385717
1.337,-0.133,0.019991397857666016,1.1421285457162567,-0.39267836707494874
1.328,-0.139,0.020005226135253906,1.1421285457162567,-0.39267836707494874
1.277,-0.177,0.019998788833618164,1.1421285457162567,-0.39267836707494874
1.301,-0.195,0.02000260353088379,1.1421285457162567,-0.39267836707494874
1.301,-0.195,0.019997596740722656,1.2526584373846206,-0.36339540807083126
1.333,-0.088,0.01999640464782715,1.2526584373846206,-0.36339540807083126
1.283,-0.203,0.019999265670776367,1.2526584373846206,-0.36339540807083126
1.285,-0.183,0.02000284194946289,0.8343022813103004,-0.3748385452927569
1.289,-0.169,0.019999265670776367,0.8343022813103004,-0.3748385452927569
1.343,-0.1,0.020006656646728516,0.8343022813103004,-0.3748385452927569
1.343,-0.1,0.01999831199645996,0.8343022813103004,-0.3748385452927569
1.278,-0.176,0.019993066787719727,0.5921488693696256,-0.35693354774636016
1.303,-0.121,0.020000219345092773,0.5921488693696256,-0.35693354774636016
1.303,-0.121,0.019994020462036133,0.5921488693696256,-0.35693354774636016
1.263,-0.155,0.020011425018310547,1.1937988479299808,-0.35759242665005603
1.309,-0.1,0.02000284194946289,1.1937988479299808,-0.35759242665005603
1.233,-0.161,0.019997358322143555,1.1937988479299808,-0.35759242665005603
1.233,-0.161,0.01999378204345703,1.4026017856679356,-0.3896957058353211
1.276,-0.051,0.01999187469482422,1.4026017856679356,-0.3896957058353211
1.276,-0.051,0.020002126693725586,1.4026017856679356,-0.3896957058353211
1.247,-0.067,0.01999974250793457,0.86867519158623,-0.4001240440706255
1.211,-0.145,0.01999378204345703,0.86867519158623,-0.4001240440706255
1.28,-0.052,0.020005464553833008,0.86867519158623,-0.4001240440706255
1.214,-0.134,0.02000260353088379,0.86867519158623,-0.4001240440706255
1.214,-0.134,0.02000141143798828,0.9803136689629383,-0.39609459035215994
1.224,-0.148,0.02001357078552246,0.9803136689629383,-0.39609459035215994
1.272,-0.072,0.019988059997558594,0.9803136689629383,-0.39609459035215994
1.264,-0.056,0.020003795623779297,1.116839005454291,-0.45046943451776006
1.182,-0.155,0.019994497299194336,1.116839005454291,-0.45046943451776006
1.182,-0.155,0.020014286041259766,1.116839005454291,-0.45046943451776006
1.182,-0.129,0.019983530044555664,1.116839005454291,-0.45046943451776006
1.182,-0.129,0.02001214027404785,1.0909150897836657,-0.4453986091860244
1.191,-0.13,0.019999980926513672,1.0909150897836657,-0.4453986091860244
1.239,-0.048,0.020003557205200195,1.0909150897836657,-0.4453986091860244
1.162,-0.204,0.019994258880615234,0.544687774752343,-0.3933624090332326
1.218,-0.142,0.019998788833618164,0.544687774752343,-0.3933624090332326
1.264,-0.085,0.01999831199645996,0.544687774752343,-0.3933624090332326
1.202,-0.193,0.019996166229248047,0.7435545001803963,-0.43145111618941817
1.194,-0.179,0.01999831199645996,0.7435545001803963,-0.43145111618941817
1.194,-0.179,0.02000570297241211,0.7435545001803963,-0.43145111618941817
1.189,-0.162,0.019996166229248047,0.7435545001803963,-0.43145111618941817
1.218,-0.1,0.02000260353088379,0.5426489186827376,-0.402055631221343
1.074,-0.318,0.02001333236694336,0.5426489186827376,-0.402055631221343
0.794,-0.704,0.019986391067504883,0.5426489186827376,-0.402055631221343
0.799,-0.711,0.01999187469482422,0.6547696533624354,-0.43678576868864716
0.799,-0.711,0.020003318786621094,0.6547696533624354,-0.43678576868864716
0.781,-0.679,0.020004987716674805,0.6547696533624354,-0.43678576868864716
0.795,-0.627,0.02000260353088379,0.6547696533624354,-0.43678576868864716
0.795,-0.627,0.01999354362487793,0.3482961606906888,-0.3329134925627978
0.687,-0.704,0.0200042724609375,0.3482961606906888,-0.3329134925627978
0.687,-0.704,0.020001888275146484,0.3482961606906888,-0.3329134925627978
0.88,-0.284,0.01999521255493164,0.35397868344719424,-0.33016204729710524
0.885,-0.219,0.019998788833618164,0.35397868344719424,-0.33016204729710524
0.707,-0.403,0.020002126693725586,0.35397868344719424,-0.33016204729710524
0.58,-0.535,0.020009994506835938,0.30220536580273877,-0.2894757515485628
0.527,-0.554,0.019987821578979492,0.30220536580273877,-0.2894757515485628
0.577,-0.394,0.0200042724609375,0.30220536580273877,-0.2894757515485628
0.728,-0.119,0.019994497299194336,0.30220536580273877,-0.2894757515485628
0.54,-0.333,0.020006895065307617,0.7931248896292187,-0.3852011544340512
0.398,-0.497,0.020007848739624023,0.7931248896292187,-0.3852011544340512
0.425,-0.412,0.019986867904663086,0.7931248896292187,-0.3852011544340512
0.509,-0.277,0.02000117301940918,0.8034749206888908,-0.38069780384654317
0.478,-0.304,0.019994020462036133,0.8034749206888908,-0.38069780384654317
0.467,-0.303,0.02001023292541504,0.8034749206888908,-0.38069780384654317
0.55,-0.177,0.019990205764770508,0.7372491836643468,-0.3157019257446102
0.55,-0.177,0.020015954971313477,0.7372491836643468,-0.3157019257446102
0.507,-0.21,0.019988298416137695,0.7372491836643468,-0.3157019257446102
0.507,-0.21,0.019997358322143555,0.7372491836643468,-0.3157019257446102
0.434,-0.331,0.02000141143798828,0.6112087890792257,-0.26456195883408723
0.434,-0.331,0.020004749298095703,0.6112087890792257,-0.26456195883408723
0.546,-0.219,0.01999640464782715,0.6112087890792257,-0.26456195883408723
0.501,-0.309,0.019989490509033203,0.6301349917706398,-0.27863498914363755
0.5,-0.407,0.02001214027404785,0.6301349917706398,-0.27863498914363755
0.599,-0.225,0.01999640464782715,0.6301349917706398,-0.27863498914363755
0.622,-0.25,0.020003080368041992,0.6301349917706398,-0.27863498914363755
0.622,-0.25,0.020004749298095703,0.5481678580663747,-0.2493678429885448
0.503,-0.402,0.019997119903564453,0.5481678580663747,-0.2493678429885448
0.759,-0.082,0.019984722137451172,0.5481678580663747,-0.2493678429885448
0.574,-0.33,0.020014524459838867,0.5757392583373896,-0.23623917905162933
0.519,-0.409,0.01999831199645996,0.5757392583373896,-0.23623917905162933
0.781,0.039,0.020004749298095703,0.5757392583373896,-0.23623917905162933
0.581,-0.321,0.019992828369140625,0.5807671739629857,-0.24949067335353003
0.528,-0.335,0.020003795623779297,0.5807671739629857,-0.24949067335353003
0.491,-0.388,0.019997119903564453,0.5807671739629857,-0.24949067335353003
0.571,-0.262,0.019999265670776367,0.575249853513792,-0.23053463061205734
0.601,-0.23,0.02000284194946289,0.575249853513792,-0.23053463061205734
0.601,-0.23,0.019998788833618164,0.575249853513792,-0.23053463061205734
0.671,-0.151,0.01999950408935547,0.575249853513792,-0.23053463061205734
0.532,-0.334,0.019997596740722656,0.5078878436378736,-0.17474570017343696
0.538,-0.306,0.020003795623779297,0.5078878436378736,-0.17474570017343696
0.594,-0.192,0.01999831199645996,0.5078878436378736,-0.17474570017343696
0.613,-0.138,0.01999950408935547,0.5078878436378736,-0.17474570017343696
0.613,-0.138,0.02000284194946289,0.47141056466549836,-0.1736672246323634
0.545,-0.234,0.0200040340423584,0.47141056466549836,-0.1736672246323634
0.439,-0.339,0.020003557205200195,0.47141056466549836,-0.1736672246323634
0.628,-0.022,0.019989967346191406,0.47440391303845686,-0.16145447121480866
0.457,-0.261,0.02000117301940918,0.47440391303845686,-0.16145447121480866
0.438,-0.282,0.019989490509033203,0.47440391303845686,-0.16145447121480866
0.518,-0.128,0.02001357078552246,0.427630805840411,-0.12359505841329499
0.48,-0.166,0.020004987716674805,0.427630805840411,-0.12359505841329499
0.449,-0.194,0.019989728927612305,0.427630805840411,-0.12359505841329499
0.403,-0.227,0.02000260353088379,0.43554306248091973,-0.12788096751107106
0.403,-0.227,0.020005464553833008,0.43554306248091973,-0.12788096751107106
0.454,-0.135,0.020003080368041992,0.43554306248091973,-0.12788096751107106
0.426,-0.17,0.01999187469482422,0.43554306248091973,-0.12788096751107106
0.381,-0.174,0.019999265670776367,0.37915564248836364,-0.07587642264488074
0.413,-0.108,0.020009517669677734,0.37915564248836364,-0.07587642264488074
0.413,-0.108,0.01997971534729004,0.37915564248836364,-0.07587642264488074
0.361,-0.2,0.020014047622680664,0.9173382288853542,-0.04203262980249472
0.361,-0.2,0.020005464553833008,0.9173382288853542,-0.04203262980249472
0.378,-0.157,0.01999688148498535,0.9173382288853542,-0.04203262980249472
0.378,-0.157,0.019995450973510742,0.9108439207834688,-0.020758863530523478
0.335,-0.18,0.02000594139099121,0.9108439207834688,-0.020758863530523478
0.335,-0.18,0.019994735717773438,0.9108439207834688,-0.020758863530523478
0.46,0.039,0.019991636276245117,0.8691363360598522,-0.011063500839440524
0.352,-0.134,0.02001190185546875,0.8691363360598522,-0.011063500839440524
0.45,0.013,0.019998788833618164,0.8691363360598522,-0.011063500839440524
0.45,0.013,0.01999807357788086,0.8691363360598522,-0.011063500839440524
0.465,-0.005,0.02001023292541504,0.8803049894350327,-0.0009202363252105702
0.508,0.024,0.019989490509033203,0.8803049894350327,-0.0009202363252105702
0.579,0.113,0.01999497413635254,0.8803049894350327,-0.0009202363252105702
0.513,-0.019,0.020000457763671875,0.873698524977739,0.006266727201548804
0.479,-0.112,0.0200040340423584,0.873698524977739,0.006266727201548804
0.479,-0.112,0.019998550415039062,0.873698524977739,0.006266727201548804
0.579,0.013,0.01999688148498535,0.7837996124320787,-0.05893850125499635
0.579,0.013,0.020004749298095703,0.7837996124320787,-0.05893850125499635
0.607,-0.041,0.01999664306640625,0.7837996124320787,-0.05893850125499635
0.607,-0.041,0.019997835159301758,0.7449941434724503,-0.03318362885031807
0.629,-0.047,0.01999974250793457,0.7449941434724503,-0.03318362885031807
0.67,-0.023,0.020008563995361328,0.7449941434724503,-0.03318362885031807
0.687,-0.031,0.019993066787719727,0.7449941434724503,-0.03318362885031807
0.706,-0.036,0.019998788833618164,0.6430328473571889,-0.06461928876339049
0.732,-0.01,0.020000934600830078,0.6430328473571889,-0.06461928876339049
0.732,-0.01,0.020005226135253906,0.6430328473571889,-0.06461928876339049
0.76,-0.017,0.01999640464782715,0.6430328473571889,-0.06461928876339049
0.765,-0.003,0.02003026008605957,0.6550647750563464,-0.052834802541362226
0.769,0.009,0.019967317581176758,0.6550647750563464,-0.052834802541362226
0.789,0.029,0.020001649856567383,0.6550647750563464,-0.052834802541362226
0.775,0.016,0.020000934600830078,0.6129266351437078,-0.04693661366075174
0.776,0.022,0.020008087158203125,0.6129266351437078,-0.04693661366075174
0.66,-0.151,0.019982099533081055,0.6129266351437078,-0.04693661366075174
0.66,-0.151,0.020005464553833008,0.6176931437158795,-0.04028469983345828
0.697,-0.041,0.020003080368041992,0.6176931437158795,-0.04028469983345828
0.522,-0.265,0.01999664306640625,0.6176931437158795,-0.04028469983345828
0.522,-0.265,0.020002365112304688,0.6176931437158795,-0.04028469983345828
0.719,0.077,0.02000260353088379,0.9953809175721859,-0.3861855284534664
0.657,0.0,0.020002126693725586,0.9953809175721859,-0.3861855284534664
0.67,0.033,0.020000934600830078,0.9953809175721859,-0.3861855284534664
0.67,0.033,0.019997835159301758,0.959753830062829,-0.3290034942505937
0.629,-0.037,0.020000219345092773,0.959753830062829,-0.3290034942505937
0.629,-0.037,0.020006179809570312,0.959753830062829,-0.3290034942505937
0.491,-0.261,0.019984960556030273,0.7616307289476731,-0.43056053674923517
0.632,-0.054,0.020003795623779297,0.7616307289476731,-0.43056053674923517
0.656,-0.042,0.020003557205200195,0.7616307289476731,-0.43056053674923517
0.521,-0.262,0.020020246505737305,0.7050930028726661,-0.30646357005917674
0.654,-0.125,0.019994735717773438,0.7050930028726661,-0.30646357005917674
0.573,-0.281,0.019987821578979492,0.7050930028726661,-0.30646357005917674
0.698,-0.205,0.019996166229248047,0.7050930028726661,-0.30646357005917674
0.721,-0.177,0.019998550415039062,0.680261565628225,-0.39252936294584995
0.714,-0.231,0.020014524459838867,0.680261565628225,-0.39252936294584995
0.714,-0.231,0.01999831199645996,0.680261565628225,-0.39252936294584995
0.735,-0.278,0.019994735717773438,0.6111445099142105,-0.4203066368634066
0.734,-0.273,0.02000284194946289,0.6111445099142105,-0.4203066368634066
0.734,-0.273,0.019997596740722656,0.6111445099142105,-0.4203066368634066
0.627,-0.447,0.019994497299194336,0.638445341184127,-0.3939672491856494
0.632,-0.458,0.02000117301940918,0.638445341184127,-0.3939672491856494
0.632,-0.458,0.0200042724609375,0.638445341184127,-0.3939672491856494
0.601,-0.474,0.019994735717773438,0.638445341184127,-0.3939672491856494
0.628,-0.458,0.020002365112304688,0.6454720027716268,-0.37924968296889844
0.628,-0.458,0.02000880241394043,0.6454720027716268,-0.37924968296889844
0.653,-0.417,0.020000696182250977,0.6454720027716268,-0.37924968296889844
0.656,-0.399,0.019992589950561523,0.9148767240700773,-0.3385600043575196
0.657,-0.384,0.020000219345092773,0.9148767240700773,-0.3385600043575196
0.657,-0.384,0.020008563995361328,0.9148767240700773,-0.3385600043575196
0.73,-0.255,0.01999378204345703,0.6325876734210479,-0.28662837217337056
0.598,-0.462,0.019991636276245117,0.6325876734210479,-0.28662837217337056
0.731,-0.246,0.020005464553833008,0.6325876734210479,-0.28662837217337056
0.731,-0.246,0.019995450973510742,0.6325876734210479,-0.28662837217337056
0.543,-0.506,0.02001476287841797,0.622219425889851,-0.35703307752077645
0.721,-0.197,0.020001888275146484,0.622219425889851,-0.35703307752077645
0.88,0.053,0.019971609115600586,0.622219425889851,-0.35703307752077645
0.603,-0.391,0.020011425018310547,0.5608713397753295,-0.32652649575524373
0.603,-0.391,0.020004749298095703,0.5608713397753295,-0.32652649575524373
0.564,-0.418,0.019993305206298828,0.5608713397753295,-0.32652649575524373
0.822,-0.023,0.019993066787719727,0.7127231975654481,-0.3643165847298441
0.572,-0.378,0.02000713348388672,0.7127231975654481,-0.3643165847298441
0.481,-0.531,0.020002365112304688,0.7127231975654481,-0.3643165847298441
0.527,-0.434,0.020003795623779297,0.7127231975654481,-0.3643165847298441
0.652,-0.263,0.01999688148498535,0.8698575919668465,-0.3591870654176257
0.652,-0.263,0.020013809204101562,0.8698575919668465,-0.3591870654176257
0.585,-0.333,0.019986629486083984,0.8698575919668465,-0.3591870654176257
0.784,-0.094,0.020006895065307617,0.48155745672499917,-0.22537588931001948
0.566,-0.377,0.019997358322143555,0.48155745672499917,-0.22537588931001948
0.53,-0.485,0.019997835159301758,0.48155745672499917,-0.22537588931001948
0.581,-0.411,0.019999265670776367,0.4987360762920024,-0.3536355661960986
0.845,-0.069,0.020000934600830078,0.4987360762920024,-0.3536355661960986
0.579,-0.386,0.01999640464782715,0.4987360762920024,-0.3536355661960986
0.579,-0.386,0.019997358322143555,0.4822461723023208,-0.3403565284763122
0.616,-0.336,0.02000260353088379,0.4822461723023208,-0.3403565284763122
0.616,-0.336,0.0200042724609375,0.4822461723023208,-0.3403565284763122
0.696,-0.182,0.020002365112304688,0.4822461723023208,-0.3403565284763122
0.59,-0.321,0.020003080368041992,0.512972763426835,-0.2841859539889973
0.467,-0.47,0.020009517669677734,0.512972763426835,-0.2841859539889973
0.459,-0.494,0.019983291625976562,0.512972763426835,-0.2841859539889973
0.525,-0.354,0.020000219345092773,0.39889267101161446,-0.2858159483099916
0.663,-0.122,0.01999354362487793,0.39889267101161446,-0.2858159483099916
0.483,-0.352,0.020007848739624023,0.39889267101161446,-0.2858159483099916
0.381,-0.473,0.020000457763671875,0.39889267101161446,-0.2858159483099916
0.408,-0.387,0.019997835159301758,0.33531904981235605,-0.2434554253423801
0.404,-0.354,0.01999640464782715,0.33531904981235605,-0.2434554253423801
0.404,-0.354,0.020000457763671875,0.33531904981235605,-0.2434554253423801
0.404,-0.31,0.02000260353088379,0.3271179593988884,-0.2331309984084095
0.346,-0.331,0.020000696182250977,0.3271179593988884,-0.2331309984084095
0.322,-0.328,0.019998550415039062,0.3271179593988884,-0.2331309984084095
0.322,-0.328,0.020009279251098633,0.3271179593988884,-0.2331309984084095
0.266,-0.386,0.019987821578979492,0.38821492908799377,-0.2759581644266291
0.266,-0.386,0.02004861831665039,0.38821492908799377,-0.2759581644266291
0.314,-0.25,0.01995229721069336,0.38821492908799377,-0.2759581644266291
0.314,-0.25,0.020002365112304688,0.3747873395049946,-0.27012346961485656
0.323,-0.22,0.02001190185546875,0.3747873395049946,-0.27012346961485656
0.301,-0.275,0.019994020462036133,0.3747873395049946,-0.27012346961485656
0.301,-0.275,0.02000737190246582,0.38162648442158736,-0.2691309966126514
0.322,-0.259,0.01999378204345703,0.38162648442158736,-0.2691309966126514
0.303,-0.322,0.020003795623779297,0.38162648442158736,-0.2691309966126514
0.325,-0.245,0.019986867904663086,0.38162648442158736,-0.2691309966126514
0.385,-0.203,0.020005226135253906,0.37054331916539235,-0.22116758558896418
0.388,-0.232,0.020004987716674805,0.37054331916539235,-0.22116758558896418
0.388,-0.232,0.01999068260192871,0.4022378678028831,-0.2971627305150033
0.315,-0.321,0.02000570297241211,0.4022378678028831,-0.2971627305150033
0.376,-0.265,0.019997596740722656,0.4022378678028831,-0.2971627305150033
0.376,-0.265,0.019999265670776367,0.4022378678028831,-0.2971627305150033
0.432,-0.213,0.0199887752532959,0.39106754931253757,-0.2767580103062318
0.36,-0.285,0.020008325576782227,0.39106754931253757,-0.2767580103062318
0.398,-0.238,0.020012378692626953,0.39106754931253757,-0.2767580103062318
0.398,-0.238,0.019984722137451172,0.3911571025943375,-0.24698692071421216
0.342,-0.308,0.020001649856567383,0.3911571025943375,-0.24698692071421216
0.352,-0.345,0.020030498504638672,0.3911571025943375,-0.24698692071421216
0.401,-0.283,0.019971847534179688,0.34176712078474003,-0.22034766277915452
0.401,-0.283,0.020011186599731445,0.34176712078474003,-0.22034766277915452
0.419,-0.228,0.019991397857666016,0.34176712078474003,-0.22034766277915452
0.357,-0.286,0.01998591423034668,0.34176712078474003,-0.22034766277915452
0.396,-0.181,0.020006179809570312,0.38506600014560216,-0.23422690450639122
0.389,-0.201,0.01999640464782715,0.38506600014560216,-0.23422690450639122
0.328,-0.295,0.02001023292541504,0.38506600014560216,-0.23422690450639122
0.344,-0.254,0.019997358322143555,0.35244841290704515,-0.22885106787341905
0.412,-0.142,0.020005226135253906,0.35244841290704515,-0.22885106787341905
0.395,-0.171,0.02000904083251953,0.35244841290704515,-0.22885106787341905
0.318,-0.271,0.01998424530029297,0.35244841290704515,-0.22885106787341905
0.298,-0.283,0.020006895065307617,0.5570836547252674,-0.21200582589482153
0.298,-0.283,0.020001888275146484,0.5570836547252674,-0.21200582589482153
0.33,-0.268,0.019999265670776367,0.5570836547252674,-0.21200582589482153
0.33,-0.268,0.020000219345092773,0.5386783263050318,-0.2142290077482534
0.337,-0.243,0.02001214027404785,0.5386783263050318,-0.2142290077482534
0.333,-0.253,0.019997596740722656,0.5386783263050318,-0.2142290077482534
0.396,-0.175,0.019985198974609375,0.5429527351718695,-0.2176937719619108
0.353,-0.264,0.020006656646728516,0.5429527351718695,-0.2176937719619108
0.461,-0.111,0.019995927810668945,0.5429527351718695,-0.2176937719619108
0.396,-0.261,0.020024538040161133,0.5429527351718695,-0.2176937719619108
0.5,-0.159,0.019977331161499023,0.520105056464854,-0.2733399522488873
0.514,-0.134,0.02000141143798828,0.520105056464854,-0.2733399522488873
0.443,-0.261,0.01999664306640625,0.520105056464854,-0.2733399522488873
0.443,-0.261,0.02000737190246582,0.4958375138562477,-0.2712027980521131
0.524,-0.182,0.019983530044555664,0.4958375138562477,-0.2712027980521131
0.588,-0.158,0.02001333236694336,0.4958375138562477,-0.2712027980521131
0.474,-0.332,0.019990921020507812,0.5068412505990595,-0.26156650963308575
0.414,-0.379,0.02000141143798828,0.5068412505990595,-0.26156650963308575
0.497,-0.29,0.0200045108795166,0.5068412505990595,-0.26156650963308575
0.664,-0.03,0.019995689392089844,0.5068412505990595,-0.26156650963308575
0.484,-0.325,0.019998550415039062,0.3995382429214914,-0.26025171929360885
0.429,-0.422,0.020007848739624023,0.3995382429214914,-0.26025171929360885
0.452,-0.324,0.020000934600830078,0.3995382429214914,-0.26025171929360885
0.452,-0.324,0.01998615264892578,0.36234153580284084,-0.26385389628051104
0.464,-0.318,0.020007848739624023,0.36234153580284084,-0.26385389628051104
0.499,-0.229,0.01999068260192871,0.36234153580284084,-0.26385389628051104
0.501,-0.196,0.020010709762573242,0.32228557081203174,-0.23016401009056583
0.475,-0.227,0.01999664306640625,0.32228557081203174,-0.23016401009056583
0.349,-0.358,0.019993066787719727,0.32228557081203174,-0.23016401009056583
0.312,-0.376,0.020006895065307617,0.3090843737981219,-0.22047734246353232
0.344,-0.287,0.020003795623779297,0.3090843737981219,-0.22047734246353232
0.279,-0.343,0.02000117301940918,0.3090843737981219,-0.22047734246353232
0.279,-0.343,0.019997835159301758,0.3090843737981219,-0.22047734246353232
0.31,-0.276,0.019998788833618164,0.30896022516441,-0.22047274725142968
0.28,-0.283,0.0200045108795166,0.30896022516441,-0.22047274725142968
0.28,-0.283,0.020002365112304688,0.30896022516441,-0.22047274725142968
0.298,-0.203,0.020002365112304688,0.30896022516441,-0.22047274725142968
0.282,-0.222,0.01999640464782715,0.2961275121813005,-0.21200168637529768
0.282,-0.222,0.019989728927612305,0.2961275121813005,-0.21200168637529768
0.248,-0.247,0.020009994506835938,0.2961275121813005,-0.21200168637529768
0.245,-0.233,0.019995927810668945,0.27075335930671923,-0.19417522971792883
0.26,-0.237,0.02000284194946289,0.27075335930671923,-0.19417522971792883
0.26,-0.237,0.02000117301940918,0.27075335930671923,-0.19417522971792883
0.252,-0.218,0.019989490509033203,0.2717074481293593,-0.19387519115197174
0.252,-0.218,0.02000904083251953,0.2717074481293593,-0.19387519115197174
0.252,-0.218,0.020019054412841797,0.2717074481293593,-0.19387519115197174
0.3,-0.16,0.01998591423034668,0.2717074481293593,-0.19387519115197174
0.264,-0.202,0.019988536834716797,0.20112946536200166,-0.143537969272435
0.264,-0.202,0.020005464553833008,0.20112946536200166,-0.143537969272435
0.255,-0.199,0.019994020462036133,0.20112946536200166,-0.143537969272435
0.255,-0.199,0.020002365112304688,0.2605825035806779,-0.18587461132303257
0.259,-0.171,0.020003795623779297,0.2605825035806779,-0.18587461132303257
0.261,-0.122,0.01999640464782715,0.2605825035806779,-0.18587461132303257
0.261,-0.122,0.01999688148498535,0.26908576072449847,-0.19181860663630476
0.227,-0.153,0.02000260353088379,0.26908576072449847,-0.19181860663630476
0.212,-0.188,0.020001649856567383,0.26908576072449847,-0.19181860663630476
0.212,-0.188,0.01999974250793457,0.16450605785901073,-0.11690576734313247
0.203,-0.216,0.020002365112304688,0.16450605785901073,-0.11690576734313247
0.232,-0.162,0.020003080368041992,0.16450605785901073,-0.11690576734313247
0.224,-0.155,0.019994258880615234,0.16450605785901073,-0.11690576734313247
0.224,-0.155,0.019998550415039062,0.2084240407737257,-0.1482435515627169
0.201,-0.172,0.019994258880615234,0.2084240407737257,-0.1482435515627169
0.186,-0.153,0.019997596740722656,0.2084240407737257,-0.1482435515627169
0.185,-0.139,0.02000737190246582,0.20788002586574356,-0.14777368228372878
0.186,-0.137,0.020006895065307617,0.20788002586574356,-0.14777368228372878
0.186,-0.137,0.020005464553833008,0.20788002586574356,-0.14777368228372878
0.188,-0.132,0.019990205764770508,-0.5994388739725695,-0.013567202042167381
0.19,-0.134,0.020005226135253906,-0.5994388739725695,-0.013567202042167381
0.179,-0.152,0.019998550415039062,-0.5994388739725695,-0.013567202042167381
0.185,-0.139,0.01999211311340332,-0.5994388739725695,-0.013567202042167381
0.175,-0.132,0.020004749298095703,-0.45851018493431256,-0.25571055835130574
0.171,-0.123,0.020006179809570312,-0.45851018493431256,-0.25571055835130574
0.158,-0.096,0.01999688148498535,-0.45851018493431256,-0.25571055835130574
0.136,-0.106,0.019998788833618164,-0.46360682184611424,-0.24438327445391858
0.112,-0.106,0.020005464553833008,-0.46360682184611424,-0.24438327445391858
0.095,-0.113,0.01999831199645996,-0.46360682184611424,-0.24438327445391858
0.08,-0.122,0.020006179809570312,-0.4751067450249798,-0.2273961461337166
0.051,-0.158,0.019977092742919922,-0.4751067450249798,-0.2273961461337166
0.051,-0.158,0.02001214027404785,-0.4751067450249798,-0.2273961461337166
-0.067,-0.209,0.020001649856567383,-0.4382583360170722,-0.2419329584542397
-0.101,-0.215,0.01999974250793457,-0.4382583360170722,-0.2419329584542397
-0.134,-0.227,0.019990205764770508,-0.4427270199404882,-0.25426771121025954
-0.168,-0.239,0.019997119903564453,-0.4427270199404882,-0.25426771121025954
-0.168,-0.239,0.020025014877319336,-0.4427270199404882,-0.25426771121025954
-0.19,-0.247,0.019979238510131836,-0.49758747286690586,-0.23241614649227588
-0.19,-0.247,0.019994497299194336,-0.49758747286690586,-0.23241614649227588
-0.236,-0.23,0.020023584365844727,-0.49758747286690586,-0.23241614649227588
-0.263,-0.236,0.019992351531982422,-0.49758747286690586,-0.23241614649227588
-0.305,-0.245,0.020001888275146484,-0.4306512741626615,-0.2450238181909274
-0.351,-0.205,0.020001888275146484,-0.4306512741626615,-0.2450238181909274
-0.374,-0.198,0.020014524459838867,-0.4306512741626615,-0.2450238181909274
-0.391,-0.242,0.019973039627075195,-0.4373012023925136,-0.24729225899363025
-0.391,-0.242,0.020003080368041992,-0.4373012023925136,-0.24729225899363025
-0.421,-0.203,0.01999950408935547,-0.4373012023925136,-0.24729225899363025
-0.438,-0.173,0.019989013671875,-0.4373012023925136,-0.24729225899363025
-0.463,-0.197,0.020012378692626953,-0.41541724372792627,-0.24784420755141687
-0.413,-0.258,0.02000260353088379,-0.41541724372792627,-0.24784420755141687
-0.428,-0.26,0.019996166229248047,-0.41541724372792627,-0.24784420755141687
-0.481,-0.208,0.01998734474182129,-0.3418975672185708,-0.24640190521964986
-0.481,-0.208,0.020014286041259766,-0.3418975672185708,-0.24640190521964986
-0.413,-0.251,0.019994735717773438,-0.3418975672185708,-0.24640190521964986
-0.413,-0.251,0.019998788833618164,-0.3385673467513573,-0.24007730191913668
-0.395,-0.267,0.02000260353088379,-0.3385673467513573,-0.24007730191913668
-0.395,-0.267,0.019997119903564453,-0.3385673467513573,-0.24007730191913668
-0.395,-0.267,0.019997835159301758,-0.30311989061233424,-0.21776962485211673
-0.419,-0.232,0.020008325576782227,-0.30311989061233424,-0.21776962485211673
-0.374,-0.254,0.019993066787719727,-0.30311989061233424,-0.21776962485211673
-0.31,-0.319,0.020000457763671875,-0.20614555488009514,-0.15014537133493552
-0.321,-0.272,0.020000934600830078,-0.20614555488009514,-0.15014537133493552
-0.278,-0.301,0.020003080368041992,-0.20614555488009514,-0.15014537133493552
-0.281,-0.268,0.019990921020507812,-0.20614555488009514,-0.15014537133493552
-0.291,-0.203,0.020016908645629883,-0.20622771299468054,-0.15030408969908837
-0.291,-0.203,0.01999807357788086,-0.20622771299468054,-0.15030408969908837
-0.25,-0.219,0.019999265670776367,-0.20622771299468054,-0.15030408969908837
-0.213,-0.219,0.019994497299194336,0.3314879829460941,-0.24417919376895514
-0.201,-0.194,0.020003318786621094,0.3314879829460941,-0.24417919376895514
-0.195,-0.177,0.020007610321044922,0.3314879829460941,-0.24417919376895514
-0.181,-0.172,0.019979476928710938,0.3239186677441163,-0.23092557045879689
-0.172,-0.175,0.02000904083251953,0.3239186677441163,-0.23092557045879689
-0.172,-0.175,0.02000713348388672,0.3239186677441163,-0.23092557045879689
-0.136,-0.192,0.019997119903564453,0.3239186677441163,-0.23092557045879689
-0.126,-0.198,0.019999980926513672,0.37853091231715824,-0.27183242141434316
-0.126,-0.198,0.020004987716674805,0.37853091231715824,-0.27183242141434316
-0.112,-0.228,0.01999831199645996,0.37853091231715824,-0.27183242141434316
-0.112,-0.228,0.019994497299194336,0.36958428632049745,-0.2649354993590045
-0.096,-0.219,0.020003318786621094,0.36958428632049745,-0.2649354993590045
-0.096,-0.219,0.020001649856567383,0.36958428632049745,-0.2649354993590045
-0.055,-0.236,0.019992351531982422,0.36958428632049745,-0.2649354993590045
0.067,-0.262,0.020003557205200195,0.3855456400742667,-0.27537190736919914
0.095,-0.269,0.019999265670776367,0.37360751894519145,-0.2665380046231725
0.095,-0.269,0.020004749298095703,0.37360751894519145,-0.2665380046231725
0.13,-0.273,0.02000284194946289,0.37360751894519145,-0.2665380046231725
0.155,-0.249,0.019997596740722656,0.37360751894519145,-0.2665380046231725
0.171,-0.247,0.01999831199645996,0.35825445264036954,-0.2537434906066936
0.192,-0.258,0.019999027252197266,0.35825445264036954,-0.2537434906066936
0.192,-0.258,0.019997119903564453,0.35825445264036954,-0.2537434906066936
0.241,-0.268,0.019999980926513672,0.36743856207996095,-0.2606731561354322
0.271,-0.217,0.020006179809570312,0.36743856207996095,-0.2606731561354322
0.27,-0.246,0.020002126693725586,0.36743856207996095,-0.2606731561354322
0.27,-0.246,0.019998788833618164,0.3340632993767212,-0.23721456182309564
0.283,-0.286,0.020000696182250977,0.3340632993767212,-0.23721456182309564
0.33,-0.271,0.020003080368041992,0.3340632993767212,-0.23721456182309564
0.33,-0.271,0.019999265670776367,0.3340632993767212,-0.23721456182309564
0.316,-0.252,0.020003080368041992,0.3178027333393104,-0.23792023259689363
0.335,-0.228,0.019986391067504883,0.3178027333393104,-0.23792023259689363
0.335,-0.228,0.01999831199645996,0.3178027333393104,-0.23792023259689363
0.351,-0.227,0.019999265670776367,0.35816451839019436,-0.2544036951785418
0.342,-0.216,0.019998788833618164,0.35816451839019436,-0.2544036951785418
0.33,-0.265,0.02001333236694336,0.35816451839019436,-0.2544036951785418
0.322,-0.28,0.0200042724609375,0.35816451839019436,-0.2544036951785418
0.353,-0.215,0.0199739933013916,0.2808034011474073,-0.19939150238362963
0.341,-0.255,0.020014524459838867,0.2808034011474073,-0.19939150238362963
0.368,-0.243,0.02000260353088379,0.2808034011474073,-0.19939150238362963
0.334,-0.24,0.01999521255493164,0.30494777324916506,-0.21951762002150343
0.269,-0.299,0.02001786231994629,0.30494777324916506,-0.21951762002150343
0.291,-0.274,0.019983768463134766,0.30494777324916506,-0.21951762002150343
0.297,-0.281,0.019999265670776367,0.3166223964236655,-0.22737871705824542
0.297,-0.281,0.020008325576782227,0.3166223964236655,-0.22737871705824542
0.289,-0.222,0.01999688148498535,0.3166223964236655,-0.22737871705824542
0.311,-0.213,0.019995450973510742,0.3166223964236655,-0.22737871705824542
0.294,-0.228,0.019997835159301758,-0.15287950960206642,-0.11353268050609017
0.294,-0.228,0.020006418228149414,-0.15287950960206642,-0.11353268050609017
0.283,-0.236,0.01999354362487793,-0.32866435615745265,-0.2423099809154814
0.313,-0.172,0.020006418228149414,-0.32866435615745265,-0.2423099809154814
0.313,-0.167,0.020005464553833008,-0.32866435615745265,-0.2423099809154814
0.313,-0.167,0.01999068260192871,-0.32866435615745265,-0.2423099809154814
0.234,-0.238,0.020000934600830078,-0.3305754481431545,-0.245800477667174
0.206,-0.255,0.020007610321044922,-0.3305754481431545,-0.245800477667174
0.196,-0.258,0.01999211311340332,-0.3305754481431545,-0.245800477667174
0.178,-0.262,0.020004749298095703,-0.35695207538920876,-0.2608629869371371
0.147,-0.258,0.019998550415039062,-0.35695207538920876,-0.2608629869371371
0.121,-0.248,0.019999265670776367,-0.35695207538920876,-0.2608629869371371
0.101,-0.243,0.01999974250793457,-0.35695207538920876,-0.2608629869371371
0.073,-0.246,0.01999688148498535,-0.3727874150360682,-0.2714765318539745
-0.067,-0.252,0.019996166229248047,-0.37487906036614727,-0.26751240349828265
-0.067,-0.252,0.020006656646728516,-0.37487906036614727,-0.26751240349828265
-0.126,-0.237,0.02000260353088379,-0.3803046649714285,-0.2737382833803299
-0.126,-0.237,0.0199892520904541,-0.3803046649714285,-0.2737382833803299
-0.148,-0.243,0.019997835159301758,-0.3803046649714285,-0.2737382833803299
-0.179,-0.257,0.01999521255493164,-0.38115061166108805,-0.2745417701251009
-0.207,-0.261,0.020003557205200195,-0.38115061166108805,-0.2745417701251009
-0.245,-0.279,0.02000594139099121,-0.38115061166108805,-0.2745417701251009
-0.271,-0.271,0.01999497413635254,-0.4040040970953097,-0.24199097336061962
-0.285,-0.265,0.01999831199645996,-0.4040040970953097,-0.24199097336061962
-0.349,-0.197,0.019997358322143555,-0.4040040970953097,-0.24199097336061962
-0.349,-0.197,0.020001888275146484,-0.4172631360546954,-0.25121975275450664
-0.341,-0.291,0.020004987716674805,-0.4172631360546954,-0.25121975275450664
-0.406,-0.205,0.019995450973510742,-0.4172631360546954,-0.25121975275450664
-0.393,-0.278,0.019993305206298828,-0.3613034125320396,-0.25690917995951146
-0.401,-0.282,0.02001023292541504,-0.3613034125320396,-0.25690917995951146
-0.401,-0.282,0.019992589950561523,-0.3613034125320396,-0.25690917995951146
-0.387,-0.227,0.020006179809570312,-0.3613034125320396,-0.25690917995951146
-0.41,-0.272,0.02000141143798828,-0.3667366024854444,-0.257534964065004
-0.39,-0.257,0.019996166229248047,-0.3667366024854444,-0.257534964065004
-0.408,-0.234,0.0200042724609375,-0.3667366024854444,-0.257534964065004
-0.397,-0.252,0.02000260353088379,-0.34125740982540603,-0.2422168378789352
-0.471,-0.108,0.020004749298095703,-0.34125740982540603,-0.2422168378789352
-0.377,-0.261,0.01998591423034668,-0.34125740982540603,-0.2422168378789352
-0.377,-0.261,0.019999980926513672,-0.3019022805380854,-0.21897009331517686
-0.295,-0.381,0.020001649856567383,-0.3019022805380854,-0.21897009331517686
-0.325,-0.325,0.02000904083251953,-0.3019022805380854,-0.21897009331517686
-0.375,-0.245,0.019999027252197266,-0.3019022805380854,-0.21897009331517686
-0.419,-0.172,0.019996166229248047,-0.29761675676859994,-0.21700684523688424
-0.334,-0.255,0.01999664306640625,-0.29761675676859994,-0.21700684523688424
-0.325,-0.23,0.020003795623779297,-0.29761675676859994,-0.21700684523688424
-0.325,-0.23,0.019994020462036133,-0.2681366923499635,-0.19622598538318542
-0.267,-0.267,0.020003795623779297,-0.2681366923499635,-0.19622598538318542
-0.26,-0.253,0.0200042724609375,-0.2681366923499635,-0.19622598538318542
-0.286,-0.182,0.01999974250793457,-0.2681366923499635,-0.19622598538318542
-0.321,-0.129,0.019992351531982422,-0.2189968119935368,-0.1604192765109544
-0.264,-0.198,0.020004987716674805,-0.2189968119935368,-0.1604192765109544
-0.219,-0.247,0.019993305206298828,-0.2189968119935368,-0.1604192765109544
-0.214,-0.217,0.02000284194946289,-0.21842210793763606,-0.15992279702767792
-0.22,-0.202,0.020007848739624023,-0.21842210793763606,-0.15992279702767792
-0.229,-0.182,0.019989728927612305,-0.21842210793763606,-0.15992279702767792
-0.214,-0.182,0.020004749298095703,0.4196374121374496,-0.28971807104730884
-0.214,-0.182,0.02000284194946289,0.4196374121374496,-0.28971807104730884
-0.201,-0.163,0.01999950408935547,0.4196374121374496,-0.28971807104730884
-0.184,-0.195,0.019995450973510742,0.48108121225265327,-0.27129068421256497
-0.184,-0.195,0.020008563995361328,0.48108121225265327,-0.27129068421256497
-0.184,-0.195,0.02001643180847168,0.48108121225265327,-0.27129068421256497
-0.171,-0.225,0.019975662231445312,0.48427659754268754,-0.2710714214237495
-0.171,-0.225,0.020007610321044922,0.48427659754268754,-0.2710714214237495
-0.135,-0.232,0.01999950408935547,0.48427659754268754,-0.2710714214237495
-0.118,-0.243,0.020000696182250977,0.48427659754268754,-0.2710714214237495
-0.097,-0.275,0.01999354362487793,0.6934272318508461,-0.2567795119915376
-0.08,-0.269,0.020004749298095703,0.6934272318508461,-0.2567795119915376
-0.08,-0.269,0.019999265670776367,0.6934272318508461,-0.2567795119915376
-0.056,-0.28,0.020000696182250977,0.5104590623564456,-0.24867897037627323
0.057,-0.242,0.020006418228149414,0.5153560023684075,-0.22505532382921142
0.08,-0.25,0.0199887752532959,0.5153560023684075,-0.22505532382921142
0.104,-0.253,0.0200045108795166,0.5754013885828845,-0.20319557512041508
0.104,-0.253,0.020011425018310547,0.5754013885828845,-0.20319557512041508
0.15,-0.227,0.019992351531982422,0.5754013885828845,-0.20319557512041508
0.152,-0.201,0.019994735717773438,0.959368019660506,-0.2418210572313707
0.152,-0.201,0.020000696182250977,0.959368019660506,-0.2418210572313707
0.175,-0.199,0.0200040340423584,0.959368019660506,-0.2418210572313707
0.209,-0.185,0.019997596740722656,0.959368019660506,-0.2418210572313707
0.285,-0.142,0.020004749298095703,0.8699952458985083,-0.23311312494236214
0.248,-0.222,0.01999831199645996,0.8699952458985083,-0.23311312494236214
0.243,-0.234,0.01999831199645996,0.8699952458985083,-0.23311312494236214
0.243,-0.234,0.019999980926513672,0.9489426122260968,-0.18615498290402
0.294,-0.233,0.020004749298095703,0.9489426122260968,-0.18615498290402
0.306,-0.274,0.019997596740722656,0.9489426122260968,-0.18615498290402
0.364,-0.208,0.019997835159301758,1.056932419302075,-0.21200160873012328
0.399,-0.129,0.019996166229248047,1.056932419302075,-0.21200160873012328
0.412,-0.168,0.020005226135253906,1.056932419302075,-0.21200160873012328
0.388,-0.237,0.01998615264892578,1.058467706019362,-0.21228655931181709
0.473,-0.095,0.020002126693725586,1.058467706019362,-0.21228655931181709
0.473,-0.095,0.02001047134399414,1.058467706019362,-0.21228655931181709
0.447,-0.255,0.019994497299194336,1.058467706019362,-0.21228655931181709
0.447,-0.255,0.02001667022705078,0.9513986811415561,-0.17562782667754817
0.491,-0.198,0.0199887752532959,0.9513986811415561,-0.17562782667754817
0.529,-0.216,0.019997358322143555,0.9513986811415561,-0.17562782667754817
0.52,-0.231,0.01999974250793457,1.0648291677297848,-0.17474560471883038
0.636,-0.109,0.02000117301940918,1.0648291677297848,-0.17474560471883038
0.636,-0.109,0.020017623901367188,1.0648291677297848,-0.17474560471883038
0.658,-0.109,0.01997971534729004,1.0762142664076917,-0.17598816013774782
0.658,-0.109,0.019989013671875,1.0762142664076917,-0.17598816013774782
0.628,-0.15,0.020012617111206055,1.0762142664076917,-0.17598816013774782
0.639,-0.138,0.020005464553833008,1.0762142664076917,-0.17598816013774782
0.73,-0.08,0.019983530044555664,1.0190207015384116,-0.17782696065600254
0.738,-0.107,0.020023822784423828,1.0190207015384116,-0.17782696065600254
0.724,-0.129,0.01999187469482422,1.0190207015384116,-0.17782696065600254
0.762,-0.117,0.01999688148498535,0.8327629660747792,-0.17019665395493488
0.762,-0.117,0.019994735717773438,0.8327629660747792,-0.17019665395493488
0.805,-0.113,0.02000284194946289,0.8327629660747792,-0.17019665395493488
0.805,-0.113,0.019996166229248047,1.1220657656509778,-0.18660937719897566
0.844,-0.09,0.019997358322143555,1.1220657656509778,-0.18660937719897566
0.845,-0.112,0.019989490509033203,1.1220657656509778,-0.18660937719897566
0.86,-0.136,0.02001047134399414,1.1220657656509778,-0.18660937719897566
0.882,-0.121,0.020008087158203125,1.133034512028678,-0.1887486969035325
0.903,-0.105,0.019999027252197266,1.133034512028678,-0.1887486969035325
0.922,-0.116,0.020006656646728516,1.133034512028678,-0.1887486969035325
0.914,-0.161,0.020000219345092773,1.1181342619066317,-0.1809152794963547
0.978,-0.059,0.019987821578979492,1.1181342619066317,-0.1809152794963547
0.978,-0.059,0.020004987716674805,1.1181342619066317,-0.1809152794963547
0.935,-0.176,0.01999211311340332,1.1181342619066317,-0.1809152794963547
0.988,-0.132,0.020014047622680664,1.1065373119198423,-0.18122698151859234
0.988,-0.132,0.01999950408935547,1.1065373119198423,-0.18122698151859234
0.981,-0.177,0.020000696182250977,1.1065373119198423,-0.18122698151859234
1.031,-0.167,0.01999950408935547,1.1065373119198423,-0.18122698151859234
1.041,-0.118,0.019998550415039062,0.9957521799704757,-0.17045318875397145
1.031,-0.193,0.020000934600830078,0.9957521799704757,-0.17045318875397145
1.031,-0.193,0.01999831199645996,0.9957521799704757,-0.17045318875397145
1.058,-0.145,0.01998615264892578,0.9445842661938636,-0.16338537383560892
1.088,-0.146,0.020017147064208984,0.9445842661938636,-0.16338537383560892
1.129,-0.126,0.01999640464782715,0.9445842661938636,-0.16338537383560892
1.011,-0.21,0.01999378204345703,0.9853902372876887,-0.16205709736977417
1.102,-0.072,0.02000880241394043,0.9853902372876887,-0.16205709736977417
1.094,-0.086,0.020093679428100586,0.9853902372876887,-0.16205709736977417
1.094,-0.086,0.019910097122192383,0.95747197252081,-0.12956008832266439
1.059,-0.076,0.019992351531982422,0.95747197252081,-0.12956008832266439
1.059,-0.076,0.02000284194946289,0.95747197252081,-0.12956008832266439
1.062,-0.062,0.019992351531982422,0.9396712001496397,-0.1073554284673065
1.011,-0.127,0.02000117301940918,0.9396712001496397,-0.1073554284673065
1.011,-0.127,0.020017147064208984,0.9396712001496397,-0.1073554284673065
1.011,-0.127,0.019983291625976562,0.9396712001496397,-0.1073554284673065
1.059,0.006,0.020000219345092773,0.9254114388940476,-0.10554516426000765
0.965,-0.122,0.02000141143798828,0.9254114388940476,-0.10554516426000765
0.965,-0.122,0.02000713348388672,0.9254114388940476,-0.10554516426000765
1.021,-0.003,0.019997596740722656,0.8613379151925807,-0.12104194282216064
0.962,-0.092,0.01999688148498535,0.8613379151925807,-0.12104194282216064
0.973,-0.062,0.019997596740722656,0.8613379151925807,-0.12104194282216064
1.01,0.014,0.020003080368041992,0.9363648793508599,-0.12877157262413927
1.01,0.014,0.02000117301940918,0.9363648793508599,-0.12877157262413927
0.902,-0.107,0.020002126693725586,0.9363648793508599,-0.12877157262413927
0.902,-0.107,0.020002365112304688,0.9363648793508599,-0.12877157262413927
0.938,-0.044,0.02000141143798828,1.089429715487453,-0.15552206008273062
0.894,-0.086,0.019986629486083984,1.089429715487453,-0.15552206008273062
0.894,-0.086,0.019997596740722656,1.089429715487453,-0.15552206008273062
0.935,-0.054,0.02001023292541504,1.1132364676034185,-0.1671815362952794
0.897,-0.126,0.020000696182250977,1.1132364676034185,-0.1671815362952794
0.968,-0.013,0.019994020462036133,1.1132364676034185,-0.1671815362952794
0.935,-0.079,0.019998788833618164,0.9908187920255686,-0.16135472232435846
0.936,-0.126,0.01999950408935547,0.9908187920255686,-0.16135472232435846
0.942,-0.119,0.019999027252197266,0.9908187920255686,-0.16135472232435846
0.984,-0.066,0.020038604736328125,0.9908187920255686,-0.16135472232435846
0.984,-0.066,0.01996159553527832,1.0152263246412938,-0.16557782129227674
0.936,-0.207,0.02000713348388672,1.0152263246412938,-0.16557782129227674
0.936,-0.207,0.020003318786621094,1.0152263246412938,-0.16557782129227674
1.014,-0.142,0.020020008087158203,0.95745475556129,-0.13463518783089887
0.997,-0.169,0.0199737548828125,0.95745475556129,-0.13463518783089887
1.044,-0.102,0.019999265670776367,0.95745475556129,-0.13463518783089887
1.007,-0.124,0.01999831199645996,1.1714530981387108,-0.182538930559564
1.026,-0.098,0.019999980926513672,1.1714530981387108,-0.182538930559564
1.026,-0.098,0.020003795623779297,1.1714530981387108,-0.182538930559564
1.016,-0.103,0.019994735717773438,1.1714530981387108,-0.182538930559564
1.063,-0.056,0.019998550415039062,1.1841277188522306,-0.18169873496814373
1.024,-0.141,0.020002126693725586,1.1841277188522306,-0.18169873496814373
1.042,-0.094,0.02000141143798828,1.1841277188522306,-0.18169873496814373
1.055,-0.12,0.019995927810668945,1.1370056505881316,-0.16639966783922427
1.048,-0.119,0.020002126693725586,1.1370056505881316,-0.16639966783922427
1.048,-0.119,0.019993305206298828,1.1370056505881316,-0.16639966783922427
1.043,-0.158,0.020011425018310547,1.1370056505881316,-0.16639966783922427
1.043,-0.158,0.020006418228149414,1.3430619843423444,-0.27180176072018847
1.103,-0.118,0.020003557205200195,1.3430619843423444,-0.27180176072018847
1.103,-0.118,0.019990205764770508,1.3430619843423444,-0.27180176072018847
1.103,-0.118,0.020000934600830078,1.2568397341878985,-0.26900935808904014
1.117,-0.169,0.02000141143798828,1.2568397341878985,-0.26900935808904014
1.117,-0.169,0.020002365112304688,1.2568397341878985,-0.26900935808904014
1.125,-0.242,0.020000696182250977,0.9403412222387382,-0.20433790885702455
1.225,-0.159,0.01999068260192871,0.9403412222387382,-0.20433790885702455
1.224,-0.169,0.019992351531982422,0.9403412222387382,-0.20433790885702455
1.224,-0.169,0.02001786231994629,0.9847830677785178,-0.14563183105007083
1.166,-0.225,0.019995689392089844,0.9847830677785178,-0.14563183105007083
1.166,-0.214,0.020000696182250977,0.9847830677785178,-0.14563183105007083
1.182,-0.198,0.020000934600830078,1.0910045446898144,-0.06704815375167682
1.182,-0.198,0.020000457763671875,1.0910045446898144,-0.06704815375167682
1.227,-0.093,0.020021915435791016,1.0910045446898144,-0.06704815375167682
1.151,-0.184,0.019976377487182617,1.0910045446898144,-0.06704815375167682
1.151,-0.123,0.019989490509033203,1.2933059359142536,-0.07076480190596102
1.198,-0.023,0.020009756088256836,1.2933059359142536,-0.07076480190596102
1.116,-0.132,0.020002126693725586,1.2933059359142536,-0.07076480190596102
1.116,-0.132,0.01999640464782715,1.2007750902680874,-0.10322413595467025
1.155,-0.043,0.020009756088256836,1.2007750902680874,-0.10322413595467025
1.161,-0.054,0.019997358322143555,1.2007750902680874,-0.10322413595467025
1.161,-0.063,0.01997661590576172,1.1433030471748589,-0.10218874308041208
1.121,-0.105,0.019997835159301758,1.1433030471748589,-0.10218874308041208
1.121,-0.105,0.020017385482788086,1.1433030471748589,-0.10218874308041208
1.121,-0.105,0.020013093948364258,1.1433030471748589,-0.10218874308041208
1.121,-0.097,0.01999497413635254,1.012751769469187,-0.08379905189595299
1.103,-0.118,0.019996166229248047,1.012751769469187,-0.08379905189595299
1.146,-0.049,0.0200042724609375,1.012751769469187,-0.08379905189595299
1.136,-0.058,0.019995927810668945,0.8594979045927731,-0.04198983137992059
1.075,-0.138,0.019999980926513672,0.8594979045927731,-0.04198983137992059
1.11,-0.066,0.0199892520904541,0.8594979045927731,-0.04198983137992059
1.088,-0.083,0.02002549171447754,0.8058047565658941,-0.03796985410718959
1.088,-0.083,0.01998448371887207,0.8058047565658941,-0.03796985410718959
1.092,-0.053,0.02000260353088379,0.8058047565658941,-0.03796985410718959
1.077,0.002,0.02001333236694336,0.8058047565658941,-0.03796985410718959
1.077,0.002,0.019989490509033203,0.7753290673752834,-0.013153167812618384
1.058,0.012,0.019992351531982422,0.7753290673752834,-0.013153167812618384
1.041,0.041,0.019997835159301758,0.7753290673752834,-0.013153167812618384
0.953,-0.016,0.020004749298095703,0.7871657436193263,0.028200411952631392
0.958,0.039,0.02000260353088379,0.7871657436193263,0.028200411952631392
0.958,0.039,0.020011425018310547,0.7871657436193263,0.028200411952631392
0.911,0.049,0.019992351531982422,0.7871657436193263,0.028200411952631392
0.894,0.116,0.01999664306640625,0.8330173688715033,0.02646994206737425
0.894,0.116,0.01999831199645996,0.8330173688715033,0.02646994206737425
0.828,0.057,0.01999831199645996,0.8330173688715033,0.02646994206737425
0.844,0.106,0.02000117301940918,0.8077490333152675,0.03119707870091944
0.79,0.023,0.020002126693725586,0.8077490333152675,0.03119707870091944
0.81,0.042,0.019995927810668945,0.8077490333152675,0.03119707870091944
0.799,0.036,0.01999354362487793,0.8097343486090455,0.03581953137449491
0.799,0.036,0.020006418228149414,0.8097343486090455,0.03581953137449491
0.801,0.028,0.01999211311340332,0.8097343486090455,0.03581953137449491
0.816,0.067,0.020005226135253906,0.9533670584548374,0.038334306022091334
0.816,0.067,0.020000219345092773,0.9533670584548374,0.038334306022091334
0.759,-0.019,0.020000219345092773,0.9533670584548374,0.038334306022091334
0.771,-0.013,0.02000284194946289,0.9533670584548374,0.038334306022091334
0.771,-0.013,0.020020008087158203,0.9177828465956247,0.04354390823530375
0.744,-0.094,0.01997232437133789,0.9177828465956247,0.04354390823530375
0.744,-0.101,0.020003080368041992,0.9177828465956247,0.04354390823530375
0.742,-0.136,0.01999950408935547,0.8542225534330327,0.031217875852861676
0.748,-0.125,0.020000457763671875,0.8542225534330327,0.031217875852861676
0.748,-0.125,0.02000260353088379,0.8542225534330327,0.031217875852861676
0.757,-0.036,0.019997596740722656,0.8542225534330327,0.031217875852861676
0.773,0.009,0.020001649856567383,0.8414145998681154,0.031904043045641116
0.793,0.033,0.019999265670776367,0.8414145998681154,0.031904043045641116
0.793,0.033,0.019999980926513672,0.8414145998681154,0.031904043045641116
0.793,0.033,0.019994258880615234,0.7991731493156563,0.03099793283944424
0.818,0.056,0.020009279251098633,0.7991731493156563,0.03099793283944424
0.829,0.042,0.01999044418334961,0.7991731493156563,0.03099793283944424
0.831,0.043,0.020001888275146484,0.7855473801753101,0.029915716778597324
0.825,0.029,0.019998550415039062,0.7855473801753101,0.029915716778597324
0.824,0.02,0.020001649856567383,0.7855473801753101,0.029915716778597324
0.824,0.02,0.020003318786621094,0.7567554816216265,0.02803697023083667
0.815,-0.002,0.0203855037689209,0.7567554816216265,0.02803697023083667
0.815,-0.002,0.019618511199951172,0.7567554816216265,0.02803697023083667
0.806,-0.012,0.01999640464782715,0.7567554816216265,0.02803697023083667
0.807,-0.026,0.020007610321044922,0.7522207995808314,0.026039315578406285
0.795,-0.026,0.019987106323242188,0.7522207995808314,0.026039315578406285
0.791,-0.022,0.019999980926513672,0.7522207995808314,0.026039315578406285
0.78,-0.013,0.0200045108795166,0.7363360202221291,0.00837354752426781
0.776,-0.006,0.020000696182250977,0.7363360202221291,0.00837354752426781
0.768,0.002,0.020000934600830078,0.7363360202221291,0.00837354752426781
0.756,0.01,0.01999640464782715,0.7016463295703333,-0.002034146867301781
0.755,0.004,0.01999664306640625,0.7016463295703333,-0.002034146867301781
0.741,0.019,0.020006418228149414,0.7016463295703333,-0.002034146867301781
0.724,0.013,0.019995927810668945,0.7016463295703333,-0.002034146867301781
0.724,0.013,0.020000696182250977,1.0010215343251248,0.09246855615850745
0.725,0.024,0.0200045108795166,1.0010215343251248,0.09246855615850745
0.724,0.029,0.019995450973510742,1.0010215343251248,0.09246855615850745
0.713,0.034,0.019999027252197266,0.7362254281307761,-0.01185604910401991
0.713,0.034,0.01999974250793457,0.7362254281307761,-0.01185604910401991
0.72,0.051,0.020046234130859375,0.7362254281307761,-0.01185604910401991
0.719,0.05,0.019953250885009766,0.7554243203342413,-0.007962612611414753
0.72,0.025,0.020009994506835938,0.7554243203342413,-0.007962612611414753
0.721,0.025,0.02000260353088379,0.7554243203342413,-0.007962612611414753
0.73,0.011,0.020000696182250977,0.7554243203342413,-0.007962612611414753
0.733,-0.001,0.019998788833618164,0.7634099673452607,-0.015586722688505411
0.733,-0.001,0.019993066787719727,0.7634099673452607,-0.015586722688505411
0.738,-0.017,0.020018339157104492,0.7634099673452607,-0.015586722688505411
0.735,-0.024,0.01997685432434082,0.9400663439763407,0.1210024877242555
0.739,-0.025,0.020003318786621094,0.9400663439763407,0.1210024877242555
0.741,-0.015,0.020003795623779297,0.9400663439763407,0.1210024877242555
0.753,-0.006,0.019996166229248047,0.9400663439763407,0.1210024877242555
0.758,0.012,0.020006895065307617,0.9434806174904813,0.12156906695193857
0.777,0.04,0.01999831199645996,0.9434806174904813,0.12156906695193857
0.796,0.07,0.019995689392089844,0.9434806174904813,0.12156906695193857
0.796,0.07,0.02000260353088379,1.0354564528440289,0.1593513435166256
0.814,0.088,0.020025014877319336,1.0354564528440289,0.1593513435166256
0.831,0.119,0.019983768463134766,1.0354564528440289,0.1593513435166256
0.832,0.128,0.01999044418334961,0.956743025684499,0.1447353197589546
0.82,0.13,0.020003318786621094,0.956743025684499,0.1447353197589546
0.82,0.13,0.02000141143798828,0.956743025684499,0.1447353197589546
0.816,0.107,0.01999187469482422,0.9585127694859013,0.14457287460176016
0.829,0.106,0.020004987716674805,0.9585127694859013,0.14457287460176016
0.854,0.106,0.020000696182250977,0.9585127694859013,0.14457287460176016
0.854,0.106,0.020001888275146484,0.9585127694859013,0.14457287460176016
0.866,0.092,0.019989967346191406,1.1648579002188741,-0.022665749264526528
0.914,0.104,0.02000880241394043,1.1648579002188741,-0.022665749264526528
0.941,0.107,0.019999027252197266,1.1648579002188741,-0.022665749264526528
0.941,0.107,0.020000457763671875,1.0325390872663727,0.07185731645204427
0.979,0.056,0.019993066787719727,1.0325390872663727,0.07185731645204427
0.979,0.056,0.020000696182250977,1.0325390872663727,0.07185731645204427
1.024,0.061,0.01999688148498535,1.0098825429305174,0.1524531999269363
1.041,0.047,0.020002365112304688,1.0098825429305174,0.1524531999269363
1.051,0.059,0.020000934600830078,1.0098825429305174,0.1524531999269363
1.059,0.083,0.020001888275146484,1.0098825429305174,0.1524531999269363
1.05,0.104,0.01998591423034668,0.9891847320517277,0.1533278974458342
1.05,0.104,0.020012378692626953,0.9891847320517277,0.1533278974458342
1.043,0.132,0.01999354362487793,0.9891847320517277,0.1533278974458342
1.033,0.161,0.01999497413635254,0.9464920641528529,0.08136830268880914
1.033,0.161,0.02001667022705078,0.9464920641528529,0.08136830268880914
1.021,0.176,0.020001888275146484,0.9464920641528529,0.08136830268880914
1.021,0.176,0.019991397857666016,0.9464920641528529,0.08136830268880914
1.013,0.182,0.020019054412841797,0.9422847307906148,0.08104486315461368
1.013,0.182,0.019984006881713867,0.9422847307906148,0.08104486315461368
1.049,0.074,0.019997596740722656,0.9422847307906148,0.08104486315461368
1.089,-0.028,0.020009994506835938,0.7986831159260527,0.03650917307483042
1.089,-0.028,0.019989967346191406,0.7986831159260527,0.03650917307483042
1.069,-0.056,0.0200042724609375,0.7986831159260527,0.03650917307483042
1.03,-0.07,0.020003318786621094,0.7265607775634475,0.029656529755333557
1.012,-0.111,0.019995927810668945,0.7265607775634475,0.029656529755333557
0.985,-0.116,0.020002365112304688,0.7265607775634475,0.029656529755333557
0.917,-0.074,0.019997596740722656,0.7265607775634475,0.029656529755333557
0.898,-0.085,0.020005464553833008,0.7361762207344591,0.03288797876308136
0.898,-0.085,0.01999497413635254,0.7361762207344591,0.03288797876308136
0.844,-0.072,0.020055294036865234,0.7361762207344591,0.03288797876308136
0.821,-0.076,0.019942760467529297,0.7179141158113078,0.026347989134969368
0.821,-0.076,0.020008563995361328,0.7179141158113078,0.026347989134969368
0.836,-0.094,0.019994735717773438,0.7179141158113078,0.026347989134969368
0.836,-0.094,0.020001649856567383,1.1102683662774695,-0.03232085869582194
0.811,-0.052,0.01999831199645996,1.1102683662774695,-0.03232085869582194
0.825,0.006,0.020005226135253906,1.1102683662774695,-0.03232085869582194
0.825,0.006,0.019994258880615234,1.1102683662774695,-0.03232085869582194
0.821,-0.04,0.02000737190246582,1.3881152094565645,-0.03386232645397742
0.766,-0.022,0.019963741302490234,1.3881152094565645,-0.03386232645397742
0.748,-0.013,0.020024776458740234,1.3881152094565645,-0.03386232645397742
0.749,-0.027,0.020003318786621094,1.3881152094565645,-0.03386232645397742
0.749,-0.027,0.019988059997558594,1.0366164039393655,0.09229064905926926
0.718,-0.007,0.020005226135253906,1.0366164039393655,0.09229064905926926
0.704,0.046,0.019997835159301758,0.9964792189171308,0.18898264062782355
0.721,0.107,0.020004987716674805,0.9964792189171308,0.18898264062782355
0.736,0.166,0.02000260353088379,0.9964792189171308,0.18898264062782355
0.736,0.166,0.020000934600830078,0.9964792189171308,0.18898264062782355
0.773,0.208,0.01999688148498535,0.9076839133986562,0.2590701121948785
0.809,0.218,0.020008325576782227,0.9076839133986562,0.2590701121948785
0.869,0.2,0.019999980926513672,0.9076839133986562,0.2590701121948785
0.869,0.2,0.020001649856567383,0.6837387486138609,0.2945982265539025
0.853,0.149,0.01999831199645996,0.6837387486138609,0.2945982265539025
0.821,0.109,0.01999497413635254,0.6837387486138609,0.2945982265539025
0.821,0.109,0.020006895065307617,0.5294788884507046,0.2868340561959392
0.808,0.146,0.01999807357788086,0.5294788884507046,0.2868340561959392
0.808,0.146,0.02000117301940918,0.5294788884507046,0.2868340561959392
0.789,0.212,0.020005464553833008,0.5294788884507046,0.2868340561959392
0.784,0.251,0.01999664306640625,0.549054948051359,0.28859485736991536
0.784,0.251,0.01999211311340332,0.549054948051359,0.28859485736991536
0.762,0.285,0.02000880241394043,0.549054948051359,0.28859485736991536
0.733,0.273,0.019992828369140625,0.4236383867554605,0.2949136602435277
0.755,0.218,0.01998734474182129,0.4236383867554605,0.2949136602435277
0.869,0.047,0.020008563995361328,0.4236383867554605,0.2949136602435277
0.869,0.047,0.020005226135253906,0.4072460242767813,0.2882611776425577
0.727,0.257,0.019993066787719727,0.4072460242767813,0.2882611776425577
0.586,0.448,0.020009517669677734,0.4072460242767813,0.2882611776425577
0.643,0.305,0.020000934600830078,0.4072460242767813,0.2882611776425577
0.655,0.238,0.019987106323242188,0.40964978952201914,0.2895083156934366
0.493,0.451,0.020005464553833008,0.40964978952201914,0.2895083156934366
0.385,0.563,0.019997596740722656,0.40216486419939507,0.28622358432964323
0.451,0.407,0.019999027252197266,0.40216486419939507,0.28622358432964323
0.55,0.199,0.01999831199645996,0.40216486419939507,0.28622358432964323
0.513,0.186,0.020000934600830078,0.40216486419939507,0.28622358432964323
0.513,0.186,0.020000457763671875,0.4054457165278328,0.29006701212864355
0.369,0.36,0.02000594139099121,0.4054457165278328,0.29006701212864355
0.374,0.331,0.020003795623779297,0.4054457165278328,0.29006701212864355
0.377,0.314,0.019991397857666016,0.40720520378693287,0.2914135131706794
0.377,0.314,0.020006179809570312,0.40720520378693287,0.2914135131706794
0.378,0.294,0.020000457763671875,0.40720520378693287,0.2914135131706794
0.42,0.212,0.020001649856567383,0.40720520378693287,0.2914135131706794
0.371,0.228,0.019995927810668945,0.3933276815968435,0.28112352403325214
0.371,0.228,0.02000570297241211,0.3933276815968435,0.28112352403325214
0.348,0.231,0.019989490509033203,0.3933276815968435,0.28112352403325214
0.348,0.231,0.020006179809570312,0.37671032625810474,0.26881158252006976
0.395,0.176,0.019998550415039062,0.37671032625810474,0.26881158252006976
0.321,0.295,0.02001023292541504,0.37671032625810474,0.26881158252006976
0.308,0.331,0.019991159439086914,0.3768532460906098,0.2689204556418433
0.37,0.254,0.019995927810668945,0.3768532460906098,0.2689204556418433
0.37,0.254,0.019995927810668945,0.3768532460906098,0.2689204556418433
0.345,0.315,0.020000457763671875,0.3768532460906098,0.2689204556418433
0.356,0.315,0.02002429962158203,0.40164059274754293,0.2877405888658685
0.406,0.235,0.019984006881713867,0.40164059274754293,0.2877405888658685
0.389,0.259,0.019993305206298828,0.40164059274754293,0.2877405888658685
0.389,0.259,0.01999688148498535,0.391483612245474,0.2557531140668704
0.377,0.271,0.020004749298095703,0.391483612245474,0.2557531140668704
0.351,0.32,0.02000284194946289,0.391483612245474,0.2557531140668704
0.363,0.279,0.019997835159301758,0.3473320727672398,0.24675905251861055
0.408,0.234,0.02000284194946289,0.3473320727672398,0.24675905251861055
0.376,0.307,0.01999640464782715,0.3473320727672398,0.24675905251861055
0.376,0.307,0.020005226135253906,0.3473320727672398,0.24675905251861055
0.448,0.142,0.020000696182250977,0.34965951354336766,0.23107553706485603
0.376,0.255,0.01999640464782715,0.34965951354336766,0.23107553706485603
0.306,0.335,0.01999807357788086,0.34965951354336766,0.23107553706485603
0.336,0.3,0.01999521255493164,0.26766829025174305,0.18861446442629803
0.336,0.3,0.020002126693725586,0.26766829025174305,0.18861446442629803
0.451,0.095,0.020008563995361328,0.26766829025174305,0.18861446442629803
0.364,0.184,0.019990205764770508,0.35269353454845564,0.22204641473386366
0.364,0.184,0.02000260353088379,0.35269353454845564,0.22204641473386366
0.292,0.261,0.02002406120300293,0.35269353454845564,0.22204641473386366
0.292,0.261,0.019989967346191406,0.35269353454845564,0.22204641473386366
0.275,0.256,0.019994497299194336,0.35531932836355146,0.21324017564723932
0.339,0.172,0.02000260353088379,0.35531932836355146,0.21324017564723932
0.32,0.203,0.019996166229248047,0.35531932836355146,0.21324017564723932
0.291,0.227,0.020000457763671875,0.44962191892889175,0.22738333759480894
0.291,0.227,0.019997835159301758,0.44962191892889175,0.22738333759480894
0.289,0.234,0.020003557205200195,0.44962191892889175,0.22738333759480894
0.317,0.209,0.019999027252197266,0.6513740985646647,0.2257213126497684
0.362,0.156,0.019999980926513672,0.6513740985646647,0.2257213126497684
0.362,0.156,0.019989728927612305,0.6513740985646647,0.2257213126497684
0.521,-0.006,0.020022869110107422,0.6513740985646647,0.2257213126497684
0.372,0.258,0.019979000091552734,0.5831043842283785,0.20742877198316068
0.35,0.319,0.019999027252197266,0.5831043842283785,0.20742877198316068
0.468,0.143,0.019995689392089844,0.5831043842283785,0.20742877198316068
0.468,0.143,0.02001786231994629,0.9890665966237838,0.19519550993510018
0.423,0.295,0.01999640464782715,0.9890665966237838,0.19519550993510018
0.499,0.206,0.02002549171447754,0.9890665966237838,0.19519550993510018
0.558,0.151,0.019963741302490234,0.9890665966237838,0.19519550993510018
0.632,0.089,0.020006656646728516,0.9463680758640289,0.19429595695115554
0.579,0.118,0.020003080368041992,0.9463680758640289,0.19429595695115554
0.579,0.118,0.020000696182250977,0.9463680758640289,0.19429595695115554
0.613,0.175,0.019999980926513672,0.9946591853977093,0.1740361427378884
0.613,0.175,0.019997119903564453,0.9946591853977093,0.1740361427378884
0.695,0.155,0.020003080368041992,0.9946591853977093,0.1740361427378884
0.695,0.155,0.019995450973510742,1.0200041273704135,0.1613030332289738
0.711,0.132,0.01999354362487793,1.0200041273704135,0.1613030332289738
0.711,0.132,0.01999950408935547,1.0200041273704135,0.1613030332289738
0.73,0.118,0.019992351531982422,1.0247508685985085,0.16088853893681584
0.756,0.128,0.02001643180847168,1.0247508685985085,0.16088853893681584
0.772,0.111,0.019997596740722656,1.0247508685985085,0.16088853893681584
0.772,0.111,0.020003557205200195,1.0247508685985085,0.16088853893681584
0.826,0.114,0.01999378204345703,0.9971684222958445,0.14942501269428687
0.826,0.114,0.01999950408935547,0.9971684222958445,0.14942501269428687
0.863,0.094,0.02000904083251953,0.9971684222958445,0.14942501269428687
0.88,0.086,0.020000457763671875,0.9674962255553684,0.1342188779309372
0.911,0.07,0.019989490509033203,0.9674962255553684,0.1342188779309372
0.9,0.129,0.020007610321044922,0.9674962255553684,0.1342188779309372
0.9,0.129,0.019997358322143555,0.9670807111866893,0.13419735839370364
0.928,0.116,0.02001047134399414,0.9670807111866893,0.13419735839370364
0.965,0.096,0.01999950408935547,0.9670807111866893,0.13419735839370364
0.983,0.099,0.019991636276245117,0.9670807111866893,0.13419735839370364
0.983,0.099,0.020001649856567383,0.8598567928263983,0.12912625090049107
0.989,0.094,0.02000284194946289,0.8598567928263983,0.12912625090049107
1.0,0.105,0.019997119903564453,0.8598567928263983,0.12912625090049107
0.95,0.141,0.019997119903564453,1.1336097605886026,0.1335065162311663
1.01,0.061,0.019997358322143555,1.1336097605886026,0.1335065162311663
1.01,0.061,0.020003557205200195,1.1336097605886026,0.1335065162311663
1.01,0.061,0.019999027252197266,1.1336097605886026,0.1335065162311663
0.955,0.13,0.01999950408935547,1.3315621635921264,0.12885334651182312
0.955,0.13,0.019998550415039062,1.3315621635921264,0.12885334651182312
1.019,0.027,0.01999211311340332,1.3315621635921264,0.12885334651182312
1.019,0.027,0.020007610321044922,1.2237629445811846,0.10731036480344026
0.957,0.129,0.020001888275146484,1.2237629445811846,0.10731036480344026
0.957,0.129,0.0200045108795166,1.2237629445811846,0.10731036480344026
1.024,0.043,0.019991397857666016,1.1280554064124568,0.11238255182852677
0.989,0.114,0.02001476287841797,1.1280554064124568,0.11238255182852677
1.008,0.088,0.019992351531982422,1.1280554064124568,0.11238255182852677
1.008,0.088,0.01998305320739746,1.1315445906125143,0.11221458812914077
0.996,0.156,0.019998550415039062,1.1315445906125143,0.11221458812914077
1.102,0.033,0.020010948181152344,1.1315445906125143,0.11221458812914077
1.076,0.096,0.020004749298095703,1.1315445906125143,0.11221458812914077
1.067,0.141,0.0200040340423584,0.9695630115041127,0.11221924254271176
1.108,0.094,0.019999027252197266,0.9695630115041127,0.11221924254271176
1.108,0.094,0.019999265670776367,0.9695630115041127,0.11221924254271176
1.098,0.157,0.01999354362487793,0.9139644643138961,0.09297259053479602
1.111,0.098,0.020003080368041992,0.9139644643138961,0.09297259053479602
1.111,0.098,0.0200045108795166,0.9139644643138961,0.09297259053479602
1.111,0.098,0.01999497413635254,0.9140156002134138,0.09297639210138012
1.11,0.103,0.020006895065307617,0.9140156002134138,0.09297639210138012
1.042,0.172,0.020011186599731445,0.9140156002134138,0.09297639210138012
1.114,0.044,0.019989967346191406,0.9140156002134138,0.09297639210138012
1.106,0.031,0.02000117301940918,0.8624840148835659,0.09090669610632961
1.041,0.103,0.02000904083251953,0.8624840148835659,0.09090669610632961
1.036,0.071,0.019975662231445312,0.8624840148835659,0.09090669610632961
1.036,0.071,0.020003318786621094,0.7892940434602695,0.07706857355354588
1.031,0.007,0.02000141143798828,0.7892940434602695,0.07706857355354588
1.031,0.007,0.020012378692626953,0.7892940434602695,0.07706857355354588
0.998,-0.012,0.01999354362487793,0.7848831157286049,0.07265998865577536
0.97,-0.056,0.01999187469482422,0.7848831157286049,0.07265998865577536
0.859,0.061,0.02000260353088379,0.7848831157286049,0.07265998865577536
0.919,-0.061,0.020003795623779297,0.7848831157286049,0.07265998865577536
0.894,-0.055,0.019981861114501953,0.7690369406461088,0.06413263982555084
0.894,-0.055,0.02000260353088379,0.7690369406461088,0.06413263982555084
0.877,-0.061,0.020008563995361328,0.7690369406461088,0.06413263982555084
0.845,-0.044,0.0200040340423584,0.7626500610841126,0.045684313041229864
0.812,-0.003,0.02000260353088379,0.7626500610841126,0.045684313041229864
0.767,0.058,0.019997119903564453,0.7626500610841126,0.045684313041229864
0.767,0.058,0.019993066787719727,0.7624446304078337,0.04566813294216022
0.795,0.003,0.020006656646728516,0.7624446304078337,0.04566813294216022
0.762,0.054,0.019998550415039062,0.7624446304078337,0.04566813294216022
0.776,0.009,0.019992589950561523,0.7624446304078337,0.04566813294216022
0.776,0.009,0.02000713348388672,0.9231626198516112,0.046394320178019186
0.756,0.02,0.019997835159301758,0.9231626198516112,0.046394320178019186
0.72,0.069,0.01999950408935547,0.9231626198516112,0.046394320178019186
0.72,0.069,0.020001649856567383,0.8539754492660698,0.04317063247733419
0.731,0.043,0.01999974250793457,0.8539754492660698,0.04317063247733419
0.731,0.043,0.020006418228149414,0.8539754492660698,0.04317063247733419
0.688,0.094,0.020000934600830078,0.8539730320883135,0.04317061158008802
0.71,0.075,0.019999980926513672,0.8539730320883135,0.04317061158008802
0.704,0.074,0.02000141143798828,0.8539730320883135,0.04317061158008802
0.704,0.074,0.019999027252197266,0.8539730320883135,0.04317061158008802
0.721,0.086,0.01998615264892578,0.7844248883821849,0.03018723459040036
0.744,0.07,0.0200042724609375,0.7844248883821849,0.03018723459040036
0.751,0.083,0.0200045108795166,0.7844248883821849,0.03018723459040036
0.751,0.083,0.020008087158203125,0.7530097008254174,0.032483026437468115
0.78,0.059,0.019997358322143555,0.7530097008254174,0.032483026437468115
0.78,0.059,0.020015239715576172,0.7530097008254174,0.032483026437468115
0.787,0.061,0.019982099533081055,0.7530096981308749,0.03248302651945814
0.787,0.061,0.020003557205200195,0.7530096981308749,0.03248302651945814
0.797,0.039,0.019995689392089844,0.7530096981308749,0.03248302651945814
0.797,0.039,0.019999027252197266,0.7530096981308749,0.03248302651945814
0.818,0.013,0.02000260353088379,0.7659543486554093,0.04780833262490552
0.825,-0.005,0.019995927810668945,0.7659543486554093,0.04780833262490552
0.84,-0.013,0.019999027252197266,0.7659543486554093,0.04780833262490552
0.84,-0.013,0.020003318786621094,0.7654498608369208,0.028921098240784895
0.829,0.003,0.0200045108795166,0.7654498608369208,0.028921098240784895
0.829,0.003,0.019994020462036133,0.7654498608369208,0.028921098240784895
0.82,0.002,0.019997596740722656,0.7672657121902808,0.03010565092413237
0.812,0.009,0.020009756088256836,0.7672657121902808,0.03010565092413237
0.814,0.003,0.02000260353088379,0.7672657121902808,0.03010565092413237
0.81,0.012,0.019982099533081055,0.7672657121902808,0.03010565092413237
0.81,0.012,0.02000260353088379,0.7548231284242588,0.025491203041880357
0.795,0.0,0.020003795623779297,0.7548231284242588,0.025491203041880357
0.791,0.007,0.020003318786621094,0.7548231284242588,0.025491203041880357
0.783,0.006,0.019994735717773438,0.7253540037903948,0.03551203719853812
0.783,0.006,0.02000117301940918,0.7253540037903948,0.03551203719853812
0.77,0.001,0.020006895065307617,0.7253540037903948,0.03551203719853812
0.747,0.019,0.019986391067504883,0.7083198969236395,0.035968810425180124
0.731,0.037,0.02001333236694336,0.7083198969236395,0.035968810425180124
0.731,0.037,0.019997119903564453,0.7083198969236395,0.035968810425180124
0.722,0.026,0.02000284194946289,0.7083198969236395,0.035968810425180124
0.723,0.019,0.02006697654724121,1.0188228362147838,0.06760951602216633
0.694,0.041,0.019928932189941406,1.0188228362147838,0.06760951602216633
0.715,0.007,0.019998788833618164,1.0188228362147838,0.06760951602216633
0.717,0.013,0.020007848739624023,0.786080123691824,0.1320034453876196
0.7,0.057,0.019996166229248047,0.786080123691824,0.1320034453876196
0.723,0.013,0.019996166229248047,0.786080123691824,0.1320034453876196
0.723,0.013,0.019998788833618164,0.7624102380451422,0.13191643488008
0.704,0.077,0.019999980926513672,0.7624102380451422,0.13191643488008
0.71,0.07,0.020009279251098633,0.7624102380451422,0.13191643488008
0.639,0.191,0.01999831199645996,0.7624102380451422,0.13191643488008
0.764,0.01,0.020005226135253906,0.6564079842640488,0.04992361059306628
0.764,0.01,0.01998758316040039,0.6564079842640488,0.04992361059306628
0.671,0.169,0.0200042724609375,0.6564079842640488,0.04992361059306628
0.66,0.201,0.020006179809570312,1.222183353427297,-0.03132948294639185
0.811,-0.047,0.019995927810668945,1.222183353427297,-0.03132948294639185
0.663,0.151,0.020005226135253906,1.222183353427297,-0.03132948294639185
0.663,0.151,0.019986391067504883,0.952592439305333,-0.003561723143193661
0.788,-0.071,0.020009517669677734,0.952592439305333,-0.003561723143193661
0.788,-0.071,0.019991636276245117,0.952592439305333,-0.003561723143193661
0.788,-0.071,0.020005226135253906,0.952592439305333,-0.003561723143193661
0.711,0.02,0.02000594139099121,0.19906650176138196,0.14015067344181042
0.754,-0.023,0.01999974250793457,0.19906650176138196,0.14015067344181042
0.72,0.019,0.019994258880615234,0.19906650176138196,0.14015067344181042
0.72,0.019,0.01999831199645996,0.7747322443762029,0.07066942716846807
0.624,0.186,0.020003080368041992,0.7747322443762029,0.07066942716846807
0.633,0.17,0.020000219345092773,0.7747322443762029,0.07066942716846807
0.813,-0.102,0.01999354362487793,0.7879173033797857,0.0686696550582792
0.813,-0.102,0.020004987716674805,0.7879173033797857,0.0686696550582792
0.7,0.078,0.020000934600830078,0.7879173033797857,0.0686696550582792
0.714,0.069,0.019984722137451172,0.7927267941549463,0.06677968358124489
0.714,0.069,0.020004987716674805,0.7927267941549463,0.06677968358124489
0.757,0.01,0.01999974250793457,0.7927267941549463,0.06677968358124489
0.741,0.043,0.020000219345092773,0.7927267941549463,0.06677968358124489
0.736,0.072,0.019998788833618164,0.9805798333448326,0.042636055333767325
0.758,0.059,0.01999974250793457,0.9805798333448326,0.042636055333767325
0.758,0.059,0.02000141143798828,0.9805798333448326,0.042636055333767325
0.772,0.043,0.01999974250793457,0.9464596708255408,-0.14117860653999323
0.784,0.039,0.01999950408935547,0.9464596708255408,-0.14117860653999323
0.81,0.024,0.019992828369140625,0.9464596708255408,-0.14117860653999323
0.81,0.024,0.01999354362487793,0.946449809445848,-0.141169315164733
0.791,0.063,0.020016908645629883,0.946449809445848,-0.141169315164733
0.791,0.063,0.01999807357788086,0.946449809445848,-0.141169315164733
0.828,0.011,0.019999265670776367,0.946449809445848,-0.141169315164733
0.828,0.03,0.019999265670776367,0.834484040613249,-0.11070053437801543
0.842,0.028,0.019999027252197266,0.834484040613249,-0.11070053437801543
0.849,0.019,0.020014524459838867,0.834484040613249,-0.11070053437801543
0.859,0.015,0.01999044418334961,0.7715172201882066,-0.13039980291890996
0.848,0.003,0.02000570297241211,0.7715172201882066,-0.13039980291890996
0.857,-0.006,0.019995927810668945,0.7715172201882066,-0.13039980291890996
0.857,-0.006,0.02000737190246582,0.7715172201882066,-0.13039980291890996
0.855,-0.01,0.01999807357788086,0.7715172122487649,-0.13039979609515875
0.848,-0.045,0.020000457763671875,0.7715172122487649,-0.13039979609515875
0.832,-0.061,0.01998114585876465,0.7715172122487649,-0.13039979609515875
0.819,-0.076,0.020013809204101562,0.5231605063619419,-0.18588644601023058
0.819,-0.076,0.020001649856567383,0.5231605063619419,-0.18588644601023058
0.797,-0.084,0.019995689392089844,0.5231605063619419,-0.18588644601023058
0.769,-0.105,0.020010948181152344,0.3137769098171464,-0.25686833663249664
0.724,-0.123,0.01999640464782715,0.3137769098171464,-0.25686833663249664
0.724,-0.123,0.0200042724609375,0.3137769098171464,-0.25686833663249664
0.724,-0.123,0.02000117301940918,0.30859658939718565,-0.2525935626030859
0.679,-0.175,0.02001476287841797,0.30859658939718565,-0.2525935626030859
0.638,-0.206,0.01996755599975586,0.30859658939718565,-0.2525935626030859
0.638,-0.206,0.020011425018310547,0.30859658939718565,-0.2525935626030859
0.607,-0.229,0.02000141143798828,0.9481098686627432,-0.19859992223808656
0.588,-0.245,0.0200498104095459,0.9481098686627432,-0.19859992223808656
0.588,-0.245,0.019947290420532227,0.9481098686627432,-0.19859992223808656
0.744,0.055,0.02001190185546875,0.9481098686627432,-0.19844124944264926
0.601,-0.118,0.019986629486083984,0.9481098686627432,-0.19844124944264926
0.578,-0.136,0.020003080368041992,0.9481098686627432,-0.19844124944264926
0.514,-0.239,0.020022153854370117,0.9481098686627432,-0.19844124944264926
0.514,-0.239,0.019970417022705078,0.3283970359885694,-0.3070339328826048
0.44,-0.281,0.02001047134399414,0.3283970359885694,-0.3070339328826048
0.476,-0.26,0.01999211311340332,0.3283970359885694,-0.3070339328826048
0.609,-0.081,0.02002239227294922,0.05,-0.05
0.487,-0.316,0.019984722137451172,0.05,-0.05
0.605,-0.172,0.020002126693725586,0.05,-0.05
0.497,-0.326,0.01999187469482422,0.05000000000000001,-0.05
0.497,-0.326,0.019997358322143555,0.05000000000000001,-0.05
0.511,-0.255,0.020015716552734375,0.05000000000000001,-0.05
0.583,0.026,0.01999807357788086,0.05000000000000001,-0.05
0.583,0.026,0.019994497299194336,0.049999999999999996,-0.049999999999999996
0.352,-0.207,0.019996166229248047,0.049999999999999996,-0.049999999999999996
0.287,-0.211,0.019991397857666016,0.049999999999999996,-0.049999999999999996
0.391,-0.002,0.020006418228149414,0.05,-0.05
0.372,0.002,0.01999664306640625,0.05,-0.05
0.323,-0.037,0.01999950408935547,0.05,-0.05
0.323,-0.037,0.020008563995361328,-0.05,-0.05
0.212,-0.15,0.019991636276245117,-0.05,-0.05
0.243,-0.081,0.020014524459838867,-0.05,-0.05
0.301,0.023,0.019986867904663086,-0.05,-0.05
0.301,0.023,0.020005226135253906,-0.05,-0.05
0.154,-0.12,0.01999831199645996,-0.05,-0.05
0.123,-0.131,0.01999688148498535,-0.05,-0.05
0.11,-0.112,0.0200040340423584,-0.05,-0.05000000000000001
0.099,-0.084,0.01999378204345703,-0.05,-0.05000000000000001
0.072,-0.078,0.02001667022705078,-0.05,-0.05000000000000001
0.072,-0.078,0.019989490509033203,-0.05,-0.05000000000000001
-0.052,-0.06,0.019995450973510742,-0.05,-0.049999999999999996
-0.062,-0.059,0.020001649856567383,-0.05,-0.05
-0.078,-0.054,0.019997119903564453,-0.05,-0.05
-0.083,-0.06,0.02000117301940918,-0.05,-0.05
-0.083,-0.06,0.019999980926513672,-0.049999999999999996,-0.05
-0.071,-0.043,0.019996166229248047,-0.049999999999999996,-0.05
-0.063,-0.054,0.02001047134399414,-0.049999999999999996,-0.05
-0.063,-0.033,0.019997119903564453,-0.049999999999999996,-0.05
-0.06,-0.042,0.019991159439086914,-0.05,-0.05
-0.059,-0.053,0.020008087158203125,-0.05,-0.05
-0.052,-0.066,0.019998550415039062,-0.05,-0.05
-0.058,-0.066,0.020000696182250977,-0.05,-0.05
-0.058,-0.068,0.01999831199645996,-0.05,-0.049999999999999996
-0.051,-0.05,0.020002126693725586,-0.05,-0.05
-0.057,-0.059,0.019999265670776367,-0.049999999999999996,-0.05000000000000001
-0.062,-0.074,0.01999044418334961,-0.049999999999999996,-0.05000000000000001
-0.064,-0.079,0.02000594139099121,-0.049999999999999996,-0.05000000000000001
-0.062,-0.075,0.020003318786621094,-0.05,-0.05
-0.055,-0.069,0.020009994506835938,-0.05,-0.05
-0.055,-0.069,0.02000260353088379,-0.05,-0.05
-0.052,-0.073,0.01999950408935547,-0.05,-0.05
-0.053,-0.05,0.019988536834716797,-0.05,-0.05000000000000001
-0.053,-0.05,0.020012378692626953,-0.05,-0.05000000000000001
-0.063,-0.084,0.01999950408935547,-0.05,-0.049999999999999996
-0.063,-0.084,0.020000457763671875,-0.05,-0.049999999999999996
-0.057,-0.059,0.0200045108795166,-0.05000000000000001,-0.049999999999999996
-0.052,-0.058,0.020008325576782227,-0.05000000000000001,-0.049999999999999996
-0.056,-0.063,0.020001888275146484,-0.05,-0.05
-0.052,-0.066,0.01999688148498535,-0.05,-0.05
-0.059,-0.069,0.019998788833618164,-0.05,-0.049999999999999996
-0.059,-0.069,0.02000141143798828,-0.05,-0.05
-0.057,-0.069,0.02000570297241211,-0.05,-0.05
-0.067,-0.077,0.019995689392089844,-0.05,-0.05
-0.067,-0.077,0.020000934600830078,-0.05,-0.05
-0.051,-0.06,0.01998758316040039,-0.05,-0.05
-0.063,-0.074,0.01999378204345703,-0.049999999999999996,-0.05000000000000001
-0.063,-0.074,0.020007610321044922,-0.05,-0.05000000000000001
-0.055,-0.066,0.020000934600830078,-0.05,-0.05
-0.053,-0.063,0.01999664306640625,-0.05,-0.05
-0.053,-0.062,0.020001649856567383,-0.05,-0.05
-0.062,-0.081,0.02000880241394043,-0.05,-0.05
-0.057,-0.071,0.019999980926513672,0.05,-0.05
0.053,-0.046,0.02000117301940918,0.05,-0.05
0.057,-0.077,0.020014286041259766,0.05000000000000001,-0.05
0.062,-0.075,0.020000696182250977,0.05,-0.05
0.062,-0.075,0.019997119903564453,0.05,-0.05
0.059,-0.07,0.01999640464782715,0.05000000000000001,-0.05
0.062,-0.075,0.019989013671875,0.05000000000000001,-0.05
0.056,-0.072,0.02001476287841797,0.05000000000000001,-0.05
0.053,-0.058,0.01999831199645996,0.05000000000000001,-0.05
0.058,-0.064,0.02001214027404785,0.05,-0.05
0.052,-0.051,0.019999980926513672,0.05,-0.05
0.055,-0.065,0.019993305206298828,0.05,-0.05
0.054,-0.064,0.02000141143798828,0.05,-0.05
0.053,-0.072,0.01999664306640625,0.05,-0.05
0.053,-0.066,0.020009279251098633,0.05,-0.05
0.053,-0.066,0.019999265670776367,0.05,-0.05
0.053,-0.055,0.019999027252197266,0.05,-0.05
0.053,-0.055,0.020001888275146484,0.05,-0.05
0.057,-0.076,0.020000457763671875,-0.05,-0.05000000000000001
0.064,-0.075,0.01999831199645996,-0.05,-0.05000000000000001
0.065,-0.072,0.020000696182250977,-0.05,-0.05000000000000001
0.065,-0.072,0.020001888275146484,-0.05,-0.05
-0.056,-0.059,0.01998758316040039,-0.05,-0.05
-0.053,-0.063,0.01999831199645996,-0.05,-0.05
-0.054,-0.057,0.01999187469482422,0.0,0.0
-0.056,-0.069,0.020001649856567383,0.0,0.0
-0.071,-0.07,0.020009517669677734,0.3492183680308113,0.007619938038537053
-0.071,-0.07,0.019996166229248047,0.8892260962878645,0.03083012324470337
-0.084,-0.041,0.019991397857666016,0.8892260962878645,0.03083012324470337
-0.082,-0.021,0.01999664306640625,0.8892260962878645,0.03083012324470337
-0.079,0.006,0.02001023292541504,1.043443043772265,0.028957715892699302
-0.089,0.007,0.020002365112304688,1.043443043772265,0.028957715892699302
-0.064,0.004,0.019999027252197266,1.043443043772265,0.028957715892699302
-0.052,0.006,0.020003795623779297,1.043443043772265,0.028957715892699302
0.075,0.004,0.020000457763671875,1.2931516740366022,0.032431832592853364
0.11,-0.006,0.020009994506835938,1.2931516740366022,0.032431832592853364
0.137,0.009,0.01999950408935547,1.2931516740366022,0.032431832592853364
0.155,0.021,0.019997358322143555,1.2931516740366022,0.032431832592853364
0.175,0.034,0.020004749298095703,1.48625323684083,0.0296288687805896
0.202,0.043,0.019997596740722656,1.48625323684083,0.0296288687805896
0.223,0.039,0.019999980926513672,1.48625323684083,0.0296288687805896
0.223,0.039,0.01999807357788086,1.4327771294974643,0.04082693515303084
0.241,0.044,0.020001649856567383,1.4327771294974643,0.04082693515303084
0.257,0.033,0.020006656646728516,1.4327771294974643,0.04082693515303084
0.277,0.039,0.01998734474182129,1.2166513657090674,0.03946844883063493
0.277,0.039,0.020005226135253906,1.2166513657090674,0.03946844883063493
0.304,0.041,0.020001888275146484,1.2166513657090674,0.03946844883063493
0.333,0.047,0.019999980926513672,1.2166513657090674,0.03946844883063493
0.358,0.043,0.01999974250793457,1.145405120478331,0.03881143129471557
0.358,0.043,0.01999640464782715,1.145405120478331,0.03881143129471557
0.4,0.05,0.020001649856567383,1.145405120478331,0.03881143129471557
0.414,0.051,0.01999950408935547,1.142941162670621,0.033300298471894786
0.435,0.05,0.020000934600830078,1.142941162670621,0.033300298471894786
0.435,0.05,0.020006179809570312,1.142941162670621,0.033300298471894786
0.469,0.033,0.02000141143798828,1.1435189813325404,0.03329467466550624
0.497,0.04,0.01999807357788086,1.1435189813325404,0.03329467466550624
0.497,0.04,0.019988536834716797,1.1435189813325404,0.03329467466550624
0.527,0.043,0.02000260353088379,1.1435189813325404,0.03329467466550624
0.553,0.039,0.020009994506835938,1.1452403940761888,0.05284726873101548
0.553,0.039,0.019998788833618164,1.1452403940761888,0.05284726873101548
0.606,0.035,0.01998734474182129,1.1452403940761888,0.05284726873101548
0.615,0.031,0.020009517669677734,1.1538530679359271,0.04373900797914376
0.615,0.031,0.02000117301940918,1.1538530679359271,0.04373900797914376
0.637,0.032,0.02000141143798828,1.1538530679359271,0.04373900797914376
0.663,0.032,0.019991397857666016,1.1537038931163053,0.043815913588116276
0.679,0.019,0.019997119903564453,1.1537038931163053,0.043815913588116276
0.679,0.019,0.02000284194946289,1.1537038931163053,0.043815913588116276
0.71,0.03,0.02000594139099121,1.1537038931163053,0.043815913588116276
0.745,0.019,0.02000260353088379,1.1203094276572858,0.044817497859496076
0.745,0.019,0.019997358322143555,1.1203094276572858,0.044817497859496076
0.776,0.03,0.019994258880615234,1.1203094276572858,0.044817497859496076
0.801,0.021,0.020012378692626953,1.1128520704593166,0.07978728952278868
0.817,0.02,0.0199892520904541,1.1128520704593166,0.07978728952278868
0.817,0.02,0.020000457763671875,1.1128520704593166,0.07978728952278868
0.853,0.017,0.019988059997558594,1.1262945987511286,0.08131945814165889
0.884,0.033,0.020013093948364258,1.1262945987511286,0.08131945814165889
0.903,0.035,0.01999950408935547,1.1262945987511286,0.08131945814165889
0.903,0.035,0.019997596740722656,1.0955583952397554,0.1031322865874057
0.927,0.028,0.01999521255493164,1.0955583952397554,0.1031322865874057
0.954,0.054,0.02000117301940918,1.0955583952397554,0.1031322865874057
0.983,0.053,0.02000737190246582,1.0955583952397554,0.1031322865874057
1.005,0.058,0.019999265670776367,0.889654781198054,0.04526901166809261
1.005,0.058,0.019997835159301758,0.889654781198054,0.04526901166809261
1.025,0.058,0.020001888275146484,0.889654781198054,0.04526901166809261
1.025,0.058,0.01998615264892578,0.7651944680430476,0.03569174454028621
1.034,0.059,0.020010948181152344,0.7651944680430476,0.03569174454028621
1.028,0.051,0.019997835159301758,0.7651944680430476,0.03569174454028621
1.028,0.051,0.02001500129699707,0.7651944680430476,0.03569174454028621
1.018,0.048,0.0199892520904541,0.8701821369857532,0.0399152210469221
0.994,0.051,0.02000141143798828,0.8701821369857532,0.0399152210469221
0.967,0.072,0.01999640464782715,0.8701821369857532,0.0399152210469221
0.967,0.072,0.020006418228149414,0.7983563026531506,0.0455910381218684
0.936,0.076,0.020018339157104492,0.7983563026531506,0.0455910381218684
0.895,0.071,0.019984722137451172,0.7983563026531506,0.0455910381218684
0.874,0.074,0.019999980926513672,1.3542195220797297,0.073980170092429
0.874,0.074,0.01999068260192871,1.3542195220797297,0.073980170092429
0.835,0.056,0.02000880241394043,1.3542195220797297,0.073980170092429
0.843,0.047,0.020001649856567383,1.3542195220797297,0.073980170092429
0.867,0.005,0.01999831199645996,1.2786592026901964,0.0656860699895728
0.942,-0.076,0.01999807357788086,1.2786592026901964,0.0656860699895728
0.942,-0.076,0.0200042724609375,1.2786592026901964,0.0656860699895728
0.946,-0.048,0.019996166229248047,1.1841980905885945,0.09557708621779969
0.956,-0.01,0.01999640464782715,1.1841980905885945,0.09557708621779969
0.956,-0.01,0.020006656646728516,1.1841980905885945,0.09557708621779969
0.969,0.001,0.01999378204345703,1.186857698947907,0.09566971323280694
0.976,0.051,0.020000457763671875,1.186857698947907,0.09566971323280694
0.976,0.051,0.020004987716674805,1.186857698947907,0.09566971323280694
0.969,0.099,0.019994497299194336,1.186857698947907,0.09566971323280694
0.969,0.099,0.019999265670776367,0.9790437763545354,0.036508868741805
0.972,0.144,0.020003557205200195,0.9790437763545354,0.036508868741805
0.972,0.144,0.019999265670776367,0.9790437763545354,0.036508868741805
0.943,0.152,0.020002365112304688,0.8892015047083023,0.040378176559318975
0.933,0.129,0.01999664306640625,0.8892015047083023,0.040378176559318975
0.932,0.1,0.020002365112304688,0.8892015047083023,0.040378176559318975
0.932,0.1,0.019998550415039062,0.8873907915470326,0.04032170835547933
0.914,0.053,0.019988536834716797,0.8873907915470326,0.04032170835547933
0.906,0.025,0.02000713348388672,0.8873907915470326,0.04032170835547933
0.894,0.029,0.01999688148498535,0.8873907915470326,0.04032170835547933
0.888,0.02,0.019991397857666016,0.7828589491447706,0.05831020890388982
0.888,0.02,0.02000284194946289,0.7828589491447706,0.05831020890388982
0.887,0.026,0.02001023292541504,0.7828589491447706,0.05831020890388982
0.878,0.048,0.019994497299194336,0.7703994641535175,0.05462301922837488
0.878,0.034,0.01999831199645996,0.7703994641535175,0.05462301922837488
0.87,0.023,0.02001190185546875,0.7703994641535175,0.05462301922837488
0.87,0.023,0.019991636276245117,0.7703994641535175,0.05462301922837488
0.87,0.023,0.020008087158203125,0.7698348045282734,0.051367887962698484
0.852,0.006,0.020002126693725586,0.7698348045282734,0.051367887962698484
0.867,-0.019,0.019995927810668945,0.7698348045282734,0.051367887962698484
0.849,-0.017,0.020000696182250977,0.7778900298411776,0.07850510157532462
0.846,-0.023,0.01995229721069336,0.7778900298411776,0.07850510157532462
0.843,-0.033,0.020051002502441406,0.7778900298411776,0.07850510157532462
0.843,-0.033,0.0200045108795166,0.8678542303961971,0.09651234902167993
0.836,-0.026,0.019997358322143555,0.8678542303961971,0.09651234902167993
0.835,-0.012,0.01999688148498535,0.8678542303961971,0.09651234902167993
0.835,-0.012,0.01999354362487793,0.7947046207810553,0.08151072262274929
0.83,0.018,0.020009756088256836,0.7947046207810553,0.08151072262274929
0.83,0.018,0.019997119903564453,0.7947046207810553,0.08151072262274929
0.787,0.094,0.01999974250793457,0.7947046207810553,0.08151072262274929
0.805,0.043,0.019995450973510742,0.9054366096179806,0.08941507626480599
0.805,0.043,0.020003557205200195,0.9054366096179806,0.08941507626480599
0.792,0.049,0.020000934600830078,0.9054366096179806,0.08941507626480599
0.796,0.045,0.01999807357788086,0.8472466337571125,0.07426367561273402
0.775,0.082,0.019961118698120117,0.8472466337571125,0.07426367561273402
0.767,0.104,0.020053863525390625,0.8472466337571125,0.07426367561273402
0.801,0.046,0.01998281478881836,0.8621091892362229,0.07053602345448307
0.801,0.046,0.0200045108795166,0.8621091892362229,0.07053602345448307
0.789,0.056,0.019998788833618164,0.8621091892362229,0.07053602345448307
0.782,0.078,0.01999807357788086,0.8621091892362229,0.07053602345448307
0.782,0.078,0.019994497299194336,0.8079351810896553,0.07749298580749797
0.783,0.085,0.019998788833618164,0.8079351810896553,0.07749298580749797
0.804,0.086,0.020003318786621094,0.8079351810896553,0.07749298580749797
0.809,0.074,0.020000219345092773,0.8831051162024754,0.08532970821862877
0.82,0.076,0.01999974250793457,0.8831051162024754,0.08532970821862877
0.807,0.076,0.020000457763671875,0.8831051162024754,0.08532970821862877
0.807,0.076,0.01999521255493164,0.8831051162024754,0.08532970821862877
0.835,0.06,0.019999027252197266,0.8557162255881381,0.07141059309056268
0.84,0.048,0.020018339157104492,0.8557162255881381,0.07141059309056268
0.849,0.071,0.019984960556030273,0.7662861508207004,0.03716407434398323
0.853,0.045,0.020002365112304688,0.7662861508207004,0.03716407434398323
0.874,0.046,0.019997596740722656,0.7662861508207004,0.03716407434398323
0.861,0.031,0.02000141143798828,0.7662861508207004,0.03716407434398323
0.869,0.038,0.0199887752532959,0.7724515053163246,0.05863057775529296
0.847,0.043,0.020013809204101562,0.7724515053163246,0.05863057775529296
0.865,0.021,0.02000117301940918,0.7724515053163246,0.05863057775529296
0.865,0.021,0.0200045108795166,0.7724515053163246,0.05863057775529296
0.865,0.021,0.01999807357788086,0.7695176360742864,0.05877716272492361
0.843,0.018,0.020002126693725586,0.7695176360742864,0.05877716272492361
0.855,-0.01,0.020003557205200195,0.7695176360742864,0.05877716272492361
0.838,0.004,0.019984722137451172,0.7701758595537324,0.03264268728169537
0.808,0.034,0.01999354362487793,0.7701758595537324,0.03264268728169537
0.814,0.017,0.020017623901367188,0.7701758595537324,0.03264268728169537
0.798,0.021,0.019997596740722656,0.8648340887146581,0.052333402767940636
0.793,0.021,0.02000260353088379,0.8648340887146581,0.052333402767940636
0.793,0.021,0.02001810073852539,0.8648340887146581,0.052333402767940636
0.761,0.052,0.01997661590576172,0.8648340887146581,0.052333402767940636
0.801,-0.004,0.019998550415039062,1.019767434497878,0.049683529634523854
0.801,-0.004,0.01999831199645996,1.019767434497878,0.049683529634523854
0.753,0.09,0.019997835159301758,1.019767434497878,0.049683529634523854
0.809,0.011,0.020003080368041992,0.8534733629965809,0.023338008077092305
0.809,0.011,0.020000219345092773,0.8534733629965809,0.023338008077092305
0.782,0.076,0.020005226135253906,0.8534733629965809,0.023338008077092305
0.776,0.056,0.020000934600830078,0.7526066103734306,-0.048225421252487743
0.798,0.048,0.020035266876220703,0.7526066103734306,-0.048225421252487743
0.798,0.048,0.019962310791015625,0.7526066103734306,-0.048225421252487743
0.797,0.058,0.019991159439086914,0.754431933904051,-0.04725619088979689
0.797,0.058,0.020005226135253906,0.754431933904051,-0.04725619088979689
0.794,0.054,0.01999831199645996,0.754431933904051,-0.04725619088979689
0.794,0.054,0.020001649856567383,0.754431933904051,-0.04725619088979689
0.791,0.014,0.01999497413635254,0.7596333854529567,0.03653467729758743
0.796,-0.005,0.01999688148498535,0.7596333854529567,0.03653467729758743
0.796,-0.005,0.020010948181152344,0.7596333854529567,0.03653467729758743
0.772,0.01,0.02000260353088379,0.7352115997022636,0.011405157364705399
0.783,-0.006,0.019991159439086914,0.7352115997022636,0.011405157364705399
0.782,-0.004,0.019999980926513672,0.7352115997022636,0.011405157364705399
0.771,-0.013,0.019999980926513672,0.7319624020224779,0.007815384999781402
0.771,-0.013,0.0200042724609375,0.7319624020224779,0.007815384999781402
0.765,0.0,0.020008325576782227,0.7319624020224779,0.007815384999781402
0.765,0.0,0.019991397857666016,0.7319624020224779,0.007815384999781402
0.751,-0.013,0.020013809204101562,0.7265482044381155,-0.0011503203883049705
0.743,-0.004,0.019985198974609375,0.7265482044381155,-0.0011503203883049705
0.743,-0.004,0.01999950408935547,0.7265482044381155,-0.0011503203883049705
0.725,0.005,0.020005464553833008,0.6622949826912308,0.041128343023801514
0.733,-0.014,0.019995927810668945,0.6622949826912308,0.041128343023801514
0.712,0.005,0.019999980926513672,0.6622949826912308,0.041128343023801514
0.705,0.026,0.019998550415039062,0.66229503365213,0.041128364582981136
0.696,0.006,0.020004749298095703,0.66229503365213,0.041128364582981136
0.696,0.006,0.02000117301940918,0.66229503365213,0.041128364582981136
0.681,0.019,0.01999497413635254,0.66229503365213,0.041128364582981136
0.592,0.142,0.020000934600830078,1.0527142246131451,0.020958062010328998
0.592,0.142,0.01999640464782715,1.0527142246131451,0.020958062010328998
0.596,0.121,0.020007848739624023,1.0527142246131451,0.020958062010328998
0.576,0.137,0.019992351531982422,1.0676341069236126,0.013757659872289994
0.589,0.12,0.0200045108795166,1.0676341069236126,0.013757659872289994
0.589,0.12,0.02000141143798828,1.0676341069236126,0.013757659872289994
0.699,-0.056,0.01999807357788086,1.1030892417123521,0.00908297542746696
0.618,0.084,0.020007848739624023,1.1030892417123521,0.00908297542746696
0.64,0.058,0.01999664306640625,1.1030892417123521,0.00908297542746696
0.656,0.06,0.01999807357788086,1.1030892417123521,0.00908297542746696
0.656,0.079,0.019994020462036133,0.9726883226858352,0.023551010310890998
0.682,0.079,0.019997358322143555,0.9726883226858352,0.023551010310890998
0.682,0.079,0.020009517669677734,0.9726883226858352,0.023551010310890998
0.737,0.073,0.019991159439086914,0.8868844688827913,0.06814367201961909
0.766,0.07,0.02002263069152832,0.8868844688827913,0.06814367201961909
0.801,0.057,0.019988298416137695,0.8868844688827913,0.06814367201961909
0.818,0.049,0.019992351531982422,0.8934081159420493,0.06749466543567342
0.818,0.049,0.02000284194946289,0.8934081159420493,0.06749466543567342
0.852,0.042,0.019994735717773438,0.8934081159420493,0.06749466543567342
0.852,0.042,0.020003557205200195,0.8934081159420493,0.06749466543567342
0.852,0.042,0.02001810073852539,0.22041065299353962,0.1420436187376584
0.88,0.063,0.019955873489379883,0.22041065299353962,0.1420436187376584
0.889,0.072,0.020023584365844727,0.22041065299353962,0.1420436187376584
0.887,0.091,0.019997596740722656,1.5,-0.1766261737561074
0.882,0.102,0.020004987716674805,1.5,-0.1766261737561074
0.882,0.102,0.02001810073852539,1.5,-0.1766261737561074
0.928,0.055,0.019977807998657227,1.5,-0.10795138441456432
0.928,0.055,0.02000141143798828,1.5,-0.10795138441456432
0.951,0.008,0.020002365112304688,1.5,-0.10795138441456432
0.946,0.009,0.019995689392089844,1.5,-0.10795138441456432
0.958,-0.018,0.020003318786621094,1.4960124011226452,-0.21188410149953826
0.935,-0.011,0.019999980926513672,1.4960124011226452,-0.21188410149953826
0.949,-0.032,0.019995689392089844,1.4960124011226452,-0.21188410149953826
0.939,-0.039,0.020005226135253906,1.5,-0.14573456650759775
0.926,-0.013,0.02002096176147461,1.5,-0.14573456650759775
0.926,-0.013,0.019980192184448242,1.5,-0.14573456650759775
0.923,-0.04,0.019992828369140625,1.5,-0.1377051180040188
0.942,-0.044,0.019999265670776367,1.5,-0.1377051180040188
0.961,-0.057,0.020015239715576172,1.5,-0.1377051180040188
0.984,-0.083,0.019992589950561523,1.5,-0.1377051180040188
0.984,-0.083,0.020006895065307617,1.4986694815627832,-0.17075794936789057
0.984,-0.083,0.020003318786621094,1.4986694815627832,-0.17075794936789057
1.048,-0.139,0.01999640464782715,1.4986694815627832,-0.17075794936789057
1.066,-0.178,0.019998550415039062,1.4669490906602978,-0.050918144378932724
1.1,-0.184,0.019990921020507812,1.4669490906602978,-0.050918144378932724
1.115,-0.202,0.02000141143798828,1.4669490906602978,-0.050918144378932724
1.115,-0.202,0.020005464553833008,1.4430928280935738,-0.04176526430586
1.095,-0.141,0.020000934600830078,1.4430928280935738,-0.04176526430586
1.091,-0.063,0.020008087158203125,1.4430928280935738,-0.04176526430586
1.105,-0.02,0.019982099533081055,1.423590545793396,-0.20041865963711436
1.137,-0.007,0.020008563995361328,1.423590545793396,-0.20041865963711436
1.137,-0.007,0.019995927810668945,1.423590545793396,-0.20041865963711436
1.191,0.001,0.020003318786621094,1.423590545793396,-0.20041865963711436
1.25,-0.01,0.020000934600830078,1.495732978259422,-0.12132799441160265
1.282,-0.033,0.02000260353088379,1.495732978259422,-0.12132799441160265
1.282,-0.033,0.020015954971313477,1.495732978259422,-0.12132799441160265
1.347,-0.043,0.019965171813964844,1.3898919734942405,-0.11203327838385028
1.391,-0.045,0.01999974250793457,1.3898919734942405,-0.11203327838385028
1.414,-0.056,0.020005464553833008,1.3898919734942405,-0.11203327838385028
1.414,-0.056,0.02000737190246582,1.3898919734942405,-0.11203327838385028
1.414,-0.056,0.020000934600830078,1.4551715834374237,-0.1467565688151328
1.452,-0.06,0.01999664306640625,1.4551715834374237,-0.1467565688151328
1.454,-0.058,0.019997835159301758,1.4551715834374237,-0.1467565688151328
1.458,-0.079,0.02000141143798828,1.2816484688038507,-0.23234716970758273
1.462,-0.112,0.01999640464782715,1.2816484688038507,-0.23234716970758273
1.443,-0.105,0.020012855529785156,1.2816484688038507,-0.23234716970758273
1.443,-0.105,0.01999044418334961,1.301838650383303,-0.24015563426126751
1.438,-0.167,0.019998550415039062,1.301838650383303,-0.24015563426126751
1.407,-0.217,0.020006895065307617,1.301838650383303,-0.24015563426126751
1.397,-0.237,0.020000934600830078,1.301838650383303,-0.24015563426126751
1.36,-0.252,0.01999521255493164,1.093830152562894,-0.245670683702522
1.349,-0.258,0.020003318786621094,1.093830152562894,-0.245670683702522
1.367,-0.235,0.01999640464782715,1.093830152562894,-0.245670683702522
1.367,-0.235,0.02000284194946289,1.1214938328626143,-0.13092933043530525
1.537,0.078,0.020003080368041992,1.1214938328626143,-0.13092933043530525
1.458,0.023,0.01998734474182129,1.1214938328626143,-0.13092933043530525
1.417,0.031,0.020016908645629883,0.8696068530888028,-0.09970234648309202
1.438,0.11,0.019997119903564453,0.8696068530888028,-0.09970234648309202
1.373,0.078,0.019999980926513672,0.8696068530888028,-0.09970234648309202
1.235,-0.034,0.01998734474182129,0.8696068530888028,-0.09970234648309202
1.267,0.085,0.020000219345092773,0.6287587866858955,-0.19682063070251632
1.267,0.085,0.02000570297241211,0.6287587866858955,-0.19682063070251632
1.204,0.084,0.019997596740722656,0.6287587866858955,-0.19682063070251632
1.204,0.084,0.020009279251098633,0.763017537782676,-0.03169344965378801
1.174,0.074,0.019997119903564453,0.763017537782676,-0.03169344965378801
1.146,0.061,0.020000457763671875,0.763017537782676,-0.03169344965378801
1.146,0.061,0.019994020462036133,0.763017537782676,-0.03169344965378801
1.167,0.049,0.020009756088256836,0.7631862722766509,-0.03173108171674928
1.17,-0.005,0.01999831199645996,0.7631862722766509,-0.03173108171674928
1.124,-0.079,0.01999974250793457,0.7631862722766509,-0.03173108171674928
1.124,-0.079,0.019983530044555664,0.7631862722766509,-0.03173108171674928
1.024,-0.061,0.02000570297241211,0.7631862722766509,-0.03173108171674928
0.994,-0.066,0.019999027252197266,0.2485268412585274,-0.16766827005715162
1.0,-0.009,0.019999027252197266,0.2485268412585274,-0.16766827005715162
1.0,-0.009,0.02000713348388672,0.7198042409297161,-0.13491838413252927
0.793,-0.193,0.020009756088256836,0.7198042409297161,-0.13491838413252927
0.689,-0.227,0.019976377487182617,0.7198042409297161,-0.13491838413252927
0.675,-0.231,0.020006895065307617,0.7809212107048396,-0.05354262222605562
0.675,-0.231,0.02000880241394043,0.7809212107048396,-0.05354262222605562
0.619,-0.182,0.020003080368041992,0.7809212107048396,-0.05354262222605562
0.741,-0.006,0.01999497413635254,0.7722465953385359,-0.03854023259844224
0.741,-0.006,0.019997119903564453,0.7722465953385359,-0.03854023259844224
0.717,0.098,0.020003557205200195,0.7722465953385359,-0.03854023259844224
0.705,0.042,0.019994497299194336,0.9388404936896373,-0.13577096678465717
0.635,0.036,0.020006895065307617,0.9388404936896373,-0.13577096678465717
0.578,0.051,0.019999265670776367,0.9388404936896373,-0.13577096678465717
0.578,0.051,0.019998550415039062,0.938791860878128,-0.13576201496116838
0.582,-0.029,0.020010709762573242,0.938791860878128,-0.13576201496116838
0.582,-0.029,0.019995927810668945,0.938791860878128,-0.13576201496116838
0.648,-0.162,0.019999265670776367,0.938791860878128,-0.13576201496116838
0.708,-0.202,0.020003795623779297,1.222219105955407,-0.013092368440981692
0.708,-0.202,0.019999980926513672,1.222219105955407,-0.013092368440981692
0.816,-0.171,0.019991636276245117,1.222219105955407,-0.013092368440981692
0.816,-0.171,0.01999664306640625,1.1609419861832828,-0.04212436570644869
0.862,-0.076,0.020004987716674805,1.1609419861832828,-0.04212436570644869
0.829,0.064,0.020017147064208984,1.1609419861832828,-0.04212436570644869
0.829,0.064,0.019988536834716797,1.1365253977157537,-0.03981469385514738
0.876,0.072,0.01999807357788086,1.1365253977157537,-0.03981469385514738
0.876,0.072,0.019994497299194336,1.1365253977157537,-0.03981469385514738
0.909,-0.053,0.02002739906311035,1.1365253977157537,-0.03981469385514738
0.923,-0.119,0.019971847534179688,1.1173851532843126,-0.18972957926338407
0.944,-0.112,0.02000141143798828,1.1173851532843126,-0.18972957926338407
0.944,-0.112,0.020006418228149414,1.1173851532843126,-0.18972957926338407
0.944,-0.112,0.019993066787719727,1.1151070005794719,-0.191988294610985
1.019,-0.075,0.019998550415039062,1.1151070005794719,-0.191988294610985
1.077,-0.109,0.020003080368041992,1.1151070005794719,-0.191988294610985
1.077,-0.109,0.020007848739624023,1.116312193453127,-0.19213497537472912
1.136,-0.111,0.019988536834716797,1.116312193453127,-0.19213497537472912
1.136,-0.111,0.020001888275146484,1.116312193453127,-0.19213497537472912
1.176,-0.11,0.01999521255493164,1.116312193453127,-0.19213497537472912
1.177,-0.099,0.020009756088256836,1.2843840742881265,-0.21947811635294157
1.2,-0.127,0.019997358322143555,1.2843840742881265,-0.21947811635294157
1.197,-0.155,0.019997596740722656,1.2843840742881265,-0.21947811635294157
1.197,-0.155,0.019999265670776367,1.182351308486159,-0.054436061234895784
1.17,-0.198,0.019997835159301758,1.182351308486159,-0.054436061234895784
1.178,-0.241,0.02003002166748047,1.182351308486159,-0.054436061234895784
1.177,-0.222,0.019988298416137695,1.2119346941363272,-0.05184622828976784
1.177,-0.222,0.019974231719970703,1.2119346941363272,-0.05184622828976784
1.195,-0.188,0.020016908645629883,1.2119346941363272,-0.05184622828976784
1.213,-0.15,0.019995450973510742,1.2119346941363272,-0.05184622828976784
1.213,-0.15,0.02000737190246582,0.7352082044587266,-0.2179915057487394
1.246,-0.063,0.01999664306640625,0.7352082044587266,-0.2179915057487394
1.289,0.0,0.019995450973510742,0.7352082044587266,-0.2179915057487394
1.289,0.0,0.01999950408935547,0.9610818284798613,-0.1263819634495995
1.291,0.015,0.020002365112304688,0.9610818284798613,-0.1263819634495995
1.283,0.009,0.020000934600830078,0.9610818284798613,-0.1263819634495995
1.283,0.009,0.019995927810668945,0.8880847700184854,-0.11907437289916498
1.263,0.043,0.019995450973510742,0.8880847700184854,-0.11907437289916498
1.233,0.05,0.020005464553833008,0.8880847700184854,-0.11907437289916498
1.196,0.066,0.019997835159301758,0.9079565605073707,-0.10955161823572547
1.196,0.066,0.02000904083251953,0.9079565605073707,-0.10955161823572547
1.088,-0.014,0.019997358322143555,0.9079565605073707,-0.10955161823572547
1.062,0.026,0.01999950408935547,0.9079565605073707,-0.10955161823572547
1.017,-0.016,0.01999497413635254,1.1647752391020263,-0.01862575974064777
1.011,0.013,0.0200042724609375,1.1647752391020263,-0.01862575974064777
1.025,0.06,0.02000260353088379,1.1647752391020263,-0.01862575974064777
1.025,0.06,0.019997358322143555,1.2411744302436383,-0.015704605899002206
1.015,0.071,0.01999354362487793,1.2411744302436383,-0.015704605899002206
1.015,0.071,0.019993305206298828,1.2411744302436383,-0.015704605899002206
1.002,0.016,0.020015478134155273,1.2411744302436383,-0.015704605899002206
0.984,-0.008,0.019994020462036133,1.1905139254255315,0.0158718148671671
0.974,-0.036,0.0200042724609375,1.1905139254255315,0.0158718148671671
1.003,0.016,0.020000934600830078,1.1905139254255315,0.0158718148671671
1.003,0.016,0.019999980926513672,1.1944302974096126,-0.05132679842881683
0.971,-0.051,0.019999027252197266,1.1944302974096126,-0.05132679842881683
0.991,-0.057,0.019985675811767578,1.1944302974096126,-0.05132679842881683
0.996,-0.079,0.020008087158203125,1.293622014973469,-0.05445446356322592
0.991,-0.151,0.019997119903564453,1.293622014973469,-0.05445446356322592
0.996,-0.19,0.020000696182250977,1.293622014973469,-0.05445446356322592
1.016,-0.193,0.020004987716674805,1.4112934196869131,-0.05852952445619665
1.007,-0.232,0.020001649856567383,1.4112934196869131,-0.05852952445619665
0.981,-0.253,0.019993066787719727,1.4112934196869131,-0.05852952445619665
0.986,-0.145,0.020007610321044922,1.4112934196869131,-0.05852952445619665
1.002,-0.061,0.019992828369140625,1.04980377577213,-0.03036165967670613
1.002,-0.061,0.0200045108795166,1.04980377577213,-0.03036165967670613
1.112,0.042,0.020008563995361328,1.04980377577213,-0.03036165967670613
1.151,0.036,0.019989967346191406,1.1576037470289249,-0.03343349959914966
1.151,0.036,0.020003557205200195,1.1576037470289249,-0.03343349959914966
1.217,-0.023,0.020002365112304688,1.1576037470289249,-0.03343349959914966
1.221,-0.032,0.019997835159301758,1.1576037470289249,-0.03343349959914966
1.195,-0.053,0.02000260353088379,1.181114223547492,-0.13042510413489222
1.195,-0.053,0.019995927810668945,1.181114223547492,-0.13042510413489222
1.173,-0.054,0.02000880241394043,1.181114223547492,-0.13042510413489222
1.173,-0.054,0.01999378204345703,1.1265571914543817,-0.14804091070830835
1.173,-0.054,0.019996166229248047,1.1265571914543817,-0.14804091070830835
1.186,-0.094,0.01999354362487793,1.1265571914543817,-0.14804091070830835
1.191,-0.099,0.020006418228149414,1.136978348098438,-0.1486584845935142
1.165,-0.116,0.020006418228149414,1.136978348098438,-0.1486584845935142
1.162,-0.143,0.01999807357788086,1.136978348098438,-0.1486584845935142
1.171,-0.17,0.01999640464782715,1.136978348098438,-0.1486584845935142
1.164,-0.181,0.019989728927612305,1.0356238999844396,-0.14273329826997516
1.173,-0.212,0.020006179809570312,1.0356238999844396,-0.14273329826997516
1.169,-0.184,0.01999831199645996,1.0356238999844396,-0.14273329826997516
1.177,-0.178,0.019992589950561523,0.7714531246222698,-0.04249593202068765
1.227,-0.095,0.020007610321044922,0.7714531246222698,-0.04249593202068765
1.284,0.003,0.020057201385498047,0.7714531246222698,-0.04249593202068765
1.277,0.091,0.01994800567626953,0.76301789884677,-0.04208547867153856
1.223,0.037,0.019997358322143555,0.76301789884677,-0.04208547867153856
1.223,0.037,0.019995927810668945,0.76301789884677,-0.04208547867153856
1.181,0.149,0.02000570297241211,0.7603483488305972,-0.016639292347917323
1.054,0.063,0.01999640464782715,0.7603483488305972,-0.016639292347917323
1.054,0.063,0.019989967346191406,0.7603483488305972,-0.016639292347917323
1.016,0.146,0.020008087158203125,0.7603483488305972,-0.016639292347917323
0.951,0.086,0.020002365112304688,1.3267699185835662,-0.13941040920810463
1.002,0.205,0.020004749298095703,1.3267699185835662,-0.13941040920810463
1.002,0.205,0.01999211311340332,1.3267699185835662,-0.13941040920810463
0.986,0.125,0.01999974250793457,1.2879007887253011,-0.13945527445906367
0.988,-0.038,0.019994735717773438,1.2879007887253011,-0.13945527445906367
0.988,-0.038,0.020008087158203125,1.2879007887253011,-0.13945527445906367
1.016,0.033,0.0200045108795166,1.2879007887253011,-0.13945527445906367
1.016,0.033,0.02000117301940918,1.002032948353293,-0.11397634181714011
0.927,-0.04,0.019997835159301758,1.002032948353293,-0.11397634181714011
0.954,0.001,0.020003318786621094,1.002032948353293,-0.11397634181714011
0.908,-0.025,0.01999640464782715,1.3673464528834272,-0.14070203803115716
0.908,-0.025,0.019998550415039062,1.3673464528834272,-0.14070203803115716
0.882,-0.034,0.020004987716674805,1.3673464528834272,-0.14070203803115716
0.906,-0.069,0.01999187469482422,1.3673464528834272,-0.14070203803115716
0.906,-0.069,0.020002365112304688,1.312035127017213,-0.10551335121206155
0.941,-0.142,0.020003795623779297,1.312035127017213,-0.10551335121206155
0.959,-0.216,0.019988298416137695,1.312035127017213,-0.10551335121206155
0.959,-0.235,0.020017385482788086,1.2897200612165647,-0.11579056180889988
0.967,-0.269,0.019999980926513672,1.2897200612165647,-0.11579056180889988
0.948,-0.313,0.01999068260192871,1.2897200612165647,-0.11579056180889988
0.912,-0.24,0.020003080368041992,1.2390888536284004,-0.09855327106050846
0.89,-0.153,0.02000713348388672,1.2390888536284004,-0.09855327106050846
0.89,-0.153,0.019998788833618164,1.2390888536284004,-0.09855327106050846
0.948,-0.114,0.01999211311340332,1.2518086619193698,-0.09983769920726311
1.011,-0.071,0.020000934600830078,1.2518086619193698,-0.09983769920726311
1.097,-0.062,0.02001047134399414,1.2518086619193698,-0.09983769920726311
1.149,-0.055,0.01999378204345703,1.2518086619193698,-0.09983769920726311
1.187,-0.062,0.01999974250793457,1.1307304932754203,-0.09984292514222054
1.213,-0.055,0.019988536834716797,1.1307304932754203,-0.09984292514222054
1.215,-0.066,0.020010948181152344,1.1307304932754203,-0.09984292514222054
1.191,-0.064,0.01999807357788086,1.122027637293372,-0.10219968197047083
1.189,-0.094,0.020003795623779297,1.122027637293372,-0.10219968197047083
1.17,-0.08,0.019994020462036133,1.122027637293372,-0.10219968197047083
1.17,-0.08,0.019994497299194336,1.0953219068040183,-0.10304314062173532
1.174,-0.105,0.020001649856567383,1.0953219068040183,-0.10304314062173532
1.169,-0.119,0.019997596740722656,1.0953219068040183,-0.10304314062173532
1.163,-0.118,0.02000117301940918,0.9195927791586146,-0.07634469843384094
1.163,-0.118,0.019999980926513672,0.9195927791586146,-0.07634469843384094
1.138,-0.143,0.020000934600830078,0.9195927791586146,-0.07634469843384094
1.138,-0.143,0.020002365112304688,0.9195927791586146,-0.07634469843384094
1.104,-0.155,0.02000117301940918,0.7634838955927336,-0.037197663043627344
1.104,-0.155,0.020004987716674805,0.7634838955927336,-0.037197663043627344
1.087,-0.146,0.02000594139099121,0.7634838955927336,-0.037197663043627344
1.087,-0.146,0.019989490509033203,0.7634855915242454,-0.03719711499109606
1.073,-0.076,0.020009279251098633,0.7634855915242454,-0.03719711499109606
1.113,0.052,0.019997358322143555,0.7634855915242454,-0.03719711499109606
1.157,0.206,0.01999950408935547,0.7634855915242454,-0.03719711499109606
1.098,0.222,0.019995689392089844,0.7587931629325302,0.011696884892716196
1.044,0.218,0.019995450973510742,0.7587931629325302,0.011696884892716196
0.968,0.157,0.020007848739624023,0.7587931629325302,0.011696884892716196
0.968,0.157,0.019994258880615234,1.3911966146377732,-0.08630522817285745
0.991,0.104,0.020005226135253906,1.3911966146377732,-0.08630522817285745
1.032,-0.048,0.02396869659423828,1.3911966146377732,-0.08630522817285745
1.077,-0.091,0.016018390655517578,1.3911966146377732,-0.08630522817285745
1.077,-0.091,0.020012617111206055,1.3802613390819554,-0.0371564410544138
0.973,-0.001,0.02000117301940918,1.3802613390819554,-0.0371564410544138
0.975,-0.015,0.020000696182250977,1.3802613390819554,-0.0371564410544138
0.933,-0.054,0.019993305206298828,0.9860893664402689,0.13347667983702263
0.916,0.029,0.020005464553833008,0.9860893664402689,0.13347667983702263
0.907,0.019,0.019998550415039062,0.9860893664402689,0.13347667983702263
0.838,0.02,0.020001888275146484,1.415711322580037,0.1705488077000987
0.838,0.02,0.02000284194946289,1.415711322580037,0.1705488077000987
0.833,0.046,0.01999974250793457,1.415711322580037,0.1705488077000987
0.833,0.046,0.01998734474182129,1.3912088589600873,0.19654487448059804
0.833,0.046,0.020001888275146484,1.3912088589600873,0.19654487448059804
0.783,0.016,0.02001023292541504,1.3912088589600873,0.19654487448059804
0.755,-0.009,0.019991397857666016,1.3912088589600873,0.19654487448059804
0.739,0.0,0.020013093948364258,1.1790564890772905,0.20688023325557683
0.739,0.0,0.019989728927612305,1.1790564890772905,0.20688023325557683
0.819,0.116,0.02000141143798828,1.1790564890772905,0.20688023325557683
0.91,0.206,0.01999640464782715,1.2639048920200626,0.22788864281267332
0.984,0.244,0.020001888275146484,1.2639048920200626,0.22788864281267332
0.984,0.244,0.02002406120300293,1.2639048920200626,0.22788864281267332
1.068,0.197,0.019971847534179688,1.2854488249231832,0.2254767996016752
1.068,0.197,0.02000260353088379,1.2854488249231832,0.2254767996016752
1.011,0.028,0.020004749298095703,1.2854488249231832,0.2254767996016752
1.011,0.028,0.01999807357788086,1.2854488249231832,0.2254767996016752
1.072,0.084,0.019995689392089844,1.287100490039568,0.1671428641381286
1.109,0.147,0.019999265670776367,1.287100490039568,0.1671428641381286
1.121,0.228,0.020004749298095703,1.287100490039568,0.1671428641381286
1.137,0.235,0.020008087158203125,1.3134582552051202,0.23537637373013828
1.137,0.235,0.019995927810668945,1.3134582552051202,0.23537637373013828
1.177,0.201,0.019993066787719727,1.3134582552051202,0.23537637373013828
1.198,0.149,0.020003080368041992,1.033777752631763,0.18172916821237303
1.198,0.149,0.019994497299194336,1.033777752631763,0.18172916821237303
1.225,0.132,0.020002126693725586,1.033777752631763,0.18172916821237303
1.225,0.132,0.02000260353088379,1.033777752631763,0.18172916821237303
1.264,0.112,0.020000457763671875,1.4079652850368016,0.24127353077456437
1.264,0.112,0.019994258880615234,1.4079652850368016,0.24127353077456437
1.304,0.105,0.020003557205200195,1.4079652850368016,0.24127353077456437
1.309,0.125,0.019999980926513672,1.039548880836843,0.15458383758038893
1.307,0.175,0.020003318786621094,1.039548880836843,0.15458383758038893
1.302,0.205,0.020010709762573242,1.039548880836843,0.15458383758038893
1.279,0.236,0.01998591423034668,1.4038064228366913,0.21487710383271394
1.271,0.238,0.02000260353088379,1.4038064228366913,0.21487710383271394
1.261,0.247,0.019993305206298828,1.4038064228366913,0.21487710383271394
1.257,0.262,0.020007848739624023,1.4038064228366913,0.21487710383271394
1.257,0.262,0.020003795623779297,0.9811494251918954,0.28019258578041617
1.324,0.133,0.02000904083251953,0.9811494251918954,0.28019258578041617
1.421,0.001,0.019984960556030273,0.9811494251918954,0.28019258578041617
1.426,-0.025,0.020002365112304688,1.0455499300026492,0.28149859984272174
1.387,0.043,0.02000737190246582,1.0455499300026492,0.28149859984272174
1.37,0.035,0.019989013671875,1.0455499300026492,0.28149859984272174
1.37,0.035,0.020000696182250977,1.0620922539316873,0.27710446062823013
1.292,0.115,0.020005226135253906,1.0620922539316873,0.27710446062823013
1.292,0.115,0.02000117301940918,1.0620922539316873,0.27710446062823013
1.284,0.094,0.01999664306640625,1.0620922539316873,0.27710446062823013
1.276,0.069,0.0200040340423584,0.641964517085928,0.26551404389642136
1.206,0.129,0.019990205764770508,0.641964517085928,0.26551404389642136
1.206,0.129,0.019998550415039062,0.641964517085928,0.26551404389642136
1.207,0.063,0.019999027252197266,0.3736980418110588,0.2648498204153062
1.207,0.063,0.02000260353088379,0.3736980418110588,0.2648498204153062
1.139,0.08,0.02000594139099121,0.3736980418110588,0.2648498204153062
1.139,0.08,0.019995689392089844,0.33947946436421716,0.2429580788548942
1.112,0.068,0.0200045108795166,0.33947946436421716,0.2429580788548942
1.036,0.121,0.019998550415039062,0.33947946436421716,0.2429580788548942
1.03,0.042,0.020052671432495117,0.33947946436421716,0.2429580788548942
1.03,0.042,0.019933700561523438,1.3558489631672896,0.34067190474403924
0.784,0.357,0.02000904083251953,1.3558489631672896,0.34067190474403924
0.681,0.474,0.020000934600830078,1.3558489631672896,0.34067190474403924
0.702,0.392,0.019998788833618164,1.2183008338509536,0.3003631054752285
0.765,0.291,0.020021915435791016,1.2183008338509536,0.3003631054752285
0.728,0.353,0.019979000091552734,1.2183008338509536,0.3003631054752285
0.728,0.353,0.020084142684936523,1.2183008338509536,0.3003631054752285
0.743,0.303,0.019925832748413086,1.1821012296710995,0.2950075962692116
0.782,0.242,0.019989728927612305,1.1821012296710995,0.2950075962692116
0.782,0.242,0.01999831199645996,1.1821012296710995,0.2950075962692116
0.902,0.034,0.019992589950561523,1.1965897772952208,0.2898304330114764
0.866,0.145,0.02000594139099121,1.1965897772952208,0.2898304330114764
0.867,0.185,0.020001649856567383,1.1965897772952208,0.2898304330114764
0.925,0.189,0.019998550415039062,1.1965897772952208,0.2898304330114764
0.938,0.184,0.020003557205200195,1.1365507571285716,0.28709901785304476
0.953,0.212,0.020004987716674805,1.1365507571285716,0.28709901785304476
1.013,0.278,0.019993305206298828,1.1365507571285716,0.28709901785304476
1.013,0.278,0.019997119903564453,1.2401251750704383,0.3143040504888111
1.005,0.286,0.02001047134399414,1.2401251750704383,0.3143040504888111
0.988,0.301,0.01999974250793457,1.2401251750704383,0.3143040504888111
1.083,0.244,0.019982576370239258,0.7356244989846705,0.3195991803137949
1.07,0.288,0.020012378692626953,0.7356244989846705,0.3195991803137949
1.087,0.324,0.019997835159301758,0.7356244989846705,0.3195991803137949
1.109,0.284,0.019995927810668945,0.7356244989846705,0.3195991803137949
1.128,0.292,0.02001190185546875,0.41494720013463277,0.30717297325093507
1.119,0.316,0.020003080368041992,0.41494720013463277,0.30717297325093507
1.119,0.278,0.019991397857666016,0.41494720013463277,0.30717297325093507
1.119,0.278,0.01999664306640625,0.3888094609983485,0.285408596059608
1.128,0.186,0.020018815994262695,0.3888094609983485,0.285408596059608
1.128,0.186,0.01999378204345703,0.3888094609983485,0.285408596059608
1.102,0.248,0.01997995376586914,0.3888094609983485,0.285408596059608
1.102,0.248,0.020017623901367188,0.386648370648373,0.2828794238841963
1.091,0.166,0.019999265670776367,0.386648370648373,0.2828794238841963
1.084,0.127,0.02000117301940918,0.386648370648373,0.2828794238841963
1.084,0.127,0.019990921020507812,0.3412119637967244,0.24906589589254635
0.807,0.474,0.020003795623779297,0.3412119637967244,0.24906589589254635
0.695,0.616,0.020001649856567383,0.3412119637967244,0.24906589589254635
0.695,0.616,0.01999187469482422,0.35849543355421803,0.2633124749653336
0.939,0.161,0.01999950408935547,0.35849543355421803,0.2633124749653336
0.939,0.161,0.02001190185546875,0.35849543355421803,0.2633124749653336
0.645,0.508,0.01999211311340332,0.35849543355421803,0.2633124749653336
0.782,0.218,0.02002239227294922,0.3847648883867547,0.28577238199171207
0.782,0.218,0.019980192184448242,0.3847648883867547,0.28577238199171207
0.635,0.324,0.019993066787719727,0.3847648883867547,0.28577238199171207
0.635,0.324,0.019991159439086914,0.3847648883867547,0.28577238199171207
0.683,0.176,0.020023822784423828,0.4273813183783432,0.3287553531243515
0.524,0.341,0.019997358322143555,0.4273813183783432,0.3287553531243515
0.494,0.326,0.01999378204345703,0.43818915811142095,0.3374739793145123
0.529,0.238,0.019991636276245117,0.43818915811142095,0.3374739793145123
0.529,0.238,0.02001214027404785,0.43818915811142095,0.3374739793145123
0.472,0.286,0.019993305206298828,0.43818915811142095,0.3374739793145123
0.405,0.385,0.020002126693725586,0.4184246102017029,0.31335178455401413
0.351,0.411,0.020005464553833008,0.4184246102017029,0.31335178455401413
0.408,0.293,0.019991397857666016,0.4184246102017029,0.31335178455401413
0.465,0.161,0.019994735717773438,0.39036262221200196,0.28849464181629564
0.448,0.178,0.02002716064453125,0.39036262221200196,0.28849464181629564
0.351,0.328,0.019967317581176758,0.39036262221200196,0.28849464181629564
0.41,0.214,0.020011186599731445,0.34851087805558917,0.2557371390423954
0.343,0.301,0.02000117301940918,0.34851087805558917,0.2557371390423954
0.307,0.345,0.020003318786621094,0.34851087805558917,0.2557371390423954
0.334,0.278,0.019984006881713867,0.34851087805558917,0.2557371390423954
0.415,0.167,0.0200197696685791,0.3082585126355561,0.2327756671244902
0.404,0.204,0.019989728927612305,0.3082585126355561,0.2327756671244902
0.323,0.301,0.019995689392089844,0.3082585126355561,0.2327756671244902
0.323,0.301,0.02000880241394043,0.2665144112735484,0.19706095599794204
0.304,0.295,0.020004749298095703,0.2665144112735484,0.19706095599794204
0.304,0.295,0.019983768463134766,0.2665144112735484,0.19706095599794204
0.322,0.222,0.02000880241394043,0.31210941432144024,0.2267382053475831
0.297,0.229,0.02000594139099121,0.31210941432144024,0.2267382053475831
0.279,0.246,0.019995450973510742,0.31210941432144024,0.2267382053475831
0.279,0.246,0.019999027252197266,0.31210941432144024,0.2267382053475831
0.269,0.216,0.019999027252197266,0.2845402395159338,0.2083331066338215
0.269,0.216,0.02000737190246582,0.2845402395159338,0.2083331066338215
0.303,0.15,0.019992351531982422,0.2845402395159338,0.2083331066338215
0.289,0.181,0.019997596740722656,0.3066919660969555,0.22514755725071722
0.258,0.202,0.020008087158203125,0.3066919660969555,0.22514755725071722
0.27,0.199,0.019989728927612305,0.3066919660969555,0.22514755725071722
0.285,0.183,0.020005226135253906,0.2767663729911933,0.19967879210207903
0.312,0.166,0.020006656646728516,0.2767663729911933,0.19967879210207903
0.293,0.222,0.020003795623779297,0.2767663729911933,0.19967879210207903
0.273,0.215,0.01999044418334961,0.2767663729911933,0.19967879210207903
0.267,0.211,0.02000141143798828,0.27936079937263253,0.20199409133601892
0.268,0.216,0.020003080368041992,0.27936079937263253,0.20199409133601892
0.272,0.22,0.019994020462036133,0.27936079937263253,0.20199409133601892
0.278,0.204,0.02000141143798828,0.27609297756047235,0.19972364492906314
0.317,0.137,0.020007610321044922,0.27609297756047235,0.19972364492906314
0.277,0.189,0.020001888275146484,0.27609297756047235,0.19972364492906314
0.247,0.236,0.01999187469482422,0.27609297756047235,0.19972364492906314
0.27,0.208,0.01999521255493164,0.2653566247524269,0.19025514024984597
0.235,0.24,0.019994735717773438,0.2653566247524269,0.19025514024984597
0.236,0.224,0.02000260353088379,0.2761513287504346,0.20000182622236454
0.236,0.224,0.020002365112304688,0.2761513287504346,0.20000182622236454
0.243,0.22,0.019994497299194336,0.2761513287504346,0.20000182622236454
0.25,0.227,0.020005464553833008,0.2761513287504346,0.20000182622236454
0.259,0.205,0.020000219345092773,0.32548738776117997,0.23629653337749137
0.261,0.199,0.02000570297241211,0.32548738776117997,0.23629653337749137
0.296,0.156,0.01999664306640625,0.32548738776117997,0.23629653337749137
0.296,0.156,0.019997358322143555,0.32548738776117997,0.23629653337749137
0.265,0.233,0.020002126693725586,0.32422896520377414,0.23378690408826175
0.271,0.223,0.020013093948364258,0.32422896520377414,0.23378690408826175
0.293,0.2,0.019990205764770508,0.32422896520377414,0.23378690408826175
0.293,0.2,0.02000260353088379,0.42438316482926736,0.15876967309300197
0.339,0.173,0.019998788833618164,0.42438316482926736,0.15876967309300197
0.299,0.24,0.01999807357788086,0.42438316482926736,0.15876967309300197
0.327,0.203,0.020000934600830078,0.3488176035944974,0.1627436466613396
0.326,0.219,0.02001023292541504,0.3488176035944974,0.1627436466613396
0.359,0.196,0.0199892520904541,0.3488176035944974,0.1627436466613396
0.344,0.171,0.01999497413635254,0.3488176035944974,0.1627436466613396
0.328,0.187,0.01999950408935547,0.2889408572710677,0.17903101364395851
0.329,0.184,0.020000219345092773,0.2889408572710677,0.17903101364395851
0.313,0.213,0.020000219345092773,0.6241891754988458,0.09165265015591964
0.313,0.213,0.020000219345092773,0.6241891754988458,0.09165265015591964
0.325,0.17,0.01999950408935547,0.6241891754988458,0.09165265015591964
0.401,0.069,0.020004749298095703,0.6241891754988458,0.09165265015591964
0.327,0.199,0.019989967346191406,0.5936793143052251,0.10747677220421371
0.407,0.081,0.020014047622680664,0.5936793143052251,0.10747677220421371
0.324,0.197,0.01998734474182129,0.5936793143052251,0.10747677220421371
0.433,0.033,0.020009994506835938,0.4397205862533886,0.12331608598097323
0.34,0.177,0.020001888275146484,0.4397205862533886,0.12331608598097323
0.423,0.068,0.019999265670776367,0.4397205862533886,0.12331608598097323
0.423,0.068,0.019982576370239258,0.4397205862533886,0.12331608598097323
0.462,0.059,0.020011425018310547,1.1793787613559943,0.0005994376442683223
0.385,0.19,0.020020723342895508,1.1793787613559943,0.0005994376442683223
0.455,0.078,0.01997852325439453,1.1793787613559943,0.0005994376442683223
0.455,0.078,0.01999950408935547,1.1409148156001305,-0.013759671766279414
0.448,0.088,0.020003318786621094,1.1409148156001305,-0.013759671766279414
0.453,0.074,0.020006418228149414,1.1409148156001305,-0.013759671766279414
0.453,0.074,0.019990921020507812,1.1660396232487487,0.018282588562483278
0.461,0.092,0.020004749298095703,1.1660396232487487,0.018282588562483278
0.574,-0.066,0.019999980926513672,1.1660396232487487,0.018282588562483278
0.547,0.007,0.01998734474182129,1.1401296349496108,-0.039320996102399954
0.523,0.056,0.02001214027404785,1.1401296349496108,-0.039320996102399954
0.523,0.056,0.019992351531982422,1.1401296349496108,-0.039320996102399954
0.523,0.056,0.02000284194946289,1.1401296349496108,-0.039320996102399954
0.586,0.013,0.01999640464782715,1.072901819989473,-0.045223156922839736
0.586,0.013,0.02001357078552246,1.072901819989473,-0.045223156922839736
0.587,0.045,0.019992351531982422,1.072901819989473,-0.045223156922839736
0.621,0.029,0.019997835159301758,1.072901819989473,-0.045223156922839736
0.645,0.021,0.01999974250793457,1.0801647520072044,-0.049113858807094325
0.645,0.021,0.020008087158203125,1.0801647520072044,-0.049113858807094325
0.672,0.018,0.019994735717773438,1.043789937670425,-0.09803366195979883
0.699,-0.003,0.020001888275146484,1.043789937670425,-0.09803366195979883
0.734,-0.017,0.02000260353088379,1.043789937670425,-0.09803366195979883
0.759,-0.04,0.01999354362487793,1.043789937670425,-0.09803366195979883
0.786,-0.057,0.020003557205200195,1.0078561848127576,-0.053273803005176465
0.811,-0.062,0.02000141143798828,1.0078561848127576,-0.053273803005176465
0.811,-0.062,0.019994497299194336,1.0078561848127576,-0.053273803005176465
0.85,-0.065,0.020001649856567383,1.009534038473061,-0.053123881940154064
0.85,-0.065,0.02001190185546875,1.009534038473061,-0.053123881940154064
0.887,-0.059,0.01999831199645996,1.009534038473061,-0.053123881940154064
0.887,-0.059,0.01999640464782715,1.009534038473061,-0.053123881940154064
0.914,-0.059,0.02001023292541504,0.9466253892300148,-0.07932008435583297
0.95,-0.053,0.019996166229248047,0.9466253892300148,-0.07932008435583297
0.95,-0.053,0.019994020462036133,0.9466253892300148,-0.07932008435583297
0.95,-0.053,0.019997358322143555,0.8536569712307296,-0.10217403596086727
0.974,-0.056,0.020013093948364258,0.8536569712307296,-0.10217403596086727
0.978,-0.059,0.019977331161499023,0.8536569712307296,-0.10217403596086727
0.98,-0.047,0.019999265670776367,0.8570703378037936,-0.10145211893007815
0.969,-0.042,0.02001667022705078,0.8570703378037936,-0.10145211893007815
0.96,-0.039,0.01999211311340332,0.8570703378037936,-0.10145211893007815
0.936,-0.033,0.02000117301940918,0.9056007922235021,-0.09879436680922644
0.927,-0.039,0.020001888275146484,0.9056007922235021,-0.09879436680922644
0.908,-0.043,0.02000594139099121,0.9056007922235021,-0.09879436680922644
0.898,-0.051,0.019980192184448242,0.9056007922235021,-0.09879436680922644
0.903,-0.067,0.020011186599731445,0.6376018480886022,-0.17566122566482742
0.89,-0.076,0.02001047134399414,0.6376018480886022,-0.17566122566482742
0.898,-0.085,0.01999354362487793,0.6376018480886022,-0.17566122566482742
0.884,-0.098,0.01999378204345703,0.7231509666858966,-0.13241029138910027
0.878,-0.118,0.02000713348388672,0.7231509666858966,-0.13241029138910027
0.878,-0.118,0.019999027252197266,0.7231509666858966,-0.13241029138910027
0.846,-0.155,0.019990205764770508,0.47543185636655694,-0.22108119053217684
0.805,-0.145,0.02000737190246582,0.47543185636655694,-0.22108119053217684
0.779,-0.163,0.01999664306640625,0.47543185636655694,-0.22108119053217684
0.779,-0.163,0.01999807357788086,0.7196345871875638,-0.45545095546284553
0.755,-0.179,0.020000696182250977,0.7196345871875638,-0.45545095546284553
0.719,-0.185,0.02000594139099121,0.7196345871875638,-0.45545095546284553
0.742,-0.167,0.019995927810668945,0.7196345871875638,-0.45545095546284553
0.742,-0.167,0.02003192901611328,0.6917884046968118,-0.44173398910122885
0.888,0.022,0.01996898651123047,0.6917884046968118,-0.44173398910122885
0.882,-0.046,0.02000117301940918,0.6917884046968118,-0.44173398910122885
0.882,-0.046,0.019995450973510742,0.5932663119147441,-0.46554187334712477
0.747,-0.282,0.020008087158203125,0.5932663119147441,-0.46554187334712477
0.611,-0.52,0.0200040340423584,0.5932663119147441,-0.46554187334712477
0.611,-0.52,0.019991636276245117,0.5932663119147441,-0.46554187334712477
0.548,-0.546,0.020005226135253906,0.40748599953471076,-0.45019138243600704
0.548,-0.546,0.019989490509033203,0.40748599953471076,-0.45019138243600704
0.445,-0.599,0.01999807357788086,0.40748599953471076,-0.45019138243600704
0.519,-0.441,0.019994735717773438,0.44618067240429293,-0.48346631531491274
0.416,-0.57,0.02001190185546875,0.44618067240429293,-0.48346631531491274
0.438,-0.511,0.019994497299194336,0.44618067240429293,-0.48346631531491274
0.515,-0.402,0.020006418228149414,-0.4048321055610814,-0.26692414304300116
0.499,-0.416,0.020000934600830078,-0.4048321055610814,-0.26692414304300116
0.448,-0.493,0.019995927810668945,-0.4048321055610814,-0.26692414304300116
0.41,-0.527,0.019997596740722656,-0.4048321055610814,-0.26692414304300116
0.41,-0.527,0.02000904083251953,-0.5665884267722868,-0.20110327588115054
0.414,-0.483,0.020005226135253906,-0.5665884267722868,-0.20110327588115054
0.395,-0.463,0.019990921020507812,-0.5665884267722868,-0.20110327588115054
0.368,-0.44,0.020003080368041992,-0.6069291646647851,-0.21151433351916876
0.352,-0.41,0.02000737190246582,-0.6069291646647851,-0.21151433351916876
0.352,-0.41,0.01999640464782715,-0.6069291646647851,-0.21151433351916876
0.318,-0.326,0.019992351531982422,0.0,0.0
0.283,-0.287,0.020000934600830078,0.0,0.0
0.255,-0.258,0.020004749298095703,0.0,0.0
0.255,-0.258,0.019992828369140625,0.0,0.0
0.208,-0.252,0.019995689392089844,-0.8472636351573509,-0.16756249455140224
0.174,-0.179,0.020007848739624023,-0.8472636351573509,-0.16756249455140224
0.137,-0.156,0.020004987716674805,-0.8472636351573509,-0.16756249455140224
0.098,-0.14,0.02000260353088379,-0.9337541762215876,-0.1680116810785554
0.098,-0.14,0.020000934600830078,-0.9337541762215876,-0.1680116810785554
0.059,-0.112,0.01999664306640625,-0.9337541762215876,-0.1680116810785554
-0.061,-0.116,0.019983530044555664,-0.9004008578811241,-0.16061463694051725
-0.061,-0.116,0.020011186599731445,-0.947189829210424,-0.13755794127735466
-0.089,-0.124,0.020009517669677734,-0.947189829210424,-0.13755794127735466
-0.126,-0.138,0.019991636276245117,-0.947189829210424,-0.13755794127735466
-0.168,-0.129,0.019997835159301758,-0.9569481835376813,-0.13694867999922197
-0.244,-0.057,0.02001953125,-0.9569481835376813,-0.13694867999922197
-0.244,-0.057,0.019986867904663086,-0.9569481835376813,-0.13694867999922197
-0.235,-0.133,0.019997119903564453,-0.9411150992022042,-0.13550973458610346
-0.262,-0.129,0.01999187469482422,-0.9411150992022042,-0.13550973458610346
-0.328,-0.075,0.0200040340423584,-0.9411150992022042,-0.13550973458610346
-0.304,-0.152,0.020009279251098633,0.0,0.0
-0.329,-0.158,0.019997358322143555,0.0,0.0
-0.329,-0.158,0.020000934600830078,0.0,0.0
-0.416,-0.046,0.01998138427734375,0.0,0.0
-0.417,-0.028,0.020017385482788086,0.0,0.0
-0.417,-0.028,0.019997358322143555,0.0,0.0
-0.408,-0.068,0.020002126693725586,0.0,0.0
-0.408,-0.068,0.020001649856567383,0.0,0.0
-0.39,-0.055,0.019983768463134766,0.0,0.0
-0.39,-0.055,0.02001166343688965,0.0,0.0
-0.372,-0.035,0.020003318786621094,0.0,0.0
-0.348,-0.034,0.019995689392089844,0.0,0.0
-0.348,-0.034,0.020003795623779297,0.0,0.0
-0.292,-0.072,0.01999807357788086,0.0,0.0
-0.232,-0.107,0.01998114585876465,0.0,0.0
-0.232,-0.107,0.020021438598632812,0.0,0.0
-0.226,-0.032,0.020000696182250977,0.0,0.0
-0.137,-0.093,0.01999640464782715,-0.43573846602870636,-0.17664095225338294
-0.137,-0.093,0.01998305320739746,-0.43573846602870636,-0.17664095225338294
-0.119,-0.069,0.02001333236694336,-0.43573846602870636,-0.17664095225338294
-0.119,-0.069,0.019994020462036133,0.0,0.0
-0.128,-0.057,0.0200040340423584,0.0,0.0
-0.146,-0.076,0.02000284194946289,0.0,0.0
-0.138,-0.076,0.02002406120300293,0.0,0.0
-0.141,-0.056,0.01996922492980957,0.0,0.0
-0.122,-0.045,0.02000737190246582,0.0,0.0
-0.116,-0.006,0.019995450973510742,0.0,0.0
-0.116,-0.006,0.019997358322143555,-0.2990252839001585,-0.1860922845993244
-0.098,0.009,0.019999980926513672,-0.2990252839001585,-0.1860922845993244
-0.098,0.009,0.020017147064208984,-0.2990252839001585,-0.1860922845993244
-0.063,-0.016,0.020003795623779297,-0.44533742452121255,-0.14888028519442864
-0.063,-0.016,0.020000219345092773,-0.44533742452121255,-0.14888028519442864
-0.063,-0.016,0.019997358322143555,-0.44533742452121255,-0.14888028519442864
-0.12,-0.052,0.020000934600830078,-0.45390284387512053,-0.1512979957614949
-0.13,-0.064,0.02000284194946289,-0.45390284387512053,-0.1512979957614949
-0.158,-0.072,0.019989490509033203,-0.45390284387512053,-0.1512979957614949
-0.213,-0.052,0.020003795623779297,-0.45501220797127184,-0.16888009314528366
-0.207,-0.115,0.02000260353088379,-0.45501220797127184,-0.16888009314528366
-0.235,-0.127,0.01999640464782715,-0.45501220797127184,-0.16888009314528366
-0.294,-0.084,0.01999807357788086,0.0,0.0
-0.33,-0.09,0.02000570297241211,0.0,0.0
-0.344,-0.129,0.02000117301940918,0.0,0.0
-0.344,-0.129,0.01999354362487793,0.0,0.0
-0.356,-0.131,0.01999831199645996,0.0,0.0
-0.378,-0.063,0.020013093948364258,0.0,0.0
-0.386,-0.032,0.01999640464782715,0.0,0.0
-0.338,-0.103,0.019982099533081055,0.20084523543462046,-0.28050423503721894
-0.432,0.067,0.020020484924316406,0.20084523543462046,-0.28050423503721894
-0.293,-0.115,0.019997596740722656,0.20084523543462046,-0.28050423503721894
-0.266,-0.148,0.020001888275146484,0.1548368555660388,-0.2773480496519685
-0.266,-0.148,0.01999640464782715,0.1548368555660388,-0.2773480496519685
-0.286,-0.073,0.020005464553833008,0.1548368555660388,-0.2773480496519685
-0.286,-0.073,0.01999974250793457,0.1548368555660388,-0.2773480496519685
-0.214,-0.163,0.01999640464782715,0.1460988276690251,-0.2730373960614575
-0.188,-0.185,0.020002126693725586,0.1460988276690251,-0.2730373960614575
-0.188,-0.185,0.019984006881713867,0.1460988276690251,-0.2730373960614575
-0.139,-0.23,0.02002739906311035,0.24351628586401486,-0.2666084164642307
-0.139,-0.23,0.019985437393188477,0.24351628586401486,-0.2666084164642307
-0.11,-0.212,0.02001500129699707,0.24351628586401486,-0.2666084164642307
-0.11,-0.212,0.019977331161499023,0.1597598746506638,-0.2584731956443069
-0.069,-0.222,0.02000594139099121,0.1597598746506638,-0.2584731956443069
0.059,-0.246,0.019997596740722656,0.21015631750379937,-0.24751351521457562
0.081,-0.238,0.020015954971313477,0.21015631750379937,-0.24751351521457562
0.104,-0.24,0.01997542381286621,0.21015631750379937,-0.24751351521457562
0.104,-0.24,0.020007848739624023,0.2599727487791236,-0.22351139656153046
0.143,-0.247,0.01999950408935547,0.2599727487791236,-0.22351139656153046
0.164,-0.243,0.019988536834716797,0.2599727487791236,-0.22351139656153046
0.164,-0.243,0.019993305206298828,0.2603804279626716,-0.22783162165102064
0.179,-0.241,0.020014286041259766,0.2603804279626716,-0.22783162165102064
0.192,-0.232,0.02000594139099121,0.2603804279626716,-0.22783162165102064
0.204,-0.228,0.019996166229248047,0.22167575199293726,-0.21590271634046077
0.204,-0.228,0.02000117301940918,0.22167575199293726,-0.21590271634046077
0.239,-0.239,0.020000934600830078,0.22167575199293726,-0.21590271634046077
0.252,-0.214,0.020008563995361328,0.1703050857836471,-0.21221609489369855
0.261,-0.162,0.019995689392089844,0.1703050857836471,-0.21221609489369855
0.237,-0.195,0.019997596740722656,0.1703050857836471,-0.21221609489369855
0.197,-0.245,0.0199887752532959,0.1703050857836471,-0.21221609489369855
0.204,-0.236,0.02000904083251953,0.16456916838235777,-0.21010823451362987
0.202,-0.238,0.02000141143798828,0.16456916838235777,-0.21010823451362987
0.202,-0.238,0.020000457763671875,0.16456916838235777,-0.21010823451362987
0.172,-0.242,0.019998550415039062,0.1901773841922701,-0.1840938684551148
0.17,-0.237,0.019994258880615234,0.1901773841922701,-0.1840938684551148
0.168,-0.233,0.020007848739624023,0.1901773841922701,-0.1840938684551148
0.17,-0.212,0.020000696182250977,0.1901773841922701,-0.1840938684551148
0.162,-0.205,0.020003318786621094,0.19292989965776397,-0.1620584320192907
0.156,-0.198,0.020000696182250977,0.19292989965776397,-0.1620584320192907
0.159,-0.186,0.019998550415039062,0.19292989965776397,-0.1620584320192907
0.159,-0.186,0.019996166229248047,0.19028835700127988,-0.15650544679428624
0.169,-0.164,0.019997119903564453,0.19028835700127988,-0.15650544679428624
0.175,-0.162,0.020004987716674805,0.19028835700127988,-0.15650544679428624
0.167,-0.167,0.019995450973510742,-0.4951121236760651,0.1730548210333619
0.16,-0.169,0.020003080368041992,-0.4951121236760651,0.1730548210333619
0.16,-0.169,0.020012855529785156,-0.4951121236760651,0.1730548210333619
0.16,-0.137,0.019978761672973633,-0.3065080800881794,0.2393823929555544
0.154,-0.13,0.020003557205200195,-0.3065080800881794,0.2393823929555544
0.144,-0.098,0.01999974250793457,-0.3065080800881794,0.2393823929555544
0.124,-0.072,0.02001166343688965,-0.3065080800881794,0.2393823929555544
0.099,-0.04,0.01999187469482422,-0.328827538264359,0.25317361850025716
0.099,-0.04,0.01999807357788086,-0.328827538264359,0.25317361850025716
0.072,0.037,0.01999807357788086,-0.328827538264359,0.25317361850025716
0.072,0.037,0.019998550415039062,-0.2996257398842915,0.2511396232962615
-0.082,0.174,0.0200042724609375,-0.30231667700361387,0.23519540070507047
-0.082,0.174,0.020003557205200195,-0.30231667700361387,0.23519540070507047
-0.147,0.205,0.019992828369140625,-0.30231667700361387,0.23519540070507047
-0.147,0.205,0.019998550415039062,-0.3011030886075511,0.23443832473859466
-0.147,0.205,0.020002126693725586,-0.3011030886075511,0.23443832473859466
-0.213,0.214,0.019998788833618164,-0.3011030886075511,0.23443832473859466
-0.242,0.232,0.020003080368041992,-0.27863082057297867,0.19793861085391862
-0.253,0.22,0.020001649856567383,-0.27863082057297867,0.19793861085391862
-0.253,0.22,0.01999068260192871,-0.27863082057297867,0.19793861085391862
-0.224,0.142,0.020010948181152344,-0.27863082057297867,0.19793861085391862
-0.224,0.135,0.02000284194946289,-0.3880355646446407,0.17927892390898298
-0.242,0.127,0.02000284194946289,-0.3880355646446407,0.17927892390898298
-0.261,0.135,0.019990921020507812,-0.3880355646446407,0.17927892390898298
-0.281,0.138,0.020008325576782227,-0.3034806569438652,0.18616571449928393
-0.295,0.14,0.019997596740722656,-0.3034806569438652,0.18616571449928393
-0.314,0.14,0.019995689392089844,-0.3034806569438652,0.18616571449928393
-0.32,0.149,0.02000117301940918,-0.2829453599270079,0.20788856044138268
-0.321,0.162,0.020005464553833008,-0.2829453599270079,0.20788856044138268
-0.319,0.173,0.019997835159301758,-0.2829453599270079,0.20788856044138268
-0.315,0.197,0.01999354362487793,-0.574245581285174,0.07113751324117022
-0.31,0.211,0.020009756088256836,-0.574245581285174,0.07113751324117022
-0.31,0.211,0.020000219345092773,-0.574245581285174,0.07113751324117022
-0.314,0.235,0.019995689392089844,-0.574245581285174,0.07113751324117022
-0.34,0.194,0.02000117301940918,-0.4498972837365661,0.04103438847875851
-0.414,0.08,0.020000696182250977,-0.4498972837365661,0.04103438847875851
-0.414,0.08,0.019993066787719727,-0.4498972837365661,0.04103438847875851
-0.48,-0.006,0.020001649856567383,1.0629775197274982,-0.045237777161022424
-0.513,-0.07,0.019997119903564453,1.0629775197274982,-0.045237777161022424
-0.425,0.066,0.020025253295898438,1.0629775197274982,-0.045237777161022424
-0.418,0.068,0.0199735164642334,0.9824740838506528,-0.1087276494026976
-0.418,0.068,0.020000219345092773,0.9824740838506528,-0.1087276494026976
-0.325,0.148,0.020009756088256836,0.9824740838506528,-0.1087276494026976
-0.505,-0.183,0.0200045108795166,0.9832713566827254,-0.10900177173460134
-0.312,0.049,0.019983530044555664,0.9832713566827254,-0.10900177173460134
-0.264,0.08,0.020009517669677734,0.9832713566827254,-0.10900177173460134
-0.264,0.08,0.02001047134399414,0.9832713566827254,-0.10900177173460134
-0.224,0.063,0.01999378204345703,0.9085528875872362,-0.1642449416886932
-0.203,0.035,0.01999211311340332,0.9085528875872362,-0.1642449416886932
-0.203,0.035,0.020003318786621094,0.9085528875872362,-0.1642449416886932
-0.376,-0.294,0.019991159439086914,0.9085528875872362,-0.1642449416886932
-0.171,-0.034,0.02000284194946289,1.0982885069060664,-0.09693602409075032
-0.118,0.003,0.020019054412841797,1.0982885069060664,-0.09693602409075032
-0.169,-0.111,0.019985198974609375,1.0982885069060664,-0.09693602409075032
-0.261,-0.269,0.020001888275146484,1.1620185609433804,-0.11418591961353755
-0.11,-0.042,0.020001649856567383,1.1620185609433804,-0.11418591961353755
-0.11,-0.042,0.019999027252197266,1.1620185609433804,-0.11418591961353755
-0.096,-0.031,0.019985675811767578,1.0151060933837341,-0.24649179796674336
-0.098,-0.033,0.02001047134399414,1.0151060933837341,-0.24649179796674336
-0.105,-0.081,0.019999980926513672,1.0151060933837341,-0.24649179796674336
-0.112,-0.147,0.02000117301940918,1.1355241458616927,-0.09493330128888523
0.067,-0.076,0.02001166343688965,1.1349164518479558,-0.1765150462141883
0.084,-0.077,0.02002882957458496,1.1349164518479558,-0.1765150462141883
0.101,-0.1,0.019964218139648438,1.1349164518479558,-0.1765150462141883
0.115,-0.112,0.01999354362487793,1.1349164518479558,-0.1765150462141883
0.136,-0.12,0.020005226135253906,1.1702319903488803,-0.1536977290100563
0.136,-0.12,0.020003318786621094,1.1702319903488803,-0.1536977290100563
0.175,-0.158,0.019995689392089844,1.1702319903488803,-0.1536977290100563
0.175,-0.158,0.0200042724609375,1.157329244010651,-0.13293000439737304
0.208,-0.156,0.019997835159301758,1.157329244010651,-0.13293000439737304
0.234,-0.15,0.020008563995361328,1.157329244010651,-0.13293000439737304
0.234,-0.15,0.01999044418334961,1.1521711074572811,-0.1183095947701902
0.263,-0.136,0.019997358322143555,1.1521711074572811,-0.1183095947701902
0.295,-0.123,0.02000284194946289,1.1521711074572811,-0.1183095947701902
0.326,-0.109,0.019994497299194336,1.1403186028504328,-0.15415609254506968
0.365,-0.077,0.020008087158203125,1.1403186028504328,-0.15415609254506968
0.404,-0.044,0.019997835159301758,1.1403186028504328,-0.15415609254506968
0.435,-0.037,0.01999807357788086,1.1403186028504328,-0.15415609254506968
0.435,-0.037,0.020008563995361328,1.1434335624570988,-0.1582339106570965
0.46,-0.046,0.01999688148498535,1.1434335624570988,-0.1582339106570965
0.491,-0.028,0.019993066787719727,1.1434335624570988,-0.1582339106570965
0.438,-0.138,0.020000934600830078,1.1067751915105717,-0.14958744755120423
0.469,-0.122,0.02000594139099121,1.1067751915105717,-0.14958744755120423
0.401,-0.256,0.02000141143798828,1.1067751915105717,-0.14958744755120423
0.558,-0.045,0.019991159439086914,1.1067751915105717,-0.14958744755120423
0.558,-0.045,0.02000117301940918,1.0803493672202762,-0.16650164112345467
0.56,-0.066,0.020013093948364258,1.0803493672202762,-0.16650164112345467
0.592,-0.095,0.020002365112304688,1.0803493672202762,-0.16650164112345467
0.501,-0.265,0.01998615264892578,1.0558970544147368,-0.16770499461480062
0.501,-0.265,0.02000570297241211,1.0558970544147368,-0.16770499461480062
0.519,-0.248,0.019994497299194336,1.0558970544147368,-0.16770499461480062
0.653,-0.089,0.019999265670776367,0.9830630510867178,-0.1687350905422309
0.653,-0.089,0.020006179809570312,0.9830630510867178,-0.1687350905422309
0.769,0.049,0.02000594139099121,0.9830630510867178,-0.1687350905422309
0.649,-0.197,0.01999807357788086,0.9830630510867178,-0.1687350905422309
0.735,-0.095,0.019999027252197266,0.9289754321338866,-0.32046024797836475
0.716,-0.127,0.019985198974609375,0.9289754321338866,-0.32046024797836475
0.736,-0.13,0.02001643180847168,0.9289754321338866,-0.32046024797836475
0.766,-0.153,0.019984006881713867,0.7185066478928618,-0.26779649798701294
0.815,-0.129,0.020001649856567383,0.7185066478928618,-0.26779649798701294
0.839,-0.138,0.019998550415039062,0.8548568772852386,-0.2533143692820401
0.848,-0.148,0.020000696182250977,0.8548568772852386,-0.2533143692820401
0.866,-0.131,0.02000284194946289,0.8548568772852386,-0.2533143692820401
0.909,-0.132,0.02000737190246582,0.8548568772852386,-0.2533143692820401
0.909,-0.132,0.019986629486083984,0.7455088095544438,-0.1109021421311805
0.692,-0.456,0.02001357078552246,0.7455088095544438,-0.1109021421311805
0.868,-0.197,0.019986867904663086,0.7455088095544438,-0.1109021421311805
0.868,-0.197,0.0200045108795166,0.7455088095544438,-0.1109021421311805
0.725,-0.437,0.019995927810668945,0.7737696458500904,-0.12587747556587064
0.882,-0.16,0.02001476287841797,0.7737696458500904,-0.12587747556587064
0.879,-0.157,0.019994497299194336,0.7737696458500904,-0.12587747556587064
0.906,-0.077,0.020000696182250977,0.6382166184186311,-0.12909564629547735
0.906,-0.077,0.02000141143798828,0.6382166184186311,-0.12909564629547735
0.906,-0.077,0.020004749298095703,0.6382166184186311,-0.12909564629547735
0.863,-0.059,0.01999974250793457,0.3543084150324381,-0.15973998335840775
0.644,-0.345,0.019998550415039062,0.3543084150324381,-0.15973998335840775
0.56,-0.401,0.019987106323242188,0.3543084150324381,-0.15973998335840775
0.598,-0.329,0.020009279251098633,0.3543084150324381,-0.15973998335840775
0.598,-0.329,0.019994735717773438,0.3904488123382295,-0.18734069066920808
0.684,-0.133,0.020008325576782227,0.3904488123382295,-0.18734069066920808
0.586,-0.255,0.0199892520904541,0.3904488123382295,-0.18734069066920808
0.574,-0.249,0.0200045108795166,0.6138234927602871,-0.004961267204900857
0.613,-0.126,0.02000594139099121,0.6138234927602871,-0.004961267204900857
0.558,-0.173,0.019997596740722656,0.6138234927602871,-0.004961267204900857
0.543,-0.153,0.020005226135253906,1.4843769548887429,0.08099647024823127
0.543,-0.153,0.019989490509033203,1.4843769548887429,0.08099647024823127
0.469,-0.222,0.0200040340423584,1.4843769548887429,0.08099647024823127
0.427,-0.243,0.01999807357788086,1.4843769548887429,0.08099647024823127
0.532,-0.043,0.019958972930908203,1.4777711974479881,0.07435586962511068
0.447,-0.152,0.020041465759277344,1.4777711974479881,0.07435586962511068
0.447,-0.152,0.020001888275146484,1.4777711974479881,0.07435586962511068
0.572,0.042,0.019999980926513672,1.3534107136461972,0.13794406399503237
0.527,-0.043,0.019997835159301758,1.3534107136461972,0.13794406399503237
0.527,-0.043,0.019995450973510742,1.3534107136461972,0.13794406399503237
0.534,-0.039,0.020004987716674805,1.2709937929818458,0.18970941912571718
0.554,-0.015,0.019998550415039062,1.2709937929818458,0.18970941912571718
0.569,-0.025,0.02000141143798828,1.2709937929818458,0.18970941912571718
0.607,0.007,0.019995450973510742,1.2709937929818458,0.18970941912571718
0.672,0.069,0.020000696182250977,1.2914295985553954,0.20737052159733366
0.71,0.112,0.020002365112304688,1.2914295985553954,0.20737052159733366
0.754,0.155,0.019998550415039062,1.2914295985553954,0.20737052159733366
0.779,0.169,0.02001190185546875,1.1942490501612597,0.22562014161280763
0.779,0.169,0.019988059997558594,1.1942490501612597,0.22562014161280763
0.813,0.191,0.02000141143798828,1.1942490501612597,0.22562014161280763
0.844,0.198,0.019998788833618164,1.2315714359167547,0.20906950193113918
0.863,0.192,0.01999950408935547,1.2315714359167547,0.20906950193113918
0.878,0.181,0.01999497413635254,1.2315714359167547,0.20906950193113918
0.878,0.145,0.01999354362487793,1.2315714359167547,0.20906950193113918
0.873,0.105,0.01999688148498535,1.2210313701494957,0.2046754947951185
0.884,0.09,0.02001333236694336,1.2210313701494957,0.2046754947951185
0.911,0.1,0.020008087158203125,1.2210313701494957,0.2046754947951185
0.911,0.1,0.02001786231994629,0.9782506706993412,0.2852753098603987
0.962,0.103,0.019979476928710938,0.9782506706993412,0.2852753098603987
0.962,0.103,0.020002365112304688,0.9782506706993412,0.2852753098603987
0.997,0.121,0.019992351531982422,0.9782506706993412,0.2852753098603987
0.997,0.121,0.020008563995361328,0.8009259709557585,0.33462749281090076
1.024,0.149,0.019997119903564453,0.8009259709557585,0.33462749281090076
1.019,0.195,0.020000219345092773,0.8009259709557585,0.33462749281090076
1.008,0.228,0.020007610321044922,0.20745961231293616,0.22984012443315327
0.995,0.286,0.019994258880615234,0.20745961231293616,0.22984012443315327
0.99,0.324,0.019984960556030273,0.20745961231293616,0.22984012443315327
0.955,0.328,0.01999640464782715,-1.4288765857691543,0.16389402197342112
0.958,0.339,0.020020723342895508,-1.4288765857691543,0.16389402197342112
0.999,0.276,0.01999378204345703,-1.4288765857691543,0.16389402197342112
1.183,-0.069,0.019995689392089844,-1.4288765857691543,0.16389402197342112
1.183,-0.069,0.020000219345092773,-1.5,0.1822773922465178
1.136,-0.076,0.020009994506835938,-1.5,0.1822773922465178
0.927,0.173,0.020002365112304688,-1.5,0.1822773922465178
0.916,0.107,0.019995927810668945,-1.5,0.17713163738352486
0.506,0.556,0.020001888275146484,-1.5,0.17713163738352486
0.596,0.334,0.019995927810668945,-1.5,0.17713163738352486
0.75,0.034,0.020000219345092773,-1.367679871132724,0.16150226242239663
0.75,0.034,0.020003795623779297,-1.367679871132724,0.16150226242239663
0.608,0.189,0.02000141143798828,-1.367679871132724,0.16150226242239663
0.608,0.189,0.019987106323242188,-1.367679871132724,0.16150226242239663
0.464,0.36,0.020000457763671875,0.16645894404150097,0.26592974621431303
0.593,0.15,0.02001357078552246,0.16645894404150097,0.26592974621431303
0.68,0.065,0.019993066787719727,0.16645894404150097,0.26592974621431303
0.68,0.065,0.020001649856567383,0.1933323817801902,0.296303689630432
0.56,0.246,0.02000713348388672,0.1933323817801902,0.296303689630432
0.426,0.375,0.019997596740722656,0.1933323817801902,0.296303689630432
0.354,0.355,0.019989013671875,0.09987772965982666,0.2954640528668148
0.318,0.358,0.01999950408935547,0.09987772965982666,0.2954640528668148
0.318,0.358,0.020007848739624023,0.09987772965982666,0.2954640528668148
0.281,0.322,0.0200042724609375,1.434665776118815,-0.07008176103236988
0.252,0.281,0.019992351531982422,1.434665776118815,-0.07008176103236988
0.252,0.281,0.020003557205200195,1.434665776118815,-0.07008176103236988
0.182,0.208,0.020000219345092773,1.4235923550851006,-0.10729974287552195
0.196,0.192,0.02000117301940918,1.4235923550851006,-0.10729974287552195
0.222,0.177,0.019997835159301758,1.4235923550851006,-0.10729974287552195
0.276,0.122,0.01999974250793457,1.4235923550851006,-0.10729974287552195
0.276,0.122,0.020001888275146484,1.4595997854573484,-0.10628977771135405
0.285,0.133,0.019996166229248047,1.4595997854573484,-0.10628977771135405
0.269,0.162,0.020003795623779297,1.4595997854573484,-0.10628977771135405
0.272,0.155,0.020003080368041992,1.4626516868580721,-0.08939701488683258
0.272,0.155,0.019994258880615234,1.4626516868580721,-0.08939701488683258
0.333,0.039,0.019981861114501953,1.4626516868580721,-0.08939701488683258
0.317,0.042,0.019998788833618164,1.429977015293925,-0.04759104513475518
0.317,0.042,0.02001476287841797,1.429977015293925,-0.04759104513475518
0.336,-0.075,0.020008563995361328,1.429977015293925,-0.04759104513475518
0.368,-0.121,0.01999807357788086,1.429977015293925,-0.04759104513475518
0.397,-0.133,0.02001047134399414,1.367024918401441,-0.11313283004362927
0.429,-0.12,0.019994020462036133,1.367024918401441,-0.11313283004362927
0.434,-0.055,0.0199887752532959,1.367024918401441,-0.11313283004362927
0.439,-0.02,0.02000594139099121,1.3834081021611533,-0.09895715620161534
0.461,-0.01,0.020001888275146484,1.3834081021611533,-0.09895715620161534
0.502,-0.032,0.02001214027404785,1.3834081021611533,-0.09895715620161534
0.55,-0.033,0.019967317581176758,1.370127441540896,-0.11304186709667555
0.55,-0.033,0.020013809204101562,1.370127441540896,-0.11304186709667555
0.599,-0.04,0.020009994506835938,1.370127441540896,-0.11304186709667555
0.599,-0.04,0.019997358322143555,1.370127441540896,-0.11304186709667555
0.643,-0.036,0.0199892520904541,1.4289232745002869,-0.11616101575612149
0.714,-0.05,0.020004987716674805,1.4289232745002869,-0.11616101575612149
0.75,-0.065,0.019994497299194336,1.4289232745002869,-0.11616101575612149
0.777,-0.078,0.020000934600830078,1.4205019400991232,-0.08376195855017068
0.777,-0.078,0.020006656646728516,1.4205019400991232,-0.08376195855017068
0.802,-0.082,0.02000284194946289,1.4205019400991232,-0.08376195855017068
0.819,-0.079,0.02000141143798828,1.3925361927978617,-0.12077842983211806
0.833,-0.078,0.019996166229248047,1.3925361927978617,-0.12077842983211806
0.842,-0.084,0.020003557205200195,1.3925361927978617,-0.12077842983211806
0.851,-0.092,0.0199892520904541,1.3925361927978617,-0.12077842983211806
0.856,-0.096,0.020020723342895508,1.3731518895802513,-0.11555560379665494
0.856,-0.096,0.019989013671875,1.3731518895802513,-0.11555560379665494
0.883,-0.111,0.020003557205200195,1.3731518895802513,-0.11555560379665494
0.901,-0.11,0.019989013671875,1.3158513177655735,-0.10100759509553792
0.923,-0.114,0.020004987716674805,1.3158513177655735,-0.10100759509553792
0.933,-0.104,0.020000934600830078,1.3158513177655735,-0.10100759509553792
0.933,-0.104,0.02000737190246582,1.3947406050373454,-0.10096900708943854
0.969,-0.098,0.01999521255493164,1.3947406050373454,-0.10096900708943854
0.994,-0.088,0.02000880241394043,1.3947406050373454,-0.10096900708943854
1.017,-0.089,0.019989013671875,1.3947406050373454,-0.10096900708943854
1.017,-0.089,0.019999027252197266,1.2865648246255328,-0.11758336178854599
1.041,-0.085,0.02000260353088379,1.2865648246255328,-0.11758336178854599
1.062,-0.083,0.01999950408935547,1.2865648246255328,-0.11758336178854599
1.088,-0.089,0.019999265670776367,0.8512293586861258,-0.09809696465293967
1.103,-0.075,0.02000260353088379,0.8512293586861258,-0.09809696465293967
1.103,-0.075,0.01999807357788086,0.8512293586861258,-0.09809696465293967
1.113,-0.082,0.020008087158203125,0.8512293586861258,-0.09809696465293967
1.117,-0.085,0.01998758316040039,1.356030722249372,-0.17499011544858908
1.117,-0.085,0.019999980926513672,1.356030722249372,-0.17499011544858908
1.111,-0.109,0.01999950408935547,1.356030722249372,-0.17499011544858908
1.113,-0.127,0.020008087158203125,1.2883706343452583,-0.14892236822603983
1.12,-0.129,0.019988059997558594,1.2883706343452583,-0.14892236822603983
1.133,-0.102,0.02000904083251953,1.2883706343452583,-0.14892236822603983
1.17,-0.056,0.019995927810668945,1.459800025053358,-0.17091994801302737
1.195,-0.049,0.020012855529785156,1.459800025053358,-0.17091994801302737
1.206,-0.037,0.019998788833618164,1.459800025053358,-0.17091994801302737
1.223,-0.038,0.019985675811767578,1.4003447349394307,-0.22062422174384033
1.23,-0.063,0.02000260353088379,1.4003447349394307,-0.22062422174384033
1.228,-0.068,0.020020008087158203,1.4003447349394307,-0.22062422174384033
1.252,-0.058,0.019985437393188477,1.4003447349394307,-0.22062422174384033
1.258,-0.068,0.019998788833618164,1.3934250768104062,-0.1959139214156076
1.258,-0.068,0.01999950408935547,1.3934250768104062,-0.1959139214156076
1.282,-0.069,0.02000284194946289,1.3934250768104062,-0.1959139214156076
1.308,-0.076,0.019994258880615234,1.4066221224041644,-0.23795867408786195
1.328,-0.097,0.02000141143798828,1.4066221224041644,-0.23795867408786195
1.328,-0.097,0.02000141143798828,1.4066221224041644,-0.23795867408786195
1.311,-0.09,0.019993305206298828,1.4656190015998787,-0.23505992699570308
1.34,-0.095,0.020009517669677734,1.4656190015998787,-0.23505992699570308
1.34,-0.095,0.02002096176147461,1.4656190015998787,-0.23505992699570308
1.362,-0.078,0.019962310791015625,1.4656190015998787,-0.23505992699570308
1.385,-0.097,0.020007848739624023,1.362990402854688,-0.2600579940567185
1.385,-0.097,0.019985675811767578,1.362990402854688,-0.2600579940567185
1.402,-0.08,0.020019054412841797,1.362990402854688,-0.2600579940567185
1.402,-0.08,0.019997596740722656,1.4018774573266877,-0.24970679908159638
1.426,-0.057,0.020001649856567383,1.4018774573266877,-0.24970679908159638
1.44,-0.045,0.019993305206298828,1.4018774573266877,-0.24970679908159638
1.445,-0.056,0.020006179809570312,1.431072381157236,-0.2747311149538602
1.343,-0.243,0.019999265670776367,1.431072381157236,-0.2747311149538602
1.343,-0.243,0.01999950408935547,1.431072381157236,-0.2747311149538602
1.397,-0.172,0.02001214027404785,1.4488245936677737,-0.2859882334603191
1.35,-0.212,0.019974946975708008,1.4488245936677737,-0.2859882334603191
1.452,-0.088,0.019995450973510742,1.4488245936677737,-0.2859882334603191
1.452,-0.088,0.02001333236694336,1.4488245936677737,-0.2859882334603191
1.439,-0.122,0.02000737190246582,1.3865088657092741,-0.3388095120977824
1.342,-0.28,0.020003318786621094,1.3865088657092741,-0.3388095120977824
1.448,-0.091,0.019997119903564453,1.3865088657092741,-0.3388095120977824
1.448,-0.091,0.01999378204345703,1.376581290572632,-0.33254972211832196
1.403,-0.116,0.019995450973510742,1.376581290572632,-0.33254972211832196
1.316,-0.277,0.0200045108795166,1.376581290572632,-0.33254972211832196
1.396,-0.086,0.019999980926513672,1.3972737020364332,-0.30733456411741733
1.357,-0.145,0.020001649856567383,1.3972737020364332,-0.30733456411741733
1.305,-0.225,0.019992589950561523,1.3972737020364332,-0.30733456411741733
1.35,-0.166,0.020008563995361328,1.3972737020364332,-0.30733456411741733
1.392,-0.14,0.01999521255493164,1.3623596199379844,-0.316746978038705
1.351,-0.166,0.0200040340423584,1.3623596199379844,-0.316746978038705
1.292,-0.284,0.02000284194946289,1.3623596199379844,-0.316746978038705
1.379,-0.113,0.019995450973510742,1.3331528992298711,-0.3418985420306181
1.352,-0.122,0.019958972930908203,1.3331528992298711,-0.3418985420306181
1.275,-0.291,0.02004218101501465,1.3331528992298711,-0.3418985420306181
1.364,-0.092,0.01999831199645996,1.4000677680037366,-0.3630022946376803
1.354,-0.135,0.019997835159301758,1.4000677680037366,-0.3630022946376803
1.293,-0.213,0.020005226135253906,1.4000677680037366,-0.3630022946376803
1.309,-0.194,0.019995927810668945,1.4000677680037366,-0.3630022946376803
1.359,-0.129,0.020012617111206055,1.299645290722324,-0.362654079333885
1.302,-0.205,0.020038366317749023,1.299645290722324,-0.362654079333885
1.258,-0.281,0.019949913024902344,1.299645290722324,-0.362654079333885
1.348,-0.125,0.0200042724609375,1.4122842382765086,-0.38030709395779466
1.348,-0.125,0.019997835159301758,1.4122842382765086,-0.38030709395779466
1.335,-0.102,0.020003795623779297,1.4122842382765086,-0.38030709395779466
1.335,-0.102,0.019991159439086914,1.3372257145114639,-0.37214921286113867
1.326,-0.139,0.0200042724609375,1.3372257145114639,-0.37214921286113867
1.352,-0.129,0.019998788833618164,1.3372257145114639,-0.37214921286113867
1.27,-0.245,0.020005464553833008,1.3372257145114639,-0.37214921286113867
1.27,-0.245,0.020001649856567383,1.320164282535831,-0.29651904238510807
1.318,-0.163,0.020024538040161133,1.320164282535831,-0.29651904238510807
1.329,-0.142,0.019969940185546875,1.320164282535831,-0.29651904238510807
1.255,-0.278,0.019996166229248047,1.4429951807462678,-0.2783108193413077
1.335,-0.131,0.0200040340423584,1.4429951807462678,-0.2783108193413077
1.335,-0.131,0.019989728927612305,1.4429951807462678,-0.2783108193413077
1.247,-0.292,0.02001166343688965,0.6647769452118881,-0.28968499332799447
1.348,-0.142,0.019992351531982422,0.6647769452118881,-0.28968499332799447
1.319,-0.157,0.02000141143798828,0.6647769452118881,-0.28968499332799447
1.319,-0.157,0.019999265670776367,0.710906412670526,-0.2621373433123312
1.282,-0.216,0.02000737190246582,0.710906412670526,-0.2621373433123312
1.282,-0.216,0.019994020462036133,0.710906412670526,-0.2621373433123312
1.311,-0.142,0.020003795623779297,0.710906412670526,-0.2621373433123312
1.231,-0.276,0.02001786231994629,1.2129507295860384,-0.26826298875195576
1.231,-0.276,0.01998591423034668,1.2129507295860384,-0.26826298875195576
1.334,-0.121,0.019994258880615234,1.2129507295860384,-0.26826298875195576
1.336,-0.116,0.020008325576782227,1.3435028348183486,-0.34581882743647985
1.282,-0.173,0.020002126693725586,1.3435028348183486,-0.34581882743647985
1.282,-0.173,0.020020484924316406,1.3435028348183486,-0.34581882743647985
1.27,-0.161,0.019972801208496094,1.3435028348183486,-0.34581882743647985
1.252,-0.242,0.02001190185546875,1.273376535596983,-0.36044411280082617
1.266,-0.201,0.019989490509033203,1.273376535596983,-0.36044411280082617
1.266,-0.201,0.019994735717773438,1.273376535596983,-0.36044411280082617
1.293,-0.192,0.019984960556030273,1.2660975917597022,-0.33403860427984655
1.308,-0.166,0.02001643180847168,1.2660975917597022,-0.33403860427984655
1.307,-0.18,0.019999027252197266,1.2660975917597022,-0.33403860427984655
1.296,-0.139,0.02000117301940918,1.2660975917597022,-0.33403860427984655
1.235,-0.27,0.020018577575683594,1.3724623545880061,-0.309310207928061
1.325,-0.148,0.0199735164642334,1.3724623545880061,-0.309310207928061
1.304,-0.188,0.020005464553833008,1.3724623545880061,-0.309310207928061
1.271,-0.213,0.020010709762573242,1.3182180285558183,-0.28422242854183755
1.275,-0.198,0.01999187469482422,1.3182180285558183,-0.28422242854183755
1.275,-0.198,0.01999950408935547,1.3182180285558183,-0.28422242854183755
1.318,-0.16,0.020003795623779297,1.220654830436467,-0.2974163576264014
1.24,-0.301,0.02000594139099121,1.220654830436467,-0.2974163576264014
1.24,-0.301,0.019994258880615234,1.220654830436467,-0.2974163576264014
1.322,-0.17,0.020003080368041992,1.2494671508686057,-0.279089573787216
1.315,-0.174,0.01999950408935547,1.2494671508686057,-0.279089573787216
1.221,-0.292,0.019994735717773438,1.2494671508686057,-0.279089573787216
1.221,-0.292,0.020003080368041992,1.2494671508686057,-0.279089573787216
1.312,-0.161,0.019999265670776367,1.1958448577474998,-0.27837945685260884
1.312,-0.161,0.02000117301940918,1.1958448577474998,-0.27837945685260884
1.281,-0.19,0.020003557205200195,1.1958448577474998,-0.27837945685260884
1.281,-0.19,0.019989728927612305,1.2260506684905836,-0.29991608842293277
1.295,-0.157,0.020002365112304688,1.2260506684905836,-0.29991608842293277
1.206,-0.269,0.020001649856567383,1.2260506684905836,-0.29991608842293277
1.343,-0.094,0.019997596740722656,1.149966445523648,-0.28617694481313793
1.286,-0.169,0.01999521255493164,1.149966445523648,-0.28617694481313793
1.23,-0.277,0.02000737190246582,1.149966445523648,-0.28617694481313793
1.23,-0.277,0.019996166229248047,1.149966445523648,-0.28617694481313793
1.297,-0.134,0.019998788833618164,1.0613391155513447,-0.25772951281144324
1.233,-0.194,0.019999980926513672,1.0613391155513447,-0.25772951281144324
1.233,-0.194,0.019990921020507812,1.0613391155513447,-0.25772951281144324
1.286,-0.102,0.020019054412841797,0.9582430445023946,-0.17532238312753548
1.24,-0.122,0.019986391067504883,0.9582430445023946,-0.17532238312753548
1.24,-0.122,0.02000713348388672,0.9582430445023946,-0.17532238312753548
1.24,-0.122,0.019997835159301758,0.9582430445023946,-0.17532238312753548
1.231,-0.039,0.020005464553833008,0.9582430445023946,-0.2468539087246251
1.226,-0.032,0.020000219345092773,0.9582430445023946,-0.2468539087246251
1.112,-0.15,0.020008087158203125,0.9582430445023946,-0.2468539087246251
1.191,-0.021,0.019996166229248047,0.7788234652319307,-0.24870565732905323
1.191,-0.021,0.01999378204345703,0.7788234652319307,-0.24870565732905323
1.106,-0.068,0.020009517669677734,0.7788234652319307,-0.24870565732905323
1.092,-0.06,0.019991159439086914,0.7788234652319307,-0.24870565732905323
1.092,-0.06,0.01999831199645996,0.8420714925169709,-0.2343741902759311
1.075,-0.004,0.020006895065307617,0.8420714925169709,-0.2343741902759311
1.075,-0.004,0.019991397857666016,0.8420714925169709,-0.2343741902759311
0.862,-0.277,0.02000737190246582,0.05,-0.05
0.965,-0.064,0.019994497299194336,0.05,-0.05
0.961,-0.077,0.019994735717773438,0.05,-0.05
0.903,-0.1,0.020005226135253906,0.05,-0.05
0.903,-0.1,0.020004987716674805,0.05,-0.05
0.941,0.014,0.01999974250793457,0.05,-0.05
0.85,-0.029,0.01999044418334961,0.05,-0.05
0.635,-0.285,0.02000284194946289,0.05,-0.05
0.567,-0.338,0.020014047622680664,0.05,-0.05
0.567,-0.338,0.019989967346191406,0.05,-0.05
0.669,-0.126,0.020007610321044922,0.05000000000000001,-0.05000000000000001
0.675,-0.065,0.019996166229248047,0.05000000000000001,-0.05000000000000001
0.522,-0.248,0.019995689392089844,0.05000000000000001,-0.05000000000000001
0.509,-0.224,0.01999640464782715,0.05,-0.05
0.691,0.108,0.0200040340423584,0.05,-0.05
0.585,-0.009,0.019999980926513672,0.05,-0.05
0.626,0.111,0.019991397857666016,0.05,-0.05000000000000001
0.626,0.111,0.0200042724609375,0.05,-0.05000000000000001
0.367,-0.208,0.019998550415039062,0.05,-0.05000000000000001
0.437,-0.062,0.020009994506835938,0.05,-0.05000000000000001
0.5,0.079,0.019988536834716797,0.049999999999999996,-0.05
0.32,-0.139,0.02000904083251953,0.049999999999999996,-0.05
0.276,-0.162,0.019994020462036133,0.049999999999999996,-0.05
0.347,-0.019,0.020000219345092773,0.2686408691795763,-0.18920767938967045
0.297,-0.05,0.02001047134399414,0.2686408691795763,-0.18920767938967045
0.271,-0.047,0.020001649856567383,0.2686408691795763,-0.18920767938967045
0.271,-0.047,0.019999980926513672,0.2686258275873921,-0.1891968289388087
0.303,0.034,0.019996166229248047,0.2686258275873921,-0.1891968289388087
0.303,0.034,0.01999807357788086,0.2686258275873921,-0.1891968289388087
0.189,-0.149,0.01999521255493164,0.2686258275873921,-0.1891968289388087
0.189,-0.149,0.02001476287841797,0.25460970252657383,-0.17952036868787694
0.218,-0.082,0.01998448371887207,0.25460970252657383,-0.17952036868787694
0.218,-0.082,0.02000141143798828,0.25460970252657383,-0.17952036868787694
0.167,-0.16,0.01999807357788086,0.24265602737390884,-0.17125265192703581
0.184,-0.164,0.020000457763671875,0.24265602737390884,-0.17125265192703581
0.184,-0.164,0.02000737190246582,0.24265602737390884,-0.17125265192703581
0.228,-0.148,0.019991159439086914,0.24265602737390884,-0.17125265192703581
0.219,-0.195,0.019993305206298828,0.24266042720590758,-0.17125568572880281
0.216,-0.217,0.020009994506835938,0.24266042720590758,-0.17125568572880281
0.231,-0.168,0.01999688148498535,0.24266042720590758,-0.17125568572880281
0.22,-0.178,0.020000219345092773,0.24906925184608544,-0.17567748721114076
0.285,-0.079,0.019999265670776367,0.24906925184608544,-0.17567748721114076
0.262,-0.142,0.019998788833618164,0.24906925184608544,-0.17567748721114076
0.244,-0.179,0.020005464553833008,-0.4036436499126367,-0.18485723530526574
0.244,-0.179,0.01999354362487793,-0.4036436499126367,-0.18485723530526574
0.249,-0.171,0.020007610321044922,-0.4036436499126367,-0.18485723530526574
0.235,-0.178,0.020005464553833008,-0.486676458802675,-0.18162855549553555
0.227,-0.178,0.019992351531982422,-0.486676458802675,-0.18162855549553555
0.203,-0.193,0.020006179809570312,-0.486676458802675,-0.18162855549553555
0.188,-0.198,0.020000696182250977,-0.486676458802675,-0.18162855549553555
0.188,-0.198,0.019997119903564453,-0.5002657586037582,-0.18726067510894734
0.188,-0.198,0.01999974250793457,-0.5002657586037582,-0.18726067510894734
0.141,-0.206,0.01999974250793457,-0.5002657586037582,-0.18726067510894734
0.115,-0.198,0.01999831199645996,-0.5196307430997698,-0.1930096363302057
0.097,-0.187,0.02000904083251953,-0.5196307430997698,-0.1930096363302057
0.068,-0.183,0.02000260353088379,-0.5196307430997698,-0.1930096363302057
-0.062,-0.185,0.020003080368041992,-0.5196665550272502,-0.1930507754199657
-0.081,-0.188,0.019991636276245117,-0.5213350773775498,-0.19525037583237498
-0.097,-0.162,0.020006418228149414,-0.5213350773775498,-0.19525037583237498
-0.097,-0.162,0.0200040340423584,-0.5213350773775498,-0.19525037583237498
-0.158,-0.198,0.01999974250793457,-0.5337447779096866,-0.19673559610227406
-0.212,-0.139,0.020005226135253906,-0.5337447779096866,-0.19673559610227406
-0.218,-0.187,0.019989013671875,-0.5337447779096866,-0.19673559610227406
-0.258,-0.192,0.01999211311340332,-0.5337410257955958,-0.19673254137958127
-0.258,-0.192,0.020033836364746094,-0.5337410257955958,-0.19673254137958127
-0.303,-0.209,0.01997828483581543,-0.5337410257955958,-0.19673254137958127
-0.319,-0.22,0.019995927810668945,-0.5337410257955958,-0.19673254137958127
-0.357,-0.231,0.020005464553833008,-0.5514546209482933,-0.18504702726707392
-0.357,-0.231,0.01999521255493164,-0.5514546209482933,-0.18504702726707392
-0.451,-0.129,0.020011186599731445,-0.5514546209482933,-0.18504702726707392
-0.451,-0.129,0.01999688148498535,-0.5246672905847195,-0.19182792845750019
-0.453,-0.185,0.020001649856567383,-0.5246672905847195,-0.19182792845750019
-0.465,-0.242,0.01999688148498535,-0.5246672905847195,-0.19182792845750019
-0.475,-0.202,0.019989490509033203,-0.5246672905847195,-0.19182792845750019
-0.527,-0.138,0.02000260353088379,-0.5289201670350221,-0.19286384652436664
-0.553,-0.148,0.0200040340423584,-0.5289201670350221,-0.19286384652436664
-0.551,-0.145,0.01999950408935547,-0.5289201670350221,-0.19286384652436664
-0.551,-0.145,0.020007610321044922,-0.5148969193348467,-0.1862221200182005
-0.517,-0.207,0.019991636276245117,-0.5148969193348467,-0.1862221200182005
-0.517,-0.207,0.019997358322143555,-0.5148969193348467,-0.1862221200182005
-0.528,-0.192,0.01999950408935547,-0.4933382475073641,-0.17575028820386396
-0.666,0.013,0.020003318786621094,-0.4933382475073641,-0.17575028820386396
-0.501,-0.223,0.019997119903564453,-0.4933382475073641,-0.17575028820386396
-0.501,-0.223,0.019998788833618164,-0.4933382475073641,-0.17575028820386396
-0.492,-0.258,0.019959688186645508,-0.49333563404170566,-0.17574753302455542
-0.45,-0.315,0.020047664642333984,-0.49333563404170566,-0.17574753302455542
-0.45,-0.315,0.019994497299194336,-0.49333563404170566,-0.17574753302455542
-0.541,-0.132,0.01999187469482422,-0.05,-0.05
-0.541,-0.132,0.020010948181152344,-0.05,-0.05
-0.623,0.013,0.020001649856567383,-0.05,-0.05
-0.453,-0.233,0.019997119903564453,-0.05,-0.05
-0.386,-0.319,0.01999831199645996,-0.05,-0.05
-0.443,-0.179,0.01999974250793457,-0.05,-0.05
-0.522,-0.014,0.019991159439086914,-0.05,-0.05
-0.411,-0.142,0.020005464553833008,-0.05,-0.05
-0.385,-0.144,0.020002126693725586,-0.05,-0.05
-0.365,-0.138,0.02000117301940918,-0.05,-0.05
-0.456,0.033,0.019989490509033203,-0.049999999999999996,-0.05
-0.353,-0.096,0.020003318786621094,-0.049999999999999996,-0.05
-0.449,0.092,0.02001357078552246,-0.049999999999999996,-0.05
-0.304,-0.087,0.01999807357788086,-0.05,-0.05
-0.21,-0.194,0.019997119903564453,-0.05,-0.05
-0.21,-0.194,0.020002365112304688,-0.05,-0.05
-0.224,-0.116,0.020015716552734375,-0.05,-0.05
-0.224,-0.116,0.019989490509033203,-0.05,-0.05
-0.221,-0.056,0.020004987716674805,-0.05,-0.05
-0.221,-0.056,0.0199892520904541,-0.05,-0.05
-0.152,-0.074,0.020007610321044922,-0.05,-0.05
-0.152,-0.074,0.019993305206298828,-0.05,-0.05
-0.152,-0.074,0.020011186599731445,-0.05,-0.05
-0.101,-0.09,0.019990921020507812,-0.05,-0.05
-0.101,-0.09,0.019993066787719727,-0.05,-0.05
-0.087,-0.035,0.020005226135253906,-0.05,-0.05
-0.062,-0.041,0.019998788833618164,-0.05,-0.05
-0.055,-0.066,0.01999974250793457,-0.05,-0.05
-0.057,-0.069,0.019997835159301758,-0.05,-0.049999999999999996
-0.057,-0.066,0.020000457763671875,-0.05,-0.049999999999999996
-0.052,-0.061,0.019983530044555664,-0.05,-0.05
-0.056,-0.069,0.020015239715576172,-0.05,-0.05
-0.058,-0.07,0.02000141143798828,-0.05,-0.05
-0.055,-0.077,0.01999044418334961,-0.05,-0.05
-0.054,-0.074,0.019998788833618164,-0.05,-0.05
-0.063,-0.084,0.020011425018310547,-0.05,-0.05
-0.063,-0.084,0.019994735717773438,-0.05,-0.05
-0.052,-0.04,0.01999950408935547,-0.05,-0.05
-0.052,-0.04,0.01999497413635254,-0.05,-0.05
-0.051,-0.056,0.019994735717773438,-0.05,-0.05000000000000001
-0.053,-0.052,0.020005464553833008,-0.05,-0.05000000000000001
-0.053,-0.061,0.02000594139099121,-0.05,-0.05000000000000001
-0.057,-0.069,0.019993066787719727,-0.05,-0.05000000000000001
-0.057,-0.063,0.020000219345092773,-0.05,-0.05
-0.057,-0.068,0.020002365112304688,-0.05,-0.05
-0.061,-0.081,0.019997835159301758,-0.05,-0.05
-0.063,-0.079,0.019995927810668945,-0.05,-0.05
-0.063,-0.079,0.020024538040161133,-0.05,-0.05
-0.053,-0.059,0.0200042724609375,-0.05,-0.05
-0.053,-0.059,0.019992589950561523,-0.05,-0.05
-0.052,-0.059,0.02001643180847168,-0.05,-0.05000000000000001
-0.056,-0.071,0.01998162269592285,-0.05,-0.05000000000000001
-0.056,-0.071,0.0200042724609375,-0.05,-0.05000000000000001
-0.063,-0.069,0.020143985748291016,-0.05,-0.05
-0.061,-0.077,0.019843578338623047,-0.05,-0.05
-0.057,-0.066,0.020001888275146484,-0.05,-0.05
-0.055,-0.069,0.019984722137451172,-0.05,-0.05
-0.052,-0.064,0.02001667022705078,-0.05,-0.05000000000000001
-0.052,-0.064,0.019997358322143555,-0.05,-0.05000000000000001
-0.054,-0.057,0.019994735717773438,-0.05,-0.05000000000000001
-0.052,-0.056,0.020000696182250977,-0.05,-0.05
-0.051,-0.051,0.020000457763671875,-0.05,-0.05
-0.057,-0.066,0.019989728927612305,-0.05,-0.05
-0.064,-0.065,0.020002365112304688,-0.05,-0.05
-0.051,-0.051,0.019986867904663086,-0.05,-0.05
-0.051,-0.051,0.020016193389892578,-0.05,-0.05
-0.055,-0.066,0.019997596740722656,-0.05,-0.049999999999999996
-0.059,-0.063,0.020001649856567383,-0.05,-0.05
-0.059,-0.07,0.02000260353088379,-0.05,-0.05
-0.055,-0.071,0.020000696182250977,-0.05,-0.05
-0.055,-0.072,0.020018339157104492,-0.05,-0.05
-0.056,-0.073,0.019974708557128906,-0.05,-0.05
-0.055,-0.069,0.020008563995361328,-0.05,-0.05
-0.055,-0.069,0.019987821578979492,-0.05,-0.05
-0.054,-0.053,0.01999974250793457,-0.05,-0.05
-0.054,-0.053,0.020000457763671875,-0.05,-0.05
-0.059,-0.069,0.02000284194946289,-0.05,-0.05
-0.071,-0.08,0.019999980926513672,-0.05,-0.05
-0.069,-0.076,0.019996166229248047,-0.05,-0.05
-0.058,-0.066,0.02000284194946289,-0.05,-0.05
-0.058,-0.066,0.019999027252197266,-0.05,-0.05
-0.06,-0.072,0.02001810073852539,-0.05,-0.05
-0.06,-0.07,0.019984006881713867,-0.05,-0.05
-0.056,-0.06,0.020009279251098633,-0.05,-0.05
-0.056,-0.06,0.020003080368041992,-0.05,-0.05
-0.053,-0.064,0.020003080368041992,-0.05,-0.05
-0.058,-0.061,0.020004749298095703,-0.05,-0.05
-0.051,-0.056,0.019997358322143555,-0.05,-0.05
-0.052,-0.047,0.019997358322143555,-0.05,-0.05
-0.059,-0.075,0.020006656646728516,-0.05,-0.05
-0.063,-0.078,0.01999521255493164,-0.05,-0.05
-0.06,-0.072,0.0200042724609375,-0.05,-0.05
-0.06,-0.072,0.01999974250793457,-0.05,-0.05
-0.064,-0.072,0.019986391067504883,-0.05,-0.049999999999999996
-0.064,-0.072,0.0200045108795166,-0.05,-0.049999999999999996
-0.055,-0.061,0.020026206970214844,-0.05,-0.049999999999999996
-0.055,-0.061,0.019989013671875,-0.05,-0.049999999999999996
-0.059,-0.058,0.019995450973510742,-0.05,-0.05
-0.059,-0.058,0.02000284194946289,-0.05,-0.05
-0.059,-0.058,0.020000696182250977,-0.05,-0.05
-0.066,-0.074,0.020000934600830078,-0.05,-0.05
-0.055,-0.062,0.019998788833618164,-0.049999999999999996,-0.05
-0.055,-0.062,0.01999950408935547,-0.049999999999999996,-0.05
-0.057,-0.057,0.019971370697021484,-0.05,-0.05
-0.065,-0.078,0.01999807357788086,-0.05,-0.05
-0.065,-0.078,0.02000260353088379,-0.05,-0.05
-0.063,-0.08,0.020003080368041992,-0.05,-0.05
-0.061,-0.076,0.020008563995361328,-0.05,-0.05
-0.058,-0.067,0.019990205764770508,-0.05,-0.05
-0.06,-0.073,0.02000570297241211,-0.05,-0.05
-0.056,-0.071,0.02000713348388672,-0.05,-0.05
-0.052,-0.058,0.019996166229248047,-0.05,-0.05
-0.052,-0.062,0.019995450973510742,-0.05,-0.05
-0.052,-0.062,0.02001190185546875,-0.05,-0.05
-0.051,-0.043,0.0200192928314209,-0.05,-0.05
-0.051,-0.043,0.01998305320739746,-0.05,-0.05
-0.054,-0.062,0.020000934600830078,-0.05,-0.05
-0.06,-0.075,0.02001214027404785,0.05,-0.05
-0.059,-0.08,0.019994497299194336,0.05,-0.05
0.053,-0.066,0.020000219345092773,0.05000000000000001,-0.049999999999999996
0.054,-0.065,0.020000696182250977,0.05000000000000001,-0.049999999999999996
0.053,-0.06,0.01999640464782715,0.05000000000000001,-0.049999999999999996
0.052,-0.065,0.01999950408935547,0.05,-0.05
0.052,-0.065,0.020005226135253906,0.05,-0.05
0.055,-0.061,0.01999354362487793,0.05,-0.05
0.06,-0.055,0.020008563995361328,0.05000000000000001,-0.049999999999999996
0.066,-0.074,0.019998550415039062,0.05,-0.05
0.066,-0.074,0.019999980926513672,0.05,-0.05
0.057,-0.057,0.019993305206298828,0.05,-0.05
0.057,-0.057,0.02000904083251953,0.05,-0.05
0.052,-0.06,0.020001888275146484,0.05000000000000001,-0.05
0.052,-0.06,0.019997119903564453,0.05000000000000001,-0.05
0.055,-0.068,0.01999974250793457,0.05,-0.05
0.056,-0.06,0.02000117301940918,0.05,-0.05
0.052,-0.052,0.020013093948364258,0.05,-0.05
0.052,-0.052,0.019985675811767578,0.05,-0.05
0.053,-0.058,0.01999807357788086,0.05,-0.05
0.062,-0.076,0.020023107528686523,0.05,-0.05
0.063,-0.075,0.019976377487182617,0.049999999999999996,-0.05
0.062,-0.07,0.020002365112304688,0.049999999999999996,-0.05
0.053,-0.063,0.019997596740722656,0.05,-0.05
0.055,-0.058,0.01999187469482422,0.05,-0.05
0.067,-0.067,0.020000457763671875,0.05,-0.05
0.062,-0.072,0.01999354362487793,0.05,-0.05
0.058,-0.063,0.019998788833618164,0.05,-0.05
0.058,-0.063,0.020012855529785156,0.05,-0.05
0.063,-0.082,0.02001166343688965,0.05,-0.05
0.063,-0.082,0.020000219345092773,0.05,-0.05
0.052,-0.057,0.019995927810668945,0.05,-0.05
0.051,-0.056,0.019997596740722656,0.05,-0.05
0.051,-0.056,0.019997358322143555,0.049999999999999996,-0.05
0.059,-0.063,0.020001888275146484,0.049999999999999996,-0.05
0.061,-0.07,0.019995450973510742,0.049999999999999996,-0.05
0.061,-0.07,0.020002365112304688,0.049999999999999996,-0.05
0.063,-0.069,0.020003795623779297,0.05,-0.05
0.063,-0.069,0.020005464553833008,0.05,-0.05
0.052,-0.063,0.020000934600830078,0.05,-0.05000000000000001
0.058,-0.073,0.02001500129699707,0.05,-0.05000000000000001
0.054,-0.067,0.019972562789916992,0.05,-0.05000000000000001
0.064,-0.076,0.019992828369140625,0.05,-0.05
0.068,-0.073,0.019989013671875,0.05,-0.05
0.051,-0.055,0.0200040340423584,0.049999999999999996,-0.05
0.054,-0.058,0.019999980926513672,0.05,-0.05
0.054,-0.058,0.02003788948059082,0.05,-0.05
0.054,-0.058,0.019962310791015625,0.05,-0.05
0.051,-0.063,0.020000934600830078,0.05,-0.05
0.057,-0.056,0.02000141143798828,0.05,-0.05
0.059,-0.067,0.020001649856567383,0.05,-0.05
0.054,-0.065,0.020001888275146484,0.05,-0.05000000000000001
0.058,-0.07,0.019980430603027344,0.05,-0.049999999999999996
0.051,-0.059,0.02000737190246582,0.05,-0.05
0.057,-0.061,0.020000696182250977,0.05,-0.05
0.057,-0.061,0.019993305206298828,0.05,-0.05
0.065,-0.072,0.020039081573486328,0.049999999999999996,-0.05
0.065,-0.072,0.019957304000854492,0.049999999999999996,-0.05
0.053,-0.061,0.01999640464782715,0.05000000000000001,-0.05
0.052,-0.05,0.01999974250793457,0.05000000000000001,-0.05
0.055,-0.063,0.02000904083251953,0.05,-0.05
0.062,-0.069,0.019992828369140625,0.05,-0.05
0.067,-0.076,0.020021438598632812,0.05,-0.05
0.063,-0.073,0.0200040340423584,0.05,-0.05
0.065,-0.082,0.019999265670776367,0.05,-0.05
0.061,-0.076,0.019999027252197266,0.05,-0.05
0.061,-0.076,0.020000934600830078,0.05,-0.05
0.052,-0.05,0.01999831199645996,0.05,-0.05
0.056,-0.063,0.019994735717773438,0.05,-0.05
0.056,-0.063,0.019992351531982422,0.05,-0.05
0.055,-0.072,0.020005464553833008,0.05,-0.05
0.052,-0.068,0.020025968551635742,0.05,-0.05
0.061,-0.078,0.020007848739624023,0.05,-0.05
0.063,-0.074,0.020000457763671875,0.05,-0.05
0.061,-0.069,0.019994258880615234,0.05,-0.05
0.059,-0.069,0.02000284194946289,0.05,-0.05
0.059,-0.069,0.019994497299194336,0.05,-0.05
0.06,-0.079,0.019971370697021484,0.05,-0.049999999999999996
0.051,-0.059,0.0200347900390625,0.05,-0.05
0.052,-0.058,0.02000284194946289,0.05,-0.05
0.056,-0.063,0.019984722137451172,0.05,-0.05
0.062,-0.069,0.01999974250793457,0.05,-0.05
0.059,-0.07,0.020010948181152344,0.05,-0.05
0.059,-0.07,0.019998788833618164,0.05,-0.05
0.059,-0.072,0.019999027252197266,0.049999999999999996,-0.05
0.059,-0.072,0.020005226135253906,0.049999999999999996,-0.05
0.054,-0.065,0.0200045108795166,0.05,-0.049999999999999996
0.059,-0.067,0.01999831199645996,0.05,-0.049999999999999996
0.063,-0.068,0.02000260353088379,0.05,-0.049999999999999996
0.063,-0.068,0.020000934600830078,0.05000000000000001,-0.05
0.056,-0.062,0.019982576370239258,0.05000000000000001,-0.05
0.052,-0.051,0.019999980926513672,0.05,-0.05000000000000001
0.054,-0.058,0.0200040340423584,0.05,-0.05
0.058,-0.063,0.020008563995361328,0.05,-0.05
0.059,-0.075,0.01999688148498535,0.05,-0.05
0.058,-0.07,0.019989490509033203,0.05,-0.05
0.052,-0.056,0.020003318786621094,0.05,-0.05
0.052,-0.056,0.01999950408935547,-0.05,-0.05
-0.057,-0.075,0.019995450973510742,-0.049999999999999996,-0.05
-0.06,-0.07,0.019994020462036133,-0.049999999999999996,-0.05
-0.059,-0.065,0.020021438598632812,-0.05,-0.05
-0.057,-0.076,0.019969463348388672,-0.049999999999999996,-0.05
-0.057,-0.076,0.019998550415039062,-0.049999999999999996,-0.05
-0.055,-0.069,0.020007848739624023,-0.05,-0.05
-0.055,-0.069,0.019997596740722656,-0.05,-0.05
-0.052,-0.058,0.01999187469482422,-0.05,-0.05
-0.06,-0.077,0.02000713348388672,-0.05,-0.05
-0.06,-0.077,0.02001333236694336,-0.05,-0.05
-0.056,-0.066,0.020000934600830078,-0.05,-0.05
-0.052,-0.06,0.019998788833618164,-0.05,-0.05
-0.053,-0.063,0.019997835159301758,-0.05,-0.05
-0.053,-0.063,0.020002126693725586,-0.05,-0.05
-0.053,-0.063,0.019999027252197266,-0.05,-0.05
-0.058,-0.071,0.020000219345092773,-0.05,-0.05
-0.054,-0.067,0.020006179809570312,-0.05,-0.05000000000000001
-0.061,-0.079,0.020028114318847656,-0.05,-0.05
-0.06,-0.077,0.019988298416137695,-0.05,-0.05
-0.054,-0.052,0.020006895065307617,-0.05,-0.049999999999999996
-0.052,-0.059,0.019962787628173828,-0.05,-0.05000000000000001
-0.052,-0.059,0.020014047622680664,-0.05,-0.05000000000000001
-0.054,-0.066,0.02000594139099121,-0.05,-0.05
-0.054,-0.066,0.019994020462036133,-0.05,-0.05
-0.061,-0.079,0.01999664306640625,-0.05,-0.05
-0.058,-0.072,0.020002126693725586,-0.05,-0.05
-0.058,-0.072,0.020002126693725586,-0.05,-0.05
-0.059,-0.072,0.02000141143798828,-0.05,-0.05
-0.055,-0.056,0.02001023292541504,-0.05,-0.05
-0.055,-0.056,0.01999688148498535,-0.05,-0.05
-0.057,-0.062,0.01997542381286621,-0.05,-0.05
-0.057,-0.062,0.01999950408935547,-0.05,-0.05
-0.061,-0.056,0.02000594139099121,-0.05,-0.05
-0.054,-0.055,0.020010709762573242,-0.05,-0.05
-0.052,-0.06,0.01999688148498535,-0.05,-0.05
-0.063,-0.082,0.020003080368041992,-0.05,-0.05
-0.063,-0.082,0.020006179809570312,-0.05,-0.05
-0.063,-0.082,0.01999664306640625,-0.05,-0.05000000000000001
-0.063,-0.079,0.019999027252197266,-0.05,-0.05000000000000001
-0.064,-0.077,0.02000570297241211,-0.05,-0.05000000000000001
-0.055,-0.052,0.02000260353088379,-0.05,-0.05
-0.055,-0.052,0.01999950408935547,-0.05,-0.05
-0.055,-0.069,0.019994735717773438,-0.05,-0.05
-0.06,-0.079,0.0200192928314209,-0.05,-0.05
-0.064,-0.084,0.01998734474182129,-0.05,-0.05
-0.051,-0.047,0.020008087158203125,-0.05,-0.05
-0.051,-0.047,0.020004749298095703,-0.05,-0.05
-0.059,-0.076,0.01999831199645996,-0.05,-0.05
-0.051,-0.062,0.01999688148498535,-0.05,-0.05
-0.051,-0.047,0.020004749298095703,-0.05,-0.05
-0.051,-0.047,0.019988298416137695,-0.05,-0.05
-0.051,-0.07,0.019997835159301758,-0.05,-0.05
-0.052,-0.062,0.019985675811767578,-0.05,-0.05
-0.052,-0.062,0.020005226135253906,-0.05,-0.05
-0.055,-0.072,0.02001953125,-0.05,-0.05
-0.055,-0.072,0.019985198974609375,-0.05,-0.05
-0.06,-0.071,0.019982099533081055,-0.05,-0.05
-0.06,-0.071,0.020015478134155273,-0.05,-0.05
-0.057,-0.072,0.020000934600830078,-0.049999999999999996,-0.05
-0.051,-0.062,0.020000934600830078,-0.05,-0.049999999999999996
-0.065,-0.057,0.020002365112304688,-0.05,-0.05
-0.051,-0.052,0.019999265670776367,-0.05,-0.05
-0.055,-0.049,0.020003318786621094,-0.05000000000000001,-0.05
-0.053,-0.06,0.019995450973510742,-0.049999999999999996,-0.05000000000000001
-0.053,-0.047,0.02001476287841797,-0.05000000000000001,-0.05
-0.053,-0.047,0.019986629486083984,-0.05000000000000001,-0.05
-0.053,-0.063,0.01999974250793457,-0.05,-0.05
-0.056,-0.06,0.0200042724609375,-0.05,-0.05
-0.055,-0.063,0.019995689392089844,-0.05,-0.05
-0.056,-0.069,0.01999688148498535,-0.05,-0.05
-0.056,-0.069,0.019994735717773438,-0.05,-0.05
-0.052,-0.058,0.01999688148498535,-0.049999999999999996,-0.05
-0.051,-0.062,0.02000141143798828,-0.049999999999999996,-0.05
-0.052,-0.064,0.019986629486083984,-0.049999999999999996,-0.05
-0.054,-0.067,0.020010709762573242,-0.049999999999999996,-0.05
-0.052,-0.064,0.019993305206298828,-0.05,-0.05
-0.06,-0.069,0.01999974250793457,-0.05,-0.05
-0.067,-0.067,0.01999974250793457,-0.05,-0.05
-0.059,-0.066,0.02000117301940918,-0.05,-0.05
-0.053,-0.058,0.019997835159301758,-0.05,-0.05
-0.051,-0.056,0.02001476287841797,-0.05000000000000001,-0.05
-0.051,-0.056,0.019983530044555664,-0.05000000000000001,-0.05
-0.054,-0.061,0.019997358322143555,-0.05,-0.05
